#options: 960x540 fps=30/1 timebase=1/30 bitdepth=8 cabac=1 ref=1 deblock=1:0:0 analyse=0x1:0 me=dia subme=2 psy=1 psy_rd=1.00:0.00 mixed_ref=0 me_range=16 chroma_me=1 trellis=0 8x8dct=0 cqm=0 deadzone=21,11 fast_pskip=1 chroma_qp_offset=0 threads=6 lookahead_threads=2 sliced_threads=0 nr=0 decimate=1 interlaced=0 bluray_compat=0 constrained_intra=0 bframes=3 b_pyramid=2 b_adapt=1 b_bias=0 direct=1 weightb=1 open_gop=0 weightp=2 keyint=250 keyint_min=25 scenecut=40 intra_refresh=0 rc_lookahead=40 rc=abr mbtree=1 bitrate=709 ratetol=1.0 qcomp=0.60 qpmin=0 qpmax=69 qpstep=4 ip_ratio=1.40 aq=1:1.00
in:0 out:0 type:I dur:2 cpbdur:2 q:36.49 aq:18.29 tex:12049 mv:8210 misc:6037 imb:2040 pmb:0 smb:0 d:- ref:;
in:4 out:1 type:P dur:2 cpbdur:2 q:36.48 aq:17.00 tex:0 mv:0 misc:184 imb:0 pmb:0 smb:2040 d:- ref:0 ;
in:2 out:2 type:B dur:2 cpbdur:2 q:36.48 aq:20.00 tex:0 mv:0 misc:168 imb:0 pmb:0 smb:2040 d:- ref:0 ;
in:1 out:3 type:b dur:2 cpbdur:2 q:36.48 aq:21.00 tex:0 mv:0 misc:160 imb:0 pmb:0 smb:2040 d:- ref:0 ;
in:3 out:4 type:b dur:2 cpbdur:2 q:36.48 aq:21.00 tex:0 mv:0 misc:160 imb:0 pmb:0 smb:2040 d:- ref:0 ;
in:8 out:5 type:P dur:2 cpbdur:2 q:35.93 aq:27.72 tex:5944 mv:897 misc:327 imb:114 pmb:25 smb:1901 d:- ref:0 ;
in:6 out:6 type:B dur:2 cpbdur:2 q:36.20 aq:20.00 tex:17 mv:68 misc:299 imb:0 pmb:38 smb:2002 d:- ref:0 ;
in:5 out:7 type:b dur:2 cpbdur:2 q:36.34 aq:21.00 tex:0 mv:0 misc:160 imb:0 pmb:0 smb:2040 d:- ref:0 ;
in:7 out:8 type:b dur:2 cpbdur:2 q:36.06 aq:29.10 tex:106 mv:42 misc:196 imb:2 pmb:4 smb:2034 d:- ref:0 ;
in:11 out:9 type:P dur:2 cpbdur:2 q:28.04 aq:14.44 tex:32542 mv:4461 misc:1885 imb:288 pmb:473 smb:1279 d:- ref:0 ;
in:9 out:10 type:B dur:2 cpbdur:2 q:33.30 aq:28.41 tex:952 mv:296 misc:344 imb:6 pmb:46 smb:1988 d:- ref:0 ;
in:10 out:11 type:b dur:2 cpbdur:2 q:30.67 aq:25.42 tex:98 mv:98 misc:228 imb:1 pmb:7 smb:2032 d:- ref:0 ;
in:13 out:12 type:P dur:2 cpbdur:2 q:24.86 aq:9.94 tex:43065 mv:9667 misc:1220 imb:986 pmb:518 smb:536 d:- ref:0 w:6,75,-4 ;
in:12 out:13 type:b dur:2 cpbdur:2 q:26.45 aq:18.59 tex:132 mv:50 misc:274 imb:0 pmb:14 smb:2026 d:- ref:0 ;
in:14 out:14 type:P dur:2 cpbdur:2 q:22.92 aq:10.19 tex:21034 mv:1800 misc:966 imb:101 pmb:275 smb:1664 d:- ref:0 w:6,67,-1 ;
in:15 out:15 type:P dur:2 cpbdur:2 q:24.16 aq:10.95 tex:47927 mv:1110 misc:635 imb:44 pmb:167 smb:1829 d:- ref:0 ;
in:19 out:16 type:P dur:2 cpbdur:2 q:23.67 aq:8.83 tex:49551 mv:6267 misc:1038 imb:687 pmb:345 smb:1008 d:- ref:0 w:5,35,-2,6,71,-15,64,0 ;
in:17 out:17 type:B dur:2 cpbdur:2 q:23.92 aq:20.76 tex:3497 mv:407 misc:368 imb:10 pmb:59 smb:1971 d:- ref:0 ;
in:16 out:18 type:b dur:2 cpbdur:2 q:24.04 aq:23.64 tex:915 mv:218 misc:275 imb:9 pmb:15 smb:2016 d:- ref:0 ;
in:18 out:19 type:b dur:2 cpbdur:2 q:23.79 aq:23.24 tex:382 mv:109 misc:269 imb:3 pmb:10 smb:2027 d:- ref:0 ;
in:21 out:20 type:P dur:2 cpbdur:2 q:23.02 aq:12.76 tex:37134 mv:1346 misc:624 imb:92 pmb:167 smb:1781 d:- ref:0 w:6,65,0,5,33,-4,33,-4 ;
in:20 out:21 type:b dur:2 cpbdur:2 q:23.35 aq:21.15 tex:299 mv:140 misc:281 imb:5 pmb:16 smb:2019 d:- ref:0 ;
in:23 out:22 type:P dur:2 cpbdur:2 q:24.14 aq:14.57 tex:29686 mv:909 misc:533 imb:23 pmb:159 smb:1858 d:- ref:0 ;
in:22 out:23 type:b dur:2 cpbdur:2 q:23.58 aq:14.15 tex:1213 mv:370 misc:257 imb:1 pmb:24 smb:2015 d:- ref:0 ;
in:24 out:24 type:P dur:2 cpbdur:2 q:23.28 aq:10.76 tex:26323 mv:609 misc:556 imb:22 pmb:157 smb:1861 d:- ref:0 ;
in:26 out:25 type:P dur:2 cpbdur:2 q:22.86 aq:9.21 tex:35502 mv:904 misc:682 imb:27 pmb:179 smb:1834 d:- ref:0 ;
in:25 out:26 type:b dur:2 cpbdur:2 q:23.07 aq:26.70 tex:1073 mv:322 misc:277 imb:0 pmb:27 smb:2013 d:- ref:0 ;
in:28 out:27 type:P dur:2 cpbdur:2 q:22.68 aq:10.98 tex:30619 mv:633 misc:556 imb:22 pmb:150 smb:1868 d:- ref:0 ;
in:27 out:28 type:b dur:2 cpbdur:2 q:22.77 aq:18.63 tex:1093 mv:295 misc:276 imb:1 pmb:23 smb:2016 d:- ref:0 ;
in:32 out:29 type:P dur:2 cpbdur:2 q:22.35 aq:8.01 tex:34208 mv:675 misc:637 imb:19 pmb:165 smb:1856 d:- ref:0 ;
in:30 out:30 type:B dur:2 cpbdur:2 q:22.51 aq:22.49 tex:3222 mv:417 misc:345 imb:4 pmb:41 smb:1995 d:- ref:0 ;
in:29 out:31 type:b dur:2 cpbdur:2 q:22.59 aq:19.65 tex:936 mv:228 misc:252 imb:1 pmb:19 smb:2020 d:- ref:0 ;
in:31 out:32 type:b dur:2 cpbdur:2 q:22.43 aq:25.55 tex:1005 mv:230 misc:277 imb:0 pmb:22 smb:2018 d:- ref:0 ;
in:36 out:33 type:P dur:2 cpbdur:2 q:22.01 aq:8.60 tex:51540 mv:867 misc:689 imb:31 pmb:144 smb:1865 d:- ref:0 ;
in:34 out:34 type:B dur:2 cpbdur:2 q:22.18 aq:19.62 tex:5278 mv:340 misc:446 imb:0 pmb:83 smb:1957 d:- ref:0 ;
in:33 out:35 type:b dur:2 cpbdur:2 q:22.26 aq:26.17 tex:854 mv:121 misc:273 imb:1 pmb:17 smb:2022 d:- ref:0 ;
in:35 out:36 type:b dur:2 cpbdur:2 q:22.09 aq:20.76 tex:3290 mv:191 misc:343 imb:2 pmb:49 smb:1989 d:- ref:0 ;
in:40 out:37 type:P dur:2 cpbdur:2 q:21.31 aq:7.46 tex:80767 mv:1113 misc:648 imb:30 pmb:181 smb:1829 d:- ref:0 ;
in:38 out:38 type:B dur:2 cpbdur:2 q:21.66 aq:16.22 tex:14168 mv:632 misc:536 imb:2 pmb:136 smb:1902 d:- ref:0 ;
in:37 out:39 type:b dur:2 cpbdur:2 q:21.83 aq:16.14 tex:3153 mv:273 misc:358 imb:2 pmb:62 smb:1976 d:- ref:0 ;
in:39 out:40 type:b dur:2 cpbdur:2 q:21.48 aq:17.37 tex:4040 mv:436 misc:396 imb:1 pmb:83 smb:1956 d:- ref:0 ;
in:44 out:41 type:P dur:2 cpbdur:2 q:21.11 aq:5.79 tex:45570 mv:573 misc:689 imb:21 pmb:146 smb:1873 d:- ref:0 ;
in:42 out:42 type:B dur:2 cpbdur:2 q:21.21 aq:16.95 tex:2132 mv:218 misc:426 imb:2 pmb:56 smb:1982 d:- ref:0 ;
in:41 out:43 type:b dur:2 cpbdur:2 q:21.26 aq:23.27 tex:673 mv:141 misc:322 imb:0 pmb:30 smb:2010 d:- ref:0 ;
in:43 out:44 type:b dur:2 cpbdur:2 q:21.16 aq:13.54 tex:190 mv:71 misc:243 imb:2 pmb:9 smb:2029 d:- ref:0 ;
in:48 out:45 type:P dur:2 cpbdur:2 q:20.86 aq:6.78 tex:21913 mv:358 misc:569 imb:14 pmb:107 smb:1919 d:- ref:0 ;
in:46 out:46 type:B dur:2 cpbdur:2 q:20.98 aq:10.77 tex:863 mv:166 misc:347 imb:4 pmb:24 smb:2012 d:- ref:0 ;
in:45 out:47 type:b dur:2 cpbdur:2 q:21.05 aq:6.00 tex:13 mv:31 misc:228 imb:0 pmb:5 smb:2035 d:- ref:0 ;
in:47 out:48 type:b dur:2 cpbdur:2 q:20.92 aq:6.65 tex:48 mv:18 misc:206 imb:0 pmb:4 smb:2036 d:- ref:0 ;
in:52 out:49 type:P dur:2 cpbdur:2 q:20.16 aq:7.14 tex:14140 mv:302 misc:710 imb:16 pmb:139 smb:1885 d:- ref:0 ;
in:50 out:50 type:B dur:2 cpbdur:2 q:20.51 aq:12.11 tex:401 mv:46 misc:321 imb:1 pmb:18 smb:2021 d:- ref:0 ;
in:49 out:51 type:b dur:2 cpbdur:2 q:20.69 aq:6.65 tex:65 mv:13 misc:202 imb:0 pmb:4 smb:2036 d:- ref:0 ;
in:51 out:52 type:b dur:2 cpbdur:2 q:20.34 aq:6.55 tex:129 mv:27 misc:252 imb:0 pmb:11 smb:2029 d:- ref:0 ;
in:56 out:53 type:P dur:2 cpbdur:2 q:19.14 aq:6.18 tex:14247 mv:215 misc:626 imb:7 pmb:140 smb:1893 d:- ref:0 ;
in:54 out:54 type:B dur:2 cpbdur:2 q:19.65 aq:7.62 tex:205 mv:57 misc:274 imb:2 pmb:8 smb:2030 d:- ref:0 ;
in:53 out:55 type:b dur:2 cpbdur:2 q:19.91 aq:6.55 tex:121 mv:28 misc:251 imb:0 pmb:11 smb:2029 d:- ref:0 ;
in:55 out:56 type:b dur:2 cpbdur:2 q:19.40 aq:5.55 tex:92 mv:18 misc:226 imb:0 pmb:7 smb:2033 d:- ref:0 ;
in:60 out:57 type:P dur:2 cpbdur:2 q:18.30 aq:4.22 tex:14785 mv:185 misc:630 imb:5 pmb:128 smb:1907 d:- ref:0 ;
in:58 out:58 type:B dur:2 cpbdur:2 q:18.72 aq:5.37 tex:257 mv:77 misc:274 imb:4 pmb:6 smb:2030 d:- ref:0 ;
in:57 out:59 type:b dur:2 cpbdur:2 q:18.93 aq:10.98 tex:104 mv:9 misc:223 imb:0 pmb:7 smb:2033 d:- ref:0 ;
in:59 out:60 type:b dur:2 cpbdur:2 q:18.51 aq:10.98 tex:62 mv:15 misc:211 imb:0 pmb:4 smb:2036 d:- ref:0 ;
in:64 out:61 type:P dur:2 cpbdur:2 q:17.35 aq:4.25 tex:13412 mv:164 misc:648 imb:4 pmb:135 smb:1901 d:- ref:0 ;
in:62 out:62 type:B dur:2 cpbdur:2 q:17.83 aq:1.69 tex:290 mv:74 misc:260 imb:6 pmb:3 smb:2031 d:- ref:0 ;
in:61 out:63 type:b dur:2 cpbdur:2 q:18.06 aq:10.85 tex:37 mv:10 misc:201 imb:0 pmb:2 smb:2038 d:- ref:0 ;
in:63 out:64 type:b dur:2 cpbdur:2 q:17.59 aq:9.98 tex:107 mv:18 misc:235 imb:0 pmb:8 smb:2032 d:- ref:0 ;
in:68 out:65 type:P dur:2 cpbdur:2 q:16.54 aq:4.84 tex:8507 mv:97 misc:596 imb:0 pmb:102 smb:1938 d:- ref:0 ;
in:66 out:66 type:B dur:2 cpbdur:2 q:16.95 aq:0.97 tex:423 mv:106 misc:295 imb:7 pmb:8 smb:2025 d:- ref:0 ;
in:65 out:67 type:b dur:2 cpbdur:2 q:17.15 aq:9.85 tex:37 mv:11 misc:200 imb:0 pmb:2 smb:2038 d:- ref:0 ;
in:67 out:68 type:b dur:2 cpbdur:2 q:16.74 aq:2.00 tex:44 mv:10 misc:202 imb:0 pmb:2 smb:2038 d:- ref:0 ;
in:72 out:69 type:P dur:2 cpbdur:2 q:15.59 aq:3.37 tex:10469 mv:101 misc:638 imb:0 pmb:120 smb:1920 d:- ref:0 ;
in:70 out:70 type:B dur:2 cpbdur:2 q:16.06 aq:2.47 tex:585 mv:112 misc:319 imb:7 pmb:13 smb:2020 d:- ref:0 ;
in:69 out:71 type:b dur:2 cpbdur:2 q:16.30 aq:1.00 tex:65 mv:11 misc:204 imb:0 pmb:3 smb:2037 d:- ref:0 ;
in:71 out:72 type:b dur:2 cpbdur:2 q:15.82 aq:1.00 tex:98 mv:22 misc:224 imb:0 pmb:5 smb:2035 d:- ref:0 ;
in:76 out:73 type:P dur:2 cpbdur:2 q:14.92 aq:3.01 tex:4694 mv:92 misc:502 imb:0 pmb:60 smb:1980 d:- ref:0 ;
in:74 out:74 type:B dur:2 cpbdur:2 q:15.25 aq:1.88 tex:836 mv:115 misc:337 imb:7 pmb:16 smb:2017 d:- ref:0 ;
in:73 out:75 type:b dur:2 cpbdur:2 q:15.42 aq:0.85 tex:152 mv:28 misc:244 imb:0 pmb:7 smb:2033 d:- ref:0 ;
in:75 out:76 type:b dur:2 cpbdur:2 q:15.09 aq:0.85 tex:153 mv:29 misc:242 imb:0 pmb:7 smb:2033 d:- ref:0 ;
in:80 out:77 type:P dur:2 cpbdur:2 q:14.07 aq:3.53 tex:4230 mv:90 misc:464 imb:0 pmb:55 smb:1985 d:- ref:0 ;
in:78 out:78 type:B dur:2 cpbdur:2 q:14.49 aq:1.85 tex:856 mv:116 misc:340 imb:7 pmb:17 smb:2016 d:- ref:0 ;
in:77 out:79 type:b dur:2 cpbdur:2 q:14.71 aq:0.00 tex:184 mv:30 misc:250 imb:0 pmb:8 smb:2032 d:- ref:0 ;
in:79 out:80 type:b dur:2 cpbdur:2 q:14.28 aq:1.74 tex:233 mv:38 misc:265 imb:0 pmb:10 smb:2030 d:- ref:0 ;
in:84 out:81 type:P dur:2 cpbdur:2 q:13.28 aq:2.98 tex:635 mv:64 misc:365 imb:0 pmb:21 smb:2019 d:- ref:0 ;
in:82 out:82 type:B dur:2 cpbdur:2 q:13.67 aq:2.31 tex:1030 mv:135 misc:371 imb:8 pmb:21 smb:2011 d:- ref:0 ;
in:81 out:83 type:b dur:2 cpbdur:2 q:13.87 aq:1.74 tex:232 mv:36 misc:260 imb:0 pmb:10 smb:2030 d:- ref:0 ;
in:83 out:84 type:b dur:2 cpbdur:2 q:13.47 aq:1.74 tex:257 mv:44 misc:275 imb:0 pmb:12 smb:2028 d:- ref:0 ;
in:88 out:85 type:P dur:2 cpbdur:2 q:12.24 aq:1.88 tex:43460 mv:8869 misc:1671 imb:626 pmb:804 smb:610 d:- ref:0 w:7,127,0 ;
in:86 out:86 type:B dur:2 cpbdur:2 q:12.76 aq:1.65 tex:3271 mv:770 misc:1615 imb:6 pmb:437 smb:1597 d:- ref:0 ;
in:85 out:87 type:b dur:2 cpbdur:2 q:13.02 aq:2.03 tex:377 mv:67 misc:308 imb:1 pmb:17 smb:2022 d:- ref:0 ;
in:87 out:88 type:b dur:2 cpbdur:2 q:12.50 aq:2.13 tex:2615 mv:1047 misc:1578 imb:3 pmb:431 smb:1606 d:- ref:0 ;
in:92 out:89 type:P dur:2 cpbdur:2 q:12.13 aq:2.32 tex:92971 mv:12189 misc:800 imb:916 pmb:1013 smb:111 d:- ref:0 w:7,119,1,6,64,0,59,10 ;
in:90 out:90 type:B dur:2 cpbdur:2 q:12.19 aq:2.07 tex:28623 mv:8666 misc:1727 imb:189 pmb:1336 smb:515 d:- ref:0 ;
in:89 out:91 type:b dur:2 cpbdur:2 q:12.21 aq:2.40 tex:11997 mv:4346 misc:2097 imb:60 pmb:814 smb:1166 d:- ref:0 ;
in:91 out:92 type:b dur:2 cpbdur:2 q:12.16 aq:2.85 tex:24356 mv:9316 misc:1800 imb:240 pmb:1230 smb:570 d:- ref:0 ;
in:96 out:93 type:P dur:2 cpbdur:2 q:12.08 aq:2.73 tex:114189 mv:13271 misc:908 imb:1094 pmb:813 smb:133 d:- ref:0 w:7,91,4,7,89,41,89,37 ;
in:94 out:94 type:B dur:2 cpbdur:2 q:12.11 aq:2.64 tex:77078 mv:16006 misc:1108 imb:589 pmb:1273 smb:178 d:- ref:0 ;
in:93 out:95 type:b dur:2 cpbdur:2 q:12.12 aq:2.32 tex:29729 mv:10317 misc:1698 imb:276 pmb:1173 smb:591 d:- ref:0 ;
in:95 out:96 type:b dur:2 cpbdur:2 q:12.09 aq:2.31 tex:37246 mv:14620 misc:1334 imb:492 pmb:1160 smb:388 d:- ref:0 ;
in:98 out:97 type:P dur:2 cpbdur:2 q:12.84 aq:4.10 tex:162226 mv:14456 misc:486 imb:1265 pmb:749 smb:26 d:- ref:0 w:6,43,5,6,42,46,41,44 ;
in:97 out:98 type:b dur:2 cpbdur:2 q:12.46 aq:3.13 tex:65236 mv:16831 misc:1045 imb:725 pmb:1052 smb:263 d:- ref:0 ;
in:99 out:99 type:P dur:2 cpbdur:2 q:13.93 aq:5.75 tex:192989 mv:14707 misc:360 imb:1392 pmb:642 smb:6 d:- ref:0 w:7,105,4,6,51,27,50,27 ;
in:101 out:100 type:P dur:2 cpbdur:2 q:14.90 aq:7.95 tex:242205 mv:14528 misc:371 imb:1731 pmb:309 smb:0 d:- ref:0 w:7,121,7,7,91,36,86,42 ;
in:100 out:101 type:b dur:2 cpbdur:2 q:14.42 aq:6.98 tex:170302 mv:20433 misc:561 imb:1299 pmb:674 smb:67 d:- ref:0 ;
in:102 out:102 type:P dur:2 cpbdur:2 q:15.91 aq:9.04 tex:249294 mv:15867 misc:343 imb:1571 pmb:469 smb:0 d:- ref:0 w:2,5,1,6,73,-20,75,-20 ;
in:104 out:103 type:P dur:2 cpbdur:2 q:17.02 aq:11.44 tex:271251 mv:16482 misc:379 imb:1630 pmb:409 smb:1 d:- ref:0 w:6,119,-4,4,31,-128,32,-121 ;
in:103 out:104 type:b dur:2 cpbdur:2 q:16.46 aq:10.63 tex:64250 mv:8299 misc:1851 imb:387 pmb:860 smb:793 d:- ref:0 ;
in:107 out:105 type:P dur:2 cpbdur:2 q:18.80 aq:13.10 tex:232333 mv:17730 misc:353 imb:1098 pmb:938 smb:4 d:- ref:0 w:3,11,-3,5,45,-55,46,-54 ;
in:105 out:106 type:B dur:2 cpbdur:2 q:17.61 aq:13.14 tex:179779 mv:25595 misc:306 imb:976 pmb:1061 smb:3 d:- ref:0 ;
in:106 out:107 type:b dur:2 cpbdur:2 q:18.21 aq:14.07 tex:54658 mv:12228 misc:1810 imb:324 pmb:1035 smb:681 d:- ref:0 ;
in:111 out:108 type:P dur:2 cpbdur:2 q:21.88 aq:14.86 tex:133501 mv:16853 misc:414 imb:789 pmb:1235 smb:16 d:- ref:0 w:6,67,0,6,67,-6,67,-6 ;
in:109 out:109 type:B dur:2 cpbdur:2 q:20.34 aq:15.70 tex:71202 mv:18070 misc:1000 imb:211 pmb:1652 smb:177 d:- ref:0 ;
in:108 out:110 type:b dur:2 cpbdur:2 q:19.57 aq:15.92 tex:23018 mv:6148 misc:2034 imb:60 pmb:993 smb:987 d:- ref:0 ;
in:110 out:111 type:b dur:2 cpbdur:2 q:21.11 aq:17.34 tex:9408 mv:4729 misc:2023 imb:23 pmb:785 smb:1232 d:- ref:0 ;
in:115 out:112 type:P dur:2 cpbdur:2 q:24.57 aq:16.66 tex:69603 mv:13244 misc:1249 imb:367 pmb:1344 smb:329 d:- ref:0 ;
in:113 out:113 type:B dur:2 cpbdur:2 q:23.23 aq:18.17 tex:33190 mv:8370 misc:1736 imb:50 pmb:1253 smb:737 d:- ref:0 ;
in:112 out:114 type:b dur:2 cpbdur:2 q:22.55 aq:18.64 tex:6390 mv:2549 misc:1893 imb:14 pmb:624 smb:1402 d:- ref:0 ;
in:114 out:115 type:b dur:2 cpbdur:2 q:23.90 aq:19.67 tex:3406 mv:2052 misc:1670 imb:12 pmb:468 smb:1560 d:- ref:0 ;
in:119 out:116 type:P dur:2 cpbdur:2 q:25.37 aq:17.95 tex:43000 mv:9478 misc:1778 imb:240 pmb:1104 smb:696 d:- ref:0 ;
in:117 out:117 type:B dur:2 cpbdur:2 q:24.97 aq:19.37 tex:7944 mv:2618 misc:1862 imb:16 pmb:656 smb:1368 d:- ref:0 ;
in:116 out:118 type:b dur:2 cpbdur:2 q:24.77 aq:20.24 tex:1709 mv:684 misc:1079 imb:13 pmb:188 smb:1839 d:- ref:0 ;
in:118 out:119 type:b dur:2 cpbdur:2 q:25.17 aq:20.78 tex:2295 mv:1269 misc:1404 imb:10 pmb:330 smb:1700 d:- ref:0 ;
in:123 out:120 type:P dur:2 cpbdur:2 q:25.54 aq:18.34 tex:54242 mv:11597 misc:1417 imb:351 pmb:1087 smb:602 d:- ref:0 ;
in:121 out:121 type:B dur:2 cpbdur:2 q:25.46 aq:20.09 tex:15029 mv:4235 misc:1800 imb:32 pmb:677 smb:1331 d:- ref:0 ;
in:120 out:122 type:b dur:2 cpbdur:2 q:25.41 aq:21.21 tex:2002 mv:1401 misc:1317 imb:7 pmb:310 smb:1723 d:- ref:0 ;
in:122 out:123 type:b dur:2 cpbdur:2 q:25.50 aq:20.69 tex:1453 mv:865 misc:1242 imb:3 pmb:277 smb:1760 d:- ref:0 ;
in:127 out:124 type:P dur:2 cpbdur:2 q:25.42 aq:18.79 tex:46505 mv:11328 misc:1599 imb:374 pmb:1083 smb:583 d:- ref:0 ;
in:125 out:125 type:B dur:2 cpbdur:2 q:25.48 aq:20.02 tex:5519 mv:2557 misc:1884 imb:14 pmb:628 smb:1398 d:- ref:0 ;
in:124 out:126 type:b dur:2 cpbdur:2 q:25.51 aq:20.70 tex:1071 mv:384 misc:817 imb:4 pmb:118 smb:1918 d:- ref:0 ;
in:126 out:127 type:b dur:2 cpbdur:2 q:25.45 aq:21.33 tex:2167 mv:1165 misc:1348 imb:5 pmb:346 smb:1689 d:- ref:0 ;
in:131 out:128 type:P dur:2 cpbdur:2 q:25.49 aq:18.92 tex:48623 mv:11537 misc:1480 imb:385 pmb:1090 smb:565 d:- ref:0 ;
in:129 out:129 type:B dur:2 cpbdur:2 q:25.46 aq:19.44 tex:9504 mv:2917 misc:1939 imb:20 pmb:762 smb:1258 d:- ref:0 ;
in:128 out:130 type:b dur:2 cpbdur:2 q:25.44 aq:20.97 tex:2065 mv:1129 misc:1310 imb:6 pmb:300 smb:1734 d:- ref:0 ;
in:130 out:131 type:b dur:2 cpbdur:2 q:25.47 aq:20.36 tex:1413 mv:474 misc:945 imb:3 pmb:153 smb:1884 d:- ref:0 ;
in:135 out:132 type:P dur:2 cpbdur:2 q:25.40 aq:18.41 tex:65954 mv:14673 misc:1181 imb:448 pmb:1249 smb:343 d:- ref:0 ;
in:133 out:133 type:B dur:2 cpbdur:2 q:25.44 aq:19.56 tex:21185 mv:6085 misc:1874 imb:44 pmb:882 smb:1114 d:- ref:0 ;
in:132 out:134 type:b dur:2 cpbdur:2 q:25.47 aq:20.51 tex:1678 mv:1197 misc:1421 imb:9 pmb:345 smb:1686 d:- ref:0 ;
in:134 out:135 type:b dur:2 cpbdur:2 q:25.42 aq:20.76 tex:1990 mv:1344 misc:1466 imb:14 pmb:358 smb:1668 d:- ref:0 ;
in:139 out:136 type:P dur:2 cpbdur:2 q:25.47 aq:18.13 tex:73790 mv:14610 misc:1224 imb:469 pmb:1262 smb:309 d:- ref:0 ;
in:137 out:137 type:B dur:2 cpbdur:2 q:25.43 aq:20.21 tex:15769 mv:4793 misc:1998 imb:41 pmb:794 smb:1205 d:- ref:0 ;
in:136 out:138 type:b dur:2 cpbdur:2 q:25.42 aq:20.85 tex:2826 mv:2281 misc:1693 imb:15 pmb:494 smb:1531 d:- ref:0 ;
in:138 out:139 type:b dur:2 cpbdur:2 q:25.45 aq:21.04 tex:2283 mv:1941 misc:1592 imb:24 pmb:405 smb:1611 d:- ref:0 ;
in:143 out:140 type:P dur:2 cpbdur:2 q:25.70 aq:18.24 tex:103226 mv:11728 misc:1446 imb:318 pmb:1253 smb:469 d:- ref:0 ;
in:141 out:141 type:B dur:2 cpbdur:2 q:25.58 aq:20.40 tex:7441 mv:1875 misc:1780 imb:13 pmb:560 smb:1467 d:- ref:0 ;
in:140 out:142 type:b dur:2 cpbdur:2 q:25.52 aq:21.12 tex:10179 mv:2110 misc:1487 imb:21 pmb:413 smb:1606 d:- ref:0 ;
in:142 out:143 type:b dur:2 cpbdur:2 q:25.64 aq:21.58 tex:4980 mv:489 misc:995 imb:7 pmb:196 smb:1837 d:- ref:0 ;
in:147 out:144 type:P dur:2 cpbdur:2 q:26.04 aq:19.33 tex:55737 mv:10575 misc:1568 imb:288 pmb:1207 smb:545 d:- ref:0 ;
in:145 out:145 type:B dur:2 cpbdur:2 q:25.87 aq:20.25 tex:4268 mv:2175 misc:1733 imb:13 pmb:518 smb:1509 d:- ref:0 ;
in:144 out:146 type:b dur:2 cpbdur:2 q:25.78 aq:21.14 tex:1132 mv:458 misc:922 imb:5 pmb:142 smb:1893 d:- ref:0 ;
in:146 out:147 type:b dur:2 cpbdur:2 q:25.95 aq:21.60 tex:2389 mv:1413 misc:1510 imb:9 pmb:399 smb:1632 d:- ref:0 ;
in:151 out:148 type:P dur:2 cpbdur:2 q:26.19 aq:19.53 tex:56859 mv:11765 misc:1560 imb:331 pmb:1168 smb:541 d:- ref:0 ;
in:149 out:149 type:B dur:2 cpbdur:2 q:26.12 aq:20.78 tex:9850 mv:2992 misc:1750 imb:22 pmb:558 smb:1460 d:- ref:0 ;
in:148 out:150 type:b dur:2 cpbdur:2 q:26.08 aq:21.47 tex:1725 mv:986 misc:1249 imb:8 pmb:282 smb:1750 d:- ref:0 ;
in:150 out:151 type:b dur:2 cpbdur:2 q:26.15 aq:21.78 tex:2193 mv:1588 misc:1499 imb:8 pmb:396 smb:1636 d:- ref:0 ;
in:155 out:152 type:P dur:2 cpbdur:2 q:26.18 aq:18.75 tex:73679 mv:14063 misc:1234 imb:390 pmb:1278 smb:372 d:- ref:0 ;
in:153 out:153 type:B dur:2 cpbdur:2 q:26.18 aq:20.12 tex:15842 mv:4013 misc:1905 imb:43 pmb:737 smb:1260 d:- ref:0 ;
in:152 out:154 type:b dur:2 cpbdur:2 q:26.19 aq:21.43 tex:1096 mv:1037 misc:1267 imb:5 pmb:310 smb:1725 d:- ref:0 ;
in:154 out:155 type:b dur:2 cpbdur:2 q:26.18 aq:21.42 tex:1424 mv:1202 misc:1414 imb:5 pmb:356 smb:1679 d:- ref:0 ;
in:157 out:156 type:P dur:2 cpbdur:2 q:26.28 aq:19.09 tex:18895 mv:3073 misc:1976 imb:59 pmb:674 smb:1307 d:- ref:0 ;
in:156 out:157 type:b dur:2 cpbdur:2 q:26.23 aq:20.76 tex:959 mv:311 misc:810 imb:3 pmb:120 smb:1917 d:- ref:0 ;
in:161 out:158 type:P dur:2 cpbdur:2 q:26.41 aq:19.24 tex:68753 mv:14674 misc:1117 imb:545 pmb:1212 smb:283 d:- ref:0 ;
in:159 out:159 type:B dur:2 cpbdur:2 q:26.34 aq:20.85 tex:7276 mv:2385 misc:1451 imb:21 pmb:363 smb:1656 d:- ref:0 ;
in:158 out:160 type:b dur:2 cpbdur:2 q:26.31 aq:21.66 tex:1488 mv:1184 misc:1440 imb:7 pmb:360 smb:1673 d:- ref:0 ;
in:160 out:161 type:b dur:2 cpbdur:2 q:26.38 aq:21.71 tex:1538 mv:1159 misc:1415 imb:11 pmb:354 smb:1675 d:- ref:0 ;
in:165 out:162 type:P dur:2 cpbdur:2 q:26.35 aq:19.51 tex:57559 mv:11485 misc:1524 imb:356 pmb:1209 smb:475 d:- ref:0 ;
in:163 out:163 type:B dur:2 cpbdur:2 q:26.38 aq:20.90 tex:3546 mv:2498 misc:1772 imb:12 pmb:575 smb:1453 d:- ref:0 ;
in:162 out:164 type:b dur:2 cpbdur:2 q:26.40 aq:21.73 tex:889 mv:363 misc:732 imb:1 pmb:109 smb:1930 d:- ref:0 ;
in:164 out:165 type:b dur:2 cpbdur:2 q:26.37 aq:21.34 tex:1597 mv:1094 misc:1277 imb:8 pmb:297 smb:1735 d:- ref:0 ;
in:169 out:166 type:P dur:2 cpbdur:2 q:26.45 aq:18.76 tex:75767 mv:13897 misc:1176 imb:494 pmb:1220 smb:326 d:- ref:0 ;
in:167 out:167 type:B dur:2 cpbdur:2 q:26.40 aq:21.05 tex:8375 mv:3868 misc:1773 imb:31 pmb:570 smb:1439 d:- ref:0 ;
in:166 out:168 type:b dur:2 cpbdur:2 q:26.38 aq:21.57 tex:1566 mv:1201 misc:1273 imb:10 pmb:290 smb:1740 d:- ref:0 ;
in:168 out:169 type:b dur:2 cpbdur:2 q:26.42 aq:21.87 tex:1087 mv:1176 misc:1337 imb:4 pmb:329 smb:1707 d:- ref:0 ;
in:173 out:170 type:P dur:2 cpbdur:2 q:26.47 aq:18.64 tex:66417 mv:12138 misc:1221 imb:358 pmb:1342 smb:340 d:- ref:0 ;
in:171 out:171 type:B dur:2 cpbdur:2 q:26.46 aq:20.25 tex:4360 mv:2426 misc:1702 imb:16 pmb:499 smb:1525 d:- ref:0 ;
in:170 out:172 type:b dur:2 cpbdur:2 q:26.45 aq:21.72 tex:921 mv:317 misc:738 imb:2 pmb:106 smb:1932 d:- ref:0 ;
in:172 out:173 type:b dur:2 cpbdur:2 q:26.47 aq:22.36 tex:1453 mv:1355 misc:1368 imb:4 pmb:337 smb:1699 d:- ref:0 ;
in:177 out:174 type:P dur:2 cpbdur:2 q:26.60 aq:18.50 tex:60682 mv:10499 misc:1635 imb:232 pmb:1274 smb:534 d:- ref:0 ;
in:175 out:175 type:B dur:2 cpbdur:2 q:26.53 aq:21.20 tex:6303 mv:1477 misc:1268 imb:8 pmb:295 smb:1737 d:- ref:0 ;
in:174 out:176 type:b dur:2 cpbdur:2 q:26.50 aq:22.01 tex:1431 mv:998 misc:1275 imb:3 pmb:312 smb:1725 d:- ref:0 ;
in:176 out:177 type:b dur:2 cpbdur:2 q:26.56 aq:22.03 tex:1238 mv:783 misc:1091 imb:4 pmb:223 smb:1813 d:- ref:0 ;
in:181 out:178 type:P dur:2 cpbdur:2 q:26.63 aq:18.87 tex:48455 mv:7264 misc:1921 imb:135 pmb:1107 smb:798 d:- ref:0 ;
in:179 out:179 type:B dur:2 cpbdur:2 q:26.61 aq:21.34 tex:2836 mv:1315 misc:1441 imb:7 pmb:359 smb:1674 d:- ref:0 ;
in:178 out:180 type:b dur:2 cpbdur:2 q:26.60 aq:21.62 tex:929 mv:692 misc:955 imb:4 pmb:172 smb:1864 d:- ref:0 ;
in:180 out:181 type:b dur:2 cpbdur:2 q:26.62 aq:22.01 tex:814 mv:202 misc:704 imb:3 pmb:93 smb:1944 d:- ref:0 ;
in:185 out:182 type:P dur:2 cpbdur:2 q:26.62 aq:19.09 tex:51080 mv:7647 misc:1793 imb:166 pmb:1089 smb:785 d:- ref:0 ;
in:183 out:183 type:B dur:2 cpbdur:2 q:26.62 aq:21.20 tex:5360 mv:1958 misc:1674 imb:13 pmb:516 smb:1511 d:- ref:0 ;
in:182 out:184 type:b dur:2 cpbdur:2 q:26.62 aq:22.03 tex:1390 mv:954 misc:1328 imb:6 pmb:307 smb:1727 d:- ref:0 ;
in:184 out:185 type:b dur:2 cpbdur:2 q:26.62 aq:21.85 tex:830 mv:277 misc:685 imb:2 pmb:92 smb:1946 d:- ref:0 ;
in:189 out:186 type:P dur:2 cpbdur:2 q:26.52 aq:19.32 tex:55963 mv:9369 misc:1692 imb:251 pmb:1085 smb:704 d:- ref:0 ;
in:187 out:187 type:B dur:2 cpbdur:2 q:26.57 aq:21.27 tex:5075 mv:1364 misc:1241 imb:10 pmb:255 smb:1775 d:- ref:0 ;
in:186 out:188 type:b dur:2 cpbdur:2 q:26.59 aq:21.89 tex:1138 mv:671 misc:1055 imb:4 pmb:221 smb:1815 d:- ref:0 ;
in:188 out:189 type:b dur:2 cpbdur:2 q:26.54 aq:22.07 tex:1448 mv:1133 misc:1283 imb:6 pmb:279 smb:1755 d:- ref:0 ;
in:193 out:190 type:P dur:2 cpbdur:2 q:26.50 aq:19.03 tex:62864 mv:12787 misc:1325 imb:432 pmb:1207 smb:401 d:- ref:0 ;
in:191 out:191 type:B dur:2 cpbdur:2 q:26.51 aq:21.33 tex:6683 mv:1476 misc:1257 imb:12 pmb:277 smb:1751 d:- ref:0 ;
in:190 out:192 type:b dur:2 cpbdur:2 q:26.51 aq:21.79 tex:1425 mv:1356 misc:1411 imb:4 pmb:361 smb:1675 d:- ref:0 ;
in:192 out:193 type:b dur:2 cpbdur:2 q:26.50 aq:21.58 tex:806 mv:720 misc:1122 imb:3 pmb:239 smb:1798 d:- ref:0 ;
in:197 out:194 type:P dur:2 cpbdur:2 q:26.51 aq:19.30 tex:56364 mv:10298 misc:1594 imb:296 pmb:1173 smb:571 d:- ref:0 ;
in:195 out:195 type:B dur:2 cpbdur:2 q:26.50 aq:20.66 tex:3352 mv:2075 misc:1653 imb:15 pmb:462 smb:1563 d:- ref:0 ;
in:194 out:196 type:b dur:2 cpbdur:2 q:26.50 aq:22.04 tex:1430 mv:1180 misc:1326 imb:5 pmb:321 smb:1714 d:- ref:0 ;
in:196 out:197 type:b dur:2 cpbdur:2 q:26.51 aq:21.86 tex:983 mv:310 misc:723 imb:3 pmb:101 smb:1936 d:- ref:0 ;
in:201 out:198 type:P dur:2 cpbdur:2 q:26.53 aq:19.89 tex:52081 mv:9963 misc:1636 imb:281 pmb:1121 smb:638 d:- ref:0 ;
in:199 out:199 type:B dur:2 cpbdur:2 q:26.52 aq:21.00 tex:3944 mv:1944 misc:1776 imb:13 pmb:515 smb:1512 d:- ref:0 ;
in:198 out:200 type:b dur:2 cpbdur:2 q:26.51 aq:21.78 tex:1406 mv:1060 misc:1262 imb:6 pmb:285 smb:1749 d:- ref:0 ;
in:200 out:201 type:b dur:2 cpbdur:2 q:26.53 aq:21.67 tex:973 mv:249 misc:754 imb:1 pmb:108 smb:1931 d:- ref:0 ;
in:205 out:202 type:P dur:2 cpbdur:2 q:26.49 aq:19.50 tex:57703 mv:12577 misc:1360 imb:499 pmb:1149 smb:392 d:- ref:0 ;
in:203 out:203 type:B dur:2 cpbdur:2 q:26.51 aq:21.29 tex:7558 mv:2644 misc:1582 imb:28 pmb:412 smb:1600 d:- ref:0 ;
in:202 out:204 type:b dur:2 cpbdur:2 q:26.52 aq:21.70 tex:1309 mv:998 misc:1357 imb:6 pmb:323 smb:1711 d:- ref:0 ;
in:204 out:205 type:b dur:2 cpbdur:2 q:26.50 aq:21.61 tex:1644 mv:1419 misc:1393 imb:10 pmb:342 smb:1688 d:- ref:0 ;
in:209 out:206 type:P dur:2 cpbdur:2 q:26.48 aq:18.86 tex:71112 mv:13843 misc:1133 imb:474 pmb:1305 smb:261 d:- ref:0 ;
in:207 out:207 type:B dur:2 cpbdur:2 q:26.48 aq:21.04 tex:5646 mv:1627 misc:1495 imb:14 pmb:354 smb:1672 d:- ref:0 ;
in:206 out:208 type:b dur:2 cpbdur:2 q:26.48 aq:21.76 tex:1675 mv:1310 misc:1463 imb:9 pmb:368 smb:1663 d:- ref:0 ;
in:208 out:209 type:b dur:2 cpbdur:2 q:26.48 aq:21.30 tex:1809 mv:1314 misc:1541 imb:6 pmb:414 smb:1620 d:- ref:0 ;
in:213 out:210 type:P dur:2 cpbdur:2 q:26.53 aq:19.12 tex:53811 mv:9460 misc:1689 imb:241 pmb:1182 smb:617 d:- ref:0 ;
in:211 out:211 type:B dur:2 cpbdur:2 q:26.51 aq:20.73 tex:5411 mv:2483 misc:1826 imb:8 pmb:639 smb:1393 d:- ref:0 ;
in:210 out:212 type:b dur:2 cpbdur:2 q:26.50 aq:21.51 tex:908 mv:352 misc:748 imb:6 pmb:104 smb:1930 d:- ref:0 ;
in:212 out:213 type:b dur:2 cpbdur:2 q:26.52 aq:21.89 tex:1703 mv:1207 misc:1402 imb:8 pmb:356 smb:1676 d:- ref:0 ;
in:217 out:214 type:P dur:2 cpbdur:2 q:26.57 aq:19.10 tex:58861 mv:11533 misc:1454 imb:323 pmb:1183 smb:534 d:- ref:0 ;
in:215 out:215 type:B dur:2 cpbdur:2 q:26.55 aq:21.73 tex:10446 mv:3128 misc:1682 imb:27 pmb:516 smb:1497 d:- ref:0 ;
in:214 out:216 type:b dur:2 cpbdur:2 q:26.54 aq:21.57 tex:1240 mv:1445 misc:1251 imb:6 pmb:280 smb:1754 d:- ref:0 ;
in:216 out:217 type:b dur:2 cpbdur:2 q:26.56 aq:22.14 tex:1760 mv:1496 misc:1384 imb:6 pmb:335 smb:1699 d:- ref:0 ;
in:221 out:218 type:P dur:2 cpbdur:2 q:26.53 aq:20.21 tex:48446 mv:8453 misc:1805 imb:213 pmb:1044 smb:783 d:- ref:0 ;
in:219 out:219 type:B dur:2 cpbdur:2 q:26.55 aq:20.58 tex:2391 mv:1574 misc:1435 imb:8 pmb:349 smb:1683 d:- ref:0 ;
in:218 out:220 type:b dur:2 cpbdur:2 q:26.56 aq:21.96 tex:895 mv:286 misc:715 imb:4 pmb:99 smb:1937 d:- ref:0 ;
in:220 out:221 type:b dur:2 cpbdur:2 q:26.54 aq:21.80 tex:2109 mv:1245 misc:1478 imb:7 pmb:370 smb:1663 d:- ref:0 ;
in:225 out:222 type:P dur:2 cpbdur:2 q:26.54 aq:20.05 tex:48208 mv:10609 misc:1583 imb:358 pmb:1119 smb:563 d:- ref:0 ;
in:223 out:223 type:B dur:2 cpbdur:2 q:26.54 aq:20.34 tex:5704 mv:2715 misc:1821 imb:23 pmb:582 smb:1435 d:- ref:0 ;
in:222 out:224 type:b dur:2 cpbdur:2 q:26.53 aq:22.11 tex:1380 mv:937 misc:1187 imb:7 pmb:245 smb:1788 d:- ref:0 ;
in:224 out:225 type:b dur:2 cpbdur:2 q:26.54 aq:21.96 tex:827 mv:271 misc:718 imb:2 pmb:97 smb:1941 d:- ref:0 ;
in:229 out:226 type:P dur:2 cpbdur:2 q:26.49 aq:19.82 tex:60534 mv:13109 misc:1389 imb:504 pmb:1124 smb:412 d:- ref:0 ;
in:227 out:227 type:B dur:2 cpbdur:2 q:26.51 aq:20.40 tex:14588 mv:5229 misc:1951 imb:49 pmb:751 smb:1240 d:- ref:0 ;
in:226 out:228 type:b dur:2 cpbdur:2 q:26.53 aq:21.51 tex:1257 mv:958 misc:1297 imb:4 pmb:287 smb:1749 d:- ref:0 ;
in:228 out:229 type:b dur:2 cpbdur:2 q:26.50 aq:21.74 tex:1436 mv:1093 misc:1423 imb:6 pmb:343 smb:1691 d:- ref:0 ;
in:233 out:230 type:P dur:2 cpbdur:2 q:26.50 aq:19.62 tex:66555 mv:13935 misc:1126 imb:551 pmb:1204 smb:285 d:- ref:0 ;
in:231 out:231 type:B dur:2 cpbdur:2 q:26.49 aq:21.09 tex:15100 mv:7599 misc:1949 imb:63 pmb:1047 smb:930 d:- ref:0 ;
in:230 out:232 type:b dur:2 cpbdur:2 q:26.49 aq:21.88 tex:1393 mv:1261 misc:1290 imb:8 pmb:304 smb:1728 d:- ref:0 ;
in:232 out:233 type:b dur:2 cpbdur:2 q:26.49 aq:21.86 tex:2484 mv:1880 misc:1580 imb:16 pmb:445 smb:1579 d:- ref:0 ;
in:237 out:234 type:P dur:2 cpbdur:2 q:26.54 aq:19.34 tex:56398 mv:11643 misc:1503 imb:400 pmb:1191 smb:449 d:- ref:0 ;
in:235 out:235 type:B dur:2 cpbdur:2 q:26.52 aq:20.85 tex:2708 mv:1627 misc:1625 imb:13 pmb:444 smb:1583 d:- ref:0 ;
in:234 out:236 type:b dur:2 cpbdur:2 q:26.51 aq:21.96 tex:1570 mv:1359 misc:1423 imb:4 pmb:367 smb:1669 d:- ref:0 ;
in:236 out:237 type:b dur:2 cpbdur:2 q:26.53 aq:21.46 tex:811 mv:266 misc:651 imb:5 pmb:86 smb:1949 d:- ref:0 ;
in:241 out:238 type:P dur:2 cpbdur:2 q:26.64 aq:20.17 tex:43067 mv:9415 misc:1774 imb:270 pmb:1059 smb:711 d:- ref:0 ;
in:239 out:239 type:B dur:2 cpbdur:2 q:26.59 aq:21.14 tex:3264 mv:2062 misc:1666 imb:11 pmb:482 smb:1547 d:- ref:0 ;
in:238 out:240 type:b dur:2 cpbdur:2 q:26.57 aq:21.68 tex:705 mv:233 misc:654 imb:0 pmb:86 smb:1954 d:- ref:0 ;
in:240 out:241 type:b dur:2 cpbdur:2 q:26.61 aq:22.35 tex:1360 mv:1073 misc:1343 imb:9 pmb:328 smb:1703 d:- ref:0 ;
in:245 out:242 type:P dur:2 cpbdur:2 q:26.60 aq:19.75 tex:59739 mv:12696 misc:1341 imb:506 pmb:1156 smb:378 d:- ref:0 ;
in:243 out:243 type:B dur:2 cpbdur:2 q:26.62 aq:21.09 tex:14639 mv:6513 misc:1896 imb:42 pmb:1021 smb:977 d:- ref:0 ;
in:242 out:244 type:b dur:2 cpbdur:2 q:26.63 aq:21.96 tex:1703 mv:1406 misc:1459 imb:12 pmb:375 smb:1653 d:- ref:0 ;
in:244 out:245 type:b dur:2 cpbdur:2 q:26.61 aq:21.77 tex:1400 mv:1025 misc:1239 imb:2 pmb:266 smb:1772 d:- ref:0 ;
in:249 out:246 type:P dur:2 cpbdur:2 q:26.55 aq:20.17 tex:48973 mv:9454 misc:1637 imb:298 pmb:1030 smb:712 d:- ref:0 ;
in:247 out:247 type:B dur:2 cpbdur:2 q:26.58 aq:20.54 tex:12783 mv:4123 misc:1838 imb:26 pmb:695 smb:1319 d:- ref:0 ;
in:246 out:248 type:b dur:2 cpbdur:2 q:26.59 aq:21.61 tex:1448 mv:1197 misc:1355 imb:8 pmb:324 smb:1708 d:- ref:0 ;
in:248 out:249 type:b dur:2 cpbdur:2 q:26.56 aq:22.22 tex:1269 mv:1038 misc:1237 imb:7 pmb:280 smb:1753 d:- ref:0 ;
in:250 out:250 type:I dur:2 cpbdur:2 q:23.63 aq:16.56 tex:219271 mv:50382 misc:475 imb:2040 pmb:0 smb:0 d:- ref:;
in:254 out:251 type:P dur:2 cpbdur:2 q:27.35 aq:20.72 tex:36038 mv:6965 misc:1893 imb:174 pmb:923 smb:943 d:- ref:0 ;
in:252 out:252 type:B dur:2 cpbdur:2 q:27.35 aq:22.12 tex:731 mv:425 misc:908 imb:0 pmb:165 smb:1875 d:- ref:0 ;
in:251 out:253 type:b dur:2 cpbdur:2 q:27.35 aq:21.79 tex:593 mv:182 misc:601 imb:1 pmb:76 smb:1963 d:- ref:0 ;
in:253 out:254 type:b dur:2 cpbdur:2 q:27.35 aq:22.32 tex:1278 mv:823 misc:1211 imb:6 pmb:275 smb:1759 d:- ref:0 ;
in:258 out:255 type:P dur:2 cpbdur:2 q:27.34 aq:20.26 tex:48550 mv:12908 misc:1214 imb:544 pmb:1089 smb:407 d:- ref:0 ;
in:256 out:256 type:B dur:2 cpbdur:2 q:27.34 aq:21.01 tex:6697 mv:2173 misc:1594 imb:15 pmb:426 smb:1599 d:- ref:0 ;
in:255 out:257 type:b dur:2 cpbdur:2 q:27.34 aq:22.27 tex:1009 mv:730 misc:1197 imb:6 pmb:264 smb:1770 d:- ref:0 ;
in:257 out:258 type:b dur:2 cpbdur:2 q:27.34 aq:22.21 tex:1199 mv:804 misc:1269 imb:7 pmb:292 smb:1741 d:- ref:0 ;
in:262 out:259 type:P dur:2 cpbdur:2 q:27.16 aq:19.77 tex:59735 mv:14418 misc:1151 imb:517 pmb:1228 smb:295 d:- ref:0 ;
in:260 out:260 type:B dur:2 cpbdur:2 q:27.25 aq:21.89 tex:4981 mv:2049 misc:1482 imb:19 pmb:354 smb:1667 d:- ref:0 ;
in:259 out:261 type:b dur:2 cpbdur:2 q:27.29 aq:22.82 tex:1016 mv:1467 misc:1309 imb:1 pmb:314 smb:1725 d:- ref:0 ;
in:261 out:262 type:b dur:2 cpbdur:2 q:27.21 aq:22.42 tex:1386 mv:1020 misc:1314 imb:5 pmb:306 smb:1729 d:- ref:0 ;
in:264 out:263 type:P dur:2 cpbdur:2 q:27.19 aq:20.38 tex:9500 mv:2227 misc:1673 imb:55 pmb:434 smb:1551 d:- ref:0 ;
in:263 out:264 type:b dur:2 cpbdur:2 q:27.17 aq:22.34 tex:656 mv:141 misc:611 imb:1 pmb:76 smb:1963 d:- ref:0 ;
in:268 out:265 type:P dur:2 cpbdur:2 q:27.21 aq:21.54 tex:27462 mv:10106 misc:1568 imb:355 pmb:959 smb:726 d:- ref:0 ;
in:266 out:266 type:B dur:2 cpbdur:2 q:27.20 aq:21.62 tex:2185 mv:1496 misc:1511 imb:10 pmb:375 smb:1655 d:- ref:0 ;
in:265 out:267 type:b dur:2 cpbdur:2 q:27.19 aq:22.94 tex:446 mv:144 misc:474 imb:1 pmb:50 smb:1989 d:- ref:0 ;
in:267 out:268 type:b dur:2 cpbdur:2 q:27.21 aq:22.47 tex:1758 mv:1455 misc:1475 imb:14 pmb:378 smb:1648 d:- ref:0 ;
in:272 out:269 type:P dur:2 cpbdur:2 q:27.02 aq:21.36 tex:34620 mv:12932 misc:1256 imb:692 pmb:915 smb:433 d:- ref:0 ;
in:270 out:270 type:B dur:2 cpbdur:2 q:27.12 aq:21.60 tex:10848 mv:6069 misc:1955 imb:67 pmb:822 smb:1151 d:- ref:0 ;
in:269 out:271 type:b dur:2 cpbdur:2 q:27.17 aq:22.44 tex:1272 mv:1340 misc:1284 imb:8 pmb:296 smb:1736 d:- ref:0 ;
in:271 out:272 type:b dur:2 cpbdur:2 q:27.07 aq:21.83 tex:1380 mv:1696 misc:1476 imb:7 pmb:381 smb:1652 d:- ref:0 ;
in:276 out:273 type:P dur:2 cpbdur:2 q:26.92 aq:20.92 tex:34578 mv:12876 misc:1314 imb:496 pmb:1097 smb:447 d:- ref:0 ;
in:274 out:274 type:B dur:2 cpbdur:2 q:26.97 aq:21.13 tex:19500 mv:7325 misc:1767 imb:79 pmb:1072 smb:889 d:- ref:0 ;
in:273 out:275 type:b dur:2 cpbdur:2 q:27.00 aq:22.72 tex:1507 mv:1060 misc:1337 imb:8 pmb:332 smb:1700 d:- ref:0 ;
in:275 out:276 type:b dur:2 cpbdur:2 q:26.95 aq:22.24 tex:1474 mv:995 misc:1355 imb:5 pmb:318 smb:1717 d:- ref:0 ;
in:278 out:277 type:P dur:2 cpbdur:2 q:26.89 aq:21.99 tex:18963 mv:1357 misc:1192 imb:60 pmb:213 smb:1767 d:- ref:0 ;
in:277 out:278 type:b dur:2 cpbdur:2 q:26.90 aq:22.30 tex:3714 mv:257 misc:741 imb:3 pmb:141 smb:1896 d:- ref:0 ;
in:279 out:279 type:I dur:2 cpbdur:2 q:24.06 aq:20.00 tex:168355 mv:40004 misc:481 imb:2040 pmb:0 smb:0 d:- ref:;
in:282 out:280 type:P dur:2 cpbdur:2 q:27.30 aq:21.57 tex:232842 mv:14039 misc:247 imb:1875 pmb:162 smb:3 d:- ref:0 ;
in:280 out:281 type:B dur:2 cpbdur:2 q:27.30 aq:22.00 tex:126607 mv:20318 misc:411 imb:1405 pmb:594 smb:41 d:- ref:0 ;
in:281 out:282 type:b dur:2 cpbdur:2 q:27.30 aq:22.44 tex:29326 mv:6360 misc:1890 imb:235 pmb:741 smb:1064 d:- ref:0 ;
in:283 out:283 type:P dur:2 cpbdur:2 q:27.50 aq:20.63 tex:106230 mv:11470 misc:988 imb:764 pmb:1091 smb:185 d:- ref:0 w:6,71,-1,3,9,-17,9,-15 ;
in:284 out:284 type:P dur:2 cpbdur:2 q:27.54 aq:17.94 tex:81122 mv:12040 misc:982 imb:685 pmb:1183 smb:172 d:- ref:0 w:6,65,1 ;
in:288 out:285 type:P dur:2 cpbdur:2 q:27.67 aq:18.66 tex:67941 mv:5813 misc:1750 imb:165 pmb:955 smb:920 d:- ref:0 ;
in:286 out:286 type:B dur:2 cpbdur:2 q:27.60 aq:19.92 tex:1980 mv:584 misc:972 imb:8 pmb:154 smb:1878 d:- ref:0 ;
in:285 out:287 type:b dur:2 cpbdur:2 q:27.57 aq:21.23 tex:609 mv:213 misc:554 imb:6 pmb:62 smb:1972 d:- ref:0 ;
in:287 out:288 type:b dur:2 cpbdur:2 q:27.64 aq:20.77 tex:646 mv:184 misc:554 imb:2 pmb:65 smb:1973 d:- ref:0 ;
in:289 out:289 type:P dur:2 cpbdur:2 q:28.72 aq:19.76 tex:24488 mv:1700 misc:1468 imb:42 pmb:482 smb:1516 d:- ref:0 ;
in:291 out:290 type:P dur:2 cpbdur:2 q:28.91 aq:19.80 tex:29638 mv:3238 misc:1796 imb:75 pmb:644 smb:1321 d:- ref:0 ;
in:290 out:291 type:b dur:2 cpbdur:2 q:28.82 aq:21.08 tex:440 mv:150 misc:450 imb:3 pmb:45 smb:1992 d:- ref:0 ;
in:295 out:292 type:P dur:2 cpbdur:2 q:29.02 aq:19.96 tex:49201 mv:4965 misc:1850 imb:117 pmb:800 smb:1123 d:- ref:0 ;
in:293 out:293 type:B dur:2 cpbdur:2 q:28.96 aq:24.08 tex:2973 mv:1602 misc:1097 imb:16 pmb:212 smb:1812 d:- ref:0 ;
in:292 out:294 type:b dur:2 cpbdur:2 q:28.93 aq:23.98 tex:530 mv:605 misc:633 imb:4 pmb:116 smb:1920 d:- ref:0 ;
in:294 out:295 type:b dur:2 cpbdur:2 q:28.99 aq:22.59 tex:649 mv:437 misc:650 imb:4 pmb:92 smb:1944 d:- ref:0 ;
in:299 out:296 type:P dur:2 cpbdur:2 q:28.96 aq:19.42 tex:37614 mv:4522 misc:1904 imb:130 pmb:743 smb:1167 d:- ref:0 ;
in:297 out:297 type:B dur:2 cpbdur:2 q:28.99 aq:20.69 tex:1250 mv:425 misc:773 imb:5 pmb:110 smb:1925 d:- ref:0 ;
in:296 out:298 type:b dur:2 cpbdur:2 q:29.00 aq:21.50 tex:468 mv:86 misc:454 imb:1 pmb:45 smb:1994 d:- ref:0 ;
in:298 out:299 type:b dur:2 cpbdur:2 q:28.98 aq:20.91 tex:342 mv:149 misc:445 imb:2 pmb:43 smb:1995 d:- ref:0 ;
in:301 out:300 type:P dur:2 cpbdur:2 q:28.91 aq:19.96 tex:39161 mv:3666 misc:1829 imb:101 pmb:685 smb:1254 d:- ref:0 ;
in:300 out:301 type:b dur:2 cpbdur:2 q:28.94 aq:21.61 tex:371 mv:170 misc:459 imb:4 pmb:47 smb:1989 d:- ref:0 ;
in:303 out:302 type:P dur:2 cpbdur:2 q:28.90 aq:19.57 tex:28587 mv:3294 misc:1783 imb:84 pmb:621 smb:1335 d:- ref:0 ;
in:302 out:303 type:b dur:2 cpbdur:2 q:28.90 aq:21.28 tex:317 mv:109 misc:406 imb:3 pmb:36 smb:2001 d:- ref:0 ;
in:307 out:304 type:P dur:2 cpbdur:2 q:28.75 aq:19.70 tex:43312 mv:4766 misc:1842 imb:140 pmb:773 smb:1127 d:- ref:0 ;
in:305 out:305 type:B dur:2 cpbdur:2 q:28.82 aq:21.64 tex:1877 mv:1197 misc:1046 imb:11 pmb:195 smb:1834 d:- ref:0 ;
in:304 out:306 type:b dur:2 cpbdur:2 q:28.86 aq:20.53 tex:364 mv:109 misc:399 imb:3 pmb:35 smb:2002 d:- ref:0 ;
in:306 out:307 type:b dur:2 cpbdur:2 q:28.79 aq:22.74 tex:518 mv:583 misc:659 imb:4 pmb:106 smb:1930 d:- ref:0 ;
in:311 out:308 type:P dur:2 cpbdur:2 q:28.72 aq:19.83 tex:36822 mv:4774 misc:1916 imb:139 pmb:773 smb:1128 d:- ref:0 ;
in:309 out:309 type:B dur:2 cpbdur:2 q:28.74 aq:21.72 tex:1499 mv:411 misc:802 imb:7 pmb:117 smb:1916 d:- ref:0 ;
in:308 out:310 type:b dur:2 cpbdur:2 q:28.75 aq:22.91 tex:668 mv:172 misc:464 imb:5 pmb:48 smb:1987 d:- ref:0 ;
in:310 out:311 type:b dur:2 cpbdur:2 q:28.73 aq:21.90 tex:1521 mv:182 misc:425 imb:4 pmb:45 smb:1991 d:- ref:0 ;
in:313 out:312 type:P dur:2 cpbdur:2 q:28.64 aq:19.56 tex:37503 mv:4117 misc:1804 imb:123 pmb:711 smb:1206 d:- ref:0 ;
in:312 out:313 type:b dur:2 cpbdur:2 q:28.68 aq:22.21 tex:195 mv:85 misc:360 imb:1 pmb:30 smb:2009 d:- ref:0 ;
in:317 out:314 type:P dur:2 cpbdur:2 q:28.63 aq:19.57 tex:43920 mv:4743 misc:1793 imb:125 pmb:808 smb:1107 d:- ref:0 ;
in:315 out:315 type:B dur:2 cpbdur:2 q:28.63 aq:20.53 tex:981 mv:317 misc:646 imb:7 pmb:75 smb:1958 d:- ref:0 ;
in:314 out:316 type:b dur:2 cpbdur:2 q:28.64 aq:21.61 tex:303 mv:102 misc:379 imb:1 pmb:32 smb:2007 d:- ref:0 ;
in:316 out:317 type:b dur:2 cpbdur:2 q:28.63 aq:22.47 tex:259 mv:92 misc:345 imb:1 pmb:27 smb:2012 d:- ref:0 ;
in:319 out:318 type:P dur:2 cpbdur:2 q:28.52 aq:19.82 tex:25693 mv:3523 misc:1800 imb:96 pmb:617 smb:1327 d:- ref:0 ;
in:318 out:319 type:b dur:2 cpbdur:2 q:28.57 aq:21.06 tex:375 mv:134 misc:451 imb:2 pmb:43 smb:1995 d:- ref:0 ;
in:323 out:320 type:P dur:2 cpbdur:2 q:28.54 aq:20.01 tex:35776 mv:5264 misc:1928 imb:163 pmb:780 smb:1097 d:- ref:0 ;
in:321 out:321 type:B dur:2 cpbdur:2 q:28.53 aq:23.04 tex:2858 mv:1431 misc:1151 imb:15 pmb:239 smb:1786 d:- ref:0 ;
in:320 out:322 type:b dur:2 cpbdur:2 q:28.53 aq:21.77 tex:608 mv:796 misc:804 imb:4 pmb:164 smb:1872 d:- ref:0 ;
in:322 out:323 type:b dur:2 cpbdur:2 q:28.54 aq:21.37 tex:372 mv:182 misc:462 imb:2 pmb:46 smb:1992 d:- ref:0 ;
in:327 out:324 type:P dur:2 cpbdur:2 q:28.42 aq:20.83 tex:26348 mv:4899 misc:1905 imb:137 pmb:683 smb:1220 d:- ref:0 ;
in:325 out:325 type:B dur:2 cpbdur:2 q:28.48 aq:21.14 tex:2480 mv:1398 misc:1090 imb:11 pmb:205 smb:1824 d:- ref:0 ;
in:324 out:326 type:b dur:2 cpbdur:2 q:28.51 aq:20.84 tex:274 mv:111 misc:367 imb:1 pmb:32 smb:2007 d:- ref:0 ;
in:326 out:327 type:b dur:2 cpbdur:2 q:28.45 aq:21.35 tex:419 mv:502 misc:759 imb:2 pmb:142 smb:1896 d:- ref:0 ;
in:329 out:328 type:P dur:2 cpbdur:2 q:28.31 aq:21.01 tex:21618 mv:3242 misc:1764 imb:87 pmb:541 smb:1412 d:- ref:0 ;
in:328 out:329 type:b dur:2 cpbdur:2 q:28.36 aq:21.68 tex:269 mv:114 misc:361 imb:2 pmb:31 smb:2007 d:- ref:0 ;
in:331 out:330 type:P dur:2 cpbdur:2 q:28.26 aq:21.57 tex:10434 mv:2563 misc:1627 imb:98 pmb:392 smb:1550 d:- ref:0 ;
in:330 out:331 type:b dur:2 cpbdur:2 q:28.28 aq:21.41 tex:440 mv:183 misc:521 imb:4 pmb:58 smb:1978 d:- ref:0 ;
in:333 out:332 type:P dur:2 cpbdur:2 q:28.15 aq:22.45 tex:8849 mv:2308 misc:1523 imb:61 pmb:396 smb:1583 d:- ref:0 ;
in:332 out:333 type:b dur:2 cpbdur:2 q:28.20 aq:21.41 tex:476 mv:217 misc:523 imb:5 pmb:54 smb:1981 d:- ref:0 ;
in:334 out:334 type:P dur:2 cpbdur:2 q:28.09 aq:22.75 tex:5105 mv:1618 misc:1309 imb:44 pmb:265 smb:1731 d:- ref:0 ;
in:335 out:335 type:I dur:2 cpbdur:2 q:25.47 aq:20.71 tex:165856 mv:38495 misc:505 imb:2040 pmb:0 smb:0 d:- ref:;
in:338 out:336 type:P dur:2 cpbdur:2 q:28.30 aq:21.23 tex:297231 mv:14974 misc:323 imb:1766 pmb:246 smb:28 d:- ref:0 ;
in:336 out:337 type:B dur:2 cpbdur:2 q:28.30 aq:22.12 tex:113771 mv:18767 misc:542 imb:1265 pmb:675 smb:100 d:- ref:0 ;
in:337 out:338 type:b dur:2 cpbdur:2 q:28.30 aq:23.29 tex:24320 mv:5016 misc:1888 imb:154 pmb:828 smb:1058 d:- ref:0 ;
in:340 out:339 type:P dur:2 cpbdur:2 q:28.53 aq:19.29 tex:198649 mv:13343 misc:616 imb:836 pmb:1153 smb:51 d:- ref:0 w:6,69,0,6,74,-21,75,-21 ;
in:339 out:340 type:b dur:2 cpbdur:2 q:28.41 aq:22.70 tex:8977 mv:5585 misc:1974 imb:170 pmb:692 smb:1178 d:- ref:0 ;
in:344 out:341 type:P dur:2 cpbdur:2 q:28.76 aq:19.77 tex:92467 mv:6114 misc:1723 imb:161 pmb:1055 smb:824 d:- ref:0 ;
in:342 out:342 type:B dur:2 cpbdur:2 q:28.64 aq:21.55 tex:7581 mv:2067 misc:1472 imb:12 pmb:359 smb:1669 d:- ref:0 ;
in:341 out:343 type:b dur:2 cpbdur:2 q:28.58 aq:23.43 tex:1416 mv:468 misc:804 imb:2 pmb:125 smb:1913 d:- ref:0 ;
in:343 out:344 type:b dur:2 cpbdur:2 q:28.70 aq:22.93 tex:1380 mv:459 misc:729 imb:6 pmb:98 smb:1936 d:- ref:0 ;
in:348 out:345 type:P dur:2 cpbdur:2 q:29.95 aq:20.81 tex:60092 mv:4943 misc:1693 imb:123 pmb:865 smb:1052 d:- ref:0 ;
in:346 out:346 type:B dur:2 cpbdur:2 q:29.35 aq:22.87 tex:5052 mv:1653 misc:1255 imb:17 pmb:257 smb:1766 d:- ref:0 ;
in:345 out:347 type:b dur:2 cpbdur:2 q:29.06 aq:24.58 tex:1068 mv:410 misc:650 imb:5 pmb:83 smb:1952 d:- ref:0 ;
in:347 out:348 type:b dur:2 cpbdur:2 q:29.65 aq:23.33 tex:859 mv:373 misc:648 imb:8 pmb:80 smb:1952 d:- ref:0 ;
in:352 out:349 type:P dur:2 cpbdur:2 q:30.10 aq:21.23 tex:56847 mv:5821 misc:1780 imb:177 pmb:902 smb:961 d:- ref:0 ;
in:350 out:350 type:B dur:2 cpbdur:2 q:30.03 aq:23.16 tex:3320 mv:1512 misc:1176 imb:16 pmb:231 smb:1793 d:- ref:0 ;
in:349 out:351 type:b dur:2 cpbdur:2 q:29.99 aq:24.49 tex:1028 mv:479 misc:717 imb:8 pmb:92 smb:1940 d:- ref:0 ;
in:351 out:352 type:b dur:2 cpbdur:2 q:30.06 aq:24.17 tex:999 mv:308 misc:613 imb:1 pmb:83 smb:1956 d:- ref:0 ;
in:356 out:353 type:P dur:2 cpbdur:2 q:30.07 aq:21.22 tex:52956 mv:5364 misc:1744 imb:159 pmb:854 smb:1027 d:- ref:0 ;
in:354 out:354 type:B dur:2 cpbdur:2 q:30.09 aq:23.00 tex:3604 mv:1620 misc:1184 imb:20 pmb:224 smb:1796 d:- ref:0 ;
in:353 out:355 type:b dur:2 cpbdur:2 q:30.09 aq:24.40 tex:852 mv:317 misc:583 imb:7 pmb:68 smb:1965 d:- ref:0 ;
in:355 out:356 type:b dur:2 cpbdur:2 q:30.08 aq:24.83 tex:911 mv:376 misc:609 imb:4 pmb:76 smb:1960 d:- ref:0 ;
in:360 out:357 type:P dur:2 cpbdur:2 q:30.03 aq:21.11 tex:52938 mv:6071 misc:1751 imb:216 pmb:882 smb:942 d:- ref:0 ;
in:358 out:358 type:B dur:2 cpbdur:2 q:30.05 aq:22.42 tex:4032 mv:1796 misc:1276 imb:23 pmb:259 smb:1758 d:- ref:0 ;
in:357 out:359 type:b dur:2 cpbdur:2 q:30.06 aq:22.29 tex:659 mv:346 misc:603 imb:7 pmb:73 smb:1960 d:- ref:0 ;
in:359 out:360 type:b dur:2 cpbdur:2 q:30.04 aq:23.59 tex:879 mv:360 misc:561 imb:5 pmb:64 smb:1971 d:- ref:0 ;
in:364 out:361 type:P dur:2 cpbdur:2 q:29.97 aq:21.39 tex:48945 mv:6096 misc:1775 imb:209 pmb:890 smb:941 d:- ref:0 ;
in:362 out:362 type:B dur:2 cpbdur:2 q:30.00 aq:23.21 tex:3752 mv:1575 misc:1201 imb:15 pmb:230 smb:1795 d:- ref:0 ;
in:361 out:363 type:b dur:2 cpbdur:2 q:30.02 aq:22.82 tex:803 mv:328 misc:549 imb:5 pmb:63 smb:1972 d:- ref:0 ;
in:363 out:364 type:b dur:2 cpbdur:2 q:29.99 aq:24.14 tex:1129 mv:425 misc:654 imb:8 pmb:81 smb:1951 d:- ref:0 ;
in:368 out:365 type:P dur:2 cpbdur:2 q:29.93 aq:21.39 tex:42992 mv:5811 misc:1781 imb:176 pmb:899 smb:965 d:- ref:0 ;
in:366 out:366 type:B dur:2 cpbdur:2 q:29.95 aq:23.33 tex:3955 mv:1747 misc:1298 imb:23 pmb:259 smb:1758 d:- ref:0 ;
in:365 out:367 type:b dur:2 cpbdur:2 q:29.96 aq:24.33 tex:790 mv:295 misc:555 imb:4 pmb:65 smb:1971 d:- ref:0 ;
in:367 out:368 type:b dur:2 cpbdur:2 q:29.94 aq:25.73 tex:1059 mv:382 misc:591 imb:3 pmb:76 smb:1961 d:- ref:0 ;
in:372 out:369 type:P dur:2 cpbdur:2 q:29.88 aq:21.68 tex:30502 mv:5549 misc:1861 imb:199 pmb:784 smb:1057 d:- ref:0 ;
in:370 out:370 type:B dur:2 cpbdur:2 q:29.91 aq:23.32 tex:4371 mv:1701 misc:1336 imb:19 pmb:275 smb:1746 d:- ref:0 ;
in:369 out:371 type:b dur:2 cpbdur:2 q:29.92 aq:23.07 tex:1007 mv:452 misc:637 imb:9 pmb:80 smb:1951 d:- ref:0 ;
in:371 out:372 type:b dur:2 cpbdur:2 q:29.90 aq:24.42 tex:923 mv:321 misc:620 imb:6 pmb:74 smb:1960 d:- ref:0 ;
in:376 out:373 type:P dur:2 cpbdur:2 q:29.82 aq:23.11 tex:12311 mv:4161 misc:1800 imb:137 pmb:545 smb:1358 d:- ref:0 ;
in:374 out:374 type:B dur:2 cpbdur:2 q:29.85 aq:23.47 tex:6176 mv:2019 misc:1461 imb:13 pmb:352 smb:1675 d:- ref:0 ;
in:373 out:375 type:b dur:2 cpbdur:2 q:29.87 aq:22.93 tex:1028 mv:456 misc:700 imb:6 pmb:94 smb:1940 d:- ref:0 ;
in:375 out:376 type:b dur:2 cpbdur:2 q:29.83 aq:23.63 tex:1003 mv:434 misc:683 imb:7 pmb:91 smb:1942 d:- ref:0 ;
in:380 out:377 type:P dur:2 cpbdur:2 q:29.70 aq:25.67 tex:251374 mv:15219 misc:223 imb:1774 pmb:265 smb:1 d:- ref:0 ;
in:378 out:378 type:B dur:2 cpbdur:2 q:29.76 aq:24.44 tex:95214 mv:19093 misc:717 imb:1198 pmb:600 smb:242 d:- ref:0 ;
in:377 out:379 type:b dur:2 cpbdur:2 q:29.79 aq:25.33 tex:2215 mv:953 misc:1112 imb:7 pmb:214 smb:1819 d:- ref:0 ;
in:379 out:380 type:b dur:2 cpbdur:2 q:29.73 aq:25.72 tex:85072 mv:18707 misc:509 imb:1258 pmb:677 smb:105 d:- ref:0 ;
in:381 out:381 type:P dur:2 cpbdur:2 q:29.75 aq:25.16 tex:275319 mv:15892 misc:381 imb:1067 pmb:960 smb:13 d:- ref:0 w:6,89,1,6,102,-80,101,-70 ;
in:382 out:382 type:P dur:2 cpbdur:2 q:29.83 aq:24.39 tex:181847 mv:11185 misc:744 imb:358 pmb:1571 smb:111 d:- ref:0 w:6,71,0,6,73,-19,73,-17 ;
in:386 out:383 type:P dur:2 cpbdur:2 q:30.38 aq:24.24 tex:134292 mv:11692 misc:992 imb:257 pmb:1587 smb:196 d:- ref:0 w:6,65,1,5,33,-4,32,0 ;
in:384 out:384 type:B dur:2 cpbdur:2 q:30.10 aq:27.61 tex:7412 mv:4172 misc:1592 imb:12 pmb:540 smb:1488 d:- ref:0 ;
in:383 out:385 type:b dur:2 cpbdur:2 q:29.96 aq:29.31 tex:2853 mv:2529 misc:1282 imb:11 pmb:365 smb:1664 d:- ref:0 ;
in:385 out:386 type:b dur:2 cpbdur:2 q:30.24 aq:30.70 tex:2746 mv:779 misc:731 imb:4 pmb:130 smb:1906 d:- ref:0 ;
in:390 out:387 type:P dur:2 cpbdur:2 q:31.35 aq:25.45 tex:91408 mv:8333 misc:1419 imb:109 pmb:1365 smb:566 d:- ref:0 ;
in:388 out:388 type:B dur:2 cpbdur:2 q:30.87 aq:28.06 tex:4170 mv:2125 misc:1121 imb:3 pmb:267 smb:1770 d:- ref:0 ;
in:387 out:389 type:b dur:2 cpbdur:2 q:30.62 aq:31.22 tex:798 mv:319 misc:459 imb:0 pmb:54 smb:1986 d:- ref:0 ;
in:389 out:390 type:b dur:2 cpbdur:2 q:31.11 aq:33.26 tex:892 mv:384 misc:484 imb:0 pmb:60 smb:1980 d:- ref:0 ;
in:394 out:391 type:P dur:2 cpbdur:2 q:31.95 aq:26.14 tex:70813 mv:7851 misc:1528 imb:90 pmb:1238 smb:712 d:- ref:0 ;
in:392 out:392 type:B dur:2 cpbdur:2 q:31.65 aq:30.13 tex:2402 mv:1238 misc:752 imb:4 pmb:140 smb:1896 d:- ref:0 ;
in:391 out:393 type:b dur:2 cpbdur:2 q:31.50 aq:31.67 tex:485 mv:291 misc:376 imb:2 pmb:37 smb:2001 d:- ref:0 ;
in:393 out:394 type:b dur:2 cpbdur:2 q:31.80 aq:33.58 tex:358 mv:266 misc:320 imb:5 pmb:26 smb:2009 d:- ref:0 ;
in:398 out:395 type:P dur:2 cpbdur:2 q:32.00 aq:26.44 tex:56943 mv:7534 misc:1571 imb:91 pmb:1164 smb:785 d:- ref:0 ;
in:396 out:396 type:B dur:2 cpbdur:2 q:31.98 aq:30.70 tex:1994 mv:1458 misc:772 imb:2 pmb:164 smb:1874 d:- ref:0 ;
in:395 out:397 type:b dur:2 cpbdur:2 q:31.96 aq:31.80 tex:991 mv:793 misc:560 imb:3 pmb:89 smb:1948 d:- ref:0 ;
in:397 out:398 type:b dur:2 cpbdur:2 q:31.99 aq:30.37 tex:482 mv:189 misc:289 imb:2 pmb:21 smb:2017 d:- ref:0 ;
in:402 out:399 type:P dur:2 cpbdur:2 q:32.02 aq:26.21 tex:55030 mv:7582 misc:1636 imb:99 pmb:1193 smb:748 d:- ref:0 ;
in:400 out:400 type:B dur:2 cpbdur:2 q:32.01 aq:30.63 tex:2257 mv:1487 misc:808 imb:1 pmb:161 smb:1878 d:- ref:0 ;
in:399 out:401 type:b dur:2 cpbdur:2 q:32.01 aq:30.01 tex:741 mv:339 misc:424 imb:1 pmb:51 smb:1988 d:- ref:0 ;
in:401 out:402 type:b dur:2 cpbdur:2 q:32.02 aq:31.02 tex:249 mv:340 misc:403 imb:0 pmb:47 smb:1993 d:- ref:0 ;
in:406 out:403 type:P dur:2 cpbdur:2 q:31.95 aq:26.52 tex:50572 mv:6928 misc:1692 imb:89 pmb:1117 smb:834 d:- ref:0 ;
in:404 out:404 type:B dur:2 cpbdur:2 q:31.99 aq:29.13 tex:4167 mv:1502 misc:915 imb:4 pmb:193 smb:1843 d:- ref:0 ;
in:403 out:405 type:b dur:2 cpbdur:2 q:32.01 aq:32.13 tex:303 mv:297 misc:360 imb:2 pmb:39 smb:1999 d:- ref:0 ;
in:405 out:406 type:b dur:2 cpbdur:2 q:31.97 aq:29.23 tex:492 mv:318 misc:366 imb:2 pmb:36 smb:2002 d:- ref:0 ;
in:410 out:407 type:P dur:2 cpbdur:2 q:31.91 aq:26.92 tex:44175 mv:6513 misc:1800 imb:88 pmb:1049 smb:903 d:- ref:0 ;
in:408 out:408 type:B dur:2 cpbdur:2 q:31.93 aq:30.60 tex:2296 mv:1571 misc:797 imb:2 pmb:164 smb:1874 d:- ref:0 ;
in:407 out:409 type:b dur:2 cpbdur:2 q:31.94 aq:31.10 tex:323 mv:461 misc:424 imb:2 pmb:47 smb:1991 d:- ref:0 ;
in:409 out:410 type:b dur:2 cpbdur:2 q:31.92 aq:33.56 tex:964 mv:418 misc:474 imb:2 pmb:62 smb:1976 d:- ref:0 ;
in:414 out:411 type:P dur:2 cpbdur:2 q:31.86 aq:28.08 tex:35389 mv:6448 misc:1779 imb:94 pmb:965 smb:981 d:- ref:0 ;
in:412 out:412 type:B dur:2 cpbdur:2 q:31.89 aq:29.62 tex:3199 mv:2167 misc:1082 imb:7 pmb:234 smb:1799 d:- ref:0 ;
in:411 out:413 type:b dur:2 cpbdur:2 q:31.90 aq:31.79 tex:312 mv:217 misc:311 imb:0 pmb:29 smb:2011 d:- ref:0 ;
in:413 out:414 type:b dur:2 cpbdur:2 q:31.88 aq:31.94 tex:534 mv:390 misc:412 imb:1 pmb:52 smb:1987 d:- ref:0 ;
in:418 out:415 type:P dur:2 cpbdur:2 q:31.83 aq:31.47 tex:7909 mv:3963 misc:1632 imb:37 pmb:545 smb:1458 d:- ref:0 ;
in:416 out:416 type:B dur:2 cpbdur:2 q:31.85 aq:29.70 tex:4655 mv:1870 misc:1067 imb:6 pmb:237 smb:1797 d:- ref:0 ;
in:415 out:417 type:b dur:2 cpbdur:2 q:31.86 aq:30.93 tex:514 mv:279 misc:383 imb:2 pmb:39 smb:1999 d:- ref:0 ;
in:417 out:418 type:b dur:2 cpbdur:2 q:31.84 aq:31.87 tex:753 mv:395 misc:428 imb:3 pmb:56 smb:1981 d:- ref:0 ;
in:420 out:419 type:P dur:2 cpbdur:2 q:31.69 aq:24.63 tex:103289 mv:11675 misc:236 imb:1925 pmb:115 smb:0 d:- ref:0 ;
in:419 out:420 type:b dur:2 cpbdur:2 q:31.76 aq:28.89 tex:27017 mv:6342 misc:1497 imb:445 pmb:542 smb:1053 d:- ref:0 ;
in:422 out:421 type:P dur:2 cpbdur:2 q:31.67 aq:24.13 tex:122652 mv:12434 misc:530 imb:1705 pmb:245 smb:90 d:- ref:0 ;
in:421 out:422 type:b dur:2 cpbdur:2 q:31.68 aq:23.65 tex:5797 mv:2063 misc:1508 imb:92 pmb:408 smb:1540 d:- ref:0 ;
in:423 out:423 type:P dur:2 cpbdur:2 q:31.69 aq:22.69 tex:43106 mv:8332 misc:1666 imb:591 pmb:801 smb:648 d:- ref:0 w:6,71,-1,6,72,-17,73,-17 ;
in:425 out:424 type:P dur:2 cpbdur:2 q:31.67 aq:21.15 tex:32310 mv:8750 misc:1788 imb:574 pmb:908 smb:558 d:- ref:0 w:6,65,1,6,65,-2,65,-2 ;
in:424 out:425 type:b dur:2 cpbdur:2 q:31.68 aq:21.81 tex:546 mv:394 misc:668 imb:9 pmb:97 smb:1934 d:- ref:0 ;
in:427 out:426 type:P dur:2 cpbdur:2 q:31.87 aq:22.18 tex:22144 mv:3448 misc:1560 imb:112 pmb:557 smb:1371 d:- ref:0 ;
in:426 out:427 type:b dur:2 cpbdur:2 q:31.77 aq:22.04 tex:285 mv:532 misc:711 imb:5 pmb:131 smb:1904 d:- ref:0 ;
in:429 out:428 type:P dur:2 cpbdur:2 q:32.06 aq:22.40 tex:8910 mv:1863 misc:1475 imb:49 pmb:354 smb:1637 d:- ref:0 ;
in:428 out:429 type:b dur:2 cpbdur:2 q:31.96 aq:22.46 tex:164 mv:38 misc:270 imb:0 pmb:14 smb:2026 d:- ref:0 ;
in:431 out:430 type:P dur:2 cpbdur:2 q:32.16 aq:22.18 tex:12409 mv:2250 misc:1565 imb:65 pmb:444 smb:1531 d:- ref:0 ;
in:430 out:431 type:b dur:2 cpbdur:2 q:32.11 aq:20.97 tex:150 mv:45 misc:245 imb:0 pmb:13 smb:2027 d:- ref:0 ;
in:435 out:432 type:P dur:2 cpbdur:2 q:32.12 aq:22.03 tex:14047 mv:3164 misc:1565 imb:90 pmb:484 smb:1466 d:- ref:0 ;
in:433 out:433 type:B dur:2 cpbdur:2 q:32.14 aq:24.70 tex:691 mv:770 misc:651 imb:11 pmb:88 smb:1941 d:- ref:0 ;
in:432 out:434 type:b dur:2 cpbdur:2 q:32.15 aq:22.65 tex:167 mv:40 misc:265 imb:0 pmb:15 smb:2025 d:- ref:0 ;
in:434 out:435 type:b dur:2 cpbdur:2 q:32.13 aq:18.23 tex:181 mv:409 misc:490 imb:5 pmb:63 smb:1972 d:- ref:0 ;
in:439 out:436 type:P dur:2 cpbdur:2 q:31.96 aq:21.59 tex:11931 mv:2967 misc:1638 imb:114 pmb:421 smb:1505 d:- ref:0 ;
in:437 out:437 type:B dur:2 cpbdur:2 q:32.04 aq:20.63 tex:636 mv:119 misc:421 imb:2 pmb:37 smb:2001 d:- ref:0 ;
in:436 out:438 type:b dur:2 cpbdur:2 q:32.08 aq:22.05 tex:185 mv:114 misc:301 imb:4 pmb:16 smb:2020 d:- ref:0 ;
in:438 out:439 type:b dur:2 cpbdur:2 q:32.00 aq:23.14 tex:261 mv:96 misc:299 imb:2 pmb:20 smb:2018 d:- ref:0 ;
in:443 out:440 type:P dur:2 cpbdur:2 q:31.81 aq:20.78 tex:13876 mv:3684 misc:1704 imb:122 pmb:526 smb:1392 d:- ref:0 ;
in:441 out:441 type:B dur:2 cpbdur:2 q:31.89 aq:21.99 tex:429 mv:654 misc:685 imb:4 pmb:111 smb:1925 d:- ref:0 ;
in:440 out:442 type:b dur:2 cpbdur:2 q:31.92 aq:23.83 tex:248 mv:555 misc:589 imb:7 pmb:101 smb:1932 d:- ref:0 ;
in:442 out:443 type:b dur:2 cpbdur:2 q:31.85 aq:21.21 tex:128 mv:69 misc:235 imb:1 pmb:9 smb:2030 d:- ref:0 ;
in:447 out:444 type:P dur:2 cpbdur:2 q:31.67 aq:21.98 tex:12290 mv:3339 misc:1747 imb:125 pmb:468 smb:1447 d:- ref:0 ;
in:445 out:445 type:B dur:2 cpbdur:2 q:31.74 aq:21.74 tex:532 mv:169 misc:451 imb:3 pmb:45 smb:1992 d:- ref:0 ;
in:444 out:446 type:b dur:2 cpbdur:2 q:31.78 aq:20.80 tex:118 mv:94 misc:300 imb:3 pmb:16 smb:2021 d:- ref:0 ;
in:446 out:447 type:b dur:2 cpbdur:2 q:31.70 aq:20.64 tex:190 mv:86 misc:284 imb:3 pmb:15 smb:2022 d:- ref:0 ;
in:451 out:448 type:P dur:2 cpbdur:2 q:31.52 aq:21.38 tex:10993 mv:3262 misc:1713 imb:104 pmb:487 smb:1449 d:- ref:0 ;
in:449 out:449 type:B dur:2 cpbdur:2 q:31.59 aq:22.35 tex:682 mv:225 misc:485 imb:6 pmb:47 smb:1987 d:- ref:0 ;
in:448 out:450 type:b dur:2 cpbdur:2 q:31.63 aq:20.89 tex:239 mv:102 misc:299 imb:4 pmb:17 smb:2019 d:- ref:0 ;
in:450 out:451 type:b dur:2 cpbdur:2 q:31.55 aq:23.43 tex:238 mv:56 misc:338 imb:0 pmb:27 smb:2013 d:- ref:0 ;
in:455 out:452 type:P dur:2 cpbdur:2 q:31.37 aq:21.89 tex:10279 mv:3619 misc:1646 imb:143 pmb:464 smb:1433 d:- ref:0 ;
in:453 out:453 type:B dur:2 cpbdur:2 q:31.44 aq:20.30 tex:721 mv:290 misc:557 imb:5 pmb:60 smb:1975 d:- ref:0 ;
in:452 out:454 type:b dur:2 cpbdur:2 q:31.48 aq:21.16 tex:189 mv:61 misc:286 imb:2 pmb:15 smb:2023 d:- ref:0 ;
in:454 out:455 type:b dur:2 cpbdur:2 q:31.40 aq:21.54 tex:317 mv:88 misc:363 imb:0 pmb:33 smb:2007 d:- ref:0 ;
in:458 out:456 type:P dur:2 cpbdur:2 q:31.23 aq:21.50 tex:12367 mv:3812 misc:1685 imb:112 pmb:519 smb:1409 d:- ref:0 ;
in:456 out:457 type:B dur:2 cpbdur:2 q:31.32 aq:23.45 tex:481 mv:827 misc:716 imb:9 pmb:123 smb:1908 d:- ref:0 ;
in:457 out:458 type:b dur:2 cpbdur:2 q:31.27 aq:22.34 tex:234 mv:91 misc:291 imb:3 pmb:15 smb:2022 d:- ref:0 ;
in:460 out:459 type:P dur:2 cpbdur:2 q:31.12 aq:22.91 tex:11180 mv:2519 misc:1645 imb:87 pmb:443 smb:1510 d:- ref:0 ;
in:459 out:460 type:b dur:2 cpbdur:2 q:31.17 aq:23.14 tex:256 mv:123 misc:333 imb:4 pmb:22 smb:2014 d:- ref:0 ;
in:462 out:461 type:P dur:2 cpbdur:2 q:31.03 aq:22.63 tex:12861 mv:2612 misc:1551 imb:138 pmb:321 smb:1581 d:- ref:0 ;
in:461 out:462 type:b dur:2 cpbdur:2 q:31.08 aq:23.16 tex:335 mv:128 misc:329 imb:5 pmb:21 smb:2014 d:- ref:0 ;
in:466 out:463 type:P dur:2 cpbdur:2 q:30.98 aq:23.59 tex:26048 mv:3556 misc:1604 imb:138 pmb:370 smb:1532 d:- ref:0 ;
in:464 out:464 type:B dur:2 cpbdur:2 q:31.00 aq:23.26 tex:1483 mv:1250 misc:891 imb:49 pmb:136 smb:1855 d:- ref:0 ;
in:463 out:465 type:b dur:2 cpbdur:2 q:31.02 aq:21.55 tex:851 mv:673 misc:652 imb:17 pmb:110 smb:1913 d:- ref:0 ;
in:465 out:466 type:b dur:2 cpbdur:2 q:30.99 aq:21.46 tex:268 mv:113 misc:387 imb:1 pmb:46 smb:1993 d:- ref:0 ;
in:470 out:467 type:P dur:2 cpbdur:2 q:30.88 aq:24.34 tex:2419 mv:1219 misc:1074 imb:57 pmb:153 smb:1830 d:- ref:0 ;
in:468 out:468 type:B dur:2 cpbdur:2 q:30.93 aq:23.34 tex:1483 mv:482 misc:691 imb:13 pmb:93 smb:1934 d:- ref:0 ;
in:467 out:469 type:b dur:2 cpbdur:2 q:30.95 aq:20.23 tex:184 mv:102 misc:298 imb:3 pmb:17 smb:2020 d:- ref:0 ;
in:469 out:470 type:b dur:2 cpbdur:2 q:30.90 aq:22.14 tex:196 mv:82 misc:306 imb:1 pmb:20 smb:2019 d:- ref:0 ;
in:471 out:471 type:I dur:2 cpbdur:2 q:28.42 aq:22.58 tex:116884 mv:30303 misc:469 imb:2040 pmb:0 smb:0 d:- ref:;
in:474 out:472 type:P dur:2 cpbdur:2 q:30.85 aq:24.40 tex:171958 mv:12298 misc:376 imb:1800 pmb:203 smb:37 d:- ref:0 ;
in:472 out:473 type:B dur:2 cpbdur:2 q:30.85 aq:24.03 tex:61841 mv:16444 misc:739 imb:1336 pmb:463 smb:241 d:- ref:0 ;
in:473 out:474 type:b dur:2 cpbdur:2 q:30.85 aq:24.06 tex:6523 mv:2317 misc:1488 imb:126 pmb:404 smb:1510 d:- ref:0 ;
in:475 out:475 type:P dur:2 cpbdur:2 q:30.89 aq:22.85 tex:69472 mv:10542 misc:1258 imb:682 pmb:1042 smb:316 d:- ref:0 w:6,71,0,6,73,-19,75,-21 ;
in:479 out:476 type:P dur:2 cpbdur:2 q:30.89 aq:21.55 tex:63251 mv:10048 misc:1389 imb:581 pmb:1069 smb:390 d:- ref:0 w:6,65,1,5,33,-4,33,-4 ;
in:477 out:477 type:B dur:2 cpbdur:2 q:30.89 aq:23.65 tex:1837 mv:2245 misc:1470 imb:21 pmb:358 smb:1661 d:- ref:0 ;
in:476 out:478 type:b dur:2 cpbdur:2 q:30.89 aq:27.01 tex:811 mv:1321 misc:1092 imb:12 pmb:268 smb:1760 d:- ref:0 ;
in:478 out:479 type:b dur:2 cpbdur:2 q:30.89 aq:19.28 tex:215 mv:77 misc:308 imb:3 pmb:17 smb:2020 d:- ref:0 ;
in:483 out:480 type:P dur:2 cpbdur:2 q:31.30 aq:21.86 tex:26852 mv:3512 misc:1708 imb:109 pmb:651 smb:1280 d:- ref:0 ;
in:481 out:481 type:B dur:2 cpbdur:2 q:31.09 aq:25.61 tex:1181 mv:434 misc:601 imb:20 pmb:59 smb:1961 d:- ref:0 ;
in:480 out:482 type:b dur:2 cpbdur:2 q:30.99 aq:25.90 tex:71 mv:36 misc:221 imb:0 pmb:9 smb:2031 d:- ref:0 ;
in:482 out:483 type:b dur:2 cpbdur:2 q:31.19 aq:20.10 tex:343 mv:90 misc:311 imb:3 pmb:18 smb:2019 d:- ref:0 ;
in:487 out:484 type:P dur:2 cpbdur:2 q:31.44 aq:21.87 tex:28486 mv:4894 misc:1756 imb:126 pmb:717 smb:1197 d:- ref:0 ;
in:485 out:485 type:B dur:2 cpbdur:2 q:31.37 aq:24.97 tex:1103 mv:1566 misc:835 imb:23 pmb:159 smb:1858 d:- ref:0 ;
in:484 out:486 type:b dur:2 cpbdur:2 q:31.33 aq:21.37 tex:239 mv:750 misc:627 imb:6 pmb:120 smb:1914 d:- ref:0 ;
in:486 out:487 type:b dur:2 cpbdur:2 q:31.41 aq:25.01 tex:383 mv:983 misc:770 imb:7 pmb:151 smb:1882 d:- ref:0 ;
in:491 out:488 type:P dur:2 cpbdur:2 q:31.34 aq:21.90 tex:23302 mv:4264 misc:1730 imb:167 pmb:644 smb:1229 d:- ref:0 ;
in:489 out:489 type:B dur:2 cpbdur:2 q:31.39 aq:21.33 tex:469 mv:165 misc:454 imb:4 pmb:43 smb:1993 d:- ref:0 ;
in:488 out:490 type:b dur:2 cpbdur:2 q:31.42 aq:24.07 tex:99 mv:79 misc:302 imb:1 pmb:23 smb:2016 d:- ref:0 ;
in:490 out:491 type:b dur:2 cpbdur:2 q:31.37 aq:22.88 tex:182 mv:43 misc:287 imb:0 pmb:17 smb:2023 d:- ref:0 ;
in:495 out:492 type:P dur:2 cpbdur:2 q:31.23 aq:22.31 tex:20847 mv:4472 misc:1801 imb:161 pmb:641 smb:1238 d:- ref:0 ;
in:493 out:493 type:B dur:2 cpbdur:2 q:31.28 aq:22.68 tex:473 mv:339 misc:492 imb:11 pmb:47 smb:1982 d:- ref:0 ;
in:492 out:494 type:b dur:2 cpbdur:2 q:31.31 aq:25.37 tex:307 mv:91 misc:298 imb:4 pmb:16 smb:2020 d:- ref:0 ;
in:494 out:495 type:b dur:2 cpbdur:2 q:31.26 aq:21.76 tex:152 mv:79 misc:273 imb:2 pmb:14 smb:2024 d:- ref:0 ;
in:499 out:496 type:P dur:2 cpbdur:2 q:31.11 aq:21.55 tex:20857 mv:4346 misc:1869 imb:138 pmb:668 smb:1234 d:- ref:0 ;
in:497 out:497 type:B dur:2 cpbdur:2 q:31.17 aq:26.01 tex:1054 mv:1148 misc:862 imb:20 pmb:135 smb:1885 d:- ref:0 ;
in:496 out:498 type:b dur:2 cpbdur:2 q:31.20 aq:22.74 tex:128 mv:79 misc:305 imb:2 pmb:20 smb:2018 d:- ref:0 ;
in:498 out:499 type:b dur:2 cpbdur:2 q:31.14 aq:21.73 tex:326 mv:806 misc:692 imb:7 pmb:123 smb:1910 d:- ref:0 ;
in:503 out:500 type:P dur:2 cpbdur:2 q:30.98 aq:22.13 tex:16912 mv:4439 misc:1777 imb:185 pmb:588 smb:1267 d:- ref:0 ;
in:501 out:501 type:B dur:2 cpbdur:2 q:31.05 aq:25.67 tex:1007 mv:373 misc:572 imb:15 pmb:61 smb:1964 d:- ref:0 ;
in:500 out:502 type:b dur:2 cpbdur:2 q:31.08 aq:20.38 tex:180 mv:59 misc:273 imb:1 pmb:15 smb:2024 d:- ref:0 ;
in:502 out:503 type:b dur:2 cpbdur:2 q:31.01 aq:22.33 tex:193 mv:69 misc:298 imb:2 pmb:19 smb:2019 d:- ref:0 ;
in:507 out:504 type:P dur:2 cpbdur:2 q:30.87 aq:22.30 tex:12299 mv:3861 misc:1792 imb:124 pmb:577 smb:1339 d:- ref:0 ;
in:505 out:505 type:B dur:2 cpbdur:2 q:30.93 aq:25.33 tex:1070 mv:371 misc:535 imb:21 pmb:50 smb:1969 d:- ref:0 ;
in:504 out:506 type:b dur:2 cpbdur:2 q:30.95 aq:23.88 tex:54 mv:34 misc:224 imb:0 pmb:8 smb:2032 d:- ref:0 ;
in:506 out:507 type:b dur:2 cpbdur:2 q:30.90 aq:22.60 tex:159 mv:64 misc:329 imb:0 pmb:27 smb:2013 d:- ref:0 ;
in:511 out:508 type:P dur:2 cpbdur:2 q:30.73 aq:22.90 tex:9017 mv:3947 misc:1676 imb:145 pmb:455 smb:1440 d:- ref:0 ;
in:509 out:509 type:B dur:2 cpbdur:2 q:30.80 aq:24.07 tex:1372 mv:1839 misc:1029 imb:27 pmb:201 smb:1812 d:- ref:0 ;
in:508 out:510 type:b dur:2 cpbdur:2 q:30.83 aq:25.41 tex:245 mv:93 misc:326 imb:1 pmb:23 smb:2016 d:- ref:0 ;
in:510 out:511 type:b dur:2 cpbdur:2 q:30.77 aq:25.02 tex:567 mv:1557 misc:908 imb:21 pmb:224 smb:1795 d:- ref:0 ;
in:515 out:512 type:P dur:2 cpbdur:2 q:30.59 aq:23.64 tex:1628 mv:1690 misc:1146 imb:67 pmb:203 smb:1770 d:- ref:0 ;
in:513 out:513 type:B dur:2 cpbdur:2 q:30.66 aq:23.89 tex:1154 mv:519 misc:647 imb:17 pmb:73 smb:1950 d:- ref:0 ;
in:512 out:514 type:b dur:2 cpbdur:2 q:30.70 aq:25.04 tex:145 mv:50 misc:253 imb:2 pmb:11 smb:2027 d:- ref:0 ;
in:514 out:515 type:b dur:2 cpbdur:2 q:30.63 aq:23.06 tex:337 mv:232 misc:367 imb:8 pmb:32 smb:2000 d:- ref:0 ;
in:517 out:516 type:P dur:2 cpbdur:2 q:30.43 aq:24.23 tex:88419 mv:11803 misc:314 imb:1840 pmb:180 smb:20 d:- ref:0 ;
in:516 out:517 type:b dur:2 cpbdur:2 q:30.51 aq:25.27 tex:31385 mv:11063 misc:1288 imb:949 pmb:607 smb:484 d:- ref:0 ;
in:519 out:518 type:P dur:2 cpbdur:2 q:30.41 aq:25.45 tex:171787 mv:13091 misc:242 imb:1832 pmb:208 smb:0 d:- ref:0 ;
in:518 out:519 type:b dur:2 cpbdur:2 q:30.42 aq:27.03 tex:5749 mv:1043 misc:1064 imb:27 pmb:276 smb:1737 d:- ref:0 ;
in:520 out:520 type:P dur:2 cpbdur:2 q:30.45 aq:24.10 tex:73233 mv:9961 misc:1342 imb:514 pmb:1160 smb:366 d:- ref:0 w:6,71,0,6,72,-17,73,-17 ;
in:524 out:521 type:P dur:2 cpbdur:2 q:30.45 aq:23.69 tex:53330 mv:9063 misc:1543 imb:385 pmb:1141 smb:514 d:- ref:0 w:6,65,1 ;
in:522 out:522 type:B dur:2 cpbdur:2 q:30.45 aq:25.77 tex:2474 mv:2329 misc:1445 imb:18 pmb:363 smb:1659 d:- ref:0 ;
in:521 out:523 type:b dur:2 cpbdur:2 q:30.45 aq:27.76 tex:596 mv:943 misc:909 imb:8 pmb:178 smb:1854 d:- ref:0 ;
in:523 out:524 type:b dur:2 cpbdur:2 q:30.45 aq:26.17 tex:105 mv:115 misc:276 imb:2 pmb:14 smb:2024 d:- ref:0 ;
in:528 out:525 type:P dur:2 cpbdur:2 q:30.83 aq:24.09 tex:29888 mv:5256 misc:1880 imb:121 pmb:884 smb:1035 d:- ref:0 ;
in:526 out:526 type:B dur:2 cpbdur:2 q:30.64 aq:27.80 tex:1447 mv:919 misc:738 imb:12 pmb:107 smb:1921 d:- ref:0 ;
in:525 out:527 type:b dur:2 cpbdur:2 q:30.54 aq:27.82 tex:386 mv:120 misc:326 imb:0 pmb:26 smb:2014 d:- ref:0 ;
in:527 out:528 type:b dur:2 cpbdur:2 q:30.74 aq:29.30 tex:104 mv:78 misc:234 imb:1 pmb:10 smb:2029 d:- ref:0 ;
in:532 out:529 type:P dur:2 cpbdur:2 q:30.97 aq:25.14 tex:24403 mv:4834 misc:1763 imb:113 pmb:777 smb:1150 d:- ref:0 ;
in:530 out:530 type:B dur:2 cpbdur:2 q:30.90 aq:29.15 tex:810 mv:706 misc:596 imb:5 pmb:95 smb:1940 d:- ref:0 ;
in:529 out:531 type:b dur:2 cpbdur:2 q:30.87 aq:25.79 tex:183 mv:82 misc:287 imb:1 pmb:17 smb:2022 d:- ref:0 ;
in:531 out:532 type:b dur:2 cpbdur:2 q:30.94 aq:26.95 tex:74 mv:23 misc:207 imb:0 pmb:6 smb:2034 d:- ref:0 ;
in:536 out:533 type:P dur:2 cpbdur:2 q:30.86 aq:24.57 tex:28609 mv:6771 misc:1732 imb:200 pmb:917 smb:923 d:- ref:0 w:7,127,0 ;
in:534 out:534 type:B dur:2 cpbdur:2 q:30.92 aq:26.71 tex:1355 mv:985 misc:908 imb:7 pmb:150 smb:1883 d:- ref:0 ;
in:533 out:535 type:b dur:2 cpbdur:2 q:30.95 aq:24.71 tex:334 mv:72 misc:298 imb:1 pmb:21 smb:2018 d:- ref:0 ;
in:535 out:536 type:b dur:2 cpbdur:2 q:30.89 aq:25.22 tex:146 mv:181 misc:297 imb:0 pmb:23 smb:2017 d:- ref:0 ;
in:540 out:537 type:P dur:2 cpbdur:2 q:30.77 aq:25.15 tex:24722 mv:6133 misc:1825 imb:177 pmb:901 smb:962 d:- ref:0 w:5,31,0,5,31,4,31,4 ;
in:538 out:538 type:B dur:2 cpbdur:2 q:30.81 aq:26.60 tex:1884 mv:1181 misc:967 imb:14 pmb:165 smb:1861 d:- ref:0 ;
in:537 out:539 type:b dur:2 cpbdur:2 q:30.84 aq:24.72 tex:212 mv:156 misc:328 imb:1 pmb:28 smb:2011 d:- ref:0 ;
in:539 out:540 type:b dur:2 cpbdur:2 q:30.79 aq:24.62 tex:278 mv:207 misc:411 imb:3 pmb:40 smb:1997 d:- ref:0 ;
in:544 out:541 type:P dur:2 cpbdur:2 q:30.63 aq:25.49 tex:34308 mv:8832 misc:1748 imb:324 pmb:1044 smb:672 d:- ref:0 w:4,15,1,7,119,9,119,9 ;
in:542 out:542 type:B dur:2 cpbdur:2 q:30.70 aq:26.22 tex:2498 mv:1606 misc:1136 imb:22 pmb:210 smb:1808 d:- ref:0 ;
in:541 out:543 type:b dur:2 cpbdur:2 q:30.74 aq:24.58 tex:411 mv:194 misc:403 imb:1 pmb:42 smb:1997 d:- ref:0 ;
in:543 out:544 type:b dur:2 cpbdur:2 q:30.67 aq:25.91 tex:600 mv:406 misc:594 imb:5 pmb:76 smb:1959 d:- ref:0 ;
in:548 out:545 type:P dur:2 cpbdur:2 q:30.54 aq:25.99 tex:40387 mv:8894 misc:1719 imb:436 pmb:851 smb:753 d:- ref:0 w:3,7,1,7,109,20,109,18 ;
in:546 out:546 type:B dur:2 cpbdur:2 q:30.59 aq:25.92 tex:4851 mv:2875 misc:1450 imb:45 pmb:340 smb:1655 d:- ref:0 ;
in:545 out:547 type:b dur:2 cpbdur:2 q:30.61 aq:25.83 tex:807 mv:542 misc:659 imb:13 pmb:84 smb:1943 d:- ref:0 ;
in:547 out:548 type:b dur:2 cpbdur:2 q:30.56 aq:25.87 tex:1426 mv:544 misc:734 imb:14 pmb:105 smb:1921 d:- ref:0 ;
in:550 out:549 type:P dur:2 cpbdur:2 q:30.47 aq:26.21 tex:48656 mv:9262 misc:1618 imb:491 pmb:897 smb:652 d:- ref:0 w:3,7,1,6,55,19,55,17 ;
in:549 out:550 type:b dur:2 cpbdur:2 q:30.50 aq:25.82 tex:2320 mv:1173 misc:947 imb:27 pmb:168 smb:1845 d:- ref:0 ;
in:552 out:551 type:P dur:2 cpbdur:2 q:30.49 aq:25.91 tex:64637 mv:12217 misc:1226 imb:890 pmb:805 smb:345 d:- ref:0 w:7,111,0,7,109,20,107,20 ;
in:551 out:552 type:b dur:2 cpbdur:2 q:30.48 aq:25.79 tex:3663 mv:2212 misc:1029 imb:38 pmb:202 smb:1800 d:- ref:0 ;
in:555 out:553 type:P dur:2 cpbdur:2 q:30.48 aq:25.09 tex:101002 mv:13680 misc:550 imb:1452 pmb:527 smb:61 d:- ref:0 w:4,13,-1,7,97,33,95,31 ;
in:553 out:554 type:B dur:2 cpbdur:2 q:30.49 aq:25.11 tex:12854 mv:4976 misc:1458 imb:119 pmb:420 smb:1501 d:- ref:0 ;
in:554 out:555 type:b dur:2 cpbdur:2 q:30.49 aq:26.26 tex:6698 mv:3546 misc:1340 imb:59 pmb:380 smb:1601 d:- ref:0 ;
in:558 out:556 type:P dur:2 cpbdur:2 q:30.54 aq:24.24 tex:105392 mv:12172 misc:412 imb:1679 pmb:340 smb:21 d:- ref:0 w:6,61,-4,7,118,11,111,16 ;
in:556 out:557 type:B dur:2 cpbdur:2 q:30.50 aq:25.16 tex:13982 mv:5206 misc:1556 imb:126 pmb:466 smb:1448 d:- ref:0 ;
in:557 out:558 type:b dur:2 cpbdur:2 q:30.52 aq:24.98 tex:11305 mv:5090 misc:1613 imb:155 pmb:460 smb:1425 d:- ref:0 ;
in:561 out:559 type:P dur:2 cpbdur:2 q:30.78 aq:23.65 tex:81101 mv:11747 misc:608 imb:1444 pmb:435 smb:161 d:- ref:0 ;
in:559 out:560 type:B dur:2 cpbdur:2 q:30.62 aq:23.96 tex:14185 mv:5289 misc:1654 imb:161 pmb:439 smb:1440 d:- ref:0 ;
in:560 out:561 type:b dur:2 cpbdur:2 q:30.70 aq:24.52 tex:8908 mv:3969 misc:1563 imb:100 pmb:406 smb:1534 d:- ref:0 ;
in:565 out:562 type:P dur:2 cpbdur:2 q:30.94 aq:22.95 tex:78969 mv:10345 misc:630 imb:1532 pmb:363 smb:145 d:- ref:0 ;
in:563 out:563 type:B dur:2 cpbdur:2 q:30.86 aq:23.60 tex:21159 mv:7538 misc:1927 imb:266 pmb:588 smb:1186 d:- ref:0 ;
in:562 out:564 type:b dur:2 cpbdur:2 q:30.82 aq:24.74 tex:7583 mv:3724 misc:1573 imb:58 pmb:431 smb:1551 d:- ref:0 ;
in:564 out:565 type:b dur:2 cpbdur:2 q:30.90 aq:24.65 tex:8389 mv:4227 misc:1704 imb:84 pmb:478 smb:1478 d:- ref:0 ;
in:569 out:566 type:P dur:2 cpbdur:2 q:31.03 aq:22.21 tex:69987 mv:8975 misc:1006 imb:1352 pmb:381 smb:307 d:- ref:0 ;
in:567 out:567 type:B dur:2 cpbdur:2 q:30.99 aq:23.90 tex:18195 mv:5718 misc:1911 imb:116 pmb:684 smb:1240 d:- ref:0 ;
in:566 out:568 type:b dur:2 cpbdur:2 q:30.96 aq:24.63 tex:9015 mv:3498 misc:1711 imb:38 pmb:530 smb:1472 d:- ref:0 ;
in:568 out:569 type:b dur:2 cpbdur:2 q:31.01 aq:24.19 tex:7952 mv:4055 misc:1841 imb:68 pmb:571 smb:1401 d:- ref:0 ;
in:573 out:570 type:P dur:2 cpbdur:2 q:31.14 aq:22.26 tex:59120 mv:4576 misc:1512 imb:297 pmb:356 smb:1387 d:- ref:0 ;
in:571 out:571 type:B dur:2 cpbdur:2 q:31.09 aq:24.84 tex:17654 mv:4333 misc:1477 imb:69 pmb:416 smb:1555 d:- ref:0 ;
in:570 out:572 type:b dur:2 cpbdur:2 q:31.06 aq:24.55 tex:6743 mv:2297 misc:1288 imb:22 pmb:291 smb:1727 d:- ref:0 ;
in:572 out:573 type:b dur:2 cpbdur:2 q:31.11 aq:26.00 tex:6973 mv:2983 misc:1228 imb:34 pmb:307 smb:1699 d:- ref:0 ;
in:577 out:574 type:P dur:2 cpbdur:2 q:31.22 aq:23.31 tex:58668 mv:4172 misc:1384 imb:233 pmb:340 smb:1467 d:- ref:0 ;
in:575 out:575 type:B dur:2 cpbdur:2 q:31.18 aq:23.97 tex:18847 mv:3662 misc:1275 imb:42 pmb:364 smb:1634 d:- ref:0 ;
in:574 out:576 type:b dur:2 cpbdur:2 q:31.16 aq:26.02 tex:7273 mv:2917 misc:1218 imb:34 pmb:277 smb:1729 d:- ref:0 ;
in:576 out:577 type:b dur:2 cpbdur:2 q:31.20 aq:28.92 tex:7828 mv:2754 misc:994 imb:11 pmb:266 smb:1763 d:- ref:0 ;
in:581 out:578 type:P dur:2 cpbdur:2 q:31.27 aq:23.23 tex:63789 mv:4087 misc:1276 imb:212 pmb:316 smb:1512 d:- ref:0 ;
in:579 out:579 type:B dur:2 cpbdur:2 q:31.24 aq:25.23 tex:20582 mv:4139 misc:1295 imb:57 pmb:374 smb:1609 d:- ref:0 ;
in:578 out:580 type:b dur:2 cpbdur:2 q:31.23 aq:26.68 tex:8847 mv:2925 misc:1068 imb:20 pmb:290 smb:1730 d:- ref:0 ;
in:580 out:581 type:b dur:2 cpbdur:2 q:31.25 aq:26.01 tex:8753 mv:3035 misc:1140 imb:19 pmb:300 smb:1721 d:- ref:0 ;
in:585 out:582 type:P dur:2 cpbdur:2 q:31.30 aq:24.07 tex:73327 mv:4097 misc:1336 imb:231 pmb:310 smb:1499 d:- ref:0 ;
in:583 out:583 type:B dur:2 cpbdur:2 q:31.28 aq:25.48 tex:22195 mv:4182 misc:1279 imb:52 pmb:386 smb:1602 d:- ref:0 ;
in:582 out:584 type:b dur:2 cpbdur:2 q:31.28 aq:25.70 tex:9085 mv:3309 misc:1198 imb:34 pmb:321 smb:1685 d:- ref:0 ;
in:584 out:585 type:b dur:2 cpbdur:2 q:31.29 aq:26.03 tex:12294 mv:3121 misc:1177 imb:24 pmb:337 smb:1679 d:- ref:0 ;
in:589 out:586 type:P dur:2 cpbdur:2 q:31.37 aq:24.16 tex:71704 mv:4221 misc:1323 imb:238 pmb:314 smb:1488 d:- ref:0 ;
in:587 out:587 type:B dur:2 cpbdur:2 q:31.34 aq:25.43 tex:25258 mv:4816 misc:1334 imb:64 pmb:406 smb:1570 d:- ref:0 ;
in:586 out:588 type:b dur:2 cpbdur:2 q:31.32 aq:27.13 tex:12431 mv:3158 misc:1131 imb:20 pmb:332 smb:1688 d:- ref:0 ;
in:588 out:589 type:b dur:2 cpbdur:2 q:31.35 aq:27.57 tex:11894 mv:3717 misc:1157 imb:23 pmb:351 smb:1666 d:- ref:0 ;
in:593 out:590 type:P dur:2 cpbdur:2 q:31.46 aq:25.01 tex:72916 mv:4764 misc:1360 imb:289 pmb:336 smb:1415 d:- ref:0 ;
in:591 out:591 type:B dur:2 cpbdur:2 q:31.42 aq:26.00 tex:25585 mv:5019 misc:1348 imb:59 pmb:416 smb:1565 d:- ref:0 ;
in:590 out:592 type:b dur:2 cpbdur:2 q:31.39 aq:26.66 tex:12244 mv:3756 misc:1232 imb:37 pmb:354 smb:1649 d:- ref:0 ;
in:592 out:593 type:b dur:2 cpbdur:2 q:31.44 aq:26.91 tex:12632 mv:3732 misc:1292 imb:36 pmb:366 smb:1638 d:- ref:0 ;
in:597 out:594 type:P dur:2 cpbdur:2 q:31.56 aq:25.18 tex:70035 mv:5132 misc:1297 imb:291 pmb:354 smb:1395 d:- ref:0 ;
in:595 out:595 type:B dur:2 cpbdur:2 q:31.51 aq:27.03 tex:25336 mv:5283 misc:1397 imb:51 pmb:476 smb:1513 d:- ref:0 ;
in:594 out:596 type:b dur:2 cpbdur:2 q:31.49 aq:27.52 tex:13149 mv:3773 misc:1302 imb:35 pmb:391 smb:1614 d:- ref:0 ;
in:596 out:597 type:b dur:2 cpbdur:2 q:31.54 aq:28.35 tex:11978 mv:3963 misc:1251 imb:34 pmb:381 smb:1625 d:- ref:0 ;
in:599 out:598 type:P dur:2 cpbdur:2 q:31.67 aq:26.18 tex:55250 mv:4335 misc:1231 imb:221 pmb:350 smb:1469 d:- ref:0 ;
in:598 out:599 type:b dur:2 cpbdur:2 q:31.61 aq:28.68 tex:10839 mv:3790 misc:1187 imb:36 pmb:358 smb:1646 d:- ref:0 ;
in:600 out:600 type:P dur:2 cpbdur:2 q:31.75 aq:24.43 tex:44490 mv:4422 misc:1456 imb:233 pmb:385 smb:1422 d:- ref:0 ;
in:601 out:601 type:P dur:2 cpbdur:2 q:31.80 aq:27.76 tex:38262 mv:3491 misc:959 imb:112 pmb:320 smb:1608 d:- ref:0 ;
in:603 out:602 type:P dur:2 cpbdur:2 q:31.82 aq:25.13 tex:50202 mv:4649 misc:1229 imb:211 pmb:375 smb:1454 d:- ref:0 ;
in:602 out:603 type:b dur:2 cpbdur:2 q:31.81 aq:27.96 tex:12652 mv:4259 misc:1145 imb:40 pmb:352 smb:1648 d:- ref:0 ;
in:604 out:604 type:P dur:2 cpbdur:2 q:31.88 aq:25.64 tex:37112 mv:3905 misc:1207 imb:174 pmb:353 smb:1513 d:- ref:0 ;
in:605 out:605 type:P dur:2 cpbdur:2 q:31.90 aq:26.00 tex:40169 mv:4349 misc:1170 imb:187 pmb:369 smb:1484 d:- ref:0 ;
in:606 out:606 type:P dur:2 cpbdur:2 q:31.95 aq:25.59 tex:36794 mv:4403 misc:1203 imb:183 pmb:393 smb:1464 d:- ref:0 ;
in:607 out:607 type:P dur:2 cpbdur:2 q:31.99 aq:24.84 tex:37716 mv:4533 misc:1295 imb:214 pmb:397 smb:1429 d:- ref:0 ;
in:611 out:608 type:P dur:2 cpbdur:2 q:32.05 aq:25.26 tex:64239 mv:6197 misc:1076 imb:515 pmb:282 smb:1243 d:- ref:0 ;
in:609 out:609 type:B dur:2 cpbdur:2 q:32.02 aq:26.79 tex:30799 mv:7654 misc:1227 imb:92 pmb:473 smb:1475 d:- ref:0 ;
in:608 out:610 type:b dur:2 cpbdur:2 q:32.01 aq:27.93 tex:16723 mv:5065 misc:1140 imb:40 pmb:376 smb:1624 d:- ref:0 ;
in:610 out:611 type:b dur:2 cpbdur:2 q:32.03 aq:28.10 tex:18441 mv:5472 misc:1135 imb:48 pmb:394 smb:1598 d:- ref:0 ;
in:615 out:612 type:P dur:2 cpbdur:2 q:32.11 aq:25.60 tex:59253 mv:5834 misc:1185 imb:605 pmb:252 smb:1183 d:- ref:0 ;
in:613 out:613 type:B dur:2 cpbdur:2 q:32.08 aq:26.94 tex:39367 mv:7944 misc:1145 imb:99 pmb:462 smb:1479 d:- ref:0 ;
in:612 out:614 type:b dur:2 cpbdur:2 q:32.06 aq:28.22 tex:20598 mv:5847 misc:1059 imb:33 pmb:429 smb:1578 d:- ref:0 ;
in:614 out:615 type:b dur:2 cpbdur:2 q:32.10 aq:28.53 tex:22541 mv:6193 misc:1106 imb:41 pmb:445 smb:1554 d:- ref:0 ;
in:619 out:616 type:P dur:2 cpbdur:2 q:32.23 aq:24.02 tex:44450 mv:4737 misc:1157 imb:749 pmb:182 smb:1109 d:- ref:0 ;
in:617 out:617 type:B dur:2 cpbdur:2 q:32.17 aq:25.94 tex:35198 mv:7267 misc:1255 imb:151 pmb:452 smb:1437 d:- ref:0 ;
in:616 out:618 type:b dur:2 cpbdur:2 q:32.14 aq:27.27 tex:24244 mv:5670 misc:1086 imb:65 pmb:394 smb:1581 d:- ref:0 ;
in:618 out:619 type:b dur:2 cpbdur:2 q:32.20 aq:27.33 tex:22545 mv:5274 misc:1101 imb:73 pmb:361 smb:1606 d:- ref:0 ;
in:623 out:620 type:P dur:2 cpbdur:2 q:32.36 aq:24.12 tex:21944 mv:3620 misc:1196 imb:497 pmb:140 smb:1403 d:- ref:0 ;
in:621 out:621 type:B dur:2 cpbdur:2 q:32.30 aq:25.99 tex:20667 mv:4072 misc:1229 imb:77 pmb:325 smb:1638 d:- ref:0 ;
in:620 out:622 type:b dur:2 cpbdur:2 q:32.26 aq:28.16 tex:15648 mv:3448 misc:944 imb:40 pmb:274 smb:1726 d:- ref:0 ;
in:622 out:623 type:b dur:2 cpbdur:2 q:32.33 aq:27.55 tex:9280 mv:2788 misc:1108 imb:49 pmb:287 smb:1704 d:- ref:0 ;
in:627 out:624 type:P dur:2 cpbdur:2 q:32.47 aq:23.70 tex:7535 mv:1932 misc:1413 imb:330 pmb:106 smb:1604 d:- ref:0 ;
in:625 out:625 type:B dur:2 cpbdur:2 q:32.41 aq:23.86 tex:7301 mv:2323 misc:1608 imb:130 pmb:325 smb:1585 d:- ref:0 ;
in:624 out:626 type:b dur:2 cpbdur:2 q:32.39 aq:28.84 tex:4400 mv:1358 misc:866 imb:18 pmb:188 smb:1834 d:- ref:0 ;
in:626 out:627 type:b dur:2 cpbdur:2 q:32.44 aq:27.99 tex:3698 mv:786 misc:868 imb:11 pmb:158 smb:1871 d:- ref:0 ;
in:630 out:628 type:P dur:2 cpbdur:2 q:32.50 aq:23.68 tex:6637 mv:1457 misc:1370 imb:208 pmb:97 smb:1735 d:- ref:0 ;
in:628 out:629 type:B dur:2 cpbdur:2 q:32.48 aq:25.24 tex:3370 mv:965 misc:1169 imb:35 pmb:189 smb:1816 d:- ref:0 ;
in:629 out:630 type:b dur:2 cpbdur:2 q:32.49 aq:25.95 tex:2888 mv:848 misc:840 imb:31 pmb:120 smb:1889 d:- ref:0 ;
in:634 out:631 type:P dur:2 cpbdur:2 q:32.44 aq:24.01 tex:6445 mv:1093 misc:1206 imb:147 pmb:88 smb:1805 d:- ref:0 ;
in:632 out:632 type:B dur:2 cpbdur:2 q:32.47 aq:25.31 tex:3299 mv:1062 misc:1127 imb:42 pmb:175 smb:1823 d:- ref:0 ;
in:631 out:633 type:b dur:2 cpbdur:2 q:32.48 aq:26.33 tex:2621 mv:778 misc:825 imb:29 pmb:117 smb:1894 d:- ref:0 ;
in:633 out:634 type:b dur:2 cpbdur:2 q:32.45 aq:28.42 tex:2951 mv:753 misc:840 imb:21 pmb:134 smb:1885 d:- ref:0 ;
in:638 out:635 type:P dur:2 cpbdur:2 q:32.33 aq:23.70 tex:6235 mv:1270 misc:1295 imb:177 pmb:88 smb:1775 d:- ref:0 ;
in:636 out:636 type:B dur:2 cpbdur:2 q:32.38 aq:26.38 tex:3314 mv:816 misc:1102 imb:29 pmb:172 smb:1839 d:- ref:0 ;
in:635 out:637 type:b dur:2 cpbdur:2 q:32.41 aq:25.40 tex:2996 mv:757 misc:943 imb:28 pmb:151 smb:1861 d:- ref:0 ;
in:637 out:638 type:b dur:2 cpbdur:2 q:32.36 aq:26.57 tex:2938 mv:708 misc:890 imb:23 pmb:141 smb:1876 d:- ref:0 ;
in:642 out:639 type:P dur:2 cpbdur:2 q:32.20 aq:23.66 tex:7009 mv:1268 misc:1267 imb:172 pmb:106 smb:1762 d:- ref:0 ;
in:640 out:640 type:B dur:2 cpbdur:2 q:32.26 aq:26.56 tex:2956 mv:723 misc:1033 imb:29 pmb:156 smb:1855 d:- ref:0 ;
in:639 out:641 type:b dur:2 cpbdur:2 q:32.29 aq:26.58 tex:2573 mv:693 misc:838 imb:20 pmb:126 smb:1894 d:- ref:0 ;
in:641 out:642 type:b dur:2 cpbdur:2 q:32.23 aq:26.75 tex:2957 mv:793 misc:922 imb:26 pmb:142 smb:1872 d:- ref:0 ;
in:646 out:643 type:P dur:2 cpbdur:2 q:32.08 aq:24.53 tex:7122 mv:1357 misc:1249 imb:202 pmb:82 smb:1756 d:- ref:0 ;
in:644 out:644 type:B dur:2 cpbdur:2 q:32.14 aq:26.59 tex:3287 mv:653 misc:1044 imb:19 pmb:173 smb:1848 d:- ref:0 ;
in:643 out:645 type:b dur:2 cpbdur:2 q:32.17 aq:26.72 tex:2906 mv:751 misc:903 imb:26 pmb:138 smb:1876 d:- ref:0 ;
in:645 out:646 type:b dur:2 cpbdur:2 q:32.11 aq:28.26 tex:3153 mv:709 misc:922 imb:20 pmb:148 smb:1872 d:- ref:0 ;
in:650 out:647 type:P dur:2 cpbdur:2 q:31.96 aq:25.80 tex:11486 mv:1431 misc:1243 imb:206 pmb:91 smb:1743 d:- ref:0 ;
in:648 out:648 type:B dur:2 cpbdur:2 q:32.02 aq:25.66 tex:5171 mv:1440 misc:1397 imb:75 pmb:249 smb:1716 d:- ref:0 ;
in:647 out:649 type:b dur:2 cpbdur:2 q:32.05 aq:27.61 tex:3885 mv:808 misc:931 imb:26 pmb:155 smb:1859 d:- ref:0 ;
in:649 out:650 type:b dur:2 cpbdur:2 q:31.99 aq:28.71 tex:3996 mv:822 misc:886 imb:23 pmb:149 smb:1868 d:- ref:0 ;
in:654 out:651 type:P dur:2 cpbdur:2 q:31.86 aq:24.56 tex:27216 mv:3951 misc:1329 imb:341 pmb:198 smb:1501 d:- ref:0 ;
in:652 out:652 type:B dur:2 cpbdur:2 q:31.91 aq:27.44 tex:5836 mv:2171 misc:1369 imb:48 pmb:317 smb:1675 d:- ref:0 ;
in:651 out:653 type:b dur:2 cpbdur:2 q:31.94 aq:27.68 tex:4258 mv:1333 misc:1073 imb:26 pmb:213 smb:1801 d:- ref:0 ;
in:653 out:654 type:b dur:2 cpbdur:2 q:31.89 aq:27.66 tex:4763 mv:1700 misc:1249 imb:47 pmb:253 smb:1740 d:- ref:0 ;
in:658 out:655 type:P dur:2 cpbdur:2 q:31.78 aq:26.76 tex:33099 mv:6268 misc:1225 imb:313 pmb:412 smb:1315 d:- ref:0 ;
in:656 out:656 type:B dur:2 cpbdur:2 q:31.82 aq:27.64 tex:7932 mv:3374 misc:1598 imb:88 pmb:402 smb:1550 d:- ref:0 ;
in:655 out:657 type:b dur:2 cpbdur:2 q:31.84 aq:27.40 tex:5174 mv:2065 misc:1305 imb:41 pmb:295 smb:1704 d:- ref:0 ;
in:657 out:658 type:b dur:2 cpbdur:2 q:31.80 aq:28.56 tex:5266 mv:2277 misc:1313 imb:51 pmb:283 smb:1706 d:- ref:0 ;
in:662 out:659 type:P dur:2 cpbdur:2 q:31.73 aq:25.91 tex:24190 mv:7350 misc:1364 imb:367 pmb:499 smb:1174 d:- ref:0 ;
in:660 out:660 type:B dur:2 cpbdur:2 q:31.75 aq:28.30 tex:5625 mv:4164 misc:1603 imb:62 pmb:461 smb:1517 d:- ref:0 ;
in:659 out:661 type:b dur:2 cpbdur:2 q:31.77 aq:29.11 tex:5949 mv:2193 misc:1354 imb:32 pmb:324 smb:1684 d:- ref:0 ;
in:661 out:662 type:b dur:2 cpbdur:2 q:31.74 aq:27.44 tex:3267 mv:1730 misc:1163 imb:31 pmb:219 smb:1790 d:- ref:0 ;
in:664 out:663 type:P dur:2 cpbdur:2 q:31.71 aq:25.24 tex:27185 mv:7085 misc:1346 imb:621 pmb:540 smb:879 d:- ref:0 ;
in:663 out:664 type:b dur:2 cpbdur:2 q:31.72 aq:26.66 tex:5526 mv:3098 misc:1448 imb:71 pmb:346 smb:1623 d:- ref:0 ;
in:668 out:665 type:P dur:2 cpbdur:2 q:31.70 aq:25.38 tex:32347 mv:9119 misc:1094 imb:717 pmb:634 smb:689 d:- ref:0 ;
in:666 out:666 type:B dur:2 cpbdur:2 q:31.71 aq:26.46 tex:6130 mv:4482 misc:1780 imb:80 pmb:506 smb:1454 d:- ref:0 ;
in:665 out:667 type:b dur:2 cpbdur:2 q:31.71 aq:26.51 tex:4487 mv:2463 misc:1434 imb:49 pmb:330 smb:1661 d:- ref:0 ;
in:667 out:668 type:b dur:2 cpbdur:2 q:31.70 aq:26.89 tex:4205 mv:2323 misc:1432 imb:53 pmb:334 smb:1653 d:- ref:0 ;
in:670 out:669 type:P dur:2 cpbdur:2 q:31.66 aq:25.55 tex:23503 mv:7640 misc:1537 imb:467 pmb:737 smb:836 d:- ref:0 ;
in:669 out:670 type:b dur:2 cpbdur:2 q:31.68 aq:26.84 tex:3395 mv:1879 misc:1262 imb:36 pmb:248 smb:1756 d:- ref:0 ;
in:674 out:671 type:P dur:2 cpbdur:2 q:31.67 aq:26.00 tex:39514 mv:12174 misc:984 imb:1095 pmb:698 smb:247 d:- ref:0 w:7,125,2 ;
in:672 out:672 type:B dur:2 cpbdur:2 q:31.66 aq:26.52 tex:6635 mv:4715 misc:1906 imb:51 pmb:609 smb:1380 d:- ref:0 ;
in:671 out:673 type:b dur:2 cpbdur:2 q:31.66 aq:27.78 tex:3364 mv:2030 misc:1278 imb:38 pmb:262 smb:1740 d:- ref:0 ;
in:673 out:674 type:b dur:2 cpbdur:2 q:31.66 aq:28.67 tex:3831 mv:2350 misc:1387 imb:27 pmb:321 smb:1692 d:- ref:0 ;
in:676 out:675 type:P dur:2 cpbdur:2 q:31.64 aq:26.09 tex:34992 mv:10608 misc:1224 imb:860 pmb:811 smb:369 d:- ref:0 w:6,61,2,6,61,5,64,0 ;
in:675 out:676 type:b dur:2 cpbdur:2 q:31.65 aq:28.12 tex:3746 mv:2393 misc:1301 imb:29 pmb:300 smb:1711 d:- ref:0 ;
in:678 out:677 type:P dur:2 cpbdur:2 q:31.66 aq:27.02 tex:37639 mv:9637 misc:1564 imb:728 pmb:682 smb:630 d:- ref:0 w:7,111,4,5,27,21,32,0 ;
in:677 out:678 type:b dur:2 cpbdur:2 q:31.65 aq:27.16 tex:4599 mv:3655 misc:1666 imb:76 pmb:439 smb:1525 d:- ref:0 ;
in:679 out:679 type:P dur:2 cpbdur:2 q:31.64 aq:26.96 tex:47807 mv:10406 misc:1395 imb:839 pmb:851 smb:350 d:- ref:0 w:7,121,3,6,64,0,59,9 ;
in:680 out:680 type:P dur:2 cpbdur:2 q:31.65 aq:27.51 tex:115717 mv:12266 misc:569 imb:1286 pmb:564 smb:190 d:- ref:0 ;
in:681 out:681 type:I dur:2 cpbdur:2 q:28.88 aq:24.72 tex:290762 mv:55230 misc:480 imb:2040 pmb:0 smb:0 d:- ref:;
in:682 out:682 type:P dur:2 cpbdur:2 q:31.92 aq:27.78 tex:248420 mv:10748 misc:320 imb:797 pmb:1240 smb:3 d:- ref:0 w:6,79,2,6,90,-55,59,10 ;
in:683 out:683 type:P dur:2 cpbdur:2 q:32.04 aq:27.86 tex:298032 mv:9770 misc:374 imb:594 pmb:1425 smb:21 d:- ref:0 w:2,5,-2,5,44,-51,39,-26 ;
in:685 out:684 type:P dur:2 cpbdur:2 q:32.12 aq:27.92 tex:329392 mv:9133 misc:563 imb:445 pmb:1516 smb:79 d:- ref:0 w:5,39,-3,6,83,-40,85,-40 ;
in:684 out:685 type:b dur:2 cpbdur:2 q:32.08 aq:31.09 tex:3692 mv:2272 misc:1124 imb:87 pmb:206 smb:1747 d:- ref:0 ;
in:689 out:686 type:P dur:2 cpbdur:2 q:32.38 aq:27.91 tex:293617 mv:10060 misc:675 imb:273 pmb:1639 smb:128 d:- ref:0 w:6,67,0,5,34,-8,35,-11 ;
in:687 out:687 type:B dur:2 cpbdur:2 q:32.25 aq:31.54 tex:88464 mv:7930 misc:1550 imb:38 pmb:1252 smb:750 d:- ref:0 ;
in:686 out:688 type:b dur:2 cpbdur:2 q:32.18 aq:33.40 tex:10620 mv:3121 misc:1595 imb:4 pmb:495 smb:1541 d:- ref:0 ;
in:688 out:689 type:b dur:2 cpbdur:2 q:32.31 aq:34.05 tex:8122 mv:2568 misc:1374 imb:1 pmb:375 smb:1664 d:- ref:0 ;
in:693 out:690 type:P dur:2 cpbdur:2 q:33.79 aq:29.40 tex:213029 mv:6559 misc:916 imb:75 pmb:1447 smb:518 d:- ref:0 ;
in:691 out:691 type:B dur:2 cpbdur:2 q:33.08 aq:32.61 tex:31764 mv:5249 misc:1611 imb:5 pmb:783 smb:1252 d:- ref:0 ;
in:690 out:692 type:b dur:2 cpbdur:2 q:32.73 aq:33.54 tex:2370 mv:1904 misc:1038 imb:0 pmb:236 smb:1804 d:- ref:0 ;
in:692 out:693 type:b dur:2 cpbdur:2 q:33.44 aq:35.15 tex:1410 mv:536 misc:518 imb:1 pmb:65 smb:1974 d:- ref:0 ;
in:697 out:694 type:P dur:2 cpbdur:2 q:34.33 aq:29.60 tex:219930 mv:6852 misc:858 imb:77 pmb:1428 smb:535 d:- ref:0 ;
in:695 out:695 type:B dur:2 cpbdur:2 q:34.06 aq:33.75 tex:14425 mv:3803 misc:1428 imb:6 pmb:504 smb:1530 d:- ref:0 ;
in:694 out:696 type:b dur:2 cpbdur:2 q:33.93 aq:35.31 tex:1092 mv:1811 misc:921 imb:0 pmb:193 smb:1847 d:- ref:0 ;
in:696 out:697 type:b dur:2 cpbdur:2 q:34.19 aq:35.83 tex:1779 mv:1722 misc:1003 imb:0 pmb:225 smb:1815 d:- ref:0 ;
in:701 out:698 type:P dur:2 cpbdur:2 q:34.63 aq:30.02 tex:168525 mv:6615 misc:980 imb:103 pmb:1390 smb:547 d:- ref:0 ;
in:699 out:699 type:B dur:2 cpbdur:2 q:34.48 aq:33.72 tex:19514 mv:4247 misc:1463 imb:5 pmb:602 smb:1433 d:- ref:0 ;
in:698 out:700 type:b dur:2 cpbdur:2 q:34.40 aq:35.72 tex:1429 mv:479 misc:444 imb:0 pmb:56 smb:1984 d:- ref:0 ;
in:700 out:701 type:b dur:2 cpbdur:2 q:34.56 aq:36.15 tex:1247 mv:1484 misc:877 imb:0 pmb:179 smb:1861 d:- ref:0 ;
in:705 out:702 type:P dur:2 cpbdur:2 q:34.89 aq:30.98 tex:168853 mv:6677 misc:838 imb:82 pmb:1430 smb:528 d:- ref:0 ;
in:703 out:703 type:B dur:2 cpbdur:2 q:34.76 aq:34.35 tex:6541 mv:3320 misc:1291 imb:4 pmb:400 smb:1636 d:- ref:0 ;
in:702 out:704 type:b dur:2 cpbdur:2 q:34.70 aq:33.25 tex:135 mv:194 misc:263 imb:0 pmb:16 smb:2024 d:- ref:0 ;
in:704 out:705 type:b dur:2 cpbdur:2 q:34.83 aq:37.24 tex:799 mv:1275 misc:774 imb:1 pmb:144 smb:1895 d:- ref:0 ;
in:709 out:706 type:P dur:2 cpbdur:2 q:35.07 aq:30.99 tex:191992 mv:7369 misc:839 imb:95 pmb:1463 smb:482 d:- ref:0 ;
in:707 out:707 type:B dur:2 cpbdur:2 q:34.98 aq:35.42 tex:7829 mv:3147 misc:1336 imb:9 pmb:373 smb:1658 d:- ref:0 ;
in:706 out:708 type:b dur:2 cpbdur:2 q:34.94 aq:35.55 tex:332 mv:1432 misc:724 imb:1 pmb:150 smb:1889 d:- ref:0 ;
in:708 out:709 type:b dur:2 cpbdur:2 q:35.03 aq:36.85 tex:590 mv:1325 misc:789 imb:0 pmb:157 smb:1883 d:- ref:0 ;
in:713 out:710 type:P dur:2 cpbdur:2 q:35.25 aq:30.90 tex:143149 mv:6553 misc:938 imb:81 pmb:1414 smb:545 d:- ref:0 ;
in:711 out:711 type:B dur:2 cpbdur:2 q:35.16 aq:34.58 tex:8472 mv:3562 misc:1342 imb:11 pmb:434 smb:1595 d:- ref:0 ;
in:710 out:712 type:b dur:2 cpbdur:2 q:35.12 aq:38.34 tex:633 mv:1267 misc:772 imb:0 pmb:151 smb:1889 d:- ref:0 ;
in:712 out:713 type:b dur:2 cpbdur:2 q:35.20 aq:36.89 tex:156 mv:163 misc:273 imb:0 pmb:16 smb:2024 d:- ref:0 ;
in:717 out:714 type:P dur:2 cpbdur:2 q:35.44 aq:31.61 tex:134393 mv:6541 misc:1050 imb:81 pmb:1393 smb:566 d:- ref:0 ;
in:715 out:715 type:B dur:2 cpbdur:2 q:35.35 aq:35.25 tex:7146 mv:3264 misc:1318 imb:4 pmb:397 smb:1639 d:- ref:0 ;
in:714 out:716 type:b dur:2 cpbdur:2 q:35.30 aq:33.72 tex:106 mv:86 misc:256 imb:1 pmb:11 smb:2028 d:- ref:0 ;
in:716 out:717 type:b dur:2 cpbdur:2 q:35.39 aq:36.30 tex:354 mv:1336 misc:774 imb:1 pmb:149 smb:1890 d:- ref:0 ;
in:721 out:718 type:P dur:2 cpbdur:2 q:35.58 aq:31.43 tex:155888 mv:7174 misc:850 imb:108 pmb:1400 smb:532 d:- ref:0 ;
in:719 out:719 type:B dur:2 cpbdur:2 q:35.51 aq:35.57 tex:5930 mv:3007 misc:1199 imb:3 pmb:328 smb:1709 d:- ref:0 ;
in:718 out:720 type:b dur:2 cpbdur:2 q:35.48 aq:32.04 tex:155 mv:1122 misc:699 imb:1 pmb:127 smb:1912 d:- ref:0 ;
in:720 out:721 type:b dur:2 cpbdur:2 q:35.55 aq:37.76 tex:175 mv:1195 misc:710 imb:0 pmb:127 smb:1913 d:- ref:0 ;
in:725 out:722 type:P dur:2 cpbdur:2 q:35.69 aq:31.64 tex:110148 mv:6369 misc:1147 imb:83 pmb:1377 smb:580 d:- ref:0 ;
in:723 out:723 type:B dur:2 cpbdur:2 q:35.64 aq:35.68 tex:6663 mv:3248 misc:1337 imb:2 pmb:403 smb:1635 d:- ref:0 ;
in:722 out:724 type:b dur:2 cpbdur:2 q:35.61 aq:35.26 tex:95 mv:150 misc:259 imb:0 pmb:15 smb:2025 d:- ref:0 ;
in:724 out:725 type:b dur:2 cpbdur:2 q:35.66 aq:37.65 tex:243 mv:1144 misc:749 imb:0 pmb:144 smb:1896 d:- ref:0 ;
in:729 out:726 type:P dur:2 cpbdur:2 q:35.82 aq:32.55 tex:135571 mv:6575 misc:1126 imb:98 pmb:1366 smb:576 d:- ref:0 ;
in:727 out:727 type:B dur:2 cpbdur:2 q:35.76 aq:35.53 tex:8367 mv:3861 misc:1444 imb:5 pmb:473 smb:1562 d:- ref:0 ;
in:726 out:728 type:b dur:2 cpbdur:2 q:35.72 aq:36.78 tex:904 mv:1533 misc:891 imb:0 pmb:200 smb:1840 d:- ref:0 ;
in:728 out:729 type:b dur:2 cpbdur:2 q:35.79 aq:35.79 tex:390 mv:254 misc:324 imb:0 pmb:31 smb:2009 d:- ref:0 ;
in:733 out:730 type:P dur:2 cpbdur:2 q:35.94 aq:33.13 tex:77685 mv:6311 misc:1300 imb:74 pmb:1297 smb:669 d:- ref:0 ;
in:731 out:731 type:B dur:2 cpbdur:2 q:35.88 aq:35.27 tex:3646 mv:3024 misc:1290 imb:2 pmb:337 smb:1701 d:- ref:0 ;
in:730 out:732 type:b dur:2 cpbdur:2 q:35.85 aq:37.81 tex:214 mv:1065 misc:729 imb:0 pmb:136 smb:1904 d:- ref:0 ;
in:732 out:733 type:b dur:2 cpbdur:2 q:35.91 aq:37.46 tex:187 mv:131 misc:258 imb:0 pmb:15 smb:2025 d:- ref:0 ;
in:737 out:734 type:P dur:2 cpbdur:2 q:36.03 aq:33.92 tex:54196 mv:6802 misc:1530 imb:75 pmb:1205 smb:760 d:- ref:0 w:6,63,-1,7,125,3,124,4 ;
in:735 out:735 type:B dur:2 cpbdur:2 q:35.98 aq:35.61 tex:7761 mv:3509 misc:1466 imb:3 pmb:422 smb:1615 d:- ref:0 ;
in:734 out:736 type:b dur:2 cpbdur:2 q:35.96 aq:37.75 tex:326 mv:1341 misc:781 imb:1 pmb:150 smb:1889 d:- ref:0 ;
in:736 out:737 type:b dur:2 cpbdur:2 q:36.00 aq:37.78 tex:256 mv:1083 misc:717 imb:0 pmb:132 smb:1908 d:- ref:0 ;
in:741 out:738 type:P dur:2 cpbdur:2 q:36.03 aq:35.20 tex:43891 mv:8285 misc:1664 imb:349 pmb:1173 smb:518 d:- ref:0 w:7,115,1,7,108,21,107,20 ;
in:739 out:739 type:B dur:2 cpbdur:2 q:36.03 aq:36.25 tex:10071 mv:3894 misc:1595 imb:45 pmb:448 smb:1547 d:- ref:0 ;
in:738 out:740 type:b dur:2 cpbdur:2 q:36.03 aq:36.86 tex:324 mv:1194 misc:730 imb:9 pmb:121 smb:1910 d:- ref:0 ;
in:740 out:741 type:b dur:2 cpbdur:2 q:36.03 aq:37.27 tex:1053 mv:2166 misc:989 imb:12 pmb:198 smb:1830 d:- ref:0 ;
in:745 out:742 type:P dur:2 cpbdur:2 q:36.02 aq:34.51 tex:134512 mv:10996 misc:372 imb:1807 pmb:172 smb:61 d:- ref:0 ;
in:743 out:743 type:B dur:2 cpbdur:2 q:36.02 aq:34.93 tex:14532 mv:3988 misc:1544 imb:85 pmb:520 smb:1435 d:- ref:0 ;
in:742 out:744 type:b dur:2 cpbdur:2 q:36.02 aq:36.95 tex:1120 mv:651 misc:517 imb:16 pmb:72 smb:1952 d:- ref:0 ;
in:744 out:745 type:b dur:2 cpbdur:2 q:36.02 aq:36.74 tex:1773 mv:1584 misc:739 imb:27 pmb:119 smb:1894 d:- ref:0 ;
in:749 out:746 type:P dur:2 cpbdur:2 q:36.04 aq:31.67 tex:121043 mv:14202 misc:387 imb:1585 pmb:397 smb:58 d:- ref:0 ;
in:747 out:747 type:B dur:2 cpbdur:2 q:36.03 aq:33.46 tex:17737 mv:8003 misc:1900 imb:253 pmb:715 smb:1072 d:- ref:0 ;
in:746 out:748 type:b dur:2 cpbdur:2 q:36.02 aq:35.90 tex:2758 mv:2650 misc:1128 imb:35 pmb:224 smb:1781 d:- ref:0 ;
in:748 out:749 type:b dur:2 cpbdur:2 q:36.03 aq:34.26 tex:3468 mv:2649 misc:1099 imb:43 pmb:214 smb:1783 d:- ref:0 ;
in:753 out:750 type:P dur:2 cpbdur:2 q:36.18 aq:30.24 tex:50542 mv:13080 misc:1050 imb:717 pmb:1102 smb:221 d:- ref:0 w:6,67,-4,6,69,-10,70,-12 ;
in:751 out:751 type:B dur:2 cpbdur:2 q:36.11 aq:34.15 tex:5706 mv:4271 misc:1415 imb:52 pmb:406 smb:1582 d:- ref:0 ;
in:750 out:752 type:b dur:2 cpbdur:2 q:36.07 aq:35.18 tex:2456 mv:2165 misc:947 imb:18 pmb:194 smb:1828 d:- ref:0 ;
in:752 out:753 type:b dur:2 cpbdur:2 q:36.14 aq:34.31 tex:2266 mv:1922 misc:892 imb:19 pmb:179 smb:1842 d:- ref:0 ;
in:757 out:754 type:P dur:2 cpbdur:2 q:36.29 aq:31.18 tex:30859 mv:8562 misc:1659 imb:175 pmb:928 smb:937 d:- ref:0 ;
in:755 out:755 type:B dur:2 cpbdur:2 q:36.23 aq:34.68 tex:4083 mv:3832 misc:1237 imb:22 pmb:360 smb:1658 d:- ref:0 ;
in:754 out:756 type:b dur:2 cpbdur:2 q:36.21 aq:36.04 tex:2110 mv:1679 misc:819 imb:9 pmb:168 smb:1863 d:- ref:0 ;
in:756 out:757 type:b dur:2 cpbdur:2 q:36.26 aq:34.35 tex:1967 mv:1561 misc:736 imb:9 pmb:156 smb:1875 d:- ref:0 ;
in:761 out:758 type:P dur:2 cpbdur:2 q:36.27 aq:30.88 tex:26773 mv:8569 misc:1714 imb:183 pmb:930 smb:927 d:- ref:0 ;
in:759 out:759 type:B dur:2 cpbdur:2 q:36.28 aq:35.18 tex:3719 mv:3409 misc:1280 imb:20 pmb:346 smb:1674 d:- ref:0 ;
in:758 out:760 type:b dur:2 cpbdur:2 q:36.29 aq:36.83 tex:1873 mv:1449 misc:766 imb:14 pmb:142 smb:1884 d:- ref:0 ;
in:760 out:761 type:b dur:2 cpbdur:2 q:36.28 aq:36.41 tex:1666 mv:1200 misc:734 imb:11 pmb:136 smb:1893 d:- ref:0 ;
in:765 out:762 type:P dur:2 cpbdur:2 q:36.23 aq:30.60 tex:28869 mv:8829 misc:1670 imb:196 pmb:951 smb:893 d:- ref:0 ;
in:763 out:763 type:B dur:2 cpbdur:2 q:36.25 aq:34.41 tex:4498 mv:3547 misc:1219 imb:16 pmb:341 smb:1683 d:- ref:0 ;
in:762 out:764 type:b dur:2 cpbdur:2 q:36.26 aq:36.53 tex:1815 mv:1241 misc:704 imb:6 pmb:132 smb:1902 d:- ref:0 ;
in:764 out:765 type:b dur:2 cpbdur:2 q:36.24 aq:37.41 tex:2587 mv:1356 misc:633 imb:6 pmb:134 smb:1900 d:- ref:0 ;
in:769 out:766 type:P dur:2 cpbdur:2 q:36.20 aq:31.05 tex:31696 mv:8438 misc:1586 imb:195 pmb:888 smb:957 d:- ref:0 ;
in:767 out:767 type:B dur:2 cpbdur:2 q:36.22 aq:33.67 tex:6585 mv:3338 misc:1125 imb:19 pmb:332 smb:1689 d:- ref:0 ;
in:766 out:768 type:b dur:2 cpbdur:2 q:36.22 aq:34.49 tex:2218 mv:1737 misc:733 imb:9 pmb:140 smb:1891 d:- ref:0 ;
in:768 out:769 type:b dur:2 cpbdur:2 q:36.21 aq:36.22 tex:2336 mv:1578 misc:694 imb:8 pmb:148 smb:1884 d:- ref:0 ;
in:773 out:770 type:P dur:2 cpbdur:2 q:36.15 aq:31.26 tex:31163 mv:8566 misc:1615 imb:172 pmb:911 smb:957 d:- ref:0 ;
in:771 out:771 type:B dur:2 cpbdur:2 q:36.18 aq:34.57 tex:5823 mv:3257 misc:1088 imb:17 pmb:296 smb:1727 d:- ref:0 ;
in:770 out:772 type:b dur:2 cpbdur:2 q:36.19 aq:34.23 tex:2891 mv:1636 misc:649 imb:11 pmb:153 smb:1876 d:- ref:0 ;
in:772 out:773 type:b dur:2 cpbdur:2 q:36.16 aq:36.56 tex:3444 mv:1794 misc:674 imb:13 pmb:175 smb:1852 d:- ref:0 ;
in:777 out:774 type:P dur:2 cpbdur:2 q:36.13 aq:31.02 tex:33420 mv:8896 misc:1532 imb:176 pmb:952 smb:912 d:- ref:0 ;
in:775 out:775 type:B dur:2 cpbdur:2 q:36.14 aq:34.18 tex:6277 mv:3307 misc:1112 imb:18 pmb:312 smb:1710 d:- ref:0 ;
in:774 out:776 type:b dur:2 cpbdur:2 q:36.15 aq:35.16 tex:3458 mv:1710 misc:656 imb:8 pmb:161 smb:1871 d:- ref:0 ;
in:776 out:777 type:b dur:2 cpbdur:2 q:36.13 aq:35.42 tex:2699 mv:1415 misc:606 imb:8 pmb:138 smb:1894 d:- ref:0 ;
in:781 out:778 type:P dur:2 cpbdur:2 q:36.10 aq:30.76 tex:30274 mv:9251 misc:1515 imb:181 pmb:981 smb:878 d:- ref:0 ;
in:779 out:779 type:B dur:2 cpbdur:2 q:36.11 aq:34.73 tex:6423 mv:3221 misc:1140 imb:20 pmb:312 smb:1708 d:- ref:0 ;
in:778 out:780 type:b dur:2 cpbdur:2 q:36.12 aq:36.67 tex:2527 mv:1561 misc:576 imb:6 pmb:148 smb:1886 d:- ref:0 ;
in:780 out:781 type:b dur:2 cpbdur:2 q:36.10 aq:35.89 tex:2247 mv:1338 misc:559 imb:4 pmb:142 smb:1894 d:- ref:0 ;
in:785 out:782 type:P dur:2 cpbdur:2 q:36.08 aq:30.74 tex:33478 mv:9704 misc:1522 imb:194 pmb:1006 smb:840 d:- ref:0 ;
in:783 out:783 type:B dur:2 cpbdur:2 q:36.09 aq:34.88 tex:5550 mv:3593 misc:1217 imb:20 pmb:346 smb:1674 d:- ref:0 ;
in:782 out:784 type:b dur:2 cpbdur:2 q:36.09 aq:38.37 tex:1917 mv:1229 misc:566 imb:4 pmb:128 smb:1908 d:- ref:0 ;
in:784 out:785 type:b dur:2 cpbdur:2 q:36.09 aq:35.57 tex:1667 mv:1082 misc:531 imb:4 pmb:121 smb:1915 d:- ref:0 ;
in:789 out:786 type:P dur:2 cpbdur:2 q:36.05 aq:30.94 tex:31168 mv:9076 misc:1532 imb:149 pmb:997 smb:894 d:- ref:0 ;
in:787 out:787 type:B dur:2 cpbdur:2 q:36.07 aq:34.83 tex:5417 mv:3285 misc:1130 imb:16 pmb:323 smb:1701 d:- ref:0 ;
in:786 out:788 type:b dur:2 cpbdur:2 q:36.07 aq:37.49 tex:2069 mv:1225 misc:514 imb:9 pmb:125 smb:1906 d:- ref:0 ;
in:788 out:789 type:b dur:2 cpbdur:2 q:36.06 aq:37.47 tex:1729 mv:1464 misc:599 imb:5 pmb:146 smb:1889 d:- ref:0 ;
in:793 out:790 type:P dur:2 cpbdur:2 q:36.02 aq:30.97 tex:32870 mv:9228 misc:1534 imb:188 pmb:952 smb:900 d:- ref:0 ;
in:791 out:791 type:B dur:2 cpbdur:2 q:36.03 aq:34.64 tex:5015 mv:3604 misc:1213 imb:12 pmb:342 smb:1686 d:- ref:0 ;
in:790 out:792 type:b dur:2 cpbdur:2 q:36.04 aq:36.61 tex:2621 mv:1527 misc:604 imb:8 pmb:156 smb:1876 d:- ref:0 ;
in:792 out:793 type:b dur:2 cpbdur:2 q:36.03 aq:37.98 tex:2555 mv:1639 misc:598 imb:6 pmb:161 smb:1873 d:- ref:0 ;
in:797 out:794 type:P dur:2 cpbdur:2 q:35.98 aq:30.78 tex:34803 mv:9947 misc:1474 imb:185 pmb:981 smb:874 d:- ref:0 ;
in:795 out:795 type:B dur:2 cpbdur:2 q:36.00 aq:34.74 tex:6802 mv:4448 misc:1302 imb:19 pmb:424 smb:1597 d:- ref:0 ;
in:794 out:796 type:b dur:2 cpbdur:2 q:36.01 aq:32.15 tex:2149 mv:1533 misc:622 imb:3 pmb:148 smb:1889 d:- ref:0 ;
in:796 out:797 type:b dur:2 cpbdur:2 q:35.99 aq:36.57 tex:2530 mv:1555 misc:715 imb:7 pmb:161 smb:1872 d:- ref:0 ;
in:801 out:798 type:P dur:2 cpbdur:2 q:35.97 aq:30.61 tex:35431 mv:11208 misc:1473 imb:234 pmb:1052 smb:754 d:- ref:0 ;
in:799 out:799 type:B dur:2 cpbdur:2 q:35.98 aq:35.34 tex:5748 mv:5113 misc:1435 imb:20 pmb:455 smb:1565 d:- ref:0 ;
in:798 out:800 type:b dur:2 cpbdur:2 q:35.98 aq:33.00 tex:2299 mv:1919 misc:766 imb:5 pmb:179 smb:1856 d:- ref:0 ;
in:800 out:801 type:b dur:2 cpbdur:2 q:35.97 aq:35.15 tex:2507 mv:1880 misc:765 imb:7 pmb:187 smb:1846 d:- ref:0 ;
in:805 out:802 type:P dur:2 cpbdur:2 q:35.94 aq:31.61 tex:37673 mv:11436 misc:1355 imb:246 pmb:1042 smb:752 d:- ref:0 ;
in:803 out:803 type:B dur:2 cpbdur:2 q:35.96 aq:35.93 tex:6525 mv:5994 misc:1481 imb:19 pmb:524 smb:1497 d:- ref:0 ;
in:802 out:804 type:b dur:2 cpbdur:2 q:35.96 aq:38.12 tex:2460 mv:2141 misc:791 imb:6 pmb:205 smb:1829 d:- ref:0 ;
in:804 out:805 type:b dur:2 cpbdur:2 q:35.95 aq:35.03 tex:2401 mv:2350 misc:953 imb:8 pmb:221 smb:1811 d:- ref:0 ;
in:809 out:806 type:P dur:2 cpbdur:2 q:35.93 aq:30.69 tex:39347 mv:12255 misc:1302 imb:263 pmb:1094 smb:683 d:- ref:0 ;
in:807 out:807 type:B dur:2 cpbdur:2 q:35.93 aq:34.53 tex:6491 mv:6359 misc:1526 imb:26 pmb:554 smb:1460 d:- ref:0 ;
in:806 out:808 type:b dur:2 cpbdur:2 q:35.94 aq:34.18 tex:2765 mv:2319 misc:972 imb:4 pmb:238 smb:1798 d:- ref:0 ;
in:808 out:809 type:b dur:2 cpbdur:2 q:35.93 aq:37.79 tex:2844 mv:2397 misc:951 imb:5 pmb:234 smb:1801 d:- ref:0 ;
in:813 out:810 type:P dur:2 cpbdur:2 q:35.92 aq:31.33 tex:40718 mv:12257 misc:1377 imb:283 pmb:1066 smb:691 d:- ref:0 ;
in:811 out:811 type:B dur:2 cpbdur:2 q:35.92 aq:35.73 tex:7386 mv:6752 misc:1590 imb:32 pmb:558 smb:1450 d:- ref:0 ;
in:810 out:812 type:b dur:2 cpbdur:2 q:35.92 aq:32.71 tex:2581 mv:2863 misc:1044 imb:4 pmb:251 smb:1785 d:- ref:0 ;
in:812 out:813 type:b dur:2 cpbdur:2 q:35.92 aq:36.54 tex:2926 mv:2784 misc:1074 imb:9 pmb:261 smb:1770 d:- ref:0 ;
in:817 out:814 type:P dur:2 cpbdur:2 q:35.92 aq:30.77 tex:37933 mv:11952 misc:1483 imb:259 pmb:1047 smb:734 d:- ref:0 ;
in:815 out:815 type:B dur:2 cpbdur:2 q:35.92 aq:34.74 tex:7171 mv:6772 misc:1601 imb:32 pmb:573 smb:1435 d:- ref:0 ;
in:814 out:816 type:b dur:2 cpbdur:2 q:35.92 aq:37.13 tex:2721 mv:2848 misc:1023 imb:7 pmb:263 smb:1770 d:- ref:0 ;
in:816 out:817 type:b dur:2 cpbdur:2 q:35.92 aq:36.40 tex:2976 mv:2968 misc:1104 imb:9 pmb:270 smb:1761 d:- ref:0 ;
in:821 out:818 type:P dur:2 cpbdur:2 q:35.92 aq:31.30 tex:37144 mv:11881 misc:1439 imb:277 pmb:1038 smb:725 d:- ref:0 ;
in:819 out:819 type:B dur:2 cpbdur:2 q:35.92 aq:34.76 tex:7651 mv:7135 misc:1630 imb:36 pmb:600 smb:1404 d:- ref:0 ;
in:818 out:820 type:b dur:2 cpbdur:2 q:35.92 aq:36.56 tex:2427 mv:3133 misc:1016 imb:4 pmb:268 smb:1768 d:- ref:0 ;
in:820 out:821 type:b dur:2 cpbdur:2 q:35.92 aq:36.61 tex:2357 mv:3168 misc:1115 imb:13 pmb:281 smb:1746 d:- ref:0 ;
in:825 out:822 type:P dur:2 cpbdur:2 q:35.91 aq:30.89 tex:37479 mv:11892 misc:1445 imb:246 pmb:1050 smb:744 d:- ref:0 ;
in:823 out:823 type:B dur:2 cpbdur:2 q:35.92 aq:35.83 tex:6742 mv:6650 misc:1584 imb:18 pmb:595 smb:1427 d:- ref:0 ;
in:822 out:824 type:b dur:2 cpbdur:2 q:35.92 aq:35.78 tex:2990 mv:3382 misc:1188 imb:11 pmb:301 smb:1728 d:- ref:0 ;
in:824 out:825 type:b dur:2 cpbdur:2 q:35.91 aq:36.61 tex:2970 mv:3344 misc:1198 imb:12 pmb:303 smb:1725 d:- ref:0 ;
in:829 out:826 type:P dur:2 cpbdur:2 q:35.91 aq:30.63 tex:38365 mv:11936 misc:1467 imb:307 pmb:1004 smb:729 d:- ref:0 ;
in:827 out:827 type:B dur:2 cpbdur:2 q:35.91 aq:35.12 tex:7491 mv:6528 misc:1621 imb:25 pmb:570 smb:1445 d:- ref:0 ;
in:826 out:828 type:b dur:2 cpbdur:2 q:35.91 aq:36.87 tex:2997 mv:3454 misc:1141 imb:16 pmb:303 smb:1721 d:- ref:0 ;
in:828 out:829 type:b dur:2 cpbdur:2 q:35.91 aq:35.62 tex:3259 mv:3419 misc:1194 imb:13 pmb:302 smb:1725 d:- ref:0 ;
in:833 out:830 type:P dur:2 cpbdur:2 q:35.92 aq:30.35 tex:44209 mv:12846 misc:1401 imb:379 pmb:1012 smb:649 d:- ref:0 ;
in:831 out:831 type:B dur:2 cpbdur:2 q:35.91 aq:34.76 tex:8074 mv:7081 misc:1669 imb:36 pmb:623 smb:1381 d:- ref:0 ;
in:830 out:832 type:b dur:2 cpbdur:2 q:35.91 aq:37.45 tex:2830 mv:3535 misc:1147 imb:11 pmb:302 smb:1727 d:- ref:0 ;
in:832 out:833 type:b dur:2 cpbdur:2 q:35.92 aq:36.39 tex:3664 mv:4105 misc:1279 imb:23 pmb:340 smb:1677 d:- ref:0 ;
in:837 out:834 type:P dur:2 cpbdur:2 q:35.91 aq:30.93 tex:45377 mv:12507 misc:1316 imb:335 pmb:1016 smb:689 d:- ref:0 ;
in:835 out:835 type:B dur:2 cpbdur:2 q:35.91 aq:33.87 tex:8040 mv:7262 misc:1610 imb:37 pmb:606 smb:1397 d:- ref:0 ;
in:834 out:836 type:b dur:2 cpbdur:2 q:35.92 aq:35.65 tex:3205 mv:3963 misc:1312 imb:12 pmb:369 smb:1659 d:- ref:0 ;
in:836 out:837 type:b dur:2 cpbdur:2 q:35.91 aq:38.16 tex:2561 mv:3403 misc:1156 imb:8 pmb:303 smb:1729 d:- ref:0 ;
in:841 out:838 type:P dur:2 cpbdur:2 q:35.93 aq:31.10 tex:42936 mv:12480 misc:1464 imb:296 pmb:1026 smb:718 d:- ref:0 ;
in:839 out:839 type:B dur:2 cpbdur:2 q:35.92 aq:33.98 tex:9798 mv:7649 misc:1545 imb:51 pmb:624 smb:1365 d:- ref:0 ;
in:838 out:840 type:b dur:2 cpbdur:2 q:35.92 aq:36.69 tex:2956 mv:3960 misc:1244 imb:14 pmb:335 smb:1691 d:- ref:0 ;
in:840 out:841 type:b dur:2 cpbdur:2 q:35.92 aq:35.72 tex:3629 mv:4182 misc:1253 imb:21 pmb:347 smb:1672 d:- ref:0 ;
in:845 out:842 type:P dur:2 cpbdur:2 q:35.94 aq:30.88 tex:46280 mv:12750 misc:1354 imb:375 pmb:980 smb:685 d:- ref:0 ;
in:843 out:843 type:B dur:2 cpbdur:2 q:35.93 aq:34.83 tex:10148 mv:7416 misc:1524 imb:48 pmb:593 smb:1399 d:- ref:0 ;
in:842 out:844 type:b dur:2 cpbdur:2 q:35.93 aq:37.16 tex:3403 mv:4148 misc:1241 imb:18 pmb:345 smb:1677 d:- ref:0 ;
in:844 out:845 type:b dur:2 cpbdur:2 q:35.94 aq:37.85 tex:3339 mv:3613 misc:1184 imb:7 pmb:328 smb:1705 d:- ref:0 ;
in:849 out:846 type:P dur:2 cpbdur:2 q:35.97 aq:30.66 tex:43222 mv:13034 misc:1424 imb:372 pmb:982 smb:686 d:- ref:0 ;
in:847 out:847 type:B dur:2 cpbdur:2 q:35.95 aq:35.21 tex:8209 mv:7257 misc:1550 imb:29 pmb:590 smb:1421 d:- ref:0 ;
in:846 out:848 type:b dur:2 cpbdur:2 q:35.95 aq:37.29 tex:2702 mv:4022 misc:1252 imb:10 pmb:338 smb:1692 d:- ref:0 ;
in:848 out:849 type:b dur:2 cpbdur:2 q:35.96 aq:37.15 tex:3272 mv:3755 misc:1157 imb:9 pmb:334 smb:1697 d:- ref:0 ;
in:853 out:850 type:P dur:2 cpbdur:2 q:35.97 aq:31.24 tex:40293 mv:12038 misc:1453 imb:320 pmb:977 smb:743 d:- ref:0 ;
in:851 out:851 type:B dur:2 cpbdur:2 q:35.97 aq:34.06 tex:7588 mv:7231 misc:1597 imb:27 pmb:606 smb:1407 d:- ref:0 ;
in:850 out:852 type:b dur:2 cpbdur:2 q:35.97 aq:36.46 tex:2922 mv:3653 misc:1177 imb:12 pmb:306 smb:1722 d:- ref:0 ;
in:852 out:853 type:b dur:2 cpbdur:2 q:35.97 aq:35.43 tex:3512 mv:3620 misc:1220 imb:20 pmb:313 smb:1707 d:- ref:0 ;
in:857 out:854 type:P dur:2 cpbdur:2 q:35.98 aq:31.06 tex:38297 mv:12018 misc:1477 imb:298 pmb:994 smb:748 d:- ref:0 ;
in:855 out:855 type:B dur:2 cpbdur:2 q:35.98 aq:33.71 tex:8240 mv:6492 misc:1500 imb:41 pmb:535 smb:1464 d:- ref:0 ;
in:854 out:856 type:b dur:2 cpbdur:2 q:35.98 aq:34.28 tex:3380 mv:3756 misc:1224 imb:24 pmb:314 smb:1702 d:- ref:0 ;
in:856 out:857 type:b dur:2 cpbdur:2 q:35.98 aq:34.25 tex:3285 mv:3515 misc:1232 imb:18 pmb:324 smb:1698 d:- ref:0 ;
in:861 out:858 type:P dur:2 cpbdur:2 q:35.99 aq:30.81 tex:41457 mv:12361 misc:1390 imb:342 pmb:957 smb:741 d:- ref:0 ;
in:859 out:859 type:B dur:2 cpbdur:2 q:35.98 aq:34.48 tex:7979 mv:6699 misc:1570 imb:31 pmb:588 smb:1421 d:- ref:0 ;
in:858 out:860 type:b dur:2 cpbdur:2 q:35.98 aq:32.88 tex:2751 mv:3852 misc:1165 imb:17 pmb:308 smb:1715 d:- ref:0 ;
in:860 out:861 type:b dur:2 cpbdur:2 q:35.98 aq:36.84 tex:2954 mv:3275 misc:1147 imb:11 pmb:305 smb:1724 d:- ref:0 ;
in:865 out:862 type:P dur:2 cpbdur:2 q:36.00 aq:31.03 tex:37771 mv:11734 misc:1511 imb:287 pmb:951 smb:802 d:- ref:0 ;
in:863 out:863 type:B dur:2 cpbdur:2 q:35.99 aq:34.96 tex:7827 mv:6806 misc:1519 imb:23 pmb:568 smb:1449 d:- ref:0 ;
in:862 out:864 type:b dur:2 cpbdur:2 q:35.99 aq:32.75 tex:3152 mv:3573 misc:1203 imb:19 pmb:309 smb:1712 d:- ref:0 ;
in:864 out:865 type:b dur:2 cpbdur:2 q:36.00 aq:34.87 tex:3074 mv:3331 misc:1155 imb:17 pmb:293 smb:1730 d:- ref:0 ;
in:869 out:866 type:P dur:2 cpbdur:2 q:35.99 aq:31.31 tex:47664 mv:12575 misc:1393 imb:381 pmb:941 smb:718 d:- ref:0 ;
in:867 out:867 type:B dur:2 cpbdur:2 q:36.00 aq:35.29 tex:8212 mv:6294 misc:1550 imb:32 pmb:562 smb:1446 d:- ref:0 ;
in:866 out:868 type:b dur:2 cpbdur:2 q:36.00 aq:34.95 tex:2769 mv:3389 misc:1178 imb:17 pmb:284 smb:1739 d:- ref:0 ;
in:868 out:869 type:b dur:2 cpbdur:2 q:35.99 aq:35.72 tex:3012 mv:3908 misc:1240 imb:13 pmb:322 smb:1705 d:- ref:0 ;
in:873 out:870 type:P dur:2 cpbdur:2 q:36.00 aq:30.75 tex:60912 mv:12920 misc:1368 imb:441 pmb:946 smb:653 d:- ref:0 ;
in:871 out:871 type:B dur:2 cpbdur:2 q:36.00 aq:34.67 tex:9211 mv:7512 misc:1581 imb:100 pmb:546 smb:1394 d:- ref:0 ;
in:870 out:872 type:b dur:2 cpbdur:2 q:35.99 aq:34.35 tex:4167 mv:3923 misc:1222 imb:28 pmb:321 smb:1691 d:- ref:0 ;
in:872 out:873 type:b dur:2 cpbdur:2 q:36.00 aq:34.77 tex:3120 mv:3475 misc:1197 imb:15 pmb:297 smb:1728 d:- ref:0 ;
in:877 out:874 type:P dur:2 cpbdur:2 q:36.02 aq:31.05 tex:52256 mv:12303 misc:1353 imb:298 pmb:997 smb:745 d:- ref:0 ;
in:875 out:875 type:B dur:2 cpbdur:2 q:36.01 aq:35.04 tex:8518 mv:6409 misc:1497 imb:41 pmb:532 smb:1467 d:- ref:0 ;
in:874 out:876 type:b dur:2 cpbdur:2 q:36.00 aq:34.71 tex:3143 mv:3299 misc:1222 imb:12 pmb:299 smb:1729 d:- ref:0 ;
in:876 out:877 type:b dur:2 cpbdur:2 q:36.01 aq:35.72 tex:2210 mv:2984 misc:1126 imb:6 pmb:286 smb:1748 d:- ref:0 ;
in:881 out:878 type:P dur:2 cpbdur:2 q:36.06 aq:31.17 tex:51317 mv:12247 misc:1396 imb:289 pmb:1007 smb:744 d:- ref:0 ;
in:879 out:879 type:B dur:2 cpbdur:2 q:36.04 aq:33.96 tex:7985 mv:6516 misc:1483 imb:33 pmb:550 smb:1457 d:- ref:0 ;
in:878 out:880 type:b dur:2 cpbdur:2 q:36.03 aq:35.59 tex:2721 mv:3278 misc:1129 imb:16 pmb:290 smb:1734 d:- ref:0 ;
in:880 out:881 type:b dur:2 cpbdur:2 q:36.05 aq:35.73 tex:2432 mv:2790 misc:1010 imb:5 pmb:264 smb:1771 d:- ref:0 ;
in:885 out:882 type:P dur:2 cpbdur:2 q:36.07 aq:30.89 tex:42809 mv:11689 misc:1366 imb:287 pmb:1001 smb:752 d:- ref:0 ;
in:883 out:883 type:B dur:2 cpbdur:2 q:36.07 aq:35.21 tex:7658 mv:6658 misc:1484 imb:31 pmb:552 smb:1457 d:- ref:0 ;
in:882 out:884 type:b dur:2 cpbdur:2 q:36.07 aq:34.31 tex:2688 mv:3075 misc:1061 imb:14 pmb:265 smb:1761 d:- ref:0 ;
in:884 out:885 type:b dur:2 cpbdur:2 q:36.07 aq:36.93 tex:2477 mv:2840 misc:1019 imb:6 pmb:252 smb:1782 d:- ref:0 ;
in:889 out:886 type:P dur:2 cpbdur:2 q:36.09 aq:31.13 tex:43487 mv:11390 misc:1443 imb:271 pmb:981 smb:788 d:- ref:0 ;
in:887 out:887 type:B dur:2 cpbdur:2 q:36.08 aq:34.79 tex:7283 mv:6031 misc:1438 imb:40 pmb:484 smb:1516 d:- ref:0 ;
in:886 out:888 type:b dur:2 cpbdur:2 q:36.08 aq:34.20 tex:2696 mv:2734 misc:1010 imb:11 pmb:230 smb:1799 d:- ref:0 ;
in:888 out:889 type:b dur:2 cpbdur:2 q:36.08 aq:36.00 tex:2301 mv:2969 misc:994 imb:18 pmb:232 smb:1790 d:- ref:0 ;
in:893 out:890 type:P dur:2 cpbdur:2 q:36.09 aq:31.25 tex:45051 mv:12182 misc:1399 imb:286 pmb:1031 smb:723 d:- ref:0 ;
in:891 out:891 type:B dur:2 cpbdur:2 q:36.09 aq:35.78 tex:7501 mv:5899 misc:1440 imb:29 pmb:506 smb:1505 d:- ref:0 ;
in:890 out:892 type:b dur:2 cpbdur:2 q:36.09 aq:34.63 tex:2675 mv:3132 misc:1089 imb:7 pmb:278 smb:1755 d:- ref:0 ;
in:892 out:893 type:b dur:2 cpbdur:2 q:36.09 aq:33.84 tex:2532 mv:2510 misc:990 imb:11 pmb:235 smb:1794 d:- ref:0 ;
in:897 out:894 type:P dur:2 cpbdur:2 q:36.10 aq:30.59 tex:42891 mv:11331 misc:1466 imb:253 pmb:1006 smb:781 d:- ref:0 ;
in:895 out:895 type:B dur:2 cpbdur:2 q:36.09 aq:34.04 tex:7965 mv:6083 misc:1488 imb:43 pmb:500 smb:1497 d:- ref:0 ;
in:894 out:896 type:b dur:2 cpbdur:2 q:36.09 aq:37.24 tex:2931 mv:2976 misc:1085 imb:9 pmb:278 smb:1753 d:- ref:0 ;
in:896 out:897 type:b dur:2 cpbdur:2 q:36.09 aq:35.38 tex:2285 mv:2697 misc:994 imb:19 pmb:223 smb:1798 d:- ref:0 ;
in:901 out:898 type:P dur:2 cpbdur:2 q:36.09 aq:30.76 tex:40694 mv:10951 misc:1411 imb:239 pmb:934 smb:867 d:- ref:0 ;
in:899 out:899 type:B dur:2 cpbdur:2 q:36.10 aq:34.44 tex:6874 mv:5316 misc:1466 imb:33 pmb:473 smb:1534 d:- ref:0 ;
in:898 out:900 type:b dur:2 cpbdur:2 q:36.10 aq:34.45 tex:2908 mv:2190 misc:926 imb:5 pmb:216 smb:1819 d:- ref:0 ;
in:900 out:901 type:b dur:2 cpbdur:2 q:36.09 aq:32.13 tex:2630 mv:2387 misc:919 imb:10 pmb:222 smb:1808 d:- ref:0 ;
in:905 out:902 type:P dur:2 cpbdur:2 q:36.09 aq:31.12 tex:41178 mv:10973 misc:1433 imb:244 pmb:976 smb:820 d:- ref:0 ;
in:903 out:903 type:B dur:2 cpbdur:2 q:36.09 aq:34.36 tex:6946 mv:5419 misc:1467 imb:26 pmb:476 smb:1538 d:- ref:0 ;
in:902 out:904 type:b dur:2 cpbdur:2 q:36.09 aq:33.27 tex:2726 mv:2580 misc:958 imb:15 pmb:232 smb:1793 d:- ref:0 ;
in:904 out:905 type:b dur:2 cpbdur:2 q:36.09 aq:37.33 tex:2534 mv:2415 misc:939 imb:14 pmb:228 smb:1798 d:- ref:0 ;
in:909 out:906 type:P dur:2 cpbdur:2 q:36.08 aq:30.11 tex:42057 mv:11418 misc:1445 imb:273 pmb:1014 smb:753 d:- ref:0 ;
in:907 out:907 type:B dur:2 cpbdur:2 q:36.09 aq:35.36 tex:7030 mv:5181 misc:1373 imb:15 pmb:463 smb:1562 d:- ref:0 ;
in:906 out:908 type:b dur:2 cpbdur:2 q:36.09 aq:35.44 tex:2271 mv:2232 misc:793 imb:6 pmb:182 smb:1852 d:- ref:0 ;
in:908 out:909 type:b dur:2 cpbdur:2 q:36.09 aq:35.07 tex:2230 mv:2014 misc:844 imb:5 pmb:179 smb:1856 d:- ref:0 ;
in:913 out:910 type:P dur:2 cpbdur:2 q:36.09 aq:30.84 tex:41558 mv:10571 misc:1439 imb:252 pmb:955 smb:833 d:- ref:0 ;
in:911 out:911 type:B dur:2 cpbdur:2 q:36.09 aq:36.40 tex:7149 mv:4651 misc:1304 imb:28 pmb:418 smb:1594 d:- ref:0 ;
in:910 out:912 type:b dur:2 cpbdur:2 q:36.08 aq:34.94 tex:2189 mv:2339 misc:848 imb:9 pmb:198 smb:1833 d:- ref:0 ;
in:912 out:913 type:b dur:2 cpbdur:2 q:36.09 aq:37.49 tex:2105 mv:1953 misc:758 imb:4 pmb:175 smb:1861 d:- ref:0 ;
in:917 out:914 type:P dur:2 cpbdur:2 q:36.07 aq:30.79 tex:40090 mv:10174 misc:1408 imb:220 pmb:932 smb:888 d:- ref:0 ;
in:915 out:915 type:B dur:2 cpbdur:2 q:36.08 aq:35.67 tex:5882 mv:4165 misc:1321 imb:13 pmb:406 smb:1621 d:- ref:0 ;
in:914 out:916 type:b dur:2 cpbdur:2 q:36.08 aq:35.84 tex:2274 mv:2061 misc:817 imb:4 pmb:188 smb:1848 d:- ref:0 ;
in:916 out:917 type:b dur:2 cpbdur:2 q:36.08 aq:34.58 tex:2323 mv:1988 misc:825 imb:6 pmb:182 smb:1852 d:- ref:0 ;
in:921 out:918 type:P dur:2 cpbdur:2 q:36.06 aq:30.21 tex:44637 mv:10151 misc:1524 imb:240 pmb:941 smb:859 d:- ref:0 ;
in:919 out:919 type:B dur:2 cpbdur:2 q:36.07 aq:34.90 tex:6920 mv:4556 misc:1364 imb:29 pmb:422 smb:1589 d:- ref:0 ;
in:918 out:920 type:b dur:2 cpbdur:2 q:36.07 aq:35.36 tex:2034 mv:2189 misc:817 imb:10 pmb:195 smb:1835 d:- ref:0 ;
in:920 out:921 type:b dur:2 cpbdur:2 q:36.07 aq:33.31 tex:2257 mv:2112 misc:815 imb:4 pmb:188 smb:1848 d:- ref:0 ;
in:925 out:922 type:P dur:2 cpbdur:2 q:36.05 aq:30.65 tex:45350 mv:9544 misc:1410 imb:210 pmb:887 smb:943 d:- ref:0 ;
in:923 out:923 type:B dur:2 cpbdur:2 q:36.06 aq:35.34 tex:6547 mv:4376 misc:1245 imb:25 pmb:387 smb:1628 d:- ref:0 ;
in:922 out:924 type:b dur:2 cpbdur:2 q:36.06 aq:34.65 tex:1983 mv:2206 misc:747 imb:15 pmb:173 smb:1852 d:- ref:0 ;
in:924 out:925 type:b dur:2 cpbdur:2 q:36.05 aq:35.67 tex:1945 mv:1866 misc:789 imb:7 pmb:178 smb:1855 d:- ref:0 ;
in:929 out:926 type:P dur:2 cpbdur:2 q:36.05 aq:31.37 tex:37259 mv:9110 misc:1519 imb:180 pmb:866 smb:994 d:- ref:0 ;
in:927 out:927 type:B dur:2 cpbdur:2 q:36.05 aq:32.65 tex:6300 mv:4281 misc:1331 imb:25 pmb:392 smb:1623 d:- ref:0 ;
in:926 out:928 type:b dur:2 cpbdur:2 q:36.05 aq:36.25 tex:2204 mv:2474 misc:794 imb:5 pmb:200 smb:1835 d:- ref:0 ;
in:928 out:929 type:b dur:2 cpbdur:2 q:36.05 aq:36.49 tex:2851 mv:2224 misc:813 imb:2 pmb:218 smb:1820 d:- ref:0 ;
in:930 out:930 type:P dur:2 cpbdur:2 q:36.03 aq:35.43 tex:5805 mv:3018 misc:1241 imb:52 pmb:339 smb:1649 d:- ref:0 ;
in:931 out:931 type:I dur:2 cpbdur:2 q:33.15 aq:27.39 tex:179167 mv:40470 misc:483 imb:2040 pmb:0 smb:0 d:- ref:;
in:935 out:932 type:P dur:2 cpbdur:2 q:36.17 aq:31.60 tex:28749 mv:7911 misc:1500 imb:152 pmb:731 smb:1157 d:- ref:0 ;
in:933 out:933 type:B dur:2 cpbdur:2 q:36.17 aq:36.27 tex:5188 mv:4094 misc:1158 imb:19 pmb:341 smb:1680 d:- ref:0 ;
in:932 out:934 type:b dur:2 cpbdur:2 q:36.17 aq:36.05 tex:2956 mv:2159 misc:757 imb:3 pmb:187 smb:1850 d:- ref:0 ;
in:934 out:935 type:b dur:2 cpbdur:2 q:36.17 aq:36.87 tex:2679 mv:2535 misc:810 imb:6 pmb:213 smb:1821 d:- ref:0 ;
in:939 out:936 type:P dur:2 cpbdur:2 q:36.13 aq:31.36 tex:35056 mv:9501 misc:1379 imb:193 pmb:873 smb:974 d:- ref:0 ;
in:937 out:937 type:B dur:2 cpbdur:2 q:36.15 aq:34.06 tex:5870 mv:4911 misc:1331 imb:17 pmb:426 smb:1597 d:- ref:0 ;
in:936 out:938 type:b dur:2 cpbdur:2 q:36.16 aq:34.95 tex:2893 mv:2368 misc:835 imb:0 pmb:211 smb:1829 d:- ref:0 ;
in:938 out:939 type:b dur:2 cpbdur:2 q:36.14 aq:35.09 tex:3397 mv:2337 misc:874 imb:6 pmb:210 smb:1824 d:- ref:0 ;
in:943 out:940 type:P dur:2 cpbdur:2 q:36.18 aq:31.18 tex:41394 mv:10501 misc:1425 imb:252 pmb:891 smb:897 d:- ref:0 ;
in:941 out:941 type:B dur:2 cpbdur:2 q:36.16 aq:34.18 tex:6188 mv:5361 misc:1459 imb:21 pmb:466 smb:1553 d:- ref:0 ;
in:940 out:942 type:b dur:2 cpbdur:2 q:36.14 aq:34.22 tex:2907 mv:2957 misc:976 imb:12 pmb:257 smb:1771 d:- ref:0 ;
in:942 out:943 type:b dur:2 cpbdur:2 q:36.17 aq:36.67 tex:3368 mv:2656 misc:968 imb:7 pmb:254 smb:1779 d:- ref:0 ;
in:947 out:944 type:P dur:2 cpbdur:2 q:36.17 aq:31.46 tex:45587 mv:10617 misc:1388 imb:290 pmb:889 smb:861 d:- ref:0 ;
in:945 out:945 type:B dur:2 cpbdur:2 q:36.18 aq:34.97 tex:6490 mv:5709 misc:1465 imb:25 pmb:490 smb:1525 d:- ref:0 ;
in:944 out:946 type:b dur:2 cpbdur:2 q:36.18 aq:37.52 tex:3461 mv:3014 misc:997 imb:3 pmb:279 smb:1758 d:- ref:0 ;
in:946 out:947 type:b dur:2 cpbdur:2 q:36.17 aq:37.88 tex:3266 mv:3156 misc:1002 imb:9 pmb:280 smb:1751 d:- ref:0 ;
in:951 out:948 type:P dur:2 cpbdur:2 q:36.17 aq:31.35 tex:46813 mv:11148 misc:1327 imb:330 pmb:887 smb:823 d:- ref:0 ;
in:949 out:949 type:B dur:2 cpbdur:2 q:36.17 aq:34.84 tex:7723 mv:6064 misc:1533 imb:20 pmb:519 smb:1501 d:- ref:0 ;
in:948 out:950 type:b dur:2 cpbdur:2 q:36.17 aq:35.32 tex:3224 mv:3008 misc:1088 imb:12 pmb:283 smb:1745 d:- ref:0 ;
in:950 out:951 type:b dur:2 cpbdur:2 q:36.17 aq:36.76 tex:3628 mv:3242 misc:1138 imb:5 pmb:299 smb:1736 d:- ref:0 ;
in:955 out:952 type:P dur:2 cpbdur:2 q:36.18 aq:31.44 tex:44231 mv:11219 misc:1406 imb:360 pmb:878 smb:802 d:- ref:0 ;
in:953 out:953 type:B dur:2 cpbdur:2 q:36.18 aq:35.27 tex:7902 mv:6835 misc:1519 imb:35 pmb:571 smb:1434 d:- ref:0 ;
in:952 out:954 type:b dur:2 cpbdur:2 q:36.17 aq:35.60 tex:3182 mv:3559 misc:1115 imb:18 pmb:306 smb:1716 d:- ref:0 ;
in:954 out:955 type:b dur:2 cpbdur:2 q:36.18 aq:37.60 tex:3423 mv:3604 misc:1205 imb:14 pmb:335 smb:1691 d:- ref:0 ;
in:959 out:956 type:P dur:2 cpbdur:2 q:36.18 aq:31.80 tex:40864 mv:11475 misc:1349 imb:388 pmb:856 smb:796 d:- ref:0 ;
in:957 out:957 type:B dur:2 cpbdur:2 q:36.18 aq:35.97 tex:8382 mv:6855 misc:1531 imb:34 pmb:574 smb:1432 d:- ref:0 ;
in:956 out:958 type:b dur:2 cpbdur:2 q:36.18 aq:36.59 tex:3698 mv:3862 misc:1216 imb:15 pmb:339 smb:1686 d:- ref:0 ;
in:958 out:959 type:b dur:2 cpbdur:2 q:36.18 aq:34.65 tex:3863 mv:3989 misc:1148 imb:23 pmb:342 smb:1675 d:- ref:0 ;
in:963 out:960 type:P dur:2 cpbdur:2 q:36.19 aq:32.36 tex:43182 mv:11519 misc:1275 imb:367 pmb:888 smb:785 d:- ref:0 ;
in:961 out:961 type:B dur:2 cpbdur:2 q:36.18 aq:35.65 tex:8566 mv:7609 misc:1577 imb:48 pmb:591 smb:1401 d:- ref:0 ;
in:960 out:962 type:b dur:2 cpbdur:2 q:36.18 aq:38.22 tex:3824 mv:4140 misc:1164 imb:16 pmb:360 smb:1664 d:- ref:0 ;
in:962 out:963 type:b dur:2 cpbdur:2 q:36.19 aq:37.10 tex:4668 mv:3986 misc:1186 imb:6 pmb:384 smb:1650 d:- ref:0 ;
in:967 out:964 type:P dur:2 cpbdur:2 q:36.20 aq:32.52 tex:51061 mv:12019 misc:1224 imb:480 pmb:805 smb:755 d:- ref:0 ;
in:965 out:965 type:B dur:2 cpbdur:2 q:36.19 aq:33.80 tex:10833 mv:8599 misc:1608 imb:66 pmb:616 smb:1358 d:- ref:0 ;
in:964 out:966 type:b dur:2 cpbdur:2 q:36.19 aq:36.27 tex:4346 mv:4827 misc:1267 imb:21 pmb:397 smb:1622 d:- ref:0 ;
in:966 out:967 type:b dur:2 cpbdur:2 q:36.19 aq:36.27 tex:3642 mv:4365 misc:1249 imb:20 pmb:360 smb:1660 d:- ref:0 ;
in:971 out:968 type:P dur:2 cpbdur:2 q:36.22 aq:32.10 tex:45543 mv:11334 misc:1363 imb:506 pmb:714 smb:820 d:- ref:0 ;
in:969 out:969 type:B dur:2 cpbdur:2 q:36.21 aq:35.05 tex:13355 mv:8220 misc:1553 imb:83 pmb:607 smb:1350 d:- ref:0 ;
in:968 out:970 type:b dur:2 cpbdur:2 q:36.20 aq:35.48 tex:3841 mv:4630 misc:1321 imb:21 pmb:376 smb:1643 d:- ref:0 ;
in:970 out:971 type:b dur:2 cpbdur:2 q:36.21 aq:35.98 tex:3339 mv:4313 misc:1308 imb:25 pmb:367 smb:1648 d:- ref:0 ;
in:975 out:972 type:P dur:2 cpbdur:2 q:36.24 aq:33.19 tex:31179 mv:10443 misc:1362 imb:378 pmb:751 smb:911 d:- ref:0 ;
in:973 out:973 type:B dur:2 cpbdur:2 q:36.23 aq:34.70 tex:7556 mv:7083 misc:1553 imb:51 pmb:557 smb:1432 d:- ref:0 ;
in:972 out:974 type:b dur:2 cpbdur:2 q:36.22 aq:37.54 tex:2984 mv:3411 misc:1101 imb:16 pmb:275 smb:1749 d:- ref:0 ;
in:974 out:975 type:b dur:2 cpbdur:2 q:36.23 aq:36.44 tex:3131 mv:3311 misc:1022 imb:16 pmb:260 smb:1764 d:- ref:0 ;
in:979 out:976 type:P dur:2 cpbdur:2 q:36.25 aq:33.03 tex:48692 mv:12844 misc:1192 imb:988 pmb:723 smb:329 d:- ref:0 w:7,121,4,7,114,14,115,13 ;
in:977 out:977 type:B dur:2 cpbdur:2 q:36.24 aq:33.31 tex:9464 mv:8410 misc:1726 imb:110 pmb:626 smb:1304 d:- ref:0 ;
in:976 out:978 type:b dur:2 cpbdur:2 q:36.24 aq:37.27 tex:3935 mv:3584 misc:1065 imb:19 pmb:299 smb:1722 d:- ref:0 ;
in:978 out:979 type:b dur:2 cpbdur:2 q:36.24 aq:34.41 tex:3879 mv:4104 misc:1217 imb:37 pmb:313 smb:1690 d:- ref:0 ;
in:983 out:980 type:P dur:2 cpbdur:2 q:36.25 aq:32.87 tex:96803 mv:12571 misc:370 imb:1785 pmb:221 smb:34 d:- ref:0 ;
in:981 out:981 type:B dur:2 cpbdur:2 q:36.25 aq:33.76 tex:32983 mv:14116 misc:1349 imb:769 pmb:728 smb:543 d:- ref:0 ;
in:980 out:982 type:b dur:2 cpbdur:2 q:36.25 aq:33.88 tex:8029 mv:5915 misc:1432 imb:281 pmb:313 smb:1446 d:- ref:0 ;
in:982 out:983 type:b dur:2 cpbdur:2 q:36.25 aq:34.03 tex:3704 mv:1962 misc:934 imb:26 pmb:175 smb:1839 d:- ref:0 ;
in:985 out:984 type:P dur:2 cpbdur:2 q:36.30 aq:30.21 tex:79444 mv:15488 misc:516 imb:1155 pmb:759 smb:126 d:- ref:0 ;
in:984 out:985 type:b dur:2 cpbdur:2 q:36.27 aq:29.31 tex:1866 mv:1947 misc:851 imb:123 pmb:97 smb:1820 d:- ref:0 ;
in:989 out:986 type:P dur:2 cpbdur:2 q:36.40 aq:28.18 tex:32750 mv:11522 misc:1512 imb:507 pmb:1062 smb:471 d:- ref:0 w:4,17,-1,6,69,-10,69,-10 ;
in:987 out:987 type:B dur:2 cpbdur:2 q:36.35 aq:30.54 tex:661 mv:1193 misc:1026 imb:36 pmb:182 smb:1822 d:- ref:0 ;
in:986 out:988 type:b dur:2 cpbdur:2 q:36.32 aq:29.58 tex:349 mv:346 misc:401 imb:10 pmb:34 smb:1996 d:- ref:0 ;
in:988 out:989 type:b dur:2 cpbdur:2 q:36.37 aq:23.24 tex:73 mv:78 misc:265 imb:2 pmb:16 smb:2022 d:- ref:0 ;
in:993 out:990 type:P dur:2 cpbdur:2 q:36.46 aq:28.45 tex:8365 mv:3339 misc:1816 imb:52 pmb:613 smb:1375 d:- ref:0 ;
in:991 out:991 type:B dur:2 cpbdur:2 q:36.43 aq:29.94 tex:61 mv:36 misc:215 imb:1 pmb:4 smb:2035 d:- ref:0 ;
in:990 out:992 type:b dur:2 cpbdur:2 q:36.41 aq:23.50 tex:43 mv:11 misc:186 imb:0 pmb:3 smb:2037 d:- ref:0 ;
in:992 out:993 type:b dur:2 cpbdur:2 q:36.45 aq:21.32 tex:52 mv:26 misc:194 imb:1 pmb:3 smb:2036 d:- ref:0 ;
in:997 out:994 type:P dur:2 cpbdur:2 q:36.39 aq:29.00 tex:7250 mv:3451 misc:1779 imb:40 pmb:597 smb:1403 d:- ref:0 ;
in:995 out:995 type:B dur:2 cpbdur:2 q:36.43 aq:22.35 tex:95 mv:42 misc:223 imb:2 pmb:4 smb:2034 d:- ref:0 ;
in:994 out:996 type:b dur:2 cpbdur:2 q:36.44 aq:25.67 tex:44 mv:37 misc:183 imb:0 pmb:4 smb:2036 d:- ref:0 ;
in:996 out:997 type:b dur:2 cpbdur:2 q:36.41 aq:33.00 tex:0 mv:0 misc:160 imb:0 pmb:0 smb:2040 d:- ref:0 ;
in:1001 out:998 type:P dur:2 cpbdur:2 q:36.30 aq:28.96 tex:5641 mv:3211 misc:1748 imb:31 pmb:554 smb:1455 d:- ref:0 ;
in:999 out:999 type:B dur:2 cpbdur:2 q:36.35 aq:31.00 tex:0 mv:0 misc:176 imb:0 pmb:0 smb:2040 d:- ref:0 ;
in:998 out:1000 type:b dur:2 cpbdur:2 q:36.37 aq:29.91 tex:54 mv:12 misc:182 imb:0 pmb:3 smb:2037 d:- ref:0 ;
in:1000 out:1001 type:b dur:2 cpbdur:2 q:36.32 aq:33.00 tex:0 mv:0 misc:160 imb:0 pmb:0 smb:2040 d:- ref:0 ;
in:1005 out:1002 type:P dur:2 cpbdur:2 q:36.21 aq:28.44 tex:10193 mv:3670 misc:1785 imb:41 pmb:637 smb:1362 d:- ref:0 ;
in:1003 out:1003 type:B dur:2 cpbdur:2 q:36.25 aq:23.99 tex:36 mv:20 misc:200 imb:0 pmb:3 smb:2037 d:- ref:0 ;
in:1002 out:1004 type:b dur:2 cpbdur:2 q:36.28 aq:25.09 tex:52 mv:22 misc:190 imb:1 pmb:3 smb:2036 d:- ref:0 ;
in:1004 out:1005 type:b dur:2 cpbdur:2 q:36.23 aq:30.05 tex:29 mv:5 misc:166 imb:0 pmb:1 smb:2039 d:- ref:0 ;
in:1009 out:1006 type:P dur:2 cpbdur:2 q:36.11 aq:28.66 tex:9160 mv:3725 misc:1771 imb:59 pmb:598 smb:1383 d:- ref:0 ;
in:1007 out:1007 type:B dur:2 cpbdur:2 q:36.16 aq:24.61 tex:45 mv:20 misc:199 imb:1 pmb:2 smb:2037 d:- ref:0 ;
in:1006 out:1008 type:b dur:2 cpbdur:2 q:36.19 aq:33.00 tex:0 mv:0 misc:160 imb:0 pmb:0 smb:2040 d:- ref:0 ;
in:1008 out:1009 type:b dur:2 cpbdur:2 q:36.14 aq:21.33 tex:28 mv:5 misc:167 imb:0 pmb:1 smb:2039 d:- ref:0 ;
in:1013 out:1010 type:P dur:2 cpbdur:2 q:36.02 aq:28.72 tex:8896 mv:3917 misc:1843 imb:62 pmb:635 smb:1343 d:- ref:0 ;
in:1011 out:1011 type:B dur:2 cpbdur:2 q:36.07 aq:26.71 tex:60 mv:27 misc:209 imb:1 pmb:3 smb:2036 d:- ref:0 ;
in:1010 out:1012 type:b dur:2 cpbdur:2 q:36.09 aq:33.00 tex:1 mv:2 misc:165 imb:0 pmb:1 smb:2039 d:- ref:0 ;
in:1012 out:1013 type:b dur:2 cpbdur:2 q:36.05 aq:21.33 tex:35 mv:20 misc:177 imb:1 pmb:1 smb:2038 d:- ref:0 ;
in:1017 out:1014 type:P dur:2 cpbdur:2 q:35.93 aq:28.47 tex:9066 mv:3820 misc:1810 imb:74 pmb:605 smb:1361 d:- ref:0 ;
in:1015 out:1015 type:B dur:2 cpbdur:2 q:35.98 aq:18.63 tex:38 mv:31 misc:211 imb:2 pmb:2 smb:2036 d:- ref:0 ;
in:1014 out:1016 type:b dur:2 cpbdur:2 q:36.00 aq:33.00 tex:0 mv:0 misc:160 imb:0 pmb:0 smb:2040 d:- ref:0 ;
in:1016 out:1017 type:b dur:2 cpbdur:2 q:35.96 aq:33.00 tex:0 mv:0 misc:160 imb:0 pmb:0 smb:2040 d:- ref:0 ;
in:1021 out:1018 type:P dur:2 cpbdur:2 q:35.86 aq:28.05 tex:9013 mv:3860 misc:1895 imb:63 pmb:624 smb:1353 d:- ref:0 ;
in:1019 out:1019 type:B dur:2 cpbdur:2 q:35.90 aq:24.67 tex:62 mv:35 misc:207 imb:2 pmb:3 smb:2035 d:- ref:0 ;
in:1018 out:1020 type:b dur:2 cpbdur:2 q:35.92 aq:24.69 tex:37 mv:8 misc:171 imb:0 pmb:2 smb:2038 d:- ref:0 ;
in:1020 out:1021 type:b dur:2 cpbdur:2 q:35.88 aq:24.38 tex:42 mv:12 misc:178 imb:0 pmb:3 smb:2037 d:- ref:0 ;
in:1025 out:1022 type:P dur:2 cpbdur:2 q:35.76 aq:28.07 tex:8771 mv:3873 misc:1788 imb:56 pmb:623 smb:1361 d:- ref:0 ;
in:1023 out:1023 type:B dur:2 cpbdur:2 q:35.81 aq:29.94 tex:44 mv:12 misc:200 imb:0 pmb:3 smb:2037 d:- ref:0 ;
in:1022 out:1024 type:b dur:2 cpbdur:2 q:35.83 aq:32.00 tex:0 mv:0 misc:160 imb:0 pmb:0 smb:2040 d:- ref:0 ;
in:1024 out:1025 type:b dur:2 cpbdur:2 q:35.79 aq:32.00 tex:0 mv:0 misc:160 imb:0 pmb:0 smb:2040 d:- ref:0 ;
in:1029 out:1026 type:P dur:2 cpbdur:2 q:35.67 aq:28.16 tex:8066 mv:3642 misc:1812 imb:51 pmb:595 smb:1394 d:- ref:0 ;
in:1027 out:1027 type:B dur:2 cpbdur:2 q:35.72 aq:28.48 tex:72 mv:28 misc:220 imb:1 pmb:4 smb:2035 d:- ref:0 ;
in:1026 out:1028 type:b dur:2 cpbdur:2 q:35.74 aq:22.61 tex:29 mv:17 misc:178 imb:1 pmb:1 smb:2038 d:- ref:0 ;
in:1028 out:1029 type:b dur:2 cpbdur:2 q:35.70 aq:24.39 tex:20 mv:12 misc:168 imb:1 pmb:0 smb:2039 d:- ref:0 ;
in:1033 out:1030 type:P dur:2 cpbdur:2 q:35.58 aq:28.59 tex:9880 mv:3828 misc:1780 imb:67 pmb:634 smb:1339 d:- ref:0 ;
in:1031 out:1031 type:B dur:2 cpbdur:2 q:35.63 aq:24.67 tex:48 mv:16 misc:208 imb:0 pmb:4 smb:2036 d:- ref:0 ;
in:1030 out:1032 type:b dur:2 cpbdur:2 q:35.65 aq:30.76 tex:30 mv:14 misc:172 imb:1 pmb:0 smb:2039 d:- ref:0 ;
in:1032 out:1033 type:b dur:2 cpbdur:2 q:35.61 aq:29.29 tex:35 mv:8 misc:181 imb:0 pmb:2 smb:2038 d:- ref:0 ;
in:1037 out:1034 type:P dur:2 cpbdur:2 q:35.51 aq:28.17 tex:8482 mv:3900 misc:1834 imb:68 pmb:625 smb:1347 d:- ref:0 ;
in:1035 out:1035 type:B dur:2 cpbdur:2 q:35.55 aq:29.52 tex:78 mv:22 misc:212 imb:1 pmb:3 smb:2036 d:- ref:0 ;
in:1034 out:1036 type:b dur:2 cpbdur:2 q:35.57 aq:29.63 tex:28 mv:5 misc:167 imb:0 pmb:1 smb:2039 d:- ref:0 ;
in:1036 out:1037 type:b dur:2 cpbdur:2 q:35.53 aq:29.63 tex:28 mv:5 misc:167 imb:0 pmb:1 smb:2039 d:- ref:0 ;
in:1041 out:1038 type:P dur:2 cpbdur:2 q:35.41 aq:28.52 tex:8006 mv:3974 misc:1828 imb:49 pmb:633 smb:1358 d:- ref:0 ;
in:1039 out:1039 type:B dur:2 cpbdur:2 q:35.46 aq:29.12 tex:34 mv:33 misc:213 imb:1 pmb:3 smb:2036 d:- ref:0 ;
in:1038 out:1040 type:b dur:2 cpbdur:2 q:35.48 aq:24.35 tex:28 mv:5 misc:167 imb:0 pmb:1 smb:2039 d:- ref:0 ;
in:1040 out:1041 type:b dur:2 cpbdur:2 q:35.44 aq:32.00 tex:0 mv:0 misc:160 imb:0 pmb:0 smb:2040 d:- ref:0 ;
in:1045 out:1042 type:P dur:2 cpbdur:2 q:35.32 aq:28.07 tex:7074 mv:3607 misc:1815 imb:54 pmb:554 smb:1432 d:- ref:0 ;
in:1043 out:1043 type:B dur:2 cpbdur:2 q:35.37 aq:26.95 tex:64 mv:72 misc:240 imb:2 pmb:6 smb:2032 d:- ref:0 ;
in:1042 out:1044 type:b dur:2 cpbdur:2 q:35.39 aq:30.79 tex:57 mv:11 misc:180 imb:0 pmb:3 smb:2037 d:- ref:0 ;
in:1044 out:1045 type:b dur:2 cpbdur:2 q:35.34 aq:24.35 tex:30 mv:7 misc:179 imb:0 pmb:2 smb:2038 d:- ref:0 ;
in:1049 out:1046 type:P dur:2 cpbdur:2 q:35.23 aq:28.37 tex:6248 mv:3481 misc:1743 imb:47 pmb:525 smb:1468 d:- ref:0 ;
in:1047 out:1047 type:B dur:2 cpbdur:2 q:35.27 aq:24.14 tex:96 mv:60 misc:252 imb:1 pmb:10 smb:2029 d:- ref:0 ;
in:1046 out:1048 type:b dur:2 cpbdur:2 q:35.30 aq:23.95 tex:41 mv:9 misc:174 imb:0 pmb:2 smb:2038 d:- ref:0 ;
in:1048 out:1049 type:b dur:2 cpbdur:2 q:35.25 aq:21.39 tex:28 mv:3 misc:169 imb:0 pmb:1 smb:2039 d:- ref:0 ;
in:1053 out:1050 type:P dur:2 cpbdur:2 q:35.15 aq:28.02 tex:5896 mv:3146 misc:1678 imb:57 pmb:480 smb:1503 d:- ref:0 ;
in:1051 out:1051 type:B dur:2 cpbdur:2 q:35.19 aq:21.82 tex:79 mv:53 misc:236 imb:1 pmb:7 smb:2032 d:- ref:0 ;
in:1050 out:1052 type:b dur:2 cpbdur:2 q:35.21 aq:23.65 tex:50 mv:14 misc:184 imb:0 pmb:4 smb:2036 d:- ref:0 ;
in:1052 out:1053 type:b dur:2 cpbdur:2 q:35.17 aq:27.12 tex:24 mv:5 misc:171 imb:0 pmb:1 smb:2039 d:- ref:0 ;
in:1057 out:1054 type:P dur:2 cpbdur:2 q:35.05 aq:30.12 tex:4814 mv:2401 misc:1513 imb:31 pmb:397 smb:1612 d:- ref:0 ;
in:1055 out:1055 type:B dur:2 cpbdur:2 q:35.10 aq:26.81 tex:131 mv:60 misc:241 imb:3 pmb:5 smb:2032 d:- ref:0 ;
in:1054 out:1056 type:b dur:2 cpbdur:2 q:35.12 aq:27.12 tex:24 mv:5 misc:171 imb:0 pmb:1 smb:2039 d:- ref:0 ;
in:1056 out:1057 type:b dur:2 cpbdur:2 q:35.07 aq:32.00 tex:1 mv:13 misc:170 imb:0 pmb:1 smb:2039 d:- ref:0 ;
in:1061 out:1058 type:P dur:2 cpbdur:2 q:34.95 aq:29.47 tex:4274 mv:3404 misc:1722 imb:125 pmb:390 smb:1525 d:- ref:0 w:7,125,1,7,125,3,125,3 ;
in:1059 out:1059 type:B dur:2 cpbdur:2 q:35.00 aq:27.05 tex:653 mv:785 misc:690 imb:19 pmb:91 smb:1930 d:- ref:0 ;
in:1058 out:1060 type:b dur:2 cpbdur:2 q:35.02 aq:24.12 tex:70 mv:14 misc:196 imb:0 pmb:4 smb:2036 d:- ref:0 ;
in:1060 out:1061 type:b dur:2 cpbdur:2 q:34.97 aq:25.29 tex:58 mv:89 misc:237 imb:3 pmb:8 smb:2029 d:- ref:0 ;
in:1063 out:1062 type:P dur:2 cpbdur:2 q:34.85 aq:30.16 tex:12585 mv:6569 misc:1982 imb:363 pmb:607 smb:1070 d:- ref:0 w:6,61,2,4,15,8,15,8 ;
in:1062 out:1063 type:b dur:2 cpbdur:2 q:34.90 aq:28.67 tex:212 mv:122 misc:314 imb:2 pmb:22 smb:2016 d:- ref:0 ;
in:1067 out:1064 type:P dur:2 cpbdur:2 q:34.81 aq:31.87 tex:64290 mv:14473 misc:541 imb:1417 pmb:524 smb:99 d:- ref:0 ;
in:1065 out:1065 type:B dur:2 cpbdur:2 q:34.83 aq:31.37 tex:12016 mv:7342 misc:1642 imb:372 pmb:501 smb:1167 d:- ref:0 ;
in:1064 out:1066 type:b dur:2 cpbdur:2 q:34.84 aq:30.17 tex:658 mv:354 misc:484 imb:7 pmb:52 smb:1981 d:- ref:0 ;
in:1066 out:1067 type:b dur:2 cpbdur:2 q:34.82 aq:30.89 tex:2679 mv:1825 misc:960 imb:71 pmb:144 smb:1825 d:- ref:0 ;
in:1071 out:1068 type:P dur:2 cpbdur:2 q:34.77 aq:31.24 tex:97591 mv:14980 misc:301 imb:1669 pmb:354 smb:17 d:- ref:0 ;
in:1069 out:1069 type:B dur:2 cpbdur:2 q:34.79 aq:32.62 tex:27167 mv:12373 misc:1676 imb:520 pmb:775 smb:745 d:- ref:0 ;
in:1068 out:1070 type:b dur:2 cpbdur:2 q:34.80 aq:33.47 tex:5069 mv:2944 misc:1107 imb:43 pmb:249 smb:1748 d:- ref:0 ;
in:1070 out:1071 type:b dur:2 cpbdur:2 q:34.78 aq:33.10 tex:7156 mv:6417 misc:1643 imb:188 pmb:414 smb:1438 d:- ref:0 ;
in:1075 out:1072 type:P dur:2 cpbdur:2 q:34.82 aq:30.27 tex:77951 mv:17404 misc:509 imb:1107 pmb:847 smb:86 d:- ref:0 ;
in:1073 out:1073 type:B dur:2 cpbdur:2 q:34.79 aq:32.01 tex:19640 mv:13678 misc:1754 imb:464 pmb:792 smb:784 d:- ref:0 ;
in:1072 out:1074 type:b dur:2 cpbdur:2 q:34.78 aq:33.81 tex:5612 mv:4707 misc:1393 imb:48 pmb:392 smb:1600 d:- ref:0 ;
in:1074 out:1075 type:b dur:2 cpbdur:2 q:34.81 aq:34.17 tex:4960 mv:4899 misc:1429 imb:43 pmb:425 smb:1572 d:- ref:0 ;
in:1079 out:1076 type:P dur:2 cpbdur:2 q:34.93 aq:29.79 tex:55051 mv:15435 misc:1250 imb:654 pmb:983 smb:403 d:- ref:0 ;
in:1077 out:1077 type:B dur:2 cpbdur:2 q:34.87 aq:33.30 tex:11637 mv:9092 misc:1743 imb:63 pmb:732 smb:1245 d:- ref:0 ;
in:1076 out:1078 type:b dur:2 cpbdur:2 q:34.85 aq:33.44 tex:4713 mv:4973 misc:1434 imb:30 pmb:413 smb:1597 d:- ref:0 ;
in:1078 out:1079 type:b dur:2 cpbdur:2 q:34.90 aq:32.92 tex:4842 mv:4474 misc:1396 imb:33 pmb:396 smb:1611 d:- ref:0 ;
in:1083 out:1080 type:P dur:2 cpbdur:2 q:35.00 aq:30.67 tex:48619 mv:14212 misc:1241 imb:359 pmb:1002 smb:679 d:- ref:0 ;
in:1081 out:1081 type:B dur:2 cpbdur:2 q:34.96 aq:32.40 tex:9657 mv:8355 misc:1724 imb:53 pmb:690 smb:1297 d:- ref:0 ;
in:1080 out:1082 type:b dur:2 cpbdur:2 q:34.94 aq:33.69 tex:4002 mv:4259 misc:1291 imb:22 pmb:396 smb:1622 d:- ref:0 ;
in:1082 out:1083 type:b dur:2 cpbdur:2 q:34.98 aq:33.55 tex:4040 mv:4105 misc:1231 imb:18 pmb:378 smb:1644 d:- ref:0 ;
in:1087 out:1084 type:P dur:2 cpbdur:2 q:35.03 aq:30.27 tex:48960 mv:13843 misc:1301 imb:333 pmb:983 smb:724 d:- ref:0 ;
in:1085 out:1085 type:B dur:2 cpbdur:2 q:35.02 aq:33.53 tex:9723 mv:8242 misc:1587 imb:47 pmb:665 smb:1328 d:- ref:0 ;
in:1084 out:1086 type:b dur:2 cpbdur:2 q:35.01 aq:35.01 tex:4110 mv:4353 misc:1297 imb:19 pmb:384 smb:1637 d:- ref:0 ;
in:1086 out:1087 type:b dur:2 cpbdur:2 q:35.03 aq:33.62 tex:4050 mv:3957 misc:1289 imb:17 pmb:356 smb:1667 d:- ref:0 ;
in:1091 out:1088 type:P dur:2 cpbdur:2 q:35.06 aq:30.38 tex:47035 mv:13690 misc:1363 imb:340 pmb:1037 smb:663 d:- ref:0 ;
in:1089 out:1089 type:B dur:2 cpbdur:2 q:35.05 aq:34.15 tex:9159 mv:7692 misc:1573 imb:37 pmb:636 smb:1367 d:- ref:0 ;
in:1088 out:1090 type:b dur:2 cpbdur:2 q:35.04 aq:36.16 tex:3282 mv:3943 misc:1167 imb:14 pmb:344 smb:1682 d:- ref:0 ;
in:1090 out:1091 type:b dur:2 cpbdur:2 q:35.05 aq:34.31 tex:3709 mv:3649 misc:1170 imb:15 pmb:332 smb:1693 d:- ref:0 ;
in:1095 out:1092 type:P dur:2 cpbdur:2 q:35.06 aq:30.34 tex:46960 mv:13665 misc:1351 imb:330 pmb:1025 smb:685 d:- ref:0 ;
in:1093 out:1093 type:B dur:2 cpbdur:2 q:35.06 aq:34.75 tex:8668 mv:6987 misc:1537 imb:40 pmb:567 smb:1433 d:- ref:0 ;
in:1092 out:1094 type:b dur:2 cpbdur:2 q:35.06 aq:35.58 tex:4139 mv:3512 misc:1125 imb:22 pmb:320 smb:1698 d:- ref:0 ;
in:1094 out:1095 type:b dur:2 cpbdur:2 q:35.06 aq:36.08 tex:3695 mv:3391 misc:1130 imb:11 pmb:314 smb:1715 d:- ref:0 ;
in:1099 out:1096 type:P dur:2 cpbdur:2 q:35.07 aq:30.39 tex:45737 mv:12927 misc:1464 imb:317 pmb:994 smb:729 d:- ref:0 ;
in:1097 out:1097 type:B dur:2 cpbdur:2 q:35.07 aq:34.19 tex:10158 mv:6970 misc:1528 imb:51 pmb:584 smb:1405 d:- ref:0 ;
in:1096 out:1098 type:b dur:2 cpbdur:2 q:35.06 aq:35.42 tex:3536 mv:3570 misc:1134 imb:14 pmb:320 smb:1706 d:- ref:0 ;
in:1098 out:1099 type:b dur:2 cpbdur:2 q:35.07 aq:34.88 tex:4565 mv:3382 misc:1149 imb:16 pmb:324 smb:1700 d:- ref:0 ;
in:1103 out:1100 type:P dur:2 cpbdur:2 q:35.08 aq:30.37 tex:48237 mv:12909 misc:1398 imb:290 pmb:1023 smb:727 d:- ref:0 ;
in:1101 out:1101 type:B dur:2 cpbdur:2 q:35.08 aq:33.87 tex:9524 mv:6823 misc:1477 imb:44 pmb:544 smb:1452 d:- ref:0 ;
in:1100 out:1102 type:b dur:2 cpbdur:2 q:35.07 aq:36.23 tex:4059 mv:3141 misc:1104 imb:11 pmb:311 smb:1718 d:- ref:0 ;
in:1102 out:1103 type:b dur:2 cpbdur:2 q:35.08 aq:35.17 tex:4131 mv:3375 misc:1102 imb:16 pmb:301 smb:1723 d:- ref:0 ;
in:1107 out:1104 type:P dur:2 cpbdur:2 q:35.10 aq:30.42 tex:45935 mv:12850 misc:1463 imb:262 pmb:1052 smb:726 d:- ref:0 ;
in:1105 out:1105 type:B dur:2 cpbdur:2 q:35.09 aq:31.89 tex:9964 mv:6593 misc:1587 imb:40 pmb:549 smb:1451 d:- ref:0 ;
in:1104 out:1106 type:b dur:2 cpbdur:2 q:35.09 aq:34.52 tex:4251 mv:3109 misc:1080 imb:11 pmb:288 smb:1741 d:- ref:0 ;
in:1106 out:1107 type:b dur:2 cpbdur:2 q:35.09 aq:36.13 tex:3486 mv:2803 misc:1063 imb:13 pmb:267 smb:1760 d:- ref:0 ;
in:1111 out:1108 type:P dur:2 cpbdur:2 q:35.10 aq:30.11 tex:48324 mv:12080 misc:1468 imb:266 pmb:995 smb:779 d:- ref:0 ;
in:1109 out:1109 type:B dur:2 cpbdur:2 q:35.10 aq:33.02 tex:8686 mv:5496 misc:1474 imb:22 pmb:492 smb:1526 d:- ref:0 ;
in:1108 out:1110 type:b dur:2 cpbdur:2 q:35.10 aq:32.36 tex:3619 mv:2391 misc:942 imb:11 pmb:222 smb:1807 d:- ref:0 ;
in:1110 out:1111 type:b dur:2 cpbdur:2 q:35.10 aq:34.49 tex:3530 mv:2399 misc:831 imb:12 pmb:196 smb:1832 d:- ref:0 ;
in:1115 out:1112 type:P dur:2 cpbdur:2 q:35.11 aq:30.06 tex:44581 mv:11516 misc:1487 imb:238 pmb:969 smb:833 d:- ref:0 ;
in:1113 out:1113 type:B dur:2 cpbdur:2 q:35.10 aq:33.51 tex:9465 mv:5422 misc:1457 imb:31 pmb:490 smb:1519 d:- ref:0 ;
in:1112 out:1114 type:b dur:2 cpbdur:2 q:35.10 aq:31.62 tex:3106 mv:2139 misc:819 imb:7 pmb:177 smb:1856 d:- ref:0 ;
in:1114 out:1115 type:b dur:2 cpbdur:2 q:35.10 aq:34.97 tex:3688 mv:2424 misc:912 imb:9 pmb:214 smb:1817 d:- ref:0 ;
in:1119 out:1116 type:P dur:2 cpbdur:2 q:35.11 aq:30.48 tex:44633 mv:11154 misc:1429 imb:214 pmb:968 smb:858 d:- ref:0 ;
in:1117 out:1117 type:B dur:2 cpbdur:2 q:35.11 aq:34.42 tex:8903 mv:5280 misc:1329 imb:27 pmb:454 smb:1559 d:- ref:0 ;
in:1116 out:1118 type:b dur:2 cpbdur:2 q:35.11 aq:31.35 tex:2827 mv:2088 misc:765 imb:12 pmb:177 smb:1851 d:- ref:0 ;
in:1118 out:1119 type:b dur:2 cpbdur:2 q:35.11 aq:35.85 tex:2722 mv:2048 misc:750 imb:9 pmb:176 smb:1855 d:- ref:0 ;
in:1123 out:1120 type:P dur:2 cpbdur:2 q:35.12 aq:30.35 tex:39550 mv:10715 misc:1503 imb:191 pmb:950 smb:899 d:- ref:0 ;
in:1121 out:1121 type:B dur:2 cpbdur:2 q:35.11 aq:33.67 tex:7532 mv:4980 misc:1376 imb:23 pmb:437 smb:1580 d:- ref:0 ;
in:1120 out:1122 type:b dur:2 cpbdur:2 q:35.11 aq:36.76 tex:2854 mv:1983 misc:707 imb:4 pmb:173 smb:1863 d:- ref:0 ;
in:1122 out:1123 type:b dur:2 cpbdur:2 q:35.11 aq:37.05 tex:2831 mv:2055 misc:738 imb:12 pmb:171 smb:1857 d:- ref:0 ;
in:1127 out:1124 type:P dur:2 cpbdur:2 q:35.10 aq:30.71 tex:39714 mv:10518 misc:1496 imb:185 pmb:932 smb:923 d:- ref:0 ;
in:1125 out:1125 type:B dur:2 cpbdur:2 q:35.11 aq:33.87 tex:6432 mv:4663 misc:1249 imb:16 pmb:410 smb:1614 d:- ref:0 ;
in:1124 out:1126 type:b dur:2 cpbdur:2 q:35.11 aq:36.32 tex:2614 mv:1866 misc:672 imb:6 pmb:156 smb:1878 d:- ref:0 ;
in:1126 out:1127 type:b dur:2 cpbdur:2 q:35.11 aq:35.17 tex:2487 mv:1967 misc:698 imb:9 pmb:156 smb:1875 d:- ref:0 ;
in:1131 out:1128 type:P dur:2 cpbdur:2 q:35.09 aq:30.30 tex:35285 mv:9556 misc:1559 imb:160 pmb:901 smb:979 d:- ref:0 ;
in:1129 out:1129 type:B dur:2 cpbdur:2 q:35.09 aq:31.58 tex:6837 mv:4999 misc:1356 imb:32 pmb:397 smb:1611 d:- ref:0 ;
in:1128 out:1130 type:b dur:2 cpbdur:2 q:35.10 aq:36.79 tex:2396 mv:1952 misc:716 imb:10 pmb:164 smb:1866 d:- ref:0 ;
in:1130 out:1131 type:b dur:2 cpbdur:2 q:35.09 aq:35.19 tex:2484 mv:2200 misc:732 imb:9 pmb:170 smb:1861 d:- ref:0 ;
in:1135 out:1132 type:P dur:2 cpbdur:2 q:35.07 aq:30.08 tex:48756 mv:9991 misc:1517 imb:194 pmb:954 smb:892 d:- ref:0 ;
in:1133 out:1133 type:B dur:2 cpbdur:2 q:35.08 aq:34.19 tex:7254 mv:4401 misc:1201 imb:29 pmb:399 smb:1612 d:- ref:0 ;
in:1132 out:1134 type:b dur:2 cpbdur:2 q:35.08 aq:30.65 tex:2906 mv:2003 misc:731 imb:10 pmb:161 smb:1869 d:- ref:0 ;
in:1134 out:1135 type:b dur:2 cpbdur:2 q:35.07 aq:33.34 tex:2748 mv:2147 misc:793 imb:11 pmb:175 smb:1854 d:- ref:0 ;
in:1139 out:1136 type:P dur:2 cpbdur:2 q:35.06 aq:30.14 tex:57901 mv:9857 misc:1506 imb:171 pmb:936 smb:933 d:- ref:0 ;
in:1137 out:1137 type:B dur:2 cpbdur:2 q:35.06 aq:32.15 tex:8466 mv:4810 misc:1132 imb:59 pmb:372 smb:1609 d:- ref:0 ;
in:1136 out:1138 type:b dur:2 cpbdur:2 q:35.06 aq:33.82 tex:4025 mv:2057 misc:798 imb:9 pmb:194 smb:1837 d:- ref:0 ;
in:1138 out:1139 type:b dur:2 cpbdur:2 q:35.06 aq:34.44 tex:2531 mv:2296 misc:869 imb:12 pmb:205 smb:1823 d:- ref:0 ;
in:1143 out:1140 type:P dur:2 cpbdur:2 q:35.06 aq:30.78 tex:37278 mv:9827 misc:1439 imb:146 pmb:988 smb:906 d:- ref:0 ;
in:1141 out:1141 type:B dur:2 cpbdur:2 q:35.06 aq:33.55 tex:6534 mv:4280 misc:1210 imb:21 pmb:375 smb:1644 d:- ref:0 ;
in:1140 out:1142 type:b dur:2 cpbdur:2 q:35.06 aq:33.65 tex:2916 mv:2091 misc:729 imb:7 pmb:176 smb:1857 d:- ref:0 ;
in:1142 out:1143 type:b dur:2 cpbdur:2 q:35.06 aq:34.40 tex:2714 mv:2293 misc:817 imb:15 pmb:183 smb:1842 d:- ref:0 ;
in:1147 out:1144 type:P dur:2 cpbdur:2 q:35.05 aq:30.04 tex:38954 mv:10233 misc:1485 imb:214 pmb:943 smb:883 d:- ref:0 ;
in:1145 out:1145 type:B dur:2 cpbdur:2 q:35.05 aq:32.99 tex:6670 mv:4429 misc:1197 imb:16 pmb:383 smb:1641 d:- ref:0 ;
in:1144 out:1146 type:b dur:2 cpbdur:2 q:35.05 aq:33.62 tex:3145 mv:2393 misc:766 imb:6 pmb:199 smb:1835 d:- ref:0 ;
in:1146 out:1147 type:b dur:2 cpbdur:2 q:35.05 aq:34.33 tex:3031 mv:2286 misc:771 imb:7 pmb:182 smb:1851 d:- ref:0 ;
in:1151 out:1148 type:P dur:2 cpbdur:2 q:35.03 aq:30.78 tex:39656 mv:10279 misc:1457 imb:173 pmb:962 smb:905 d:- ref:0 ;
in:1149 out:1149 type:B dur:2 cpbdur:2 q:35.04 aq:32.42 tex:7891 mv:5102 misc:1271 imb:22 pmb:426 smb:1592 d:- ref:0 ;
in:1148 out:1150 type:b dur:2 cpbdur:2 q:35.05 aq:33.32 tex:2607 mv:2255 misc:746 imb:10 pmb:177 smb:1853 d:- ref:0 ;
in:1150 out:1151 type:b dur:2 cpbdur:2 q:35.04 aq:33.11 tex:2474 mv:2589 misc:809 imb:11 pmb:193 smb:1836 d:- ref:0 ;
in:1155 out:1152 type:P dur:2 cpbdur:2 q:35.02 aq:30.67 tex:37321 mv:10298 misc:1485 imb:181 pmb:931 smb:928 d:- ref:0 ;
in:1153 out:1153 type:B dur:2 cpbdur:2 q:35.03 aq:32.97 tex:7537 mv:4864 misc:1279 imb:27 pmb:418 smb:1595 d:- ref:0 ;
in:1152 out:1154 type:b dur:2 cpbdur:2 q:35.03 aq:34.54 tex:4239 mv:2576 misc:745 imb:14 pmb:209 smb:1817 d:- ref:0 ;
in:1154 out:1155 type:b dur:2 cpbdur:2 q:35.03 aq:33.12 tex:4085 mv:2440 misc:811 imb:10 pmb:217 smb:1813 d:- ref:0 ;
in:1159 out:1156 type:P dur:2 cpbdur:2 q:35.00 aq:31.00 tex:37623 mv:9938 misc:1479 imb:223 pmb:921 smb:896 d:- ref:0 ;
in:1157 out:1157 type:B dur:2 cpbdur:2 q:35.01 aq:32.19 tex:7865 mv:4894 misc:1233 imb:21 pmb:429 smb:1590 d:- ref:0 ;
in:1156 out:1158 type:b dur:2 cpbdur:2 q:35.02 aq:34.54 tex:3724 mv:2253 misc:799 imb:11 pmb:199 smb:1830 d:- ref:0 ;
in:1158 out:1159 type:b dur:2 cpbdur:2 q:35.01 aq:33.60 tex:3595 mv:2508 misc:777 imb:13 pmb:202 smb:1825 d:- ref:0 ;
in:1161 out:1160 type:P dur:2 cpbdur:2 q:34.98 aq:30.98 tex:29852 mv:8083 misc:1601 imb:120 pmb:886 smb:1034 d:- ref:0 ;
in:1160 out:1161 type:b dur:2 cpbdur:2 q:34.99 aq:33.01 tex:3074 mv:2906 misc:836 imb:11 pmb:223 smb:1806 d:- ref:0 ;
in:1163 out:1162 type:P dur:2 cpbdur:2 q:34.99 aq:30.13 tex:34056 mv:9192 misc:1584 imb:168 pmb:938 smb:934 d:- ref:0 ;
in:1162 out:1163 type:b dur:2 cpbdur:2 q:34.99 aq:24.29 tex:7166 mv:9728 misc:282 imb:1948 pmb:60 smb:32 d:- ref:0 ;
in:1167 out:1164 type:P dur:2 cpbdur:2 q:34.99 aq:30.17 tex:44806 mv:11072 misc:1362 imb:205 pmb:983 smb:852 d:- ref:0 ;
in:1165 out:1165 type:B dur:2 cpbdur:2 q:34.99 aq:33.88 tex:9308 mv:5799 misc:1277 imb:35 pmb:468 smb:1537 d:- ref:0 ;
in:1164 out:1166 type:b dur:2 cpbdur:2 q:34.99 aq:33.46 tex:3130 mv:2826 misc:860 imb:7 pmb:229 smb:1804 d:- ref:0 ;
in:1166 out:1167 type:b dur:2 cpbdur:2 q:34.99 aq:32.58 tex:3646 mv:2716 misc:870 imb:9 pmb:230 smb:1801 d:- ref:0 ;
in:1171 out:1168 type:P dur:2 cpbdur:2 q:34.99 aq:30.27 tex:45342 mv:10925 misc:1389 imb:201 pmb:969 smb:870 d:- ref:0 ;
in:1169 out:1169 type:B dur:2 cpbdur:2 q:34.99 aq:33.87 tex:8759 mv:5615 misc:1346 imb:24 pmb:459 smb:1557 d:- ref:0 ;
in:1168 out:1170 type:b dur:2 cpbdur:2 q:34.99 aq:33.49 tex:3686 mv:2803 misc:847 imb:7 pmb:239 smb:1794 d:- ref:0 ;
in:1170 out:1171 type:b dur:2 cpbdur:2 q:34.99 aq:30.92 tex:3428 mv:2633 misc:947 imb:15 pmb:227 smb:1798 d:- ref:0 ;
in:1175 out:1172 type:P dur:2 cpbdur:2 q:35.00 aq:30.57 tex:47558 mv:11174 misc:1348 imb:215 pmb:974 smb:851 d:- ref:0 ;
in:1173 out:1173 type:B dur:2 cpbdur:2 q:35.00 aq:33.41 tex:10765 mv:6016 misc:1331 imb:33 pmb:478 smb:1529 d:- ref:0 ;
in:1172 out:1174 type:b dur:2 cpbdur:2 q:35.00 aq:36.56 tex:3793 mv:3038 misc:873 imb:13 pmb:242 smb:1785 d:- ref:0 ;
in:1174 out:1175 type:b dur:2 cpbdur:2 q:35.00 aq:35.54 tex:4434 mv:3132 misc:938 imb:15 pmb:254 smb:1771 d:- ref:0 ;
in:1179 out:1176 type:P dur:2 cpbdur:2 q:35.00 aq:30.44 tex:48241 mv:11361 misc:1342 imb:220 pmb:986 smb:834 d:- ref:0 ;
in:1177 out:1177 type:B dur:2 cpbdur:2 q:35.00 aq:33.19 tex:10421 mv:6291 misc:1408 imb:39 pmb:497 smb:1504 d:- ref:0 ;
in:1176 out:1178 type:b dur:2 cpbdur:2 q:35.00 aq:34.50 tex:3678 mv:2862 misc:916 imb:11 pmb:238 smb:1791 d:- ref:0 ;
in:1178 out:1179 type:b dur:2 cpbdur:2 q:35.00 aq:36.23 tex:3376 mv:2937 misc:975 imb:6 pmb:265 smb:1769 d:- ref:0 ;
in:1180 out:1180 type:P dur:2 cpbdur:2 q:35.01 aq:35.88 tex:7292 mv:3734 misc:1270 imb:48 pmb:404 smb:1588 d:- ref:0 ;
in:1181 out:1181 type:I dur:2 cpbdur:2 q:32.10 aq:26.50 tex:188024 mv:43189 misc:459 imb:2040 pmb:0 smb:0 d:- ref:;
in:1185 out:1182 type:P dur:2 cpbdur:2 q:35.20 aq:31.10 tex:40202 mv:9917 misc:1481 imb:156 pmb:873 smb:1011 d:- ref:0 ;
in:1183 out:1183 type:B dur:2 cpbdur:2 q:35.20 aq:35.18 tex:8954 mv:6208 misc:1262 imb:25 pmb:462 smb:1553 d:- ref:0 ;
in:1182 out:1184 type:b dur:2 cpbdur:2 q:35.20 aq:34.49 tex:3155 mv:2990 misc:927 imb:8 pmb:241 smb:1791 d:- ref:0 ;
in:1184 out:1185 type:b dur:2 cpbdur:2 q:35.20 aq:37.25 tex:3464 mv:3011 misc:949 imb:8 pmb:251 smb:1781 d:- ref:0 ;
in:1189 out:1186 type:P dur:2 cpbdur:2 q:35.17 aq:30.64 tex:46296 mv:10922 misc:1342 imb:218 pmb:953 smb:869 d:- ref:0 ;
in:1187 out:1187 type:B dur:2 cpbdur:2 q:35.19 aq:34.70 tex:9658 mv:6347 misc:1275 imb:25 pmb:477 smb:1538 d:- ref:0 ;
in:1186 out:1188 type:b dur:2 cpbdur:2 q:35.19 aq:36.69 tex:3863 mv:3155 misc:918 imb:10 pmb:255 smb:1775 d:- ref:0 ;
in:1188 out:1189 type:b dur:2 cpbdur:2 q:35.18 aq:35.91 tex:3708 mv:3171 misc:969 imb:9 pmb:271 smb:1760 d:- ref:0 ;
in:1193 out:1190 type:P dur:2 cpbdur:2 q:35.19 aq:31.09 tex:52705 mv:11400 misc:1415 imb:225 pmb:981 smb:834 d:- ref:0 ;
in:1191 out:1191 type:B dur:2 cpbdur:2 q:35.18 aq:34.78 tex:10162 mv:6403 misc:1411 imb:28 pmb:515 smb:1497 d:- ref:0 ;
in:1190 out:1192 type:b dur:2 cpbdur:2 q:35.18 aq:35.69 tex:3810 mv:3074 misc:948 imb:6 pmb:259 smb:1775 d:- ref:0 ;
in:1192 out:1193 type:b dur:2 cpbdur:2 q:35.19 aq:37.21 tex:3388 mv:3296 misc:940 imb:8 pmb:249 smb:1783 d:- ref:0 ;
in:1197 out:1194 type:P dur:2 cpbdur:2 q:35.20 aq:30.81 tex:56055 mv:11511 misc:1418 imb:213 pmb:1006 smb:821 d:- ref:0 ;
in:1195 out:1195 type:B dur:2 cpbdur:2 q:35.20 aq:34.08 tex:11293 mv:7348 misc:1431 imb:24 pmb:545 smb:1471 d:- ref:0 ;
in:1194 out:1196 type:b dur:2 cpbdur:2 q:35.20 aq:36.77 tex:3934 mv:3547 misc:1039 imb:11 pmb:279 smb:1750 d:- ref:0 ;
in:1196 out:1197 type:b dur:2 cpbdur:2 q:35.20 aq:34.01 tex:4387 mv:3591 misc:1078 imb:9 pmb:296 smb:1735 d:- ref:0 ;
in:1201 out:1198 type:P dur:2 cpbdur:2 q:35.23 aq:30.45 tex:55570 mv:11638 misc:1352 imb:252 pmb:976 smb:812 d:- ref:0 ;
in:1199 out:1199 type:B dur:2 cpbdur:2 q:35.22 aq:34.91 tex:11227 mv:6904 misc:1437 imb:27 pmb:549 smb:1464 d:- ref:0 ;
in:1198 out:1200 type:b dur:2 cpbdur:2 q:35.21 aq:35.83 tex:4212 mv:3623 misc:1053 imb:11 pmb:295 smb:1734 d:- ref:0 ;
in:1200 out:1201 type:b dur:2 cpbdur:2 q:35.22 aq:35.59 tex:4446 mv:3380 misc:1046 imb:7 pmb:286 smb:1747 d:- ref:0 ;
in:1205 out:1202 type:P dur:2 cpbdur:2 q:35.24 aq:30.29 tex:53482 mv:11696 misc:1374 imb:277 pmb:979 smb:784 d:- ref:0 ;
in:1203 out:1203 type:B dur:2 cpbdur:2 q:35.23 aq:35.35 tex:10215 mv:6850 misc:1431 imb:27 pmb:536 smb:1477 d:- ref:0 ;
in:1202 out:1204 type:b dur:2 cpbdur:2 q:35.23 aq:37.51 tex:3899 mv:3254 misc:1055 imb:16 pmb:255 smb:1769 d:- ref:0 ;
in:1204 out:1205 type:b dur:2 cpbdur:2 q:35.24 aq:34.60 tex:3801 mv:3434 misc:1053 imb:6 pmb:290 smb:1744 d:- ref:0 ;
in:1209 out:1206 type:P dur:2 cpbdur:2 q:35.26 aq:30.78 tex:53155 mv:11391 misc:1486 imb:251 pmb:982 smb:807 d:- ref:0 ;
in:1207 out:1207 type:B dur:2 cpbdur:2 q:35.25 aq:34.56 tex:10340 mv:6884 misc:1448 imb:25 pmb:546 smb:1469 d:- ref:0 ;
in:1206 out:1208 type:b dur:2 cpbdur:2 q:35.25 aq:37.20 tex:3805 mv:3358 misc:1061 imb:10 pmb:288 smb:1742 d:- ref:0 ;
in:1208 out:1209 type:b dur:2 cpbdur:2 q:35.26 aq:36.14 tex:4146 mv:3286 misc:1056 imb:9 pmb:291 smb:1740 d:- ref:0 ;
in:1213 out:1210 type:P dur:2 cpbdur:2 q:35.28 aq:31.08 tex:53859 mv:11792 misc:1245 imb:234 pmb:1003 smb:803 d:- ref:0 ;
in:1211 out:1211 type:B dur:2 cpbdur:2 q:35.27 aq:35.30 tex:10304 mv:6643 misc:1357 imb:34 pmb:512 smb:1494 d:- ref:0 ;
in:1210 out:1212 type:b dur:2 cpbdur:2 q:35.27 aq:36.22 tex:3834 mv:3153 misc:973 imb:11 pmb:260 smb:1769 d:- ref:0 ;
in:1212 out:1213 type:b dur:2 cpbdur:2 q:35.28 aq:34.85 tex:4112 mv:3224 misc:1008 imb:10 pmb:273 smb:1757 d:- ref:0 ;
in:1217 out:1214 type:P dur:2 cpbdur:2 q:35.29 aq:30.43 tex:56114 mv:11557 misc:1361 imb:268 pmb:978 smb:794 d:- ref:0 ;
in:1215 out:1215 type:B dur:2 cpbdur:2 q:35.29 aq:35.88 tex:9783 mv:6299 misc:1382 imb:26 pmb:490 smb:1524 d:- ref:0 ;
in:1214 out:1216 type:b dur:2 cpbdur:2 q:35.28 aq:33.62 tex:4153 mv:3313 misc:926 imb:12 pmb:260 smb:1768 d:- ref:0 ;
in:1216 out:1217 type:b dur:2 cpbdur:2 q:35.29 aq:36.07 tex:3840 mv:3436 misc:980 imb:13 pmb:277 smb:1750 d:- ref:0 ;
in:1221 out:1218 type:P dur:2 cpbdur:2 q:35.31 aq:30.84 tex:55201 mv:11241 misc:1438 imb:247 pmb:1001 smb:792 d:- ref:0 ;
in:1219 out:1219 type:B dur:2 cpbdur:2 q:35.30 aq:34.07 tex:10374 mv:6550 misc:1444 imb:25 pmb:529 smb:1486 d:- ref:0 ;
in:1218 out:1220 type:b dur:2 cpbdur:2 q:35.30 aq:33.87 tex:4110 mv:3300 misc:1030 imb:9 pmb:278 smb:1753 d:- ref:0 ;
in:1220 out:1221 type:b dur:2 cpbdur:2 q:35.30 aq:36.24 tex:3058 mv:3370 misc:1028 imb:7 pmb:256 smb:1777 d:- ref:0 ;
in:1225 out:1222 type:P dur:2 cpbdur:2 q:35.32 aq:30.38 tex:55385 mv:11296 misc:1407 imb:244 pmb:978 smb:818 d:- ref:0 ;
in:1223 out:1223 type:B dur:2 cpbdur:2 q:35.31 aq:34.30 tex:9176 mv:6907 misc:1437 imb:27 pmb:531 smb:1482 d:- ref:0 ;
in:1222 out:1224 type:b dur:2 cpbdur:2 q:35.31 aq:34.17 tex:3491 mv:3457 misc:1036 imb:18 pmb:270 smb:1752 d:- ref:0 ;
in:1224 out:1225 type:b dur:2 cpbdur:2 q:35.32 aq:35.58 tex:3782 mv:3133 misc:981 imb:17 pmb:261 smb:1762 d:- ref:0 ;
in:1229 out:1226 type:P dur:2 cpbdur:2 q:35.35 aq:30.25 tex:56286 mv:11333 misc:1413 imb:244 pmb:1002 smb:794 d:- ref:0 ;
in:1227 out:1227 type:B dur:2 cpbdur:2 q:35.33 aq:33.78 tex:8717 mv:6303 misc:1372 imb:22 pmb:490 smb:1528 d:- ref:0 ;
in:1226 out:1228 type:b dur:2 cpbdur:2 q:35.33 aq:35.30 tex:3279 mv:3322 misc:935 imb:11 pmb:261 smb:1768 d:- ref:0 ;
in:1228 out:1229 type:b dur:2 cpbdur:2 q:35.34 aq:36.71 tex:3343 mv:2979 misc:942 imb:8 pmb:257 smb:1775 d:- ref:0 ;
in:1233 out:1230 type:P dur:2 cpbdur:2 q:35.36 aq:30.35 tex:54951 mv:11238 misc:1435 imb:197 pmb:1039 smb:804 d:- ref:0 ;
in:1231 out:1231 type:B dur:2 cpbdur:2 q:35.35 aq:34.22 tex:9558 mv:6180 misc:1366 imb:22 pmb:495 smb:1523 d:- ref:0 ;
in:1230 out:1232 type:b dur:2 cpbdur:2 q:35.35 aq:34.36 tex:3672 mv:3051 misc:989 imb:12 pmb:249 smb:1779 d:- ref:0 ;
in:1232 out:1233 type:b dur:2 cpbdur:2 q:35.36 aq:34.79 tex:3307 mv:3068 misc:1009 imb:5 pmb:257 smb:1778 d:- ref:0 ;
in:1237 out:1234 type:P dur:2 cpbdur:2 q:35.37 aq:30.07 tex:58504 mv:11607 misc:1417 imb:273 pmb:1033 smb:734 d:- ref:0 ;
in:1235 out:1235 type:B dur:2 cpbdur:2 q:35.36 aq:34.65 tex:8582 mv:6140 misc:1398 imb:36 pmb:459 smb:1545 d:- ref:0 ;
in:1234 out:1236 type:b dur:2 cpbdur:2 q:35.36 aq:35.88 tex:3721 mv:2924 misc:931 imb:7 pmb:257 smb:1776 d:- ref:0 ;
in:1236 out:1237 type:b dur:2 cpbdur:2 q:35.36 aq:34.13 tex:3412 mv:3195 misc:1009 imb:10 pmb:261 smb:1769 d:- ref:0 ;
in:1241 out:1238 type:P dur:2 cpbdur:2 q:35.38 aq:30.16 tex:52755 mv:11666 misc:1475 imb:252 pmb:1025 smb:763 d:- ref:0 ;
in:1239 out:1239 type:B dur:2 cpbdur:2 q:35.37 aq:34.55 tex:9517 mv:5989 misc:1382 imb:23 pmb:488 smb:1529 d:- ref:0 ;
in:1238 out:1240 type:b dur:2 cpbdur:2 q:35.37 aq:34.90 tex:3358 mv:3383 misc:987 imb:8 pmb:257 smb:1775 d:- ref:0 ;
in:1240 out:1241 type:b dur:2 cpbdur:2 q:35.38 aq:35.14 tex:2859 mv:3147 misc:946 imb:5 pmb:260 smb:1775 d:- ref:0 ;
in:1245 out:1242 type:P dur:2 cpbdur:2 q:35.39 aq:30.52 tex:56088 mv:11667 misc:1429 imb:256 pmb:1022 smb:762 d:- ref:0 ;
in:1243 out:1243 type:B dur:2 cpbdur:2 q:35.39 aq:35.13 tex:8489 mv:6491 misc:1444 imb:13 pmb:511 smb:1516 d:- ref:0 ;
in:1242 out:1244 type:b dur:2 cpbdur:2 q:35.38 aq:34.97 tex:3130 mv:3233 misc:997 imb:8 pmb:257 smb:1775 d:- ref:0 ;
in:1244 out:1245 type:b dur:2 cpbdur:2 q:35.39 aq:36.99 tex:3421 mv:3326 misc:1005 imb:4 pmb:282 smb:1754 d:- ref:0 ;
in:1249 out:1246 type:P dur:2 cpbdur:2 q:35.41 aq:31.07 tex:56095 mv:11550 misc:1435 imb:220 pmb:1060 smb:760 d:- ref:0 ;
in:1247 out:1247 type:B dur:2 cpbdur:2 q:35.40 aq:34.66 tex:9852 mv:5594 misc:1298 imb:21 pmb:462 smb:1557 d:- ref:0 ;
in:1246 out:1248 type:b dur:2 cpbdur:2 q:35.40 aq:33.70 tex:3305 mv:3221 misc:1018 imb:5 pmb:266 smb:1769 d:- ref:0 ;
in:1248 out:1249 type:b dur:2 cpbdur:2 q:35.40 aq:35.79 tex:3967 mv:3200 misc:1001 imb:11 pmb:276 smb:1753 d:- ref:0 ;
in:1253 out:1250 type:P dur:2 cpbdur:2 q:35.42 aq:30.65 tex:53405 mv:11592 misc:1483 imb:256 pmb:1055 smb:729 d:- ref:0 ;
in:1251 out:1251 type:B dur:2 cpbdur:2 q:35.41 aq:34.69 tex:9865 mv:5907 misc:1420 imb:25 pmb:485 smb:1530 d:- ref:0 ;
in:1250 out:1252 type:b dur:2 cpbdur:2 q:35.41 aq:35.01 tex:3879 mv:3223 misc:1002 imb:13 pmb:273 smb:1754 d:- ref:0 ;
in:1252 out:1253 type:b dur:2 cpbdur:2 q:35.42 aq:33.61 tex:4221 mv:3640 misc:1091 imb:15 pmb:330 smb:1695 d:- ref:0 ;
in:1256 out:1254 type:P dur:2 cpbdur:2 q:35.43 aq:30.21 tex:47497 mv:10791 misc:1504 imb:215 pmb:1037 smb:788 d:- ref:0 ;
in:1254 out:1255 type:B dur:2 cpbdur:2 q:35.42 aq:35.97 tex:6205 mv:4372 misc:1263 imb:9 pmb:390 smb:1641 d:- ref:0 ;
in:1255 out:1256 type:b dur:2 cpbdur:2 q:35.43 aq:34.54 tex:3590 mv:3369 misc:1097 imb:8 pmb:289 smb:1743 d:- ref:0 ;
in:1260 out:1257 type:P dur:2 cpbdur:2 q:35.45 aq:30.65 tex:57879 mv:11509 misc:1364 imb:261 pmb:1060 smb:719 d:- ref:0 ;
in:1258 out:1258 type:B dur:2 cpbdur:2 q:35.44 aq:34.59 tex:9334 mv:5848 misc:1474 imb:16 pmb:502 smb:1522 d:- ref:0 ;
in:1257 out:1259 type:b dur:2 cpbdur:2 q:35.44 aq:35.98 tex:4005 mv:3146 misc:1009 imb:10 pmb:271 smb:1759 d:- ref:0 ;
in:1259 out:1260 type:b dur:2 cpbdur:2 q:35.45 aq:35.08 tex:3277 mv:3144 misc:1051 imb:9 pmb:286 smb:1745 d:- ref:0 ;
in:1264 out:1261 type:P dur:2 cpbdur:2 q:35.47 aq:30.20 tex:54701 mv:11791 misc:1404 imb:242 pmb:1074 smb:724 d:- ref:0 ;
in:1262 out:1262 type:B dur:2 cpbdur:2 q:35.46 aq:33.23 tex:8885 mv:5974 misc:1421 imb:17 pmb:491 smb:1532 d:- ref:0 ;
in:1261 out:1263 type:b dur:2 cpbdur:2 q:35.46 aq:33.75 tex:2977 mv:3143 misc:976 imb:4 pmb:274 smb:1762 d:- ref:0 ;
in:1263 out:1264 type:b dur:2 cpbdur:2 q:35.47 aq:35.99 tex:3426 mv:3171 misc:1059 imb:5 pmb:279 smb:1756 d:- ref:0 ;
in:1268 out:1265 type:P dur:2 cpbdur:2 q:35.48 aq:30.65 tex:53612 mv:11512 misc:1428 imb:200 pmb:1085 smb:755 d:- ref:0 ;
in:1266 out:1266 type:B dur:2 cpbdur:2 q:35.48 aq:34.80 tex:8677 mv:5915 misc:1496 imb:15 pmb:502 smb:1523 d:- ref:0 ;
in:1265 out:1267 type:b dur:2 cpbdur:2 q:35.47 aq:35.01 tex:2825 mv:3179 misc:1028 imb:4 pmb:278 smb:1758 d:- ref:0 ;
in:1267 out:1268 type:b dur:2 cpbdur:2 q:35.48 aq:34.75 tex:3138 mv:3112 misc:1102 imb:8 pmb:284 smb:1748 d:- ref:0 ;
in:1272 out:1269 type:P dur:2 cpbdur:2 q:35.49 aq:30.26 tex:52045 mv:11528 misc:1459 imb:219 pmb:1053 smb:768 d:- ref:0 ;
in:1270 out:1270 type:B dur:2 cpbdur:2 q:35.49 aq:32.72 tex:8933 mv:6403 misc:1528 imb:24 pmb:529 smb:1487 d:- ref:0 ;
in:1269 out:1271 type:b dur:2 cpbdur:2 q:35.48 aq:33.72 tex:3066 mv:3014 misc:1040 imb:7 pmb:265 smb:1768 d:- ref:0 ;
in:1271 out:1272 type:b dur:2 cpbdur:2 q:35.49 aq:35.58 tex:4097 mv:3166 misc:1033 imb:5 pmb:289 smb:1746 d:- ref:0 ;
in:1276 out:1273 type:P dur:2 cpbdur:2 q:35.49 aq:30.49 tex:51225 mv:11390 misc:1409 imb:225 pmb:1071 smb:744 d:- ref:0 ;
in:1274 out:1274 type:B dur:2 cpbdur:2 q:35.49 aq:33.54 tex:8601 mv:6058 misc:1461 imb:16 pmb:500 smb:1524 d:- ref:0 ;
in:1273 out:1275 type:b dur:2 cpbdur:2 q:35.49 aq:35.93 tex:3968 mv:3009 misc:1095 imb:2 pmb:293 smb:1745 d:- ref:0 ;
in:1275 out:1276 type:b dur:2 cpbdur:2 q:35.49 aq:35.43 tex:3772 mv:3045 misc:1071 imb:7 pmb:290 smb:1743 d:- ref:0 ;
in:1280 out:1277 type:P dur:2 cpbdur:2 q:35.50 aq:30.05 tex:49731 mv:11144 misc:1493 imb:200 pmb:1044 smb:796 d:- ref:0 ;
in:1278 out:1278 type:B dur:2 cpbdur:2 q:35.50 aq:33.60 tex:8504 mv:6115 misc:1501 imb:12 pmb:517 smb:1511 d:- ref:0 ;
in:1277 out:1279 type:b dur:2 cpbdur:2 q:35.50 aq:34.79 tex:3506 mv:3020 misc:1034 imb:3 pmb:270 smb:1767 d:- ref:0 ;
in:1279 out:1280 type:b dur:2 cpbdur:2 q:35.50 aq:34.76 tex:3317 mv:3264 misc:1099 imb:8 pmb:270 smb:1762 d:- ref:0 ;
in:1284 out:1281 type:P dur:2 cpbdur:2 q:35.51 aq:30.42 tex:49739 mv:10987 misc:1450 imb:174 pmb:1049 smb:817 d:- ref:0 ;
in:1282 out:1282 type:B dur:2 cpbdur:2 q:35.51 aq:34.46 tex:7802 mv:5775 misc:1415 imb:10 pmb:484 smb:1546 d:- ref:0 ;
in:1281 out:1283 type:b dur:2 cpbdur:2 q:35.51 aq:33.88 tex:3110 mv:3101 misc:1021 imb:1 pmb:270 smb:1769 d:- ref:0 ;
in:1283 out:1284 type:b dur:2 cpbdur:2 q:35.51 aq:35.08 tex:2932 mv:2854 misc:1046 imb:8 pmb:255 smb:1777 d:- ref:0 ;
in:1288 out:1285 type:P dur:2 cpbdur:2 q:35.52 aq:30.34 tex:49568 mv:10766 misc:1450 imb:198 pmb:1033 smb:809 d:- ref:0 ;
in:1286 out:1286 type:B dur:2 cpbdur:2 q:35.51 aq:33.43 tex:8006 mv:5514 misc:1400 imb:33 pmb:434 smb:1573 d:- ref:0 ;
in:1285 out:1287 type:b dur:2 cpbdur:2 q:35.51 aq:34.95 tex:3634 mv:2956 misc:1074 imb:10 pmb:264 smb:1766 d:- ref:0 ;
in:1287 out:1288 type:b dur:2 cpbdur:2 q:35.52 aq:35.98 tex:3846 mv:2784 misc:1090 imb:5 pmb:270 smb:1765 d:- ref:0 ;
in:1292 out:1289 type:P dur:2 cpbdur:2 q:35.51 aq:30.91 tex:45035 mv:10303 misc:1454 imb:190 pmb:998 smb:852 d:- ref:0 ;
in:1290 out:1290 type:B dur:2 cpbdur:2 q:35.52 aq:34.34 tex:8072 mv:5892 misc:1436 imb:15 pmb:479 smb:1546 d:- ref:0 ;
in:1289 out:1291 type:b dur:2 cpbdur:2 q:35.52 aq:35.84 tex:3454 mv:2915 misc:1079 imb:10 pmb:266 smb:1764 d:- ref:0 ;
in:1291 out:1292 type:b dur:2 cpbdur:2 q:35.52 aq:36.57 tex:3862 mv:3006 misc:1084 imb:8 pmb:289 smb:1743 d:- ref:0 ;
in:1296 out:1293 type:P dur:2 cpbdur:2 q:35.52 aq:30.23 tex:46580 mv:10278 misc:1550 imb:200 pmb:971 smb:869 d:- ref:0 ;
in:1294 out:1294 type:B dur:2 cpbdur:2 q:35.52 aq:34.48 tex:10586 mv:5656 misc:1406 imb:28 pmb:478 smb:1534 d:- ref:0 ;
in:1293 out:1295 type:b dur:2 cpbdur:2 q:35.52 aq:36.72 tex:3359 mv:2933 misc:1020 imb:5 pmb:266 smb:1769 d:- ref:0 ;
in:1295 out:1296 type:b dur:2 cpbdur:2 q:35.52 aq:37.40 tex:4278 mv:3069 misc:1093 imb:7 pmb:292 smb:1741 d:- ref:0 ;
in:1300 out:1297 type:P dur:2 cpbdur:2 q:35.52 aq:30.26 tex:48794 mv:10877 misc:1369 imb:238 pmb:978 smb:824 d:- ref:0 ;
in:1298 out:1298 type:B dur:2 cpbdur:2 q:35.52 aq:33.75 tex:12179 mv:6428 misc:1497 imb:29 pmb:536 smb:1475 d:- ref:0 ;
in:1297 out:1299 type:b dur:2 cpbdur:2 q:35.52 aq:35.81 tex:3899 mv:3497 misc:1044 imb:7 pmb:311 smb:1722 d:- ref:0 ;
in:1299 out:1300 type:b dur:2 cpbdur:2 q:35.52 aq:35.68 tex:4514 mv:3347 misc:1099 imb:10 pmb:300 smb:1730 d:- ref:0 ;
in:1304 out:1301 type:P dur:2 cpbdur:2 q:35.52 aq:30.08 tex:44236 mv:10489 misc:1371 imb:211 pmb:969 smb:860 d:- ref:0 ;
in:1302 out:1302 type:B dur:2 cpbdur:2 q:35.52 aq:34.05 tex:9819 mv:5933 misc:1472 imb:25 pmb:517 smb:1498 d:- ref:0 ;
in:1301 out:1303 type:b dur:2 cpbdur:2 q:35.52 aq:34.07 tex:4151 mv:3165 misc:1020 imb:10 pmb:271 smb:1759 d:- ref:0 ;
in:1303 out:1304 type:b dur:2 cpbdur:2 q:35.52 aq:36.62 tex:3927 mv:2994 misc:1023 imb:5 pmb:278 smb:1757 d:- ref:0 ;
in:1308 out:1305 type:P dur:2 cpbdur:2 q:35.52 aq:31.01 tex:43915 mv:10375 misc:1358 imb:177 pmb:954 smb:909 d:- ref:0 ;
in:1306 out:1306 type:B dur:2 cpbdur:2 q:35.52 aq:34.14 tex:9527 mv:5708 misc:1421 imb:21 pmb:480 smb:1539 d:- ref:0 ;
in:1305 out:1307 type:b dur:2 cpbdur:2 q:35.52 aq:36.92 tex:3454 mv:2728 misc:994 imb:1 pmb:258 smb:1781 d:- ref:0 ;
in:1307 out:1308 type:b dur:2 cpbdur:2 q:35.52 aq:37.46 tex:4507 mv:3100 misc:1033 imb:7 pmb:277 smb:1756 d:- ref:0 ;
in:1312 out:1309 type:P dur:2 cpbdur:2 q:35.53 aq:30.94 tex:53377 mv:10048 misc:1391 imb:305 pmb:831 smb:904 d:- ref:0 ;
in:1310 out:1310 type:B dur:2 cpbdur:2 q:35.53 aq:33.67 tex:8212 mv:5864 misc:1428 imb:8 pmb:451 smb:1581 d:- ref:0 ;
in:1309 out:1311 type:b dur:2 cpbdur:2 q:35.52 aq:36.38 tex:3099 mv:3172 misc:1001 imb:5 pmb:253 smb:1782 d:- ref:0 ;
in:1311 out:1312 type:b dur:2 cpbdur:2 q:35.53 aq:34.81 tex:3990 mv:3200 misc:994 imb:4 pmb:264 smb:1772 d:- ref:0 ;
in:1316 out:1313 type:P dur:2 cpbdur:2 q:35.53 aq:31.45 tex:37353 mv:9847 misc:1328 imb:323 pmb:829 smb:888 d:- ref:0 ;
in:1314 out:1314 type:B dur:2 cpbdur:2 q:35.53 aq:33.76 tex:9801 mv:6330 misc:1461 imb:23 pmb:526 smb:1491 d:- ref:0 ;
in:1313 out:1315 type:b dur:2 cpbdur:2 q:35.53 aq:34.44 tex:3275 mv:3419 misc:1002 imb:3 pmb:272 smb:1765 d:- ref:0 ;
in:1315 out:1316 type:b dur:2 cpbdur:2 q:35.53 aq:34.33 tex:2910 mv:3067 misc:999 imb:5 pmb:250 smb:1785 d:- ref:0 ;
in:1320 out:1317 type:P dur:2 cpbdur:2 q:35.53 aq:30.23 tex:32324 mv:9560 misc:1428 imb:325 pmb:790 smb:925 d:- ref:0 ;
in:1318 out:1318 type:B dur:2 cpbdur:2 q:35.53 aq:32.95 tex:7401 mv:5504 misc:1383 imb:17 pmb:465 smb:1558 d:- ref:0 ;
in:1317 out:1319 type:b dur:2 cpbdur:2 q:35.53 aq:34.98 tex:3138 mv:2901 misc:985 imb:8 pmb:242 smb:1790 d:- ref:0 ;
in:1319 out:1320 type:b dur:2 cpbdur:2 q:35.53 aq:33.53 tex:2667 mv:2964 misc:1081 imb:4 pmb:263 smb:1773 d:- ref:0 ;
in:1324 out:1321 type:P dur:2 cpbdur:2 q:35.52 aq:30.00 tex:39803 mv:9952 misc:1189 imb:488 pmb:672 smb:880 d:- ref:0 w:6,61,2 ;
in:1322 out:1322 type:B dur:2 cpbdur:2 q:35.52 aq:34.48 tex:10014 mv:6039 misc:1395 imb:19 pmb:519 smb:1502 d:- ref:0 ;
in:1321 out:1323 type:b dur:2 cpbdur:2 q:35.53 aq:36.13 tex:2796 mv:3100 misc:976 imb:7 pmb:248 smb:1785 d:- ref:0 ;
in:1323 out:1324 type:b dur:2 cpbdur:2 q:35.52 aq:33.47 tex:3771 mv:3083 misc:1090 imb:14 pmb:295 smb:1731 d:- ref:0 ;
in:1328 out:1325 type:P dur:2 cpbdur:2 q:35.50 aq:29.53 tex:21505 mv:8962 misc:1501 imb:297 pmb:698 smb:1045 d:- ref:0 ;
in:1326 out:1326 type:B dur:2 cpbdur:2 q:35.51 aq:32.51 tex:4520 mv:4676 misc:1332 imb:21 pmb:389 smb:1630 d:- ref:0 ;
in:1325 out:1327 type:b dur:2 cpbdur:2 q:35.51 aq:32.79 tex:1642 mv:2239 misc:671 imb:4 pmb:166 smb:1870 d:- ref:0 ;
in:1327 out:1328 type:b dur:2 cpbdur:2 q:35.51 aq:31.88 tex:1913 mv:2112 misc:767 imb:4 pmb:168 smb:1868 d:- ref:0 ;
in:1332 out:1329 type:P dur:2 cpbdur:2 q:35.48 aq:30.34 tex:29463 mv:10919 misc:1082 imb:586 pmb:720 smb:734 d:- ref:0 ;
in:1330 out:1330 type:B dur:2 cpbdur:2 q:35.49 aq:31.16 tex:4588 mv:4834 misc:1298 imb:16 pmb:393 smb:1631 d:- ref:0 ;
in:1329 out:1331 type:b dur:2 cpbdur:2 q:35.50 aq:31.47 tex:1603 mv:2426 misc:907 imb:8 pmb:189 smb:1843 d:- ref:0 ;
in:1331 out:1332 type:b dur:2 cpbdur:2 q:35.49 aq:33.70 tex:1206 mv:2008 misc:730 imb:3 pmb:160 smb:1877 d:- ref:0 ;
in:1336 out:1333 type:P dur:2 cpbdur:2 q:35.45 aq:30.38 tex:25204 mv:11272 misc:1140 imb:534 pmb:729 smb:777 d:- ref:0 ;
in:1334 out:1334 type:B dur:2 cpbdur:2 q:35.46 aq:30.01 tex:3949 mv:5245 misc:1398 imb:30 pmb:416 smb:1594 d:- ref:0 ;
in:1333 out:1335 type:b dur:2 cpbdur:2 q:35.47 aq:30.75 tex:1529 mv:2052 misc:739 imb:5 pmb:162 smb:1873 d:- ref:0 ;
in:1335 out:1336 type:b dur:2 cpbdur:2 q:35.46 aq:35.01 tex:1587 mv:1972 misc:785 imb:5 pmb:174 smb:1861 d:- ref:0 ;
in:1340 out:1337 type:P dur:2 cpbdur:2 q:35.41 aq:31.26 tex:21272 mv:11066 misc:1238 imb:532 pmb:719 smb:789 d:- ref:0 ;
in:1338 out:1338 type:B dur:2 cpbdur:2 q:35.43 aq:31.01 tex:4355 mv:5569 misc:1476 imb:32 pmb:446 smb:1562 d:- ref:0 ;
in:1337 out:1339 type:b dur:2 cpbdur:2 q:35.44 aq:31.70 tex:1685 mv:2166 misc:845 imb:8 pmb:186 smb:1846 d:- ref:0 ;
in:1339 out:1340 type:b dur:2 cpbdur:2 q:35.42 aq:30.43 tex:1759 mv:2328 misc:913 imb:10 pmb:208 smb:1822 d:- ref:0 ;
in:1343 out:1341 type:P dur:2 cpbdur:2 q:35.38 aq:31.53 tex:19760 mv:11134 misc:1314 imb:877 pmb:592 smb:571 d:- ref:0 ;
in:1341 out:1342 type:B dur:2 cpbdur:2 q:35.40 aq:32.55 tex:2917 mv:4281 misc:1362 imb:42 pmb:360 smb:1638 d:- ref:0 ;
in:1342 out:1343 type:b dur:2 cpbdur:2 q:35.39 aq:32.12 tex:1751 mv:3302 misc:1267 imb:40 pmb:287 smb:1713 d:- ref:0 ;
in:1345 out:1344 type:P dur:2 cpbdur:2 q:35.36 aq:32.45 tex:37816 mv:12563 misc:701 imb:1433 pmb:416 smb:191 d:- ref:0 ;
in:1344 out:1345 type:b dur:2 cpbdur:2 q:35.37 aq:32.24 tex:4272 mv:4576 misc:1232 imb:251 pmb:225 smb:1564 d:- ref:0 ;
in:1346 out:1346 type:I dur:2 cpbdur:2 q:32.55 aq:29.30 tex:83006 mv:31366 misc:468 imb:2040 pmb:0 smb:0 d:- ref:;
in:1348 out:1347 type:P dur:2 cpbdur:2 q:35.41 aq:31.02 tex:69055 mv:14181 misc:388 imb:1477 pmb:541 smb:22 d:- ref:0 w:6,93,-10,6,79,-32,64,0 ;
in:1347 out:1348 type:b dur:2 cpbdur:2 q:35.41 aq:33.84 tex:4291 mv:3479 misc:1238 imb:182 pmb:194 smb:1664 d:- ref:0 ;
in:1352 out:1349 type:P dur:2 cpbdur:2 q:35.42 aq:29.58 tex:49619 mv:12299 misc:1178 imb:944 pmb:796 smb:300 d:- ref:0 w:5,37,-3 ;
in:1350 out:1350 type:B dur:2 cpbdur:2 q:35.41 aq:32.58 tex:3697 mv:5308 misc:1555 imb:154 pmb:401 smb:1485 d:- ref:0 ;
in:1349 out:1351 type:b dur:2 cpbdur:2 q:35.41 aq:31.43 tex:1173 mv:1772 misc:871 imb:33 pmb:147 smb:1860 d:- ref:0 ;
in:1351 out:1352 type:b dur:2 cpbdur:2 q:35.41 aq:31.77 tex:334 mv:452 misc:558 imb:1 pmb:103 smb:1936 d:- ref:0 ;
in:1356 out:1353 type:P dur:2 cpbdur:2 q:35.48 aq:28.77 tex:24633 mv:8195 misc:1516 imb:298 pmb:748 smb:994 d:- ref:0 ;
in:1354 out:1354 type:B dur:2 cpbdur:2 q:35.45 aq:31.58 tex:3056 mv:3215 misc:1161 imb:27 pmb:336 smb:1677 d:- ref:0 ;
in:1353 out:1355 type:b dur:2 cpbdur:2 q:35.43 aq:32.92 tex:265 mv:395 misc:652 imb:2 pmb:111 smb:1927 d:- ref:0 ;
in:1355 out:1356 type:b dur:2 cpbdur:2 q:35.46 aq:33.63 tex:201 mv:450 misc:493 imb:5 pmb:89 smb:1946 d:- ref:0 ;
in:1360 out:1357 type:P dur:2 cpbdur:2 q:35.47 aq:29.12 tex:16604 mv:5915 misc:1553 imb:173 pmb:610 smb:1257 d:- ref:0 ;
in:1358 out:1358 type:B dur:2 cpbdur:2 q:35.48 aq:32.53 tex:1010 mv:1361 misc:773 imb:10 pmb:135 smb:1895 d:- ref:0 ;
in:1357 out:1359 type:b dur:2 cpbdur:2 q:35.48 aq:33.86 tex:89 mv:259 misc:436 imb:2 pmb:73 smb:1965 d:- ref:0 ;
in:1359 out:1360 type:b dur:2 cpbdur:2 q:35.48 aq:34.55 tex:165 mv:320 misc:411 imb:0 pmb:69 smb:1971 d:- ref:0 ;
in:1364 out:1361 type:P dur:2 cpbdur:2 q:35.42 aq:28.58 tex:17908 mv:6830 misc:1686 imb:203 pmb:666 smb:1171 d:- ref:0 ;
in:1362 out:1362 type:B dur:2 cpbdur:2 q:35.45 aq:26.78 tex:266 mv:901 misc:785 imb:8 pmb:148 smb:1884 d:- ref:0 ;
in:1361 out:1363 type:b dur:2 cpbdur:2 q:35.46 aq:32.18 tex:736 mv:1073 misc:559 imb:14 pmb:104 smb:1922 d:- ref:0 ;
in:1363 out:1364 type:b dur:2 cpbdur:2 q:35.43 aq:25.95 tex:47 mv:32 misc:193 imb:1 pmb:3 smb:2036 d:- ref:0 ;
in:1368 out:1365 type:P dur:2 cpbdur:2 q:35.36 aq:28.73 tex:22650 mv:6324 misc:1642 imb:202 pmb:630 smb:1208 d:- ref:0 ;
in:1366 out:1366 type:B dur:2 cpbdur:2 q:35.39 aq:32.29 tex:695 mv:1675 misc:790 imb:15 pmb:156 smb:1869 d:- ref:0 ;
in:1365 out:1367 type:b dur:2 cpbdur:2 q:35.40 aq:28.85 tex:59 mv:331 misc:490 imb:3 pmb:82 smb:1955 d:- ref:0 ;
in:1367 out:1368 type:b dur:2 cpbdur:2 q:35.37 aq:32.10 tex:99 mv:389 misc:440 imb:1 pmb:92 smb:1947 d:- ref:0 ;
in:1372 out:1369 type:P dur:2 cpbdur:2 q:35.29 aq:28.63 tex:33467 mv:8161 misc:1596 imb:315 pmb:707 smb:1018 d:- ref:0 ;
in:1370 out:1370 type:B dur:2 cpbdur:2 q:35.32 aq:30.81 tex:1693 mv:2385 misc:946 imb:24 pmb:228 smb:1788 d:- ref:0 ;
in:1369 out:1371 type:b dur:2 cpbdur:2 q:35.34 aq:33.14 tex:889 mv:1150 misc:609 imb:14 pmb:111 smb:1915 d:- ref:0 ;
in:1371 out:1372 type:b dur:2 cpbdur:2 q:35.31 aq:30.09 tex:150 mv:435 misc:495 imb:6 pmb:83 smb:1951 d:- ref:0 ;
in:1376 out:1373 type:P dur:2 cpbdur:2 q:35.24 aq:28.73 tex:16108 mv:5620 misc:1672 imb:130 pmb:627 smb:1283 d:- ref:0 ;
in:1374 out:1374 type:B dur:2 cpbdur:2 q:35.26 aq:28.32 tex:283 mv:594 misc:683 imb:5 pmb:122 smb:1913 d:- ref:0 ;
in:1373 out:1375 type:b dur:2 cpbdur:2 q:35.28 aq:28.19 tex:69 mv:39 misc:196 imb:2 pmb:3 smb:2035 d:- ref:0 ;
in:1375 out:1376 type:b dur:2 cpbdur:2 q:35.25 aq:33.41 tex:195 mv:251 misc:450 imb:1 pmb:63 smb:1976 d:- ref:0 ;
in:1380 out:1377 type:P dur:2 cpbdur:2 q:35.19 aq:28.61 tex:21121 mv:7722 misc:1597 imb:288 pmb:697 smb:1055 d:- ref:0 ;
in:1378 out:1378 type:B dur:2 cpbdur:2 q:35.21 aq:31.58 tex:1360 mv:1935 misc:841 imb:10 pmb:189 smb:1841 d:- ref:0 ;
in:1377 out:1379 type:b dur:2 cpbdur:2 q:35.23 aq:33.63 tex:542 mv:743 misc:547 imb:5 pmb:88 smb:1947 d:- ref:0 ;
in:1379 out:1380 type:b dur:2 cpbdur:2 q:35.20 aq:36.26 tex:91 mv:249 misc:380 imb:1 pmb:52 smb:1987 d:- ref:0 ;
in:1384 out:1381 type:P dur:2 cpbdur:2 q:35.13 aq:28.65 tex:20382 mv:6796 misc:1638 imb:188 pmb:716 smb:1136 d:- ref:0 ;
in:1382 out:1382 type:B dur:2 cpbdur:2 q:35.16 aq:31.20 tex:1421 mv:1689 misc:738 imb:9 pmb:162 smb:1869 d:- ref:0 ;
in:1381 out:1383 type:b dur:2 cpbdur:2 q:35.17 aq:29.00 tex:22 mv:275 misc:471 imb:1 pmb:80 smb:1959 d:- ref:0 ;
in:1383 out:1384 type:b dur:2 cpbdur:2 q:35.15 aq:30.21 tex:133 mv:304 misc:467 imb:2 pmb:73 smb:1965 d:- ref:0 ;
in:1388 out:1385 type:P dur:2 cpbdur:2 q:35.07 aq:29.13 tex:17722 mv:6746 misc:1708 imb:194 pmb:660 smb:1186 d:- ref:0 ;
in:1386 out:1386 type:B dur:2 cpbdur:2 q:35.10 aq:32.72 tex:385 mv:998 misc:577 imb:3 pmb:106 smb:1931 d:- ref:0 ;
in:1385 out:1387 type:b dur:2 cpbdur:2 q:35.12 aq:25.98 tex:82 mv:255 misc:487 imb:3 pmb:70 smb:1967 d:- ref:0 ;
in:1387 out:1388 type:b dur:2 cpbdur:2 q:35.08 aq:31.08 tex:77 mv:235 misc:504 imb:0 pmb:85 smb:1955 d:- ref:0 ;
in:1392 out:1389 type:P dur:2 cpbdur:2 q:35.02 aq:28.97 tex:19759 mv:6947 misc:1646 imb:195 pmb:701 smb:1144 d:- ref:0 ;
in:1390 out:1390 type:B dur:2 cpbdur:2 q:35.04 aq:31.31 tex:940 mv:1373 misc:623 imb:10 pmb:121 smb:1909 d:- ref:0 ;
in:1389 out:1391 type:b dur:2 cpbdur:2 q:35.06 aq:35.52 tex:117 mv:212 misc:447 imb:0 pmb:69 smb:1971 d:- ref:0 ;
in:1391 out:1392 type:b dur:2 cpbdur:2 q:35.03 aq:31.32 tex:133 mv:280 misc:499 imb:0 pmb:93 smb:1947 d:- ref:0 ;
in:1396 out:1393 type:P dur:2 cpbdur:2 q:34.95 aq:30.39 tex:13558 mv:5554 misc:1520 imb:163 pmb:538 smb:1339 d:- ref:0 ;
in:1394 out:1394 type:B dur:2 cpbdur:2 q:34.98 aq:31.86 tex:660 mv:1313 misc:635 imb:12 pmb:110 smb:1918 d:- ref:0 ;
in:1393 out:1395 type:b dur:2 cpbdur:2 q:35.00 aq:30.72 tex:190 mv:336 misc:482 imb:3 pmb:83 smb:1954 d:- ref:0 ;
in:1395 out:1396 type:b dur:2 cpbdur:2 q:34.97 aq:25.76 tex:79 mv:260 misc:485 imb:4 pmb:79 smb:1957 d:- ref:0 ;
in:1400 out:1397 type:P dur:2 cpbdur:2 q:34.89 aq:30.58 tex:22023 mv:8281 misc:1544 imb:406 pmb:629 smb:1005 d:- ref:0 ;
in:1398 out:1398 type:B dur:2 cpbdur:2 q:34.92 aq:32.68 tex:1967 mv:3089 misc:1032 imb:16 pmb:294 smb:1730 d:- ref:0 ;
in:1397 out:1399 type:b dur:2 cpbdur:2 q:34.93 aq:35.28 tex:606 mv:1209 misc:537 imb:12 pmb:106 smb:1922 d:- ref:0 ;
in:1399 out:1400 type:b dur:2 cpbdur:2 q:34.90 aq:31.77 tex:122 mv:449 misc:453 imb:7 pmb:64 smb:1969 d:- ref:0 ;
in:1402 out:1401 type:P dur:2 cpbdur:2 q:34.82 aq:31.07 tex:11133 mv:2851 misc:1480 imb:100 pmb:387 smb:1553 d:- ref:0 w:7,123,1,7,124,4,123,5 ;
in:1401 out:1402 type:b dur:2 cpbdur:2 q:34.85 aq:30.90 tex:113 mv:134 misc:289 imb:6 pmb:15 smb:2019 d:- ref:0 ;
in:1404 out:1403 type:P dur:2 cpbdur:2 q:34.80 aq:31.77 tex:37571 mv:7037 misc:1720 imb:326 pmb:639 smb:1075 d:- ref:0 w:7,121,1,7,123,5,124,4 ;
in:1403 out:1404 type:b dur:2 cpbdur:2 q:34.81 aq:31.95 tex:722 mv:964 misc:586 imb:13 pmb:101 smb:1926 d:- ref:0 ;
in:1406 out:1405 type:P dur:2 cpbdur:2 q:34.78 aq:31.79 tex:43612 mv:8743 misc:1437 imb:654 pmb:672 smb:714 d:- ref:0 w:7,113,1,6,57,15,64,0 ;
in:1405 out:1406 type:b dur:2 cpbdur:2 q:34.79 aq:33.23 tex:1458 mv:1764 misc:634 imb:51 pmb:96 smb:1893 d:- ref:0 ;
in:1410 out:1407 type:P dur:2 cpbdur:2 q:34.76 aq:31.02 tex:86426 mv:11564 misc:386 imb:1781 pmb:200 smb:59 d:- ref:0 ;
in:1408 out:1408 type:B dur:2 cpbdur:2 q:34.77 aq:32.09 tex:13262 mv:5450 misc:1488 imb:206 pmb:334 smb:1500 d:- ref:0 ;
in:1407 out:1409 type:b dur:2 cpbdur:2 q:34.78 aq:32.60 tex:2714 mv:1807 misc:887 imb:54 pmb:126 smb:1860 d:- ref:0 ;
in:1409 out:1410 type:b dur:2 cpbdur:2 q:34.77 aq:32.47 tex:5755 mv:4160 misc:1317 imb:153 pmb:229 smb:1658 d:- ref:0 ;
in:1413 out:1411 type:P dur:2 cpbdur:2 q:34.78 aq:29.67 tex:75789 mv:11281 misc:530 imb:1579 pmb:339 smb:122 d:- ref:0 ;
in:1411 out:1412 type:B dur:2 cpbdur:2 q:34.77 aq:30.98 tex:8420 mv:5886 misc:1454 imb:250 pmb:284 smb:1506 d:- ref:0 ;
in:1412 out:1413 type:b dur:2 cpbdur:2 q:34.78 aq:32.28 tex:4943 mv:3398 misc:1155 imb:85 pmb:216 smb:1739 d:- ref:0 ;
in:1417 out:1414 type:P dur:2 cpbdur:2 q:34.85 aq:28.57 tex:64990 mv:11560 misc:794 imb:1215 pmb:526 smb:299 d:- ref:0 ;
in:1415 out:1415 type:B dur:2 cpbdur:2 q:34.81 aq:30.42 tex:11495 mv:7266 misc:1655 imb:268 pmb:444 smb:1328 d:- ref:0 ;
in:1414 out:1416 type:b dur:2 cpbdur:2 q:34.80 aq:32.06 tex:3800 mv:2932 misc:1100 imb:38 pmb:237 smb:1765 d:- ref:0 ;
in:1416 out:1417 type:b dur:2 cpbdur:2 q:34.83 aq:33.68 tex:2997 mv:2718 misc:1101 imb:22 pmb:262 smb:1756 d:- ref:0 ;
in:1421 out:1418 type:P dur:2 cpbdur:2 q:34.88 aq:29.25 tex:50849 mv:8154 misc:1165 imb:321 pmb:604 smb:1115 d:- ref:0 ;
in:1419 out:1419 type:B dur:2 cpbdur:2 q:34.86 aq:32.22 tex:9892 mv:5422 misc:1254 imb:48 pmb:410 smb:1582 d:- ref:0 ;
in:1418 out:1420 type:b dur:2 cpbdur:2 q:34.85 aq:33.29 tex:3698 mv:2651 misc:947 imb:20 pmb:222 smb:1798 d:- ref:0 ;
in:1420 out:1421 type:b dur:2 cpbdur:2 q:34.87 aq:31.00 tex:3348 mv:2776 misc:988 imb:19 pmb:237 smb:1784 d:- ref:0 ;
in:1425 out:1422 type:P dur:2 cpbdur:2 q:34.90 aq:28.12 tex:46592 mv:8115 misc:1037 imb:284 pmb:616 smb:1140 d:- ref:0 ;
in:1423 out:1423 type:B dur:2 cpbdur:2 q:34.89 aq:31.71 tex:8922 mv:5501 misc:1257 imb:59 pmb:402 smb:1579 d:- ref:0 ;
in:1422 out:1424 type:b dur:2 cpbdur:2 q:34.88 aq:31.58 tex:2997 mv:2894 misc:973 imb:20 pmb:228 smb:1792 d:- ref:0 ;
in:1424 out:1425 type:b dur:2 cpbdur:2 q:34.89 aq:33.47 tex:3490 mv:2725 misc:905 imb:18 pmb:224 smb:1798 d:- ref:0 ;
in:1429 out:1426 type:P dur:2 cpbdur:2 q:34.90 aq:29.07 tex:46811 mv:7778 misc:1083 imb:268 pmb:617 smb:1155 d:- ref:0 ;
in:1427 out:1427 type:B dur:2 cpbdur:2 q:34.90 aq:32.51 tex:9171 mv:5292 misc:1233 imb:31 pmb:435 smb:1574 d:- ref:0 ;
in:1426 out:1428 type:b dur:2 cpbdur:2 q:34.90 aq:34.09 tex:3545 mv:2772 misc:931 imb:5 pmb:250 smb:1785 d:- ref:0 ;
in:1428 out:1429 type:b dur:2 cpbdur:2 q:34.90 aq:30.04 tex:2978 mv:2772 misc:970 imb:12 pmb:229 smb:1799 d:- ref:0 ;
in:1433 out:1430 type:P dur:2 cpbdur:2 q:34.89 aq:29.19 tex:49127 mv:8184 misc:1089 imb:251 pmb:659 smb:1130 d:- ref:0 ;
in:1431 out:1431 type:B dur:2 cpbdur:2 q:34.89 aq:31.09 tex:9939 mv:5513 misc:1244 imb:29 pmb:441 smb:1570 d:- ref:0 ;
in:1430 out:1432 type:b dur:2 cpbdur:2 q:34.90 aq:34.57 tex:3258 mv:2980 misc:986 imb:17 pmb:239 smb:1784 d:- ref:0 ;
in:1432 out:1433 type:b dur:2 cpbdur:2 q:34.89 aq:33.22 tex:3569 mv:2738 misc:981 imb:12 pmb:236 smb:1792 d:- ref:0 ;
in:1437 out:1434 type:P dur:2 cpbdur:2 q:34.88 aq:28.23 tex:48661 mv:8229 misc:1062 imb:227 pmb:659 smb:1154 d:- ref:0 ;
in:1435 out:1435 type:B dur:2 cpbdur:2 q:34.89 aq:30.56 tex:10106 mv:5351 misc:1223 imb:13 pmb:463 smb:1564 d:- ref:0 ;
in:1434 out:1436 type:b dur:2 cpbdur:2 q:34.89 aq:31.45 tex:3095 mv:2654 misc:987 imb:5 pmb:238 smb:1797 d:- ref:0 ;
in:1436 out:1437 type:b dur:2 cpbdur:2 q:34.89 aq:32.64 tex:3460 mv:2220 misc:864 imb:5 pmb:201 smb:1834 d:- ref:0 ;
in:1441 out:1438 type:P dur:2 cpbdur:2 q:34.88 aq:29.11 tex:47465 mv:8309 misc:1074 imb:252 pmb:669 smb:1119 d:- ref:0 ;
in:1439 out:1439 type:B dur:2 cpbdur:2 q:34.88 aq:31.67 tex:8942 mv:5582 misc:1196 imb:40 pmb:416 smb:1584 d:- ref:0 ;
in:1438 out:1440 type:b dur:2 cpbdur:2 q:34.88 aq:32.99 tex:3494 mv:2420 misc:918 imb:8 pmb:218 smb:1814 d:- ref:0 ;
in:1440 out:1441 type:b dur:2 cpbdur:2 q:34.88 aq:31.92 tex:2975 mv:2466 misc:935 imb:3 pmb:239 smb:1798 d:- ref:0 ;
in:1445 out:1442 type:P dur:2 cpbdur:2 q:34.88 aq:27.96 tex:47103 mv:8177 misc:1128 imb:196 pmb:677 smb:1167 d:- ref:0 ;
in:1443 out:1443 type:B dur:2 cpbdur:2 q:34.88 aq:31.42 tex:8425 mv:5495 misc:1224 imb:17 pmb:449 smb:1574 d:- ref:0 ;
in:1442 out:1444 type:b dur:2 cpbdur:2 q:34.88 aq:32.00 tex:2843 mv:2241 misc:884 imb:3 pmb:210 smb:1827 d:- ref:0 ;
in:1444 out:1445 type:b dur:2 cpbdur:2 q:34.88 aq:31.64 tex:3164 mv:2254 misc:886 imb:6 pmb:203 smb:1831 d:- ref:0 ;
in:1449 out:1446 type:P dur:2 cpbdur:2 q:34.87 aq:28.50 tex:51236 mv:8331 misc:1089 imb:201 pmb:690 smb:1149 d:- ref:0 ;
in:1447 out:1447 type:B dur:2 cpbdur:2 q:34.88 aq:32.29 tex:8513 mv:5292 misc:1259 imb:19 pmb:434 smb:1587 d:- ref:0 ;
in:1446 out:1448 type:b dur:2 cpbdur:2 q:34.88 aq:33.74 tex:2963 mv:2274 misc:867 imb:6 pmb:195 smb:1839 d:- ref:0 ;
in:1448 out:1449 type:b dur:2 cpbdur:2 q:34.87 aq:32.31 tex:3367 mv:2144 misc:897 imb:9 pmb:199 smb:1832 d:- ref:0 ;
in:1453 out:1450 type:P dur:2 cpbdur:2 q:34.87 aq:28.69 tex:53647 mv:8499 misc:1094 imb:220 pmb:728 smb:1092 d:- ref:0 ;
in:1451 out:1451 type:B dur:2 cpbdur:2 q:34.87 aq:33.26 tex:8899 mv:4821 misc:1216 imb:22 pmb:413 smb:1605 d:- ref:0 ;
in:1450 out:1452 type:b dur:2 cpbdur:2 q:34.87 aq:32.09 tex:2724 mv:2230 misc:894 imb:2 pmb:207 smb:1831 d:- ref:0 ;
in:1452 out:1453 type:b dur:2 cpbdur:2 q:34.87 aq:33.78 tex:2911 mv:2187 misc:902 imb:5 pmb:196 smb:1839 d:- ref:0 ;
in:1457 out:1454 type:P dur:2 cpbdur:2 q:34.86 aq:29.20 tex:54401 mv:8732 misc:1131 imb:211 pmb:755 smb:1074 d:- ref:0 ;
in:1455 out:1455 type:B dur:2 cpbdur:2 q:34.87 aq:33.41 tex:8900 mv:5300 misc:1256 imb:17 pmb:448 smb:1575 d:- ref:0 ;
in:1454 out:1456 type:b dur:2 cpbdur:2 q:34.87 aq:34.49 tex:3662 mv:2282 misc:928 imb:8 pmb:213 smb:1819 d:- ref:0 ;
in:1456 out:1457 type:b dur:2 cpbdur:2 q:34.87 aq:35.97 tex:3058 mv:2218 misc:924 imb:7 pmb:220 smb:1813 d:- ref:0 ;
in:1461 out:1458 type:P dur:2 cpbdur:2 q:34.87 aq:28.05 tex:55330 mv:8886 misc:1120 imb:209 pmb:764 smb:1067 d:- ref:0 ;
in:1459 out:1459 type:B dur:2 cpbdur:2 q:34.87 aq:32.08 tex:9238 mv:4984 misc:1298 imb:19 pmb:445 smb:1576 d:- ref:0 ;
in:1458 out:1460 type:b dur:2 cpbdur:2 q:34.87 aq:33.38 tex:2894 mv:1930 misc:912 imb:7 pmb:191 smb:1842 d:- ref:0 ;
in:1460 out:1461 type:b dur:2 cpbdur:2 q:34.87 aq:32.82 tex:3258 mv:1997 misc:857 imb:6 pmb:201 smb:1833 d:- ref:0 ;
in:1465 out:1462 type:P dur:2 cpbdur:2 q:34.87 aq:28.68 tex:58850 mv:9225 misc:1125 imb:184 pmb:814 smb:1042 d:- ref:0 ;
in:1463 out:1463 type:B dur:2 cpbdur:2 q:34.87 aq:33.98 tex:10329 mv:5134 misc:1265 imb:30 pmb:449 smb:1561 d:- ref:0 ;
in:1462 out:1464 type:b dur:2 cpbdur:2 q:34.87 aq:34.03 tex:2969 mv:2213 misc:882 imb:11 pmb:194 smb:1835 d:- ref:0 ;
in:1464 out:1465 type:b dur:2 cpbdur:2 q:34.87 aq:33.04 tex:2899 mv:2122 misc:915 imb:10 pmb:207 smb:1823 d:- ref:0 ;
in:1469 out:1466 type:P dur:2 cpbdur:2 q:34.88 aq:28.16 tex:58851 mv:9182 misc:1247 imb:199 pmb:825 smb:1016 d:- ref:0 ;
in:1467 out:1467 type:B dur:2 cpbdur:2 q:34.87 aq:32.61 tex:9256 mv:5039 misc:1273 imb:12 pmb:438 smb:1590 d:- ref:0 ;
in:1466 out:1468 type:b dur:2 cpbdur:2 q:34.87 aq:36.00 tex:3230 mv:2086 misc:964 imb:6 pmb:207 smb:1827 d:- ref:0 ;
in:1468 out:1469 type:b dur:2 cpbdur:2 q:34.88 aq:31.78 tex:3109 mv:2133 misc:926 imb:0 pmb:225 smb:1815 d:- ref:0 ;
in:1473 out:1470 type:P dur:2 cpbdur:2 q:34.88 aq:28.68 tex:55393 mv:8982 misc:1281 imb:150 pmb:848 smb:1042 d:- ref:0 ;
in:1471 out:1471 type:B dur:2 cpbdur:2 q:34.88 aq:33.11 tex:9451 mv:5107 misc:1306 imb:21 pmb:433 smb:1586 d:- ref:0 ;
in:1470 out:1472 type:b dur:2 cpbdur:2 q:34.88 aq:33.32 tex:3123 mv:1873 misc:820 imb:3 pmb:188 smb:1849 d:- ref:0 ;
in:1472 out:1473 type:b dur:2 cpbdur:2 q:34.88 aq:33.63 tex:2979 mv:1963 misc:874 imb:7 pmb:203 smb:1830 d:- ref:0 ;
in:1477 out:1474 type:P dur:2 cpbdur:2 q:34.89 aq:28.86 tex:57692 mv:8795 misc:1305 imb:172 pmb:825 smb:1043 d:- ref:0 ;
in:1475 out:1475 type:B dur:2 cpbdur:2 q:34.88 aq:31.96 tex:9992 mv:5316 misc:1316 imb:13 pmb:465 smb:1562 d:- ref:0 ;
in:1474 out:1476 type:b dur:2 cpbdur:2 q:34.88 aq:34.30 tex:2803 mv:2339 misc:962 imb:2 pmb:233 smb:1805 d:- ref:0 ;
in:1476 out:1477 type:b dur:2 cpbdur:2 q:34.88 aq:36.30 tex:2624 mv:2244 misc:884 imb:2 pmb:211 smb:1827 d:- ref:0 ;
in:1481 out:1478 type:P dur:2 cpbdur:2 q:34.89 aq:29.52 tex:59678 mv:9070 misc:1204 imb:185 pmb:842 smb:1013 d:- ref:0 ;
in:1479 out:1479 type:B dur:2 cpbdur:2 q:34.89 aq:32.89 tex:10475 mv:5032 misc:1301 imb:27 pmb:446 smb:1567 d:- ref:0 ;
in:1478 out:1480 type:b dur:2 cpbdur:2 q:34.89 aq:35.94 tex:3112 mv:2462 misc:898 imb:7 pmb:217 smb:1816 d:- ref:0 ;
in:1480 out:1481 type:b dur:2 cpbdur:2 q:34.89 aq:33.47 tex:3271 mv:2736 misc:953 imb:6 pmb:258 smb:1776 d:- ref:0 ;
in:1485 out:1482 type:P dur:2 cpbdur:2 q:34.90 aq:29.22 tex:61585 mv:9052 misc:1211 imb:214 pmb:839 smb:987 d:- ref:0 ;
in:1483 out:1483 type:B dur:2 cpbdur:2 q:34.89 aq:32.25 tex:9600 mv:5293 misc:1371 imb:14 pmb:484 smb:1542 d:- ref:0 ;
in:1482 out:1484 type:b dur:2 cpbdur:2 q:34.89 aq:34.37 tex:3278 mv:2772 misc:990 imb:5 pmb:259 smb:1776 d:- ref:0 ;
in:1484 out:1485 type:b dur:2 cpbdur:2 q:34.90 aq:34.10 tex:2943 mv:2698 misc:951 imb:3 pmb:257 smb:1780 d:- ref:0 ;
in:1489 out:1486 type:P dur:2 cpbdur:2 q:34.91 aq:28.71 tex:60072 mv:9166 misc:1178 imb:208 pmb:857 smb:975 d:- ref:0 ;
in:1487 out:1487 type:B dur:2 cpbdur:2 q:34.90 aq:32.59 tex:8678 mv:5494 misc:1324 imb:15 pmb:473 smb:1552 d:- ref:0 ;
in:1486 out:1488 type:b dur:2 cpbdur:2 q:34.90 aq:35.84 tex:2798 mv:2886 misc:1012 imb:6 pmb:285 smb:1749 d:- ref:0 ;
in:1488 out:1489 type:b dur:2 cpbdur:2 q:34.90 aq:33.65 tex:2788 mv:2784 misc:972 imb:2 pmb:262 smb:1776 d:- ref:0 ;
in:1493 out:1490 type:P dur:2 cpbdur:2 q:34.92 aq:28.67 tex:60980 mv:9710 misc:1278 imb:227 pmb:884 smb:929 d:- ref:0 ;
in:1491 out:1491 type:B dur:2 cpbdur:2 q:34.91 aq:34.75 tex:8464 mv:5999 misc:1369 imb:21 pmb:496 smb:1523 d:- ref:0 ;
in:1490 out:1492 type:b dur:2 cpbdur:2 q:34.91 aq:36.06 tex:2678 mv:2542 misc:956 imb:3 pmb:254 smb:1783 d:- ref:0 ;
in:1492 out:1493 type:b dur:2 cpbdur:2 q:34.91 aq:32.09 tex:2426 mv:2642 misc:972 imb:4 pmb:252 smb:1784 d:- ref:0 ;
in:1497 out:1494 type:P dur:2 cpbdur:2 q:34.93 aq:29.40 tex:63908 mv:9505 misc:1267 imb:208 pmb:875 smb:957 d:- ref:0 ;
in:1495 out:1495 type:B dur:2 cpbdur:2 q:34.92 aq:33.76 tex:9452 mv:6131 misc:1417 imb:20 pmb:511 smb:1509 d:- ref:0 ;
in:1494 out:1496 type:b dur:2 cpbdur:2 q:34.92 aq:34.50 tex:3243 mv:2646 misc:951 imb:12 pmb:245 smb:1783 d:- ref:0 ;
in:1496 out:1497 type:b dur:2 cpbdur:2 q:34.93 aq:34.78 tex:2462 mv:2857 misc:1009 imb:6 pmb:276 smb:1758 d:- ref:0 ;
in:1501 out:1498 type:P dur:2 cpbdur:2 q:34.94 aq:29.47 tex:62289 mv:9497 misc:1206 imb:188 pmb:910 smb:942 d:- ref:0 ;
in:1499 out:1499 type:B dur:2 cpbdur:2 q:34.93 aq:33.67 tex:8236 mv:6250 misc:1410 imb:16 pmb:515 smb:1509 d:- ref:0 ;
in:1498 out:1500 type:b dur:2 cpbdur:2 q:34.93 aq:34.34 tex:2683 mv:2707 misc:994 imb:3 pmb:256 smb:1781 d:- ref:0 ;
in:1500 out:1501 type:b dur:2 cpbdur:2 q:34.94 aq:34.04 tex:2965 mv:2889 misc:1010 imb:3 pmb:274 smb:1763 d:- ref:0 ;
in:1505 out:1502 type:P dur:2 cpbdur:2 q:34.95 aq:29.44 tex:61998 mv:9769 misc:1265 imb:211 pmb:922 smb:907 d:- ref:0 ;
in:1503 out:1503 type:B dur:2 cpbdur:2 q:34.94 aq:32.85 tex:8942 mv:6427 misc:1487 imb:12 pmb:546 smb:1482 d:- ref:0 ;
in:1502 out:1504 type:b dur:2 cpbdur:2 q:34.94 aq:33.94 tex:2581 mv:2810 misc:993 imb:12 pmb:251 smb:1777 d:- ref:0 ;
in:1504 out:1505 type:b dur:2 cpbdur:2 q:34.95 aq:35.63 tex:2984 mv:2903 misc:1033 imb:5 pmb:272 smb:1763 d:- ref:0 ;
in:1509 out:1506 type:P dur:2 cpbdur:2 q:34.96 aq:29.28 tex:62481 mv:9761 misc:1278 imb:214 pmb:934 smb:892 d:- ref:0 ;
in:1507 out:1507 type:B dur:2 cpbdur:2 q:34.96 aq:32.93 tex:7901 mv:5946 misc:1409 imb:19 pmb:514 smb:1507 d:- ref:0 ;
in:1506 out:1508 type:b dur:2 cpbdur:2 q:34.95 aq:35.14 tex:2876 mv:2733 misc:975 imb:7 pmb:251 smb:1782 d:- ref:0 ;
in:1508 out:1509 type:b dur:2 cpbdur:2 q:34.96 aq:36.01 tex:2706 mv:2779 misc:987 imb:5 pmb:263 smb:1772 d:- ref:0 ;
in:1513 out:1510 type:P dur:2 cpbdur:2 q:34.98 aq:28.81 tex:66209 mv:9718 misc:1337 imb:231 pmb:925 smb:884 d:- ref:0 ;
in:1511 out:1511 type:B dur:2 cpbdur:2 q:34.97 aq:35.18 tex:7975 mv:6152 misc:1393 imb:21 pmb:504 smb:1515 d:- ref:0 ;
in:1510 out:1512 type:b dur:2 cpbdur:2 q:34.97 aq:35.80 tex:3017 mv:2937 misc:1038 imb:4 pmb:295 smb:1741 d:- ref:0 ;
in:1512 out:1513 type:b dur:2 cpbdur:2 q:34.97 aq:34.34 tex:3114 mv:2542 misc:992 imb:5 pmb:262 smb:1773 d:- ref:0 ;
in:1517 out:1514 type:P dur:2 cpbdur:2 q:34.99 aq:28.34 tex:61408 mv:9591 misc:1305 imb:223 pmb:886 smb:931 d:- ref:0 ;
in:1515 out:1515 type:B dur:2 cpbdur:2 q:34.98 aq:34.60 tex:8257 mv:5699 misc:1404 imb:16 pmb:499 smb:1525 d:- ref:0 ;
in:1514 out:1516 type:b dur:2 cpbdur:2 q:34.98 aq:35.89 tex:3293 mv:2800 misc:995 imb:4 pmb:279 smb:1757 d:- ref:0 ;
in:1516 out:1517 type:b dur:2 cpbdur:2 q:34.98 aq:36.04 tex:3090 mv:2435 misc:955 imb:4 pmb:253 smb:1783 d:- ref:0 ;
in:1521 out:1518 type:P dur:2 cpbdur:2 q:35.00 aq:28.08 tex:61882 mv:9313 misc:1277 imb:169 pmb:945 smb:926 d:- ref:0 ;
in:1519 out:1519 type:B dur:2 cpbdur:2 q:34.99 aq:33.78 tex:7819 mv:5380 misc:1409 imb:13 pmb:452 smb:1575 d:- ref:0 ;
in:1518 out:1520 type:b dur:2 cpbdur:2 q:34.99 aq:32.59 tex:3203 mv:2794 misc:1043 imb:6 pmb:269 smb:1765 d:- ref:0 ;
in:1520 out:1521 type:b dur:2 cpbdur:2 q:35.00 aq:33.33 tex:3638 mv:2765 misc:1085 imb:2 pmb:284 smb:1754 d:- ref:0 ;
in:1525 out:1522 type:P dur:2 cpbdur:2 q:35.01 aq:27.97 tex:62903 mv:9577 misc:1200 imb:202 pmb:939 smb:899 d:- ref:0 ;
in:1523 out:1523 type:B dur:2 cpbdur:2 q:35.00 aq:32.75 tex:8632 mv:5786 misc:1374 imb:22 pmb:490 smb:1528 d:- ref:0 ;
in:1522 out:1524 type:b dur:2 cpbdur:2 q:35.00 aq:33.60 tex:2872 mv:2507 misc:949 imb:2 pmb:244 smb:1794 d:- ref:0 ;
in:1524 out:1525 type:b dur:2 cpbdur:2 q:35.01 aq:34.49 tex:3324 mv:2770 misc:1002 imb:5 pmb:280 smb:1755 d:- ref:0 ;
in:1529 out:1526 type:P dur:2 cpbdur:2 q:35.02 aq:29.44 tex:64704 mv:9134 misc:1234 imb:174 pmb:943 smb:923 d:- ref:0 ;
in:1527 out:1527 type:B dur:2 cpbdur:2 q:35.02 aq:33.73 tex:7384 mv:4993 misc:1383 imb:11 pmb:476 smb:1553 d:- ref:0 ;
in:1526 out:1528 type:b dur:2 cpbdur:2 q:35.01 aq:33.96 tex:3043 mv:2970 misc:979 imb:14 pmb:275 smb:1751 d:- ref:0 ;
in:1528 out:1529 type:b dur:2 cpbdur:2 q:35.02 aq:32.06 tex:2751 mv:2460 misc:901 imb:3 pmb:252 smb:1785 d:- ref:0 ;
in:1533 out:1530 type:P dur:2 cpbdur:2 q:35.03 aq:29.55 tex:61757 mv:9006 misc:1357 imb:182 pmb:919 smb:939 d:- ref:0 ;
in:1531 out:1531 type:B dur:2 cpbdur:2 q:35.03 aq:33.58 tex:7713 mv:5099 misc:1348 imb:16 pmb:473 smb:1551 d:- ref:0 ;
in:1530 out:1532 type:b dur:2 cpbdur:2 q:35.02 aq:33.99 tex:2442 mv:2253 misc:905 imb:6 pmb:242 smb:1792 d:- ref:0 ;
in:1532 out:1533 type:b dur:2 cpbdur:2 q:35.03 aq:35.85 tex:2596 mv:2283 misc:913 imb:0 pmb:249 smb:1791 d:- ref:0 ;
in:1537 out:1534 type:P dur:2 cpbdur:2 q:35.04 aq:28.90 tex:59546 mv:9027 misc:1331 imb:173 pmb:946 smb:921 d:- ref:0 ;
in:1535 out:1535 type:B dur:2 cpbdur:2 q:35.04 aq:33.94 tex:7337 mv:4702 misc:1337 imb:3 pmb:470 smb:1567 d:- ref:0 ;
in:1534 out:1536 type:b dur:2 cpbdur:2 q:35.03 aq:33.81 tex:2980 mv:2508 misc:944 imb:2 pmb:257 smb:1781 d:- ref:0 ;
in:1536 out:1537 type:b dur:2 cpbdur:2 q:35.04 aq:34.39 tex:3065 mv:2476 misc:931 imb:4 pmb:259 smb:1777 d:- ref:0 ;
in:1541 out:1538 type:P dur:2 cpbdur:2 q:35.05 aq:28.64 tex:62909 mv:8692 misc:1343 imb:196 pmb:935 smb:909 d:- ref:0 ;
in:1539 out:1539 type:B dur:2 cpbdur:2 q:35.05 aq:33.34 tex:6710 mv:4525 misc:1325 imb:22 pmb:423 smb:1595 d:- ref:0 ;
in:1538 out:1540 type:b dur:2 cpbdur:2 q:35.05 aq:32.55 tex:3331 mv:2572 misc:921 imb:6 pmb:259 smb:1775 d:- ref:0 ;
in:1540 out:1541 type:b dur:2 cpbdur:2 q:35.05 aq:34.93 tex:2468 mv:2434 misc:938 imb:1 pmb:254 smb:1785 d:- ref:0 ;
in:1545 out:1542 type:P dur:2 cpbdur:2 q:35.06 aq:28.33 tex:61812 mv:8222 misc:1366 imb:164 pmb:922 smb:954 d:- ref:0 ;
in:1543 out:1543 type:B dur:2 cpbdur:2 q:35.05 aq:35.26 tex:5795 mv:3966 misc:1247 imb:12 pmb:378 smb:1650 d:- ref:0 ;
in:1542 out:1544 type:b dur:2 cpbdur:2 q:35.05 aq:33.38 tex:3079 mv:2327 misc:890 imb:4 pmb:247 smb:1789 d:- ref:0 ;
in:1544 out:1545 type:b dur:2 cpbdur:2 q:35.06 aq:34.05 tex:2558 mv:2122 misc:920 imb:2 pmb:231 smb:1807 d:- ref:0 ;
in:1549 out:1546 type:P dur:2 cpbdur:2 q:35.06 aq:29.33 tex:58723 mv:8049 misc:1340 imb:123 pmb:943 smb:974 d:- ref:0 ;
in:1547 out:1547 type:B dur:2 cpbdur:2 q:35.06 aq:34.10 tex:6210 mv:3701 misc:1225 imb:13 pmb:367 smb:1660 d:- ref:0 ;
in:1546 out:1548 type:b dur:2 cpbdur:2 q:35.06 aq:36.89 tex:2976 mv:2111 misc:937 imb:3 pmb:238 smb:1799 d:- ref:0 ;
in:1548 out:1549 type:b dur:2 cpbdur:2 q:35.06 aq:35.99 tex:2859 mv:1816 misc:821 imb:3 pmb:200 smb:1837 d:- ref:0 ;
in:1553 out:1550 type:P dur:2 cpbdur:2 q:35.06 aq:28.66 tex:55655 mv:7708 misc:1493 imb:138 pmb:913 smb:989 d:- ref:0 ;
in:1551 out:1551 type:B dur:2 cpbdur:2 q:35.06 aq:34.96 tex:5368 mv:3968 misc:1184 imb:12 pmb:372 smb:1656 d:- ref:0 ;
in:1550 out:1552 type:b dur:2 cpbdur:2 q:35.06 aq:34.47 tex:2281 mv:1778 misc:813 imb:4 pmb:197 smb:1839 d:- ref:0 ;
in:1552 out:1553 type:b dur:2 cpbdur:2 q:35.06 aq:35.32 tex:2570 mv:1991 misc:815 imb:7 pmb:206 smb:1827 d:- ref:0 ;
in:1557 out:1554 type:P dur:2 cpbdur:2 q:35.06 aq:29.32 tex:52868 mv:7542 misc:1390 imb:133 pmb:924 smb:983 d:- ref:0 ;
in:1555 out:1555 type:B dur:2 cpbdur:2 q:35.06 aq:35.14 tex:5764 mv:3540 misc:1128 imb:3 pmb:355 smb:1682 d:- ref:0 ;
in:1554 out:1556 type:b dur:2 cpbdur:2 q:35.06 aq:34.84 tex:2085 mv:1448 misc:707 imb:4 pmb:182 smb:1854 d:- ref:0 ;
in:1556 out:1557 type:b dur:2 cpbdur:2 q:35.06 aq:35.81 tex:2783 mv:1763 misc:854 imb:6 pmb:215 smb:1819 d:- ref:0 ;
in:1561 out:1558 type:P dur:2 cpbdur:2 q:35.06 aq:28.91 tex:53864 mv:7037 misc:1507 imb:116 pmb:902 smb:1022 d:- ref:0 ;
in:1559 out:1559 type:B dur:2 cpbdur:2 q:35.06 aq:34.93 tex:5841 mv:3040 misc:1079 imb:6 pmb:330 smb:1704 d:- ref:0 ;
in:1558 out:1560 type:b dur:2 cpbdur:2 q:35.06 aq:36.63 tex:2421 mv:1353 misc:802 imb:1 pmb:184 smb:1855 d:- ref:0 ;
in:1560 out:1561 type:b dur:2 cpbdur:2 q:35.06 aq:35.82 tex:2081 mv:1374 misc:745 imb:3 pmb:182 smb:1855 d:- ref:0 ;
in:1565 out:1562 type:P dur:2 cpbdur:2 q:35.04 aq:28.48 tex:49106 mv:6135 misc:1519 imb:85 pmb:860 smb:1095 d:- ref:0 ;
in:1563 out:1563 type:B dur:2 cpbdur:2 q:35.05 aq:34.40 tex:5439 mv:2838 misc:1027 imb:8 pmb:301 smb:1731 d:- ref:0 ;
in:1562 out:1564 type:b dur:2 cpbdur:2 q:35.05 aq:33.44 tex:1387 mv:817 misc:588 imb:2 pmb:104 smb:1934 d:- ref:0 ;
in:1564 out:1565 type:b dur:2 cpbdur:2 q:35.05 aq:34.92 tex:1766 mv:1095 misc:659 imb:2 pmb:148 smb:1890 d:- ref:0 ;
in:1569 out:1566 type:P dur:2 cpbdur:2 q:35.03 aq:28.35 tex:43028 mv:5909 misc:1527 imb:85 pmb:827 smb:1128 d:- ref:0 ;
in:1567 out:1567 type:B dur:2 cpbdur:2 q:35.04 aq:33.33 tex:4704 mv:2657 misc:1039 imb:7 pmb:300 smb:1733 d:- ref:0 ;
in:1566 out:1568 type:b dur:2 cpbdur:2 q:35.04 aq:33.74 tex:2032 mv:907 misc:645 imb:0 pmb:131 smb:1909 d:- ref:0 ;
in:1568 out:1569 type:b dur:2 cpbdur:2 q:35.03 aq:34.13 tex:1566 mv:1100 misc:646 imb:0 pmb:143 smb:1897 d:- ref:0 ;
in:1573 out:1570 type:P dur:2 cpbdur:2 q:35.01 aq:28.34 tex:41537 mv:5999 misc:1496 imb:69 pmb:821 smb:1150 d:- ref:0 ;
in:1571 out:1571 type:B dur:2 cpbdur:2 q:35.02 aq:34.69 tex:5033 mv:2391 misc:1016 imb:5 pmb:262 smb:1773 d:- ref:0 ;
in:1570 out:1572 type:b dur:2 cpbdur:2 q:35.03 aq:34.18 tex:1648 mv:808 misc:560 imb:2 pmb:99 smb:1939 d:- ref:0 ;
in:1572 out:1573 type:b dur:2 cpbdur:2 q:35.01 aq:35.00 tex:1724 mv:904 misc:668 imb:1 pmb:132 smb:1907 d:- ref:0 ;
in:1577 out:1574 type:P dur:2 cpbdur:2 q:34.99 aq:28.85 tex:41742 mv:6341 misc:1501 imb:63 pmb:824 smb:1153 d:- ref:0 ;
in:1575 out:1575 type:B dur:2 cpbdur:2 q:35.00 aq:34.82 tex:4515 mv:2250 misc:979 imb:4 pmb:265 smb:1771 d:- ref:0 ;
in:1574 out:1576 type:b dur:2 cpbdur:2 q:35.00 aq:35.27 tex:2047 mv:824 misc:633 imb:1 pmb:120 smb:1919 d:- ref:0 ;
in:1576 out:1577 type:b dur:2 cpbdur:2 q:34.99 aq:37.39 tex:1946 mv:1002 misc:684 imb:2 pmb:132 smb:1906 d:- ref:0 ;
in:1581 out:1578 type:P dur:2 cpbdur:2 q:34.96 aq:29.56 tex:44743 mv:6661 misc:1572 imb:102 pmb:815 smb:1123 d:- ref:0 ;
in:1579 out:1579 type:B dur:2 cpbdur:2 q:34.97 aq:32.90 tex:4872 mv:2446 misc:1138 imb:9 pmb:297 smb:1734 d:- ref:0 ;
in:1578 out:1580 type:b dur:2 cpbdur:2 q:34.98 aq:35.08 tex:1892 mv:932 misc:688 imb:2 pmb:137 smb:1901 d:- ref:0 ;
in:1580 out:1581 type:b dur:2 cpbdur:2 q:34.97 aq:35.25 tex:1941 mv:1023 misc:724 imb:2 pmb:158 smb:1880 d:- ref:0 ;
in:1585 out:1582 type:P dur:2 cpbdur:2 q:34.93 aq:29.42 tex:48161 mv:7863 misc:1496 imb:228 pmb:864 smb:948 d:- ref:0 ;
in:1583 out:1583 type:B dur:2 cpbdur:2 q:34.95 aq:33.96 tex:5916 mv:3147 misc:1321 imb:18 pmb:387 smb:1635 d:- ref:0 ;
in:1582 out:1584 type:b dur:2 cpbdur:2 q:34.95 aq:34.50 tex:1835 mv:873 misc:628 imb:3 pmb:117 smb:1920 d:- ref:0 ;
in:1584 out:1585 type:b dur:2 cpbdur:2 q:34.94 aq:34.64 tex:1621 mv:1512 misc:843 imb:19 pmb:184 smb:1837 d:- ref:0 ;
in:1589 out:1586 type:P dur:2 cpbdur:2 q:34.91 aq:29.15 tex:63795 mv:8794 misc:1491 imb:191 pmb:934 smb:915 d:- ref:0 ;
in:1587 out:1587 type:B dur:2 cpbdur:2 q:34.92 aq:34.52 tex:6506 mv:4246 misc:1336 imb:26 pmb:407 smb:1607 d:- ref:0 ;
in:1586 out:1588 type:b dur:2 cpbdur:2 q:34.93 aq:36.50 tex:2066 mv:1680 misc:822 imb:7 pmb:176 smb:1857 d:- ref:0 ;
in:1588 out:1589 type:b dur:2 cpbdur:2 q:34.92 aq:36.45 tex:2200 mv:2175 misc:865 imb:4 pmb:224 smb:1812 d:- ref:0 ;
in:1593 out:1590 type:P dur:2 cpbdur:2 q:34.91 aq:29.56 tex:56820 mv:9426 misc:1498 imb:170 pmb:969 smb:901 d:- ref:0 ;
in:1591 out:1591 type:B dur:2 cpbdur:2 q:34.91 aq:35.24 tex:6464 mv:4870 misc:1418 imb:6 pmb:460 smb:1574 d:- ref:0 ;
in:1590 out:1592 type:b dur:2 cpbdur:2 q:34.91 aq:34.50 tex:2084 mv:2378 misc:962 imb:4 pmb:222 smb:1814 d:- ref:0 ;
in:1592 out:1593 type:b dur:2 cpbdur:2 q:34.91 aq:34.67 tex:1665 mv:2237 misc:890 imb:5 pmb:204 smb:1831 d:- ref:0 ;
in:1595 out:1594 type:P dur:2 cpbdur:2 q:34.91 aq:33.44 tex:12498 mv:4959 misc:1639 imb:70 pmb:538 smb:1432 d:- ref:0 ;
in:1594 out:1595 type:b dur:2 cpbdur:2 q:34.91 aq:36.17 tex:1848 mv:2141 misc:1051 imb:4 pmb:251 smb:1785 d:- ref:0 ;
in:1596 out:1596 type:I dur:2 cpbdur:2 q:32.06 aq:26.26 tex:270734 mv:46520 misc:506 imb:2040 pmb:0 smb:0 d:- ref:;
in:1600 out:1597 type:P dur:2 cpbdur:2 q:35.10 aq:30.10 tex:45554 mv:9361 misc:1493 imb:153 pmb:912 smb:975 d:- ref:0 ;
in:1598 out:1598 type:B dur:2 cpbdur:2 q:35.10 aq:34.73 tex:5729 mv:5135 misc:1384 imb:16 pmb:461 smb:1563 d:- ref:0 ;
in:1597 out:1599 type:b dur:2 cpbdur:2 q:35.10 aq:35.73 tex:2029 mv:2230 misc:1005 imb:6 pmb:240 smb:1794 d:- ref:0 ;
in:1599 out:1600 type:b dur:2 cpbdur:2 q:35.10 aq:36.75 tex:1647 mv:2290 misc:1007 imb:4 pmb:234 smb:1802 d:- ref:0 ;
in:1604 out:1601 type:P dur:2 cpbdur:2 q:35.07 aq:29.91 tex:52438 mv:10354 misc:1424 imb:170 pmb:980 smb:890 d:- ref:0 ;
in:1602 out:1602 type:B dur:2 cpbdur:2 q:35.08 aq:34.79 tex:6262 mv:5852 misc:1486 imb:12 pmb:505 smb:1523 d:- ref:0 ;
in:1601 out:1603 type:b dur:2 cpbdur:2 q:35.09 aq:33.92 tex:2163 mv:2580 misc:1065 imb:2 pmb:270 smb:1768 d:- ref:0 ;
in:1603 out:1604 type:b dur:2 cpbdur:2 q:35.08 aq:38.16 tex:2421 mv:2587 misc:1048 imb:2 pmb:259 smb:1779 d:- ref:0 ;
in:1608 out:1605 type:P dur:2 cpbdur:2 q:35.12 aq:30.28 tex:56345 mv:10646 misc:1377 imb:218 pmb:1000 smb:822 d:- ref:0 ;
in:1606 out:1606 type:B dur:2 cpbdur:2 q:35.10 aq:34.39 tex:7743 mv:6313 misc:1520 imb:14 pmb:546 smb:1480 d:- ref:0 ;
in:1605 out:1607 type:b dur:2 cpbdur:2 q:35.08 aq:35.76 tex:2544 mv:2840 misc:1064 imb:3 pmb:294 smb:1743 d:- ref:0 ;
in:1607 out:1608 type:b dur:2 cpbdur:2 q:35.11 aq:37.84 tex:2239 mv:2791 misc:1114 imb:5 pmb:286 smb:1749 d:- ref:0 ;
in:1612 out:1609 type:P dur:2 cpbdur:2 q:35.13 aq:29.51 tex:60077 mv:11182 misc:1341 imb:270 pmb:987 smb:783 d:- ref:0 ;
in:1610 out:1610 type:B dur:2 cpbdur:2 q:35.13 aq:35.23 tex:8396 mv:6713 misc:1555 imb:11 pmb:593 smb:1436 d:- ref:0 ;
in:1609 out:1611 type:b dur:2 cpbdur:2 q:35.13 aq:36.35 tex:2812 mv:3018 misc:1138 imb:3 pmb:300 smb:1737 d:- ref:0 ;
in:1611 out:1612 type:b dur:2 cpbdur:2 q:35.13 aq:35.89 tex:2828 mv:3212 misc:1192 imb:4 pmb:350 smb:1686 d:- ref:0 ;
in:1616 out:1613 type:P dur:2 cpbdur:2 q:35.14 aq:30.61 tex:61781 mv:11431 misc:1276 imb:219 pmb:1016 smb:805 d:- ref:0 ;
in:1614 out:1614 type:B dur:2 cpbdur:2 q:35.14 aq:34.40 tex:9142 mv:6942 misc:1596 imb:23 pmb:596 smb:1421 d:- ref:0 ;
in:1613 out:1615 type:b dur:2 cpbdur:2 q:35.13 aq:34.89 tex:3198 mv:3590 misc:1196 imb:6 pmb:340 smb:1694 d:- ref:0 ;
in:1615 out:1616 type:b dur:2 cpbdur:2 q:35.14 aq:36.01 tex:3200 mv:3937 misc:1319 imb:8 pmb:393 smb:1639 d:- ref:0 ;
in:1620 out:1617 type:P dur:2 cpbdur:2 q:35.15 aq:29.94 tex:59523 mv:11468 misc:1241 imb:270 pmb:1033 smb:737 d:- ref:0 ;
in:1618 out:1618 type:B dur:2 cpbdur:2 q:35.15 aq:34.99 tex:10452 mv:7212 misc:1568 imb:16 pmb:611 smb:1413 d:- ref:0 ;
in:1617 out:1619 type:b dur:2 cpbdur:2 q:35.14 aq:35.83 tex:2757 mv:3755 misc:1288 imb:6 pmb:342 smb:1692 d:- ref:0 ;
in:1619 out:1620 type:b dur:2 cpbdur:2 q:35.15 aq:36.10 tex:3440 mv:3641 misc:1255 imb:6 pmb:355 smb:1679 d:- ref:0 ;
in:1624 out:1621 type:P dur:2 cpbdur:2 q:35.17 aq:30.56 tex:58397 mv:12185 misc:1258 imb:257 pmb:1016 smb:767 d:- ref:0 ;
in:1622 out:1622 type:B dur:2 cpbdur:2 q:35.16 aq:35.72 tex:11037 mv:7719 misc:1612 imb:24 pmb:650 smb:1366 d:- ref:0 ;
in:1621 out:1623 type:b dur:2 cpbdur:2 q:35.16 aq:35.96 tex:3070 mv:3822 misc:1244 imb:5 pmb:390 smb:1645 d:- ref:0 ;
in:1623 out:1624 type:b dur:2 cpbdur:2 q:35.16 aq:35.02 tex:2975 mv:4179 misc:1310 imb:11 pmb:385 smb:1644 d:- ref:0 ;
in:1628 out:1625 type:P dur:2 cpbdur:2 q:35.19 aq:30.49 tex:56084 mv:11659 misc:1361 imb:244 pmb:1010 smb:786 d:- ref:0 ;
in:1626 out:1626 type:B dur:2 cpbdur:2 q:35.18 aq:34.40 tex:11934 mv:8344 misc:1634 imb:33 pmb:679 smb:1328 d:- ref:0 ;
in:1625 out:1627 type:b dur:2 cpbdur:2 q:35.17 aq:34.40 tex:3665 mv:4052 misc:1291 imb:6 pmb:385 smb:1649 d:- ref:0 ;
in:1627 out:1628 type:b dur:2 cpbdur:2 q:35.19 aq:35.82 tex:3543 mv:4295 misc:1322 imb:8 pmb:398 smb:1634 d:- ref:0 ;
in:1632 out:1629 type:P dur:2 cpbdur:2 q:35.21 aq:31.04 tex:57064 mv:11998 misc:1322 imb:264 pmb:1009 smb:767 d:- ref:0 ;
in:1630 out:1630 type:B dur:2 cpbdur:2 q:35.20 aq:34.23 tex:11534 mv:8134 misc:1572 imb:21 pmb:657 smb:1362 d:- ref:0 ;
in:1629 out:1631 type:b dur:2 cpbdur:2 q:35.19 aq:36.14 tex:3586 mv:4240 misc:1358 imb:8 pmb:392 smb:1640 d:- ref:0 ;
in:1631 out:1632 type:b dur:2 cpbdur:2 q:35.20 aq:37.34 tex:3669 mv:4428 misc:1327 imb:2 pmb:398 smb:1640 d:- ref:0 ;
in:1636 out:1633 type:P dur:2 cpbdur:2 q:35.22 aq:31.03 tex:56028 mv:12553 misc:1243 imb:319 pmb:1003 smb:718 d:- ref:0 ;
in:1634 out:1634 type:B dur:2 cpbdur:2 q:35.21 aq:35.12 tex:11464 mv:8553 misc:1647 imb:28 pmb:667 smb:1345 d:- ref:0 ;
in:1633 out:1635 type:b dur:2 cpbdur:2 q:35.21 aq:35.30 tex:3255 mv:4472 misc:1385 imb:5 pmb:417 smb:1618 d:- ref:0 ;
in:1635 out:1636 type:b dur:2 cpbdur:2 q:35.22 aq:35.43 tex:3677 mv:4454 misc:1413 imb:9 pmb:416 smb:1615 d:- ref:0 ;
in:1640 out:1637 type:P dur:2 cpbdur:2 q:35.23 aq:30.60 tex:58743 mv:12907 misc:1246 imb:382 pmb:981 smb:677 d:- ref:0 ;
in:1638 out:1638 type:B dur:2 cpbdur:2 q:35.23 aq:34.20 tex:12335 mv:9210 misc:1655 imb:28 pmb:742 smb:1270 d:- ref:0 ;
in:1637 out:1639 type:b dur:2 cpbdur:2 q:35.22 aq:35.61 tex:3679 mv:4901 misc:1428 imb:4 pmb:427 smb:1609 d:- ref:0 ;
in:1639 out:1640 type:b dur:2 cpbdur:2 q:35.23 aq:35.48 tex:4637 mv:4955 misc:1456 imb:12 pmb:451 smb:1577 d:- ref:0 ;
in:1644 out:1641 type:P dur:2 cpbdur:2 q:35.26 aq:31.01 tex:59587 mv:12844 misc:1265 imb:389 pmb:964 smb:687 d:- ref:0 ;
in:1642 out:1642 type:B dur:2 cpbdur:2 q:35.24 aq:34.11 tex:13808 mv:9319 misc:1721 imb:43 pmb:741 smb:1256 d:- ref:0 ;
in:1641 out:1643 type:b dur:2 cpbdur:2 q:35.24 aq:35.86 tex:4909 mv:5469 misc:1526 imb:10 pmb:492 smb:1538 d:- ref:0 ;
in:1643 out:1644 type:b dur:2 cpbdur:2 q:35.25 aq:35.17 tex:4471 mv:5084 misc:1477 imb:12 pmb:472 smb:1556 d:- ref:0 ;
in:1648 out:1645 type:P dur:2 cpbdur:2 q:35.28 aq:31.07 tex:58132 mv:12635 misc:1329 imb:395 pmb:896 smb:749 d:- ref:0 ;
in:1646 out:1646 type:B dur:2 cpbdur:2 q:35.27 aq:34.08 tex:14010 mv:9563 misc:1691 imb:38 pmb:767 smb:1235 d:- ref:0 ;
in:1645 out:1647 type:b dur:2 cpbdur:2 q:35.26 aq:36.57 tex:4383 mv:5416 misc:1505 imb:15 pmb:481 smb:1544 d:- ref:0 ;
in:1647 out:1648 type:b dur:2 cpbdur:2 q:35.27 aq:36.57 tex:3667 mv:4914 misc:1443 imb:10 pmb:456 smb:1574 d:- ref:0 ;
in:1652 out:1649 type:P dur:2 cpbdur:2 q:35.30 aq:30.51 tex:57049 mv:12843 misc:1292 imb:355 pmb:943 smb:742 d:- ref:0 ;
in:1650 out:1650 type:B dur:2 cpbdur:2 q:35.29 aq:32.73 tex:12852 mv:9845 misc:1687 imb:33 pmb:774 smb:1233 d:- ref:0 ;
in:1649 out:1651 type:b dur:2 cpbdur:2 q:35.28 aq:35.61 tex:3890 mv:5015 misc:1463 imb:13 pmb:445 smb:1582 d:- ref:0 ;
in:1651 out:1652 type:b dur:2 cpbdur:2 q:35.30 aq:34.45 tex:3760 mv:5170 misc:1422 imb:10 pmb:460 smb:1570 d:- ref:0 ;
in:1656 out:1653 type:P dur:2 cpbdur:2 q:35.33 aq:30.68 tex:58290 mv:12500 misc:1386 imb:427 pmb:866 smb:747 d:- ref:0 ;
in:1654 out:1654 type:B dur:2 cpbdur:2 q:35.32 aq:34.43 tex:11672 mv:9357 misc:1691 imb:41 pmb:716 smb:1283 d:- ref:0 ;
in:1653 out:1655 type:b dur:2 cpbdur:2 q:35.31 aq:35.82 tex:3716 mv:4978 misc:1434 imb:8 pmb:437 smb:1595 d:- ref:0 ;
in:1655 out:1656 type:b dur:2 cpbdur:2 q:35.32 aq:35.98 tex:4027 mv:5104 misc:1437 imb:13 pmb:443 smb:1584 d:- ref:0 ;
in:1660 out:1657 type:P dur:2 cpbdur:2 q:35.36 aq:29.83 tex:58365 mv:12296 misc:1371 imb:408 pmb:867 smb:765 d:- ref:0 ;
in:1658 out:1658 type:B dur:2 cpbdur:2 q:35.34 aq:32.67 tex:11539 mv:9680 misc:1677 imb:39 pmb:727 smb:1274 d:- ref:0 ;
in:1657 out:1659 type:b dur:2 cpbdur:2 q:35.34 aq:34.78 tex:3104 mv:5340 misc:1388 imb:10 pmb:450 smb:1580 d:- ref:0 ;
in:1659 out:1660 type:b dur:2 cpbdur:2 q:35.35 aq:34.58 tex:3970 mv:4993 misc:1397 imb:11 pmb:449 smb:1580 d:- ref:0 ;
in:1664 out:1661 type:P dur:2 cpbdur:2 q:35.38 aq:29.80 tex:54495 mv:12721 misc:1352 imb:443 pmb:880 smb:717 d:- ref:0 ;
in:1662 out:1662 type:B dur:2 cpbdur:2 q:35.37 aq:33.12 tex:11055 mv:10012 misc:1645 imb:55 pmb:737 smb:1248 d:- ref:0 ;
in:1661 out:1663 type:b dur:2 cpbdur:2 q:35.36 aq:33.63 tex:3394 mv:5434 misc:1468 imb:15 pmb:477 smb:1548 d:- ref:0 ;
in:1663 out:1664 type:b dur:2 cpbdur:2 q:35.37 aq:35.96 tex:3413 mv:5211 misc:1376 imb:11 pmb:450 smb:1579 d:- ref:0 ;
in:1668 out:1665 type:P dur:2 cpbdur:2 q:35.40 aq:30.51 tex:59236 mv:12363 misc:1249 imb:447 pmb:848 smb:745 d:- ref:0 ;
in:1666 out:1666 type:B dur:2 cpbdur:2 q:35.39 aq:33.17 tex:11692 mv:9939 misc:1665 imb:39 pmb:744 smb:1257 d:- ref:0 ;
in:1665 out:1667 type:b dur:2 cpbdur:2 q:35.38 aq:34.30 tex:3804 mv:5405 misc:1431 imb:23 pmb:451 smb:1566 d:- ref:0 ;
in:1667 out:1668 type:b dur:2 cpbdur:2 q:35.39 aq:34.96 tex:3460 mv:5349 misc:1423 imb:16 pmb:465 smb:1559 d:- ref:0 ;
in:1672 out:1669 type:P dur:2 cpbdur:2 q:35.42 aq:30.28 tex:53955 mv:13000 misc:1309 imb:399 pmb:905 smb:736 d:- ref:0 ;
in:1670 out:1670 type:B dur:2 cpbdur:2 q:35.41 aq:34.43 tex:11682 mv:10312 misc:1614 imb:54 pmb:735 smb:1251 d:- ref:0 ;
in:1669 out:1671 type:b dur:2 cpbdur:2 q:35.40 aq:35.23 tex:3258 mv:5573 misc:1473 imb:23 pmb:455 smb:1562 d:- ref:0 ;
in:1671 out:1672 type:b dur:2 cpbdur:2 q:35.41 aq:34.49 tex:3656 mv:5112 misc:1440 imb:12 pmb:433 smb:1595 d:- ref:0 ;
in:1676 out:1673 type:P dur:2 cpbdur:2 q:35.45 aq:30.33 tex:59087 mv:12865 misc:1256 imb:345 pmb:954 smb:741 d:- ref:0 ;
in:1674 out:1674 type:B dur:2 cpbdur:2 q:35.43 aq:33.25 tex:11194 mv:10215 misc:1703 imb:56 pmb:725 smb:1259 d:- ref:0 ;
in:1673 out:1675 type:b dur:2 cpbdur:2 q:35.43 aq:34.98 tex:3847 mv:5047 misc:1402 imb:22 pmb:403 smb:1615 d:- ref:0 ;
in:1675 out:1676 type:b dur:2 cpbdur:2 q:35.44 aq:37.16 tex:3453 mv:5079 misc:1428 imb:8 pmb:440 smb:1592 d:- ref:0 ;
in:1680 out:1677 type:P dur:2 cpbdur:2 q:35.47 aq:30.24 tex:55080 mv:13119 misc:1329 imb:336 pmb:961 smb:743 d:- ref:0 ;
in:1678 out:1678 type:B dur:2 cpbdur:2 q:35.46 aq:33.42 tex:10635 mv:10010 misc:1627 imb:54 pmb:721 smb:1265 d:- ref:0 ;
in:1677 out:1679 type:b dur:2 cpbdur:2 q:35.45 aq:33.41 tex:3719 mv:5020 misc:1389 imb:25 pmb:426 smb:1589 d:- ref:0 ;
in:1679 out:1680 type:b dur:2 cpbdur:2 q:35.46 aq:37.50 tex:3474 mv:4607 misc:1311 imb:9 pmb:427 smb:1604 d:- ref:0 ;
in:1684 out:1681 type:P dur:2 cpbdur:2 q:35.49 aq:30.09 tex:56198 mv:13013 misc:1317 imb:325 pmb:976 smb:739 d:- ref:0 ;
in:1682 out:1682 type:B dur:2 cpbdur:2 q:35.48 aq:34.96 tex:11883 mv:9620 misc:1633 imb:35 pmb:725 smb:1280 d:- ref:0 ;
in:1681 out:1683 type:b dur:2 cpbdur:2 q:35.47 aq:37.26 tex:3437 mv:4771 misc:1376 imb:7 pmb:421 smb:1612 d:- ref:0 ;
in:1683 out:1684 type:b dur:2 cpbdur:2 q:35.48 aq:36.90 tex:3660 mv:4731 misc:1353 imb:12 pmb:426 smb:1602 d:- ref:0 ;
in:1688 out:1685 type:P dur:2 cpbdur:2 q:35.51 aq:30.85 tex:57378 mv:13093 misc:1281 imb:301 pmb:1019 smb:720 d:- ref:0 ;
in:1686 out:1686 type:B dur:2 cpbdur:2 q:35.50 aq:33.50 tex:11052 mv:9576 misc:1708 imb:30 pmb:736 smb:1274 d:- ref:0 ;
in:1685 out:1687 type:b dur:2 cpbdur:2 q:35.49 aq:36.57 tex:3413 mv:4593 misc:1322 imb:13 pmb:405 smb:1622 d:- ref:0 ;
in:1687 out:1688 type:b dur:2 cpbdur:2 q:35.50 aq:36.04 tex:3205 mv:4587 misc:1288 imb:12 pmb:376 smb:1652 d:- ref:0 ;
in:1692 out:1689 type:P dur:2 cpbdur:2 q:35.53 aq:30.31 tex:64247 mv:12906 misc:1287 imb:337 pmb:1007 smb:696 d:- ref:0 ;
in:1690 out:1690 type:B dur:2 cpbdur:2 q:35.52 aq:33.54 tex:12130 mv:9066 misc:1644 imb:33 pmb:681 smb:1326 d:- ref:0 ;
in:1689 out:1691 type:b dur:2 cpbdur:2 q:35.51 aq:38.06 tex:3417 mv:4683 misc:1252 imb:9 pmb:375 smb:1656 d:- ref:0 ;
in:1691 out:1692 type:b dur:2 cpbdur:2 q:35.52 aq:33.83 tex:3468 mv:4602 misc:1282 imb:11 pmb:388 smb:1641 d:- ref:0 ;
in:1696 out:1693 type:P dur:2 cpbdur:2 q:35.55 aq:30.37 tex:59016 mv:12605 misc:1331 imb:298 pmb:1008 smb:734 d:- ref:0 ;
in:1694 out:1694 type:B dur:2 cpbdur:2 q:35.54 aq:33.43 tex:10697 mv:8898 misc:1685 imb:38 pmb:686 smb:1316 d:- ref:0 ;
in:1693 out:1695 type:b dur:2 cpbdur:2 q:35.53 aq:35.79 tex:3367 mv:4250 misc:1311 imb:7 pmb:382 smb:1651 d:- ref:0 ;
in:1695 out:1696 type:b dur:2 cpbdur:2 q:35.54 aq:35.47 tex:2936 mv:4113 misc:1279 imb:8 pmb:371 smb:1661 d:- ref:0 ;
in:1700 out:1697 type:P dur:2 cpbdur:2 q:35.58 aq:30.37 tex:59260 mv:12277 misc:1287 imb:288 pmb:1007 smb:745 d:- ref:0 ;
in:1698 out:1698 type:B dur:2 cpbdur:2 q:35.56 aq:33.64 tex:9834 mv:8398 misc:1632 imb:34 pmb:652 smb:1354 d:- ref:0 ;
in:1697 out:1699 type:b dur:2 cpbdur:2 q:35.56 aq:37.28 tex:3455 mv:4112 misc:1257 imb:9 pmb:374 smb:1657 d:- ref:0 ;
in:1699 out:1700 type:b dur:2 cpbdur:2 q:35.57 aq:35.78 tex:3174 mv:3697 misc:1257 imb:8 pmb:353 smb:1679 d:- ref:0 ;
in:1704 out:1701 type:P dur:2 cpbdur:2 q:35.59 aq:29.72 tex:54916 mv:12177 misc:1323 imb:280 pmb:1036 smb:724 d:- ref:0 ;
in:1702 out:1702 type:B dur:2 cpbdur:2 q:35.58 aq:32.97 tex:8607 mv:7968 misc:1657 imb:22 pmb:642 smb:1376 d:- ref:0 ;
in:1701 out:1703 type:b dur:2 cpbdur:2 q:35.58 aq:36.38 tex:2692 mv:3649 misc:1179 imb:9 pmb:337 smb:1694 d:- ref:0 ;
in:1703 out:1704 type:b dur:2 cpbdur:2 q:35.59 aq:35.96 tex:2250 mv:3148 misc:1114 imb:6 pmb:294 smb:1740 d:- ref:0 ;
in:1708 out:1705 type:P dur:2 cpbdur:2 q:35.61 aq:29.85 tex:56299 mv:11764 misc:1377 imb:232 pmb:1018 smb:790 d:- ref:0 ;
in:1706 out:1706 type:B dur:2 cpbdur:2 q:35.60 aq:33.59 tex:7720 mv:7357 misc:1547 imb:18 pmb:588 smb:1434 d:- ref:0 ;
in:1705 out:1707 type:b dur:2 cpbdur:2 q:35.60 aq:37.63 tex:2388 mv:3437 misc:1159 imb:12 pmb:304 smb:1724 d:- ref:0 ;
in:1707 out:1708 type:b dur:2 cpbdur:2 q:35.61 aq:35.33 tex:2119 mv:2885 misc:1092 imb:4 pmb:274 smb:1762 d:- ref:0 ;
in:1712 out:1709 type:P dur:2 cpbdur:2 q:35.62 aq:30.21 tex:58722 mv:11542 misc:1344 imb:262 pmb:996 smb:782 d:- ref:0 ;
in:1710 out:1710 type:B dur:2 cpbdur:2 q:35.62 aq:32.72 tex:8051 mv:6961 misc:1644 imb:28 pmb:574 smb:1438 d:- ref:0 ;
in:1709 out:1711 type:b dur:2 cpbdur:2 q:35.62 aq:36.33 tex:2168 mv:2778 misc:1062 imb:5 pmb:257 smb:1778 d:- ref:0 ;
in:1711 out:1712 type:b dur:2 cpbdur:2 q:35.62 aq:35.08 tex:1973 mv:2924 misc:1119 imb:10 pmb:278 smb:1752 d:- ref:0 ;
in:1714 out:1713 type:P dur:2 cpbdur:2 q:35.63 aq:30.41 tex:65918 mv:9318 misc:1412 imb:163 pmb:975 smb:902 d:- ref:0 ;
in:1713 out:1714 type:b dur:2 cpbdur:2 q:35.63 aq:36.94 tex:2884 mv:2570 misc:1042 imb:2 pmb:255 smb:1783 d:- ref:0 ;
in:1718 out:1715 type:P dur:2 cpbdur:2 q:35.66 aq:29.30 tex:71721 mv:11976 misc:1303 imb:258 pmb:1062 smb:720 d:- ref:0 ;
in:1716 out:1716 type:B dur:2 cpbdur:2 q:35.64 aq:33.93 tex:9051 mv:6068 misc:1473 imb:14 pmb:559 smb:1467 d:- ref:0 ;
in:1715 out:1717 type:b dur:2 cpbdur:2 q:35.64 aq:33.90 tex:2775 mv:2403 misc:982 imb:5 pmb:243 smb:1792 d:- ref:0 ;
in:1717 out:1718 type:b dur:2 cpbdur:2 q:35.65 aq:34.13 tex:2018 mv:1956 misc:938 imb:3 pmb:216 smb:1821 d:- ref:0 ;
in:1722 out:1719 type:P dur:2 cpbdur:2 q:35.68 aq:29.13 tex:60770 mv:11173 misc:1441 imb:233 pmb:1025 smb:782 d:- ref:0 ;
in:1720 out:1720 type:B dur:2 cpbdur:2 q:35.67 aq:34.55 tex:7146 mv:5507 misc:1427 imb:12 pmb:515 smb:1513 d:- ref:0 ;
in:1719 out:1721 type:b dur:2 cpbdur:2 q:35.67 aq:38.19 tex:2305 mv:2162 misc:965 imb:5 pmb:236 smb:1799 d:- ref:0 ;
in:1721 out:1722 type:b dur:2 cpbdur:2 q:35.68 aq:35.90 tex:1887 mv:1677 misc:836 imb:1 pmb:178 smb:1861 d:- ref:0 ;
in:1726 out:1723 type:P dur:2 cpbdur:2 q:35.69 aq:29.85 tex:60799 mv:10860 misc:1381 imb:195 pmb:1035 smb:810 d:- ref:0 ;
in:1724 out:1724 type:B dur:2 cpbdur:2 q:35.69 aq:36.51 tex:7538 mv:4815 misc:1319 imb:5 pmb:464 smb:1571 d:- ref:0 ;
in:1723 out:1725 type:b dur:2 cpbdur:2 q:35.68 aq:34.90 tex:1786 mv:1902 misc:840 imb:6 pmb:174 smb:1860 d:- ref:0 ;
in:1725 out:1726 type:b dur:2 cpbdur:2 q:35.69 aq:34.72 tex:1891 mv:1939 misc:866 imb:8 pmb:181 smb:1851 d:- ref:0 ;
in:1730 out:1727 type:P dur:2 cpbdur:2 q:35.71 aq:29.96 tex:54378 mv:9720 misc:1358 imb:153 pmb:994 smb:893 d:- ref:0 ;
in:1728 out:1728 type:B dur:2 cpbdur:2 q:35.70 aq:33.00 tex:6017 mv:4215 misc:1408 imb:23 pmb:410 smb:1607 d:- ref:0 ;
in:1727 out:1729 type:b dur:2 cpbdur:2 q:35.69 aq:37.56 tex:1618 mv:1300 misc:706 imb:3 pmb:132 smb:1905 d:- ref:0 ;
in:1729 out:1730 type:b dur:2 cpbdur:2 q:35.70 aq:34.99 tex:1832 mv:1175 misc:737 imb:1 pmb:145 smb:1894 d:- ref:0 ;
in:1734 out:1731 type:P dur:2 cpbdur:2 q:35.70 aq:29.21 tex:54469 mv:9535 misc:1444 imb:167 pmb:977 smb:896 d:- ref:0 ;
in:1732 out:1732 type:B dur:2 cpbdur:2 q:35.70 aq:34.67 tex:5782 mv:3446 misc:1252 imb:9 pmb:355 smb:1676 d:- ref:0 ;
in:1731 out:1733 type:b dur:2 cpbdur:2 q:35.70 aq:35.50 tex:1551 mv:1171 misc:678 imb:2 pmb:129 smb:1909 d:- ref:0 ;
in:1733 out:1734 type:b dur:2 cpbdur:2 q:35.70 aq:34.94 tex:1603 mv:1122 misc:651 imb:0 pmb:122 smb:1918 d:- ref:0 ;
in:1738 out:1735 type:P dur:2 cpbdur:2 q:35.70 aq:30.02 tex:54690 mv:9396 misc:1458 imb:133 pmb:1008 smb:899 d:- ref:0 ;
in:1736 out:1736 type:B dur:2 cpbdur:2 q:35.70 aq:34.46 tex:5748 mv:3558 misc:1246 imb:10 pmb:359 smb:1671 d:- ref:0 ;
in:1735 out:1737 type:b dur:2 cpbdur:2 q:35.70 aq:35.42 tex:1554 mv:954 misc:628 imb:3 pmb:100 smb:1937 d:- ref:0 ;
in:1737 out:1738 type:b dur:2 cpbdur:2 q:35.70 aq:34.80 tex:1673 mv:1126 misc:673 imb:3 pmb:125 smb:1912 d:- ref:0 ;
in:1742 out:1739 type:P dur:2 cpbdur:2 q:35.69 aq:29.87 tex:51923 mv:9184 misc:1453 imb:130 pmb:987 smb:923 d:- ref:0 ;
in:1740 out:1740 type:B dur:2 cpbdur:2 q:35.69 aq:34.60 tex:5515 mv:3550 misc:1183 imb:13 pmb:325 smb:1702 d:- ref:0 ;
in:1739 out:1741 type:b dur:2 cpbdur:2 q:35.70 aq:34.56 tex:1126 mv:1102 misc:636 imb:6 pmb:100 smb:1934 d:- ref:0 ;
in:1741 out:1742 type:b dur:2 cpbdur:2 q:35.69 aq:35.92 tex:1435 mv:1193 misc:676 imb:6 pmb:116 smb:1918 d:- ref:0 ;
in:1746 out:1743 type:P dur:2 cpbdur:2 q:35.68 aq:29.28 tex:52555 mv:9382 misc:1447 imb:161 pmb:1005 smb:874 d:- ref:0 ;
in:1744 out:1744 type:B dur:2 cpbdur:2 q:35.68 aq:34.39 tex:5304 mv:3574 misc:1170 imb:14 pmb:337 smb:1689 d:- ref:0 ;
in:1743 out:1745 type:b dur:2 cpbdur:2 q:35.69 aq:35.18 tex:1206 mv:1251 misc:647 imb:1 pmb:116 smb:1923 d:- ref:0 ;
in:1745 out:1746 type:b dur:2 cpbdur:2 q:35.68 aq:36.68 tex:1351 mv:1028 misc:621 imb:4 pmb:103 smb:1933 d:- ref:0 ;
in:1750 out:1747 type:P dur:2 cpbdur:2 q:35.67 aq:29.96 tex:51893 mv:9027 misc:1472 imb:149 pmb:1001 smb:890 d:- ref:0 ;
in:1748 out:1748 type:B dur:2 cpbdur:2 q:35.68 aq:35.40 tex:4605 mv:3369 misc:1130 imb:7 pmb:326 smb:1707 d:- ref:0 ;
in:1747 out:1749 type:b dur:2 cpbdur:2 q:35.68 aq:35.25 tex:1160 mv:1202 misc:646 imb:3 pmb:106 smb:1931 d:- ref:0 ;
in:1749 out:1750 type:b dur:2 cpbdur:2 q:35.67 aq:36.85 tex:1157 mv:1144 misc:627 imb:2 pmb:109 smb:1929 d:- ref:0 ;
in:1754 out:1751 type:P dur:2 cpbdur:2 q:35.66 aq:29.83 tex:49148 mv:8419 misc:1417 imb:132 pmb:945 smb:963 d:- ref:0 ;
in:1752 out:1752 type:B dur:2 cpbdur:2 q:35.66 aq:33.33 tex:4377 mv:3457 misc:1174 imb:18 pmb:332 smb:1690 d:- ref:0 ;
in:1751 out:1753 type:b dur:2 cpbdur:2 q:35.67 aq:34.85 tex:1380 mv:1150 misc:654 imb:3 pmb:116 smb:1921 d:- ref:0 ;
in:1753 out:1754 type:b dur:2 cpbdur:2 q:35.66 aq:35.57 tex:1035 mv:1188 misc:601 imb:2 pmb:107 smb:1931 d:- ref:0 ;
in:1758 out:1755 type:P dur:2 cpbdur:2 q:35.64 aq:28.63 tex:46071 mv:8514 misc:1431 imb:134 pmb:963 smb:943 d:- ref:0 ;
in:1756 out:1756 type:B dur:2 cpbdur:2 q:35.65 aq:34.36 tex:4632 mv:3159 misc:1129 imb:12 pmb:298 smb:1730 d:- ref:0 ;
in:1755 out:1757 type:b dur:2 cpbdur:2 q:35.66 aq:34.83 tex:1143 mv:989 misc:612 imb:4 pmb:91 smb:1945 d:- ref:0 ;
in:1757 out:1758 type:b dur:2 cpbdur:2 q:35.65 aq:35.27 tex:1499 mv:1167 misc:662 imb:2 pmb:116 smb:1922 d:- ref:0 ;
in:1762 out:1759 type:P dur:2 cpbdur:2 q:35.63 aq:29.57 tex:44418 mv:7753 misc:1525 imb:118 pmb:918 smb:1004 d:- ref:0 ;
in:1760 out:1760 type:B dur:2 cpbdur:2 q:35.64 aq:32.76 tex:3999 mv:2891 misc:1070 imb:8 pmb:290 smb:1742 d:- ref:0 ;
in:1759 out:1761 type:b dur:2 cpbdur:2 q:35.64 aq:36.70 tex:1604 mv:959 misc:645 imb:1 pmb:116 smb:1923 d:- ref:0 ;
in:1761 out:1762 type:b dur:2 cpbdur:2 q:35.63 aq:34.31 tex:1713 mv:973 misc:698 imb:6 pmb:105 smb:1929 d:- ref:0 ;
in:1766 out:1763 type:P dur:2 cpbdur:2 q:35.61 aq:29.12 tex:46069 mv:8012 misc:1479 imb:119 pmb:945 smb:976 d:- ref:0 ;
in:1764 out:1764 type:B dur:2 cpbdur:2 q:35.62 aq:35.63 tex:4126 mv:2758 misc:1100 imb:6 pmb:282 smb:1752 d:- ref:0 ;
in:1763 out:1765 type:b dur:2 cpbdur:2 q:35.63 aq:36.57 tex:1540 mv:1069 misc:727 imb:4 pmb:126 smb:1910 d:- ref:0 ;
in:1765 out:1766 type:b dur:2 cpbdur:2 q:35.61 aq:36.34 tex:1419 mv:936 misc:605 imb:2 pmb:113 smb:1925 d:- ref:0 ;
in:1770 out:1767 type:P dur:2 cpbdur:2 q:35.59 aq:29.73 tex:42580 mv:7758 misc:1574 imb:111 pmb:920 smb:1009 d:- ref:0 ;
in:1768 out:1768 type:B dur:2 cpbdur:2 q:35.60 aq:35.12 tex:4840 mv:3000 misc:1112 imb:4 pmb:318 smb:1718 d:- ref:0 ;
in:1767 out:1769 type:b dur:2 cpbdur:2 q:35.60 aq:35.09 tex:1424 mv:1007 misc:617 imb:1 pmb:104 smb:1935 d:- ref:0 ;
in:1769 out:1770 type:b dur:2 cpbdur:2 q:35.60 aq:37.54 tex:1124 mv:969 misc:619 imb:1 pmb:100 smb:1939 d:- ref:0 ;
in:1774 out:1771 type:P dur:2 cpbdur:2 q:35.57 aq:29.31 tex:43915 mv:7927 misc:1462 imb:117 pmb:940 smb:983 d:- ref:0 ;
in:1772 out:1772 type:B dur:2 cpbdur:2 q:35.58 aq:34.56 tex:3823 mv:2717 misc:1020 imb:6 pmb:282 smb:1752 d:- ref:0 ;
in:1771 out:1773 type:b dur:2 cpbdur:2 q:35.58 aq:36.41 tex:1694 mv:1237 misc:709 imb:2 pmb:134 smb:1904 d:- ref:0 ;
in:1773 out:1774 type:b dur:2 cpbdur:2 q:35.57 aq:37.21 tex:1259 mv:930 misc:603 imb:1 pmb:93 smb:1946 d:- ref:0 ;
in:1778 out:1775 type:P dur:2 cpbdur:2 q:35.55 aq:29.68 tex:43640 mv:8040 misc:1512 imb:124 pmb:932 smb:984 d:- ref:0 ;
in:1776 out:1776 type:B dur:2 cpbdur:2 q:35.56 aq:33.84 tex:4019 mv:3016 misc:1109 imb:12 pmb:288 smb:1740 d:- ref:0 ;
in:1775 out:1777 type:b dur:2 cpbdur:2 q:35.56 aq:35.28 tex:1217 mv:1196 misc:635 imb:5 pmb:113 smb:1922 d:- ref:0 ;
in:1777 out:1778 type:b dur:2 cpbdur:2 q:35.56 aq:38.74 tex:1341 mv:903 misc:628 imb:0 pmb:105 smb:1935 d:- ref:0 ;
in:1782 out:1779 type:P dur:2 cpbdur:2 q:35.53 aq:28.92 tex:46708 mv:8683 misc:1521 imb:159 pmb:963 smb:918 d:- ref:0 ;
in:1780 out:1780 type:B dur:2 cpbdur:2 q:35.54 aq:35.98 tex:4787 mv:2844 misc:1089 imb:4 pmb:301 smb:1735 d:- ref:0 ;
in:1779 out:1781 type:b dur:2 cpbdur:2 q:35.55 aq:34.55 tex:1406 mv:894 misc:612 imb:3 pmb:100 smb:1937 d:- ref:0 ;
in:1781 out:1782 type:b dur:2 cpbdur:2 q:35.53 aq:36.10 tex:1309 mv:1135 misc:676 imb:4 pmb:115 smb:1921 d:- ref:0 ;
in:1786 out:1783 type:P dur:2 cpbdur:2 q:35.51 aq:29.57 tex:44987 mv:7937 misc:1516 imb:129 pmb:946 smb:965 d:- ref:0 ;
in:1784 out:1784 type:B dur:2 cpbdur:2 q:35.52 aq:37.03 tex:4752 mv:3302 misc:1114 imb:12 pmb:343 smb:1685 d:- ref:0 ;
in:1783 out:1785 type:b dur:2 cpbdur:2 q:35.52 aq:38.38 tex:1096 mv:1224 misc:640 imb:1 pmb:129 smb:1910 d:- ref:0 ;
in:1785 out:1786 type:b dur:2 cpbdur:2 q:35.51 aq:33.45 tex:1375 mv:1281 misc:744 imb:4 pmb:137 smb:1899 d:- ref:0 ;
in:1790 out:1787 type:P dur:2 cpbdur:2 q:35.49 aq:29.61 tex:45970 mv:7803 misc:1491 imb:122 pmb:932 smb:986 d:- ref:0 ;
in:1788 out:1788 type:B dur:2 cpbdur:2 q:35.50 aq:34.94 tex:4543 mv:3067 misc:1150 imb:13 pmb:312 smb:1715 d:- ref:0 ;
in:1787 out:1789 type:b dur:2 cpbdur:2 q:35.50 aq:37.17 tex:1587 mv:1306 misc:731 imb:4 pmb:141 smb:1895 d:- ref:0 ;
in:1789 out:1790 type:b dur:2 cpbdur:2 q:35.49 aq:35.41 tex:1803 mv:1200 misc:741 imb:5 pmb:133 smb:1902 d:- ref:0 ;
in:1794 out:1791 type:P dur:2 cpbdur:2 q:35.47 aq:29.47 tex:42119 mv:8227 misc:1510 imb:108 pmb:946 smb:986 d:- ref:0 ;
in:1792 out:1792 type:B dur:2 cpbdur:2 q:35.48 aq:35.37 tex:4344 mv:3208 misc:1128 imb:14 pmb:316 smb:1710 d:- ref:0 ;
in:1791 out:1793 type:b dur:2 cpbdur:2 q:35.48 aq:35.44 tex:1691 mv:1499 misc:770 imb:5 pmb:151 smb:1884 d:- ref:0 ;
in:1793 out:1794 type:b dur:2 cpbdur:2 q:35.48 aq:34.47 tex:1267 mv:1055 misc:686 imb:7 pmb:114 smb:1919 d:- ref:0 ;
in:1798 out:1795 type:P dur:2 cpbdur:2 q:35.45 aq:30.01 tex:41443 mv:8481 misc:1492 imb:157 pmb:927 smb:956 d:- ref:0 ;
in:1796 out:1796 type:B dur:2 cpbdur:2 q:35.46 aq:33.77 tex:4240 mv:3577 misc:1143 imb:6 pmb:351 smb:1683 d:- ref:0 ;
in:1795 out:1797 type:b dur:2 cpbdur:2 q:35.47 aq:33.86 tex:1442 mv:1320 misc:790 imb:2 pmb:158 smb:1880 d:- ref:0 ;
in:1797 out:1798 type:b dur:2 cpbdur:2 q:35.46 aq:37.16 tex:1500 mv:1077 misc:703 imb:1 pmb:125 smb:1914 d:- ref:0 ;
in:1802 out:1799 type:P dur:2 cpbdur:2 q:35.43 aq:29.66 tex:41385 mv:8935 misc:1472 imb:126 pmb:960 smb:954 d:- ref:0 ;
in:1800 out:1800 type:B dur:2 cpbdur:2 q:35.44 aq:36.01 tex:4466 mv:3656 misc:1238 imb:16 pmb:341 smb:1683 d:- ref:0 ;
in:1799 out:1801 type:b dur:2 cpbdur:2 q:35.45 aq:36.23 tex:1385 mv:1196 misc:771 imb:2 pmb:148 smb:1890 d:- ref:0 ;
in:1801 out:1802 type:b dur:2 cpbdur:2 q:35.44 aq:36.60 tex:1797 mv:1322 misc:745 imb:1 pmb:142 smb:1897 d:- ref:0 ;
in:1806 out:1803 type:P dur:2 cpbdur:2 q:35.41 aq:30.00 tex:45468 mv:9509 misc:1423 imb:167 pmb:996 smb:877 d:- ref:0 ;
in:1804 out:1804 type:B dur:2 cpbdur:2 q:35.42 aq:34.58 tex:4278 mv:3972 misc:1254 imb:11 pmb:378 smb:1651 d:- ref:0 ;
in:1803 out:1805 type:b dur:2 cpbdur:2 q:35.43 aq:34.25 tex:1369 mv:1282 misc:717 imb:2 pmb:134 smb:1904 d:- ref:0 ;
in:1805 out:1806 type:b dur:2 cpbdur:2 q:35.42 aq:33.42 tex:1410 mv:1484 misc:802 imb:2 pmb:162 smb:1876 d:- ref:0 ;
in:1810 out:1807 type:P dur:2 cpbdur:2 q:35.40 aq:29.70 tex:44790 mv:9663 misc:1419 imb:158 pmb:988 smb:894 d:- ref:0 ;
in:1808 out:1808 type:B dur:2 cpbdur:2 q:35.40 aq:34.71 tex:5237 mv:4753 misc:1378 imb:11 pmb:443 smb:1586 d:- ref:0 ;
in:1807 out:1809 type:b dur:2 cpbdur:2 q:35.41 aq:34.38 tex:1607 mv:1383 misc:714 imb:2 pmb:134 smb:1904 d:- ref:0 ;
in:1809 out:1810 type:b dur:2 cpbdur:2 q:35.40 aq:36.26 tex:1608 mv:1842 misc:870 imb:5 pmb:177 smb:1858 d:- ref:0 ;
in:1814 out:1811 type:P dur:2 cpbdur:2 q:35.38 aq:30.43 tex:45923 mv:10255 misc:1414 imb:187 pmb:1012 smb:841 d:- ref:0 ;
in:1812 out:1812 type:B dur:2 cpbdur:2 q:35.39 aq:33.70 tex:5465 mv:5088 misc:1471 imb:13 pmb:485 smb:1542 d:- ref:0 ;
in:1811 out:1813 type:b dur:2 cpbdur:2 q:35.39 aq:35.18 tex:1876 mv:1553 misc:787 imb:7 pmb:148 smb:1885 d:- ref:0 ;
in:1813 out:1814 type:b dur:2 cpbdur:2 q:35.38 aq:34.55 tex:1900 mv:1741 misc:847 imb:4 pmb:182 smb:1854 d:- ref:0 ;
in:1818 out:1815 type:P dur:2 cpbdur:2 q:35.37 aq:29.42 tex:48810 mv:10643 misc:1427 imb:187 pmb:1045 smb:808 d:- ref:0 ;
in:1816 out:1816 type:B dur:2 cpbdur:2 q:35.37 aq:34.10 tex:6902 mv:5180 misc:1374 imb:18 pmb:471 smb:1551 d:- ref:0 ;
in:1815 out:1817 type:b dur:2 cpbdur:2 q:35.37 aq:36.45 tex:1415 mv:1867 misc:870 imb:1 pmb:180 smb:1859 d:- ref:0 ;
in:1817 out:1818 type:b dur:2 cpbdur:2 q:35.37 aq:34.60 tex:1568 mv:1813 misc:835 imb:4 pmb:178 smb:1858 d:- ref:0 ;
in:1822 out:1819 type:P dur:2 cpbdur:2 q:35.35 aq:29.65 tex:45206 mv:11102 misc:1348 imb:193 pmb:1057 smb:790 d:- ref:0 ;
in:1820 out:1820 type:B dur:2 cpbdur:2 q:35.36 aq:34.92 tex:5871 mv:5564 misc:1453 imb:10 pmb:509 smb:1521 d:- ref:0 ;
in:1819 out:1821 type:b dur:2 cpbdur:2 q:35.36 aq:33.26 tex:1646 mv:1844 misc:862 imb:6 pmb:176 smb:1858 d:- ref:0 ;
in:1821 out:1822 type:b dur:2 cpbdur:2 q:35.36 aq:36.12 tex:1405 mv:1925 misc:942 imb:3 pmb:196 smb:1841 d:- ref:0 ;
in:1826 out:1823 type:P dur:2 cpbdur:2 q:35.35 aq:30.25 tex:46280 mv:11252 misc:1428 imb:214 pmb:1047 smb:779 d:- ref:0 ;
in:1824 out:1824 type:B dur:2 cpbdur:2 q:35.35 aq:33.00 tex:6552 mv:6297 misc:1583 imb:23 pmb:529 smb:1488 d:- ref:0 ;
in:1823 out:1825 type:b dur:2 cpbdur:2 q:35.35 aq:36.30 tex:1504 mv:2164 misc:948 imb:2 pmb:210 smb:1828 d:- ref:0 ;
in:1825 out:1826 type:b dur:2 cpbdur:2 q:35.35 aq:36.03 tex:2055 mv:2648 misc:1017 imb:5 pmb:241 smb:1794 d:- ref:0 ;
in:1830 out:1827 type:P dur:2 cpbdur:2 q:35.34 aq:29.90 tex:48885 mv:12069 misc:1350 imb:242 pmb:1072 smb:726 d:- ref:0 ;
in:1828 out:1828 type:B dur:2 cpbdur:2 q:35.34 aq:32.67 tex:6976 mv:6546 misc:1510 imb:18 pmb:557 smb:1465 d:- ref:0 ;
in:1827 out:1829 type:b dur:2 cpbdur:2 q:35.35 aq:35.92 tex:1528 mv:2656 misc:1088 imb:5 pmb:250 smb:1785 d:- ref:0 ;
in:1829 out:1830 type:b dur:2 cpbdur:2 q:35.34 aq:34.49 tex:1877 mv:3008 misc:1083 imb:4 pmb:279 smb:1757 d:- ref:0 ;
in:1834 out:1831 type:P dur:2 cpbdur:2 q:35.33 aq:30.50 tex:50123 mv:11646 misc:1391 imb:240 pmb:1037 smb:763 d:- ref:0 ;
in:1832 out:1832 type:B dur:2 cpbdur:2 q:35.33 aq:33.26 tex:7590 mv:7131 misc:1671 imb:26 pmb:606 smb:1408 d:- ref:0 ;
in:1831 out:1833 type:b dur:2 cpbdur:2 q:35.34 aq:34.68 tex:1942 mv:2967 misc:1131 imb:7 pmb:276 smb:1757 d:- ref:0 ;
in:1833 out:1834 type:b dur:2 cpbdur:2 q:35.33 aq:34.00 tex:2025 mv:3462 misc:1233 imb:13 pmb:308 smb:1719 d:- ref:0 ;
in:1838 out:1835 type:P dur:2 cpbdur:2 q:35.33 aq:29.91 tex:54681 mv:13525 misc:1234 imb:360 pmb:1063 smb:617 d:- ref:0 ;
in:1836 out:1836 type:B dur:2 cpbdur:2 q:35.33 aq:33.87 tex:8986 mv:8105 misc:1621 imb:28 pmb:656 smb:1356 d:- ref:0 ;
in:1835 out:1837 type:b dur:2 cpbdur:2 q:35.33 aq:33.81 tex:2383 mv:3757 misc:1236 imb:12 pmb:325 smb:1703 d:- ref:0 ;
in:1837 out:1838 type:b dur:2 cpbdur:2 q:35.33 aq:35.10 tex:3026 mv:4113 misc:1285 imb:15 pmb:346 smb:1679 d:- ref:0 ;
in:1842 out:1839 type:P dur:2 cpbdur:2 q:35.34 aq:30.48 tex:55352 mv:13900 misc:1348 imb:340 pmb:1066 smb:634 d:- ref:0 ;
in:1840 out:1840 type:B dur:2 cpbdur:2 q:35.33 aq:33.82 tex:8869 mv:8770 misc:1665 imb:35 pmb:687 smb:1318 d:- ref:0 ;
in:1839 out:1841 type:b dur:2 cpbdur:2 q:35.33 aq:35.11 tex:2630 mv:4354 misc:1272 imb:14 pmb:355 smb:1671 d:- ref:0 ;
in:1841 out:1842 type:b dur:2 cpbdur:2 q:35.33 aq:34.95 tex:3443 mv:4760 misc:1333 imb:19 pmb:395 smb:1626 d:- ref:0 ;
in:1845 out:1843 type:P dur:2 cpbdur:2 q:35.34 aq:35.02 tex:17626 mv:9873 misc:1789 imb:178 pmb:769 smb:1093 d:- ref:0 ;
in:1843 out:1844 type:B dur:2 cpbdur:2 q:35.34 aq:35.72 tex:4150 mv:5973 misc:1405 imb:17 pmb:490 smb:1533 d:- ref:0 ;
in:1844 out:1845 type:b dur:2 cpbdur:2 q:35.34 aq:34.96 tex:4716 mv:5739 misc:1489 imb:25 pmb:490 smb:1525 d:- ref:0 ;
in:1846 out:1846 type:I dur:2 cpbdur:2 q:32.45 aq:27.88 tex:204624 mv:44616 misc:488 imb:2040 pmb:0 smb:0 d:- ref:;
in:1850 out:1847 type:P dur:2 cpbdur:2 q:35.49 aq:31.23 tex:42142 mv:12841 misc:1441 imb:256 pmb:976 smb:808 d:- ref:0 ;
in:1848 out:1848 type:B dur:2 cpbdur:2 q:35.49 aq:33.07 tex:8416 mv:9463 misc:1633 imb:40 pmb:694 smb:1306 d:- ref:0 ;
in:1847 out:1849 type:b dur:2 cpbdur:2 q:35.49 aq:33.78 tex:1666 mv:5186 misc:1260 imb:12 pmb:374 smb:1654 d:- ref:0 ;
in:1849 out:1850 type:b dur:2 cpbdur:2 q:35.49 aq:34.53 tex:2501 mv:5329 misc:1378 imb:11 pmb:417 smb:1612 d:- ref:0 ;
in:1854 out:1851 type:P dur:2 cpbdur:2 q:35.49 aq:31.09 tex:55428 mv:13954 misc:1306 imb:414 pmb:966 smb:660 d:- ref:0 ;
in:1852 out:1852 type:B dur:2 cpbdur:2 q:35.49 aq:33.41 tex:11363 mv:10681 misc:1668 imb:43 pmb:737 smb:1260 d:- ref:0 ;
in:1851 out:1853 type:b dur:2 cpbdur:2 q:35.49 aq:34.36 tex:3117 mv:5786 misc:1345 imb:11 pmb:434 smb:1595 d:- ref:0 ;
in:1853 out:1854 type:b dur:2 cpbdur:2 q:35.49 aq:35.11 tex:2691 mv:6141 misc:1368 imb:12 pmb:439 smb:1589 d:- ref:0 ;
in:1858 out:1855 type:P dur:2 cpbdur:2 q:35.53 aq:31.49 tex:57778 mv:15409 misc:1181 imb:522 pmb:992 smb:526 d:- ref:0 ;
in:1856 out:1856 type:B dur:2 cpbdur:2 q:35.51 aq:34.39 tex:11906 mv:11176 misc:1726 imb:49 pmb:786 smb:1205 d:- ref:0 ;
in:1855 out:1857 type:b dur:2 cpbdur:2 q:35.50 aq:35.66 tex:3875 mv:6549 misc:1456 imb:19 pmb:471 smb:1550 d:- ref:0 ;
in:1857 out:1858 type:b dur:2 cpbdur:2 q:35.52 aq:35.74 tex:4090 mv:6310 misc:1464 imb:20 pmb:479 smb:1541 d:- ref:0 ;
in:1860 out:1859 type:P dur:2 cpbdur:2 q:35.54 aq:31.13 tex:48416 mv:12744 misc:1376 imb:352 pmb:979 smb:709 d:- ref:0 ;
in:1859 out:1860 type:b dur:2 cpbdur:2 q:35.54 aq:34.25 tex:4551 mv:6862 misc:1491 imb:23 pmb:495 smb:1522 d:- ref:0 ;
in:1864 out:1861 type:P dur:2 cpbdur:2 q:35.57 aq:30.88 tex:75090 mv:15800 misc:1182 imb:494 pmb:1036 smb:510 d:- ref:0 ;
in:1862 out:1862 type:B dur:2 cpbdur:2 q:35.56 aq:33.91 tex:14155 mv:11702 misc:1791 imb:85 pmb:825 smb:1130 d:- ref:0 ;
in:1861 out:1863 type:b dur:2 cpbdur:2 q:35.55 aq:35.30 tex:4125 mv:6886 misc:1477 imb:32 pmb:490 smb:1518 d:- ref:0 ;
in:1863 out:1864 type:b dur:2 cpbdur:2 q:35.56 aq:35.86 tex:4765 mv:7181 misc:1526 imb:21 pmb:552 smb:1467 d:- ref:0 ;
in:1868 out:1865 type:P dur:2 cpbdur:2 q:35.61 aq:31.35 tex:58057 mv:15812 misc:1259 imb:475 pmb:1050 smb:515 d:- ref:0 ;
in:1866 out:1866 type:B dur:2 cpbdur:2 q:35.59 aq:34.03 tex:14231 mv:11335 misc:1746 imb:64 pmb:846 smb:1130 d:- ref:0 ;
in:1865 out:1867 type:b dur:2 cpbdur:2 q:35.58 aq:36.33 tex:4668 mv:6698 misc:1458 imb:22 pmb:506 smb:1512 d:- ref:0 ;
in:1867 out:1868 type:b dur:2 cpbdur:2 q:35.60 aq:36.39 tex:4313 mv:6818 misc:1477 imb:29 pmb:511 smb:1500 d:- ref:0 ;
in:1870 out:1869 type:P dur:2 cpbdur:2 q:35.65 aq:31.46 tex:42283 mv:13164 misc:1577 imb:348 pmb:1026 smb:666 d:- ref:0 ;
in:1869 out:1870 type:b dur:2 cpbdur:2 q:35.63 aq:36.37 tex:4525 mv:6147 misc:1488 imb:34 pmb:487 smb:1519 d:- ref:0 ;
in:1872 out:1871 type:P dur:2 cpbdur:2 q:35.67 aq:31.57 tex:45148 mv:13223 misc:1557 imb:381 pmb:1046 smb:613 d:- ref:0 ;
in:1871 out:1872 type:b dur:2 cpbdur:2 q:35.66 aq:37.12 tex:4414 mv:6521 misc:1441 imb:28 pmb:492 smb:1520 d:- ref:0 ;
in:1876 out:1873 type:P dur:2 cpbdur:2 q:35.69 aq:31.21 tex:58136 mv:15025 misc:1351 imb:559 pmb:952 smb:529 d:- ref:0 ;
in:1874 out:1874 type:B dur:2 cpbdur:2 q:35.68 aq:35.37 tex:16450 mv:12393 misc:1821 imb:78 pmb:847 smb:1115 d:- ref:0 ;
in:1873 out:1875 type:b dur:2 cpbdur:2 q:35.68 aq:37.75 tex:5399 mv:6876 misc:1485 imb:24 pmb:549 smb:1467 d:- ref:0 ;
in:1875 out:1876 type:b dur:2 cpbdur:2 q:35.69 aq:37.85 tex:5128 mv:6859 misc:1525 imb:17 pmb:547 smb:1476 d:- ref:0 ;
in:1880 out:1877 type:P dur:2 cpbdur:2 q:35.72 aq:31.61 tex:59054 mv:15722 misc:1168 imb:571 pmb:973 smb:496 d:- ref:0 ;
in:1878 out:1878 type:B dur:2 cpbdur:2 q:35.70 aq:35.37 tex:15960 mv:12380 misc:1732 imb:66 pmb:814 smb:1160 d:- ref:0 ;
in:1877 out:1879 type:b dur:2 cpbdur:2 q:35.70 aq:36.11 tex:4575 mv:7587 misc:1534 imb:18 pmb:553 smb:1469 d:- ref:0 ;
in:1879 out:1880 type:b dur:2 cpbdur:2 q:35.71 aq:35.96 tex:5200 mv:7745 misc:1559 imb:23 pmb:566 smb:1451 d:- ref:0 ;
in:1882 out:1881 type:P dur:2 cpbdur:2 q:35.75 aq:31.94 tex:44728 mv:13277 misc:1483 imb:378 pmb:986 smb:676 d:- ref:0 ;
in:1881 out:1882 type:b dur:2 cpbdur:2 q:35.74 aq:36.49 tex:5538 mv:8336 misc:1526 imb:22 pmb:600 smb:1418 d:- ref:0 ;
in:1885 out:1883 type:P dur:2 cpbdur:2 q:35.78 aq:32.17 tex:58360 mv:14656 misc:1312 imb:537 pmb:930 smb:573 d:- ref:0 ;
in:1883 out:1884 type:B dur:2 cpbdur:2 q:35.76 aq:35.27 tex:11361 mv:11219 misc:1628 imb:62 pmb:735 smb:1243 d:- ref:0 ;
in:1884 out:1885 type:b dur:2 cpbdur:2 q:35.77 aq:35.90 tex:6886 mv:9356 misc:1638 imb:35 pmb:655 smb:1350 d:- ref:0 ;
in:1886 out:1886 type:P dur:2 cpbdur:2 q:35.81 aq:31.51 tex:32697 mv:11428 misc:1643 imb:261 pmb:958 smb:821 d:- ref:0 ;
in:1890 out:1887 type:P dur:2 cpbdur:2 q:35.84 aq:32.18 tex:69962 mv:16629 misc:1089 imb:785 pmb:881 smb:374 d:- ref:0 ;
in:1888 out:1888 type:B dur:2 cpbdur:2 q:35.82 aq:34.47 tex:20735 mv:15387 misc:1750 imb:103 pmb:943 smb:994 d:- ref:0 ;
in:1887 out:1889 type:b dur:2 cpbdur:2 q:35.82 aq:35.97 tex:8301 mv:10158 misc:1661 imb:39 pmb:707 smb:1294 d:- ref:0 ;
in:1889 out:1890 type:b dur:2 cpbdur:2 q:35.83 aq:36.91 tex:9173 mv:10457 misc:1666 imb:41 pmb:743 smb:1256 d:- ref:0 ;
in:1893 out:1891 type:P dur:2 cpbdur:2 q:35.88 aq:32.70 tex:67252 mv:15938 misc:1170 imb:684 pmb:888 smb:468 d:- ref:0 ;
in:1891 out:1892 type:B dur:2 cpbdur:2 q:35.85 aq:35.68 tex:16901 mv:13110 misc:1637 imb:91 pmb:836 smb:1113 d:- ref:0 ;
in:1892 out:1893 type:b dur:2 cpbdur:2 q:35.86 aq:36.91 tex:12195 mv:11534 misc:1583 imb:75 pmb:726 smb:1239 d:- ref:0 ;
in:1897 out:1894 type:P dur:2 cpbdur:2 q:35.95 aq:32.48 tex:71808 mv:16648 misc:1120 imb:889 pmb:793 smb:358 d:- ref:0 ;
in:1895 out:1895 type:B dur:2 cpbdur:2 q:35.91 aq:34.18 tex:29626 mv:16990 misc:1680 imb:163 pmb:956 smb:921 d:- ref:0 ;
in:1894 out:1896 type:b dur:2 cpbdur:2 q:35.90 aq:36.00 tex:11281 mv:11606 misc:1617 imb:70 pmb:749 smb:1221 d:- ref:0 ;
in:1896 out:1897 type:b dur:2 cpbdur:2 q:35.93 aq:35.84 tex:11023 mv:11933 misc:1676 imb:78 pmb:742 smb:1220 d:- ref:0 ;
in:1900 out:1898 type:P dur:2 cpbdur:2 q:36.01 aq:32.88 tex:53579 mv:15327 misc:1286 imb:762 pmb:773 smb:505 d:- ref:0 ;
in:1898 out:1899 type:B dur:2 cpbdur:2 q:35.97 aq:35.34 tex:19565 mv:13461 misc:1686 imb:129 pmb:862 smb:1049 d:- ref:0 ;
in:1899 out:1900 type:b dur:2 cpbdur:2 q:35.99 aq:36.21 tex:11845 mv:12033 misc:1730 imb:66 pmb:817 smb:1157 d:- ref:0 ;
in:1901 out:1901 type:P dur:2 cpbdur:2 q:36.08 aq:33.38 tex:32789 mv:12817 misc:1538 imb:412 pmb:878 smb:750 d:- ref:0 ;
in:1902 out:1902 type:P dur:2 cpbdur:2 q:36.10 aq:32.66 tex:34132 mv:12908 misc:1472 imb:458 pmb:843 smb:739 d:- ref:0 ;
in:1904 out:1903 type:P dur:2 cpbdur:2 q:36.12 aq:33.00 tex:46531 mv:14798 misc:1303 imb:668 pmb:798 smb:574 d:- ref:0 ;
in:1903 out:1904 type:b dur:2 cpbdur:2 q:36.11 aq:36.17 tex:13667 mv:11239 misc:1598 imb:136 pmb:646 smb:1258 d:- ref:0 ;
in:1905 out:1905 type:P dur:2 cpbdur:2 q:36.17 aq:32.79 tex:34368 mv:12697 misc:1487 imb:478 pmb:785 smb:777 d:- ref:0 ;
in:1907 out:1906 type:P dur:2 cpbdur:2 q:36.19 aq:32.27 tex:38222 mv:13789 misc:1277 imb:727 pmb:691 smb:622 d:- ref:0 ;
in:1906 out:1907 type:b dur:2 cpbdur:2 q:36.18 aq:36.78 tex:15718 mv:11412 misc:1598 imb:136 pmb:735 smb:1169 d:- ref:0 ;
in:1908 out:1908 type:P dur:2 cpbdur:2 q:36.22 aq:31.80 tex:24071 mv:10814 misc:1515 imb:387 pmb:711 smb:942 d:- ref:0 ;
in:1910 out:1909 type:P dur:2 cpbdur:2 q:36.24 aq:31.95 tex:26815 mv:12289 misc:1448 imb:601 pmb:616 smb:823 d:- ref:0 ;
in:1909 out:1910 type:b dur:2 cpbdur:2 q:36.23 aq:36.40 tex:6782 mv:8753 misc:1529 imb:79 pmb:609 smb:1352 d:- ref:0 ;
in:1911 out:1911 type:P dur:2 cpbdur:2 q:36.26 aq:31.83 tex:22972 mv:9103 misc:1533 imb:378 pmb:568 smb:1094 d:- ref:0 ;
in:1913 out:1912 type:P dur:2 cpbdur:2 q:36.28 aq:31.12 tex:22583 mv:9735 misc:1538 imb:440 pmb:523 smb:1077 d:- ref:0 ;
in:1912 out:1913 type:b dur:2 cpbdur:2 q:36.27 aq:36.27 tex:5855 mv:6963 misc:1446 imb:78 pmb:480 smb:1482 d:- ref:0 ;
in:1917 out:1914 type:P dur:2 cpbdur:2 q:36.29 aq:31.07 tex:31845 mv:10742 misc:1389 imb:901 pmb:439 smb:700 d:- ref:0 ;
in:1915 out:1915 type:B dur:2 cpbdur:2 q:36.28 aq:33.13 tex:11896 mv:9359 misc:1601 imb:151 pmb:603 smb:1286 d:- ref:0 ;
in:1914 out:1916 type:b dur:2 cpbdur:2 q:36.28 aq:35.55 tex:5425 mv:7155 misc:1484 imb:69 pmb:497 smb:1474 d:- ref:0 ;
in:1916 out:1917 type:b dur:2 cpbdur:2 q:36.29 aq:34.73 tex:5132 mv:6653 misc:1335 imb:79 pmb:458 smb:1503 d:- ref:0 ;
in:1921 out:1918 type:P dur:2 cpbdur:2 q:36.30 aq:31.05 tex:32129 mv:11913 misc:1262 imb:965 pmb:461 smb:614 d:- ref:0 ;
in:1919 out:1919 type:B dur:2 cpbdur:2 q:36.29 aq:33.05 tex:13845 mv:9510 misc:1549 imb:141 pmb:604 smb:1295 d:- ref:0 ;
in:1918 out:1920 type:b dur:2 cpbdur:2 q:36.29 aq:32.21 tex:5798 mv:7033 misc:1457 imb:90 pmb:479 smb:1471 d:- ref:0 ;
in:1920 out:1921 type:b dur:2 cpbdur:2 q:36.30 aq:33.39 tex:5885 mv:7316 misc:1335 imb:64 pmb:510 smb:1466 d:- ref:0 ;
in:1924 out:1922 type:P dur:2 cpbdur:2 q:36.30 aq:31.66 tex:29655 mv:10980 misc:1221 imb:924 pmb:436 smb:680 d:- ref:0 ;
in:1922 out:1923 type:B dur:2 cpbdur:2 q:36.30 aq:33.40 tex:8685 mv:8781 misc:1526 imb:148 pmb:530 smb:1362 d:- ref:0 ;
in:1923 out:1924 type:b dur:2 cpbdur:2 q:36.30 aq:33.97 tex:6827 mv:8516 misc:1441 imb:149 pmb:520 smb:1371 d:- ref:0 ;
in:1927 out:1925 type:P dur:2 cpbdur:2 q:36.30 aq:31.51 tex:27084 mv:11920 misc:1108 imb:1065 pmb:466 smb:509 d:- ref:0 ;
in:1925 out:1926 type:B dur:2 cpbdur:2 q:36.30 aq:32.10 tex:8881 mv:8551 misc:1576 imb:171 pmb:547 smb:1322 d:- ref:0 ;
in:1926 out:1927 type:b dur:2 cpbdur:2 q:36.30 aq:33.23 tex:5596 mv:7385 misc:1523 imb:87 pmb:505 smb:1448 d:- ref:0 ;
in:1931 out:1928 type:P dur:2 cpbdur:2 q:36.29 aq:32.09 tex:27344 mv:10725 misc:627 imb:1658 pmb:194 smb:188 d:- ref:0 ;
in:1929 out:1929 type:B dur:2 cpbdur:2 q:36.30 aq:31.94 tex:20426 mv:14986 misc:1532 imb:530 pmb:734 smb:776 d:- ref:0 ;
in:1928 out:1930 type:b dur:2 cpbdur:2 q:36.30 aq:32.63 tex:6779 mv:8612 misc:1537 imb:133 pmb:550 smb:1357 d:- ref:0 ;
in:1930 out:1931 type:b dur:2 cpbdur:2 q:36.29 aq:32.53 tex:13926 mv:12894 misc:1604 imb:467 pmb:660 smb:913 d:- ref:0 ;
in:1933 out:1932 type:P dur:2 cpbdur:2 q:36.30 aq:30.05 tex:22784 mv:8696 misc:528 imb:1730 pmb:114 smb:196 d:- ref:0 ;
in:1932 out:1933 type:b dur:2 cpbdur:2 q:36.30 aq:32.48 tex:12653 mv:7867 misc:1440 imb:292 pmb:500 smb:1248 d:- ref:0 ;
in:1934 out:1934 type:P dur:2 cpbdur:2 q:36.31 aq:31.86 tex:14352 mv:4506 misc:1142 imb:489 pmb:187 smb:1364 d:- ref:0 ;
in:1935 out:1935 type:P dur:2 cpbdur:2 q:36.33 aq:29.10 tex:11880 mv:3262 misc:1066 imb:336 pmb:173 smb:1531 d:- ref:0 ;
in:1938 out:1936 type:P dur:2 cpbdur:2 q:36.33 aq:28.25 tex:6581 mv:2516 misc:1055 imb:214 pmb:142 smb:1684 d:- ref:0 ;
in:1936 out:1937 type:B dur:2 cpbdur:2 q:36.33 aq:31.30 tex:1359 mv:1389 misc:812 imb:24 pmb:141 smb:1875 d:- ref:0 ;
in:1937 out:1938 type:b dur:2 cpbdur:2 q:36.33 aq:29.20 tex:1265 mv:1045 misc:650 imb:14 pmb:107 smb:1919 d:- ref:0 ;
in:1942 out:1939 type:P dur:2 cpbdur:2 q:36.35 aq:28.20 tex:4782 mv:2290 misc:1048 imb:188 pmb:133 smb:1719 d:- ref:0 ;
in:1940 out:1940 type:B dur:2 cpbdur:2 q:36.34 aq:32.04 tex:2065 mv:1708 misc:899 imb:14 pmb:185 smb:1841 d:- ref:0 ;
in:1939 out:1941 type:b dur:2 cpbdur:2 q:36.33 aq:33.33 tex:1407 mv:1071 misc:666 imb:15 pmb:112 smb:1913 d:- ref:0 ;
in:1941 out:1942 type:b dur:2 cpbdur:2 q:36.34 aq:32.02 tex:2285 mv:1285 misc:742 imb:16 pmb:152 smb:1872 d:- ref:0 ;
in:1945 out:1943 type:P dur:2 cpbdur:2 q:36.30 aq:28.28 tex:5219 mv:2075 misc:962 imb:132 pmb:140 smb:1768 d:- ref:0 ;
in:1943 out:1944 type:B dur:2 cpbdur:2 q:36.33 aq:34.77 tex:1587 mv:1248 misc:741 imb:9 pmb:148 smb:1883 d:- ref:0 ;
in:1944 out:1945 type:b dur:2 cpbdur:2 q:36.32 aq:33.04 tex:1005 mv:1242 misc:625 imb:14 pmb:118 smb:1908 d:- ref:0 ;
in:1949 out:1946 type:P dur:2 cpbdur:2 q:36.24 aq:28.21 tex:5353 mv:2025 misc:1030 imb:134 pmb:126 smb:1780 d:- ref:0 ;
in:1947 out:1947 type:B dur:2 cpbdur:2 q:36.27 aq:33.38 tex:1909 mv:1386 misc:833 imb:14 pmb:178 smb:1848 d:- ref:0 ;
in:1946 out:1948 type:b dur:2 cpbdur:2 q:36.28 aq:34.01 tex:1022 mv:1022 misc:628 imb:8 pmb:115 smb:1917 d:- ref:0 ;
in:1948 out:1949 type:b dur:2 cpbdur:2 q:36.26 aq:31.92 tex:1371 mv:1170 misc:643 imb:14 pmb:125 smb:1901 d:- ref:0 ;
in:1950 out:1950 type:P dur:2 cpbdur:2 q:36.17 aq:26.89 tex:3498 mv:1844 misc:922 imb:95 pmb:136 smb:1809 d:- ref:0 ;
in:1952 out:1951 type:P dur:2 cpbdur:2 q:36.15 aq:27.22 tex:4527 mv:2097 misc:1024 imb:114 pmb:151 smb:1775 d:- ref:0 ;
in:1951 out:1952 type:b dur:2 cpbdur:2 q:36.16 aq:33.74 tex:1501 mv:1219 misc:688 imb:11 pmb:142 smb:1887 d:- ref:0 ;
in:1955 out:1953 type:P dur:2 cpbdur:2 q:36.12 aq:27.53 tex:5808 mv:2244 misc:1012 imb:157 pmb:132 smb:1751 d:- ref:0 ;
in:1953 out:1954 type:B dur:2 cpbdur:2 q:36.14 aq:30.66 tex:1986 mv:1646 misc:856 imb:23 pmb:186 smb:1831 d:- ref:0 ;
in:1954 out:1955 type:b dur:2 cpbdur:2 q:36.13 aq:31.55 tex:1423 mv:1446 misc:747 imb:16 pmb:158 smb:1866 d:- ref:0 ;
in:1958 out:1956 type:P dur:2 cpbdur:2 q:36.07 aq:27.24 tex:5621 mv:2073 misc:962 imb:131 pmb:144 smb:1765 d:- ref:0 ;
in:1956 out:1957 type:B dur:2 cpbdur:2 q:36.10 aq:32.62 tex:1592 mv:1327 misc:825 imb:15 pmb:169 smb:1856 d:- ref:0 ;
in:1957 out:1958 type:b dur:2 cpbdur:2 q:36.09 aq:30.53 tex:1465 mv:1344 misc:719 imb:18 pmb:140 smb:1882 d:- ref:0 ;
in:1961 out:1959 type:P dur:2 cpbdur:2 q:36.03 aq:28.91 tex:5213 mv:2139 misc:912 imb:119 pmb:131 smb:1790 d:- ref:0 ;
in:1959 out:1960 type:B dur:2 cpbdur:2 q:36.06 aq:33.43 tex:1744 mv:1450 misc:814 imb:14 pmb:169 smb:1857 d:- ref:0 ;
in:1960 out:1961 type:b dur:2 cpbdur:2 q:36.04 aq:30.09 tex:1372 mv:1337 misc:723 imb:19 pmb:137 smb:1884 d:- ref:0 ;
in:1962 out:1962 type:P dur:2 cpbdur:2 q:35.99 aq:28.66 tex:4135 mv:1802 misc:879 imb:90 pmb:132 smb:1818 d:- ref:0 ;
in:1964 out:1963 type:P dur:2 cpbdur:2 q:35.97 aq:28.90 tex:4491 mv:2109 misc:880 imb:104 pmb:133 smb:1803 d:- ref:0 ;
in:1963 out:1964 type:b dur:2 cpbdur:2 q:35.98 aq:31.51 tex:1623 mv:1315 misc:766 imb:13 pmb:149 smb:1878 d:- ref:0 ;
in:1966 out:1965 type:P dur:2 cpbdur:2 q:35.94 aq:28.06 tex:4809 mv:2164 misc:891 imb:120 pmb:135 smb:1785 d:- ref:0 ;
in:1965 out:1966 type:b dur:2 cpbdur:2 q:35.96 aq:34.42 tex:1506 mv:1196 misc:746 imb:10 pmb:149 smb:1881 d:- ref:0 ;
in:1968 out:1967 type:P dur:2 cpbdur:2 q:35.92 aq:27.98 tex:4825 mv:2308 misc:891 imb:120 pmb:149 smb:1771 d:- ref:0 ;
in:1967 out:1968 type:b dur:2 cpbdur:2 q:35.93 aq:35.00 tex:1276 mv:1373 misc:671 imb:8 pmb:156 smb:1876 d:- ref:0 ;
in:1969 out:1969 type:P dur:2 cpbdur:2 q:35.89 aq:31.97 tex:2532 mv:1556 misc:672 imb:53 pmb:120 smb:1867 d:- ref:0 ;
in:1971 out:1970 type:P dur:2 cpbdur:2 q:35.87 aq:28.52 tex:3874 mv:1936 misc:806 imb:101 pmb:122 smb:1817 d:- ref:0 ;
in:1970 out:1971 type:b dur:2 cpbdur:2 q:35.88 aq:30.59 tex:859 mv:1419 misc:674 imb:11 pmb:145 smb:1884 d:- ref:0 ;
in:1972 out:1972 type:P dur:2 cpbdur:2 q:35.84 aq:29.17 tex:2688 mv:1586 misc:734 imb:55 pmb:125 smb:1860 d:- ref:0 ;
in:1973 out:1973 type:P dur:2 cpbdur:2 q:35.83 aq:28.17 tex:3755 mv:1976 misc:701 imb:81 pmb:142 smb:1817 d:- ref:0 ;
in:1974 out:1974 type:P dur:2 cpbdur:2 q:35.82 aq:28.52 tex:3987 mv:2031 misc:782 imb:82 pmb:143 smb:1815 d:- ref:0 ;
in:1975 out:1975 type:P dur:2 cpbdur:2 q:35.80 aq:28.68 tex:4551 mv:2538 misc:767 imb:116 pmb:161 smb:1763 d:- ref:0 ;
in:1976 out:1976 type:P dur:2 cpbdur:2 q:35.79 aq:26.42 tex:6787 mv:3164 misc:913 imb:209 pmb:164 smb:1667 d:- ref:0 ;
in:1977 out:1977 type:P dur:2 cpbdur:2 q:35.78 aq:28.31 tex:7450 mv:4045 misc:1009 imb:276 pmb:213 smb:1551 d:- ref:0 ;
in:1979 out:1978 type:P dur:2 cpbdur:2 q:35.77 aq:27.56 tex:14398 mv:6476 misc:838 imb:617 pmb:248 smb:1175 d:- ref:0 ;
in:1978 out:1979 type:b dur:2 cpbdur:2 q:35.77 aq:29.67 tex:2130 mv:3282 misc:932 imb:76 pmb:222 smb:1742 d:- ref:0 ;
in:1981 out:1980 type:P dur:2 cpbdur:2 q:35.74 aq:28.97 tex:12100 mv:7026 misc:1138 imb:453 pmb:361 smb:1226 d:- ref:0 ;
in:1980 out:1981 type:b dur:2 cpbdur:2 q:35.75 aq:28.35 tex:2102 mv:3398 misc:1020 imb:47 pmb:272 smb:1721 d:- ref:0 ;
in:1985 out:1982 type:P dur:2 cpbdur:2 q:35.72 aq:30.70 tex:16613 mv:8726 misc:885 imb:740 pmb:333 smb:967 d:- ref:0 ;
in:1983 out:1983 type:B dur:2 cpbdur:2 q:35.73 aq:28.93 tex:4986 mv:6319 misc:1287 imb:115 pmb:459 smb:1466 d:- ref:0 ;
in:1982 out:1984 type:b dur:2 cpbdur:2 q:35.74 aq:29.55 tex:2128 mv:3891 misc:1117 imb:66 pmb:288 smb:1686 d:- ref:0 ;
in:1984 out:1985 type:b dur:2 cpbdur:2 q:35.72 aq:30.15 tex:1991 mv:4052 misc:1189 imb:46 pmb:353 smb:1641 d:- ref:0 ;
in:1986 out:1986 type:P dur:2 cpbdur:2 q:35.68 aq:29.69 tex:7338 mv:5778 misc:1356 imb:232 pmb:408 smb:1400 d:- ref:0 ;
in:1988 out:1987 type:P dur:2 cpbdur:2 q:35.68 aq:30.10 tex:12634 mv:8290 misc:1268 imb:551 pmb:400 smb:1089 d:- ref:0 ;
in:1987 out:1988 type:b dur:2 cpbdur:2 q:35.68 aq:30.22 tex:2397 mv:4432 misc:1179 imb:58 pmb:340 smb:1642 d:- ref:0 ;
in:1990 out:1989 type:P dur:2 cpbdur:2 q:35.67 aq:29.95 tex:10582 mv:7812 misc:1358 imb:456 pmb:410 smb:1174 d:- ref:0 ;
in:1989 out:1990 type:b dur:2 cpbdur:2 q:35.67 aq:30.99 tex:2319 mv:4931 misc:1318 imb:68 pmb:389 smb:1583 d:- ref:0 ;
in:1992 out:1991 type:P dur:2 cpbdur:2 q:35.65 aq:30.55 tex:13111 mv:8991 misc:1538 imb:742 pmb:385 smb:913 d:- ref:0 w:6,63,2 ;
in:1991 out:1992 type:b dur:2 cpbdur:2 q:35.66 aq:30.64 tex:2638 mv:4297 misc:1209 imb:60 pmb:344 smb:1636 d:- ref:0 ;
in:1995 out:1993 type:P dur:2 cpbdur:2 q:35.64 aq:31.51 tex:35760 mv:11095 misc:529 imb:1763 pmb:228 smb:49 d:- ref:0 w:5,31,13,7,113,15,101,26 ;
in:1993 out:1994 type:B dur:2 cpbdur:2 q:35.65 aq:30.56 tex:6904 mv:8809 misc:1711 imb:400 pmb:442 smb:1198 d:- ref:0 ;
in:1994 out:1995 type:b dur:2 cpbdur:2 q:35.65 aq:31.24 tex:6563 mv:7928 misc:1781 imb:333 pmb:428 smb:1279 d:- ref:0 ;
in:1996 out:1996 type:I dur:2 cpbdur:2 q:32.90 aq:28.77 tex:63632 mv:27034 misc:462 imb:2040 pmb:0 smb:0 d:- ref:;
in:1998 out:1997 type:P dur:2 cpbdur:2 q:35.68 aq:30.81 tex:51726 mv:14553 misc:937 imb:1139 pmb:689 smb:212 d:- ref:0 w:6,83,0,6,73,-20,49,30 ;
in:1997 out:1998 type:b dur:2 cpbdur:2 q:35.68 aq:31.72 tex:5702 mv:4242 misc:1160 imb:175 pmb:256 smb:1609 d:- ref:0 ;
in:2000 out:1999 type:P dur:2 cpbdur:2 q:35.70 aq:29.49 tex:30880 mv:11581 misc:1467 imb:492 pmb:946 smb:602 d:- ref:0 w:3,9,-2,5,35,-13,32,0 ;
in:1999 out:2000 type:b dur:2 cpbdur:2 q:35.69 aq:32.33 tex:1471 mv:1946 misc:815 imb:63 pmb:150 smb:1827 d:- ref:0 ;
in:2004 out:2001 type:P dur:2 cpbdur:2 q:35.71 aq:28.98 tex:27111 mv:11622 misc:1587 imb:365 pmb:1010 smb:665 d:- ref:0 w:5,33,0 ;
in:2002 out:2002 type:B dur:2 cpbdur:2 q:35.70 aq:29.98 tex:1047 mv:2448 misc:1353 imb:18 pmb:309 smb:1713 d:- ref:0 ;
in:2001 out:2003 type:b dur:2 cpbdur:2 q:35.70 aq:31.35 tex:352 mv:554 misc:518 imb:5 pmb:65 smb:1970 d:- ref:0 ;
in:2003 out:2004 type:b dur:2 cpbdur:2 q:35.70 aq:33.04 tex:240 mv:394 misc:406 imb:3 pmb:47 smb:1990 d:- ref:0 ;
in:2008 out:2005 type:P dur:2 cpbdur:2 q:35.73 aq:29.80 tex:12841 mv:7002 misc:1765 imb:125 pmb:769 smb:1146 d:- ref:0 ;
in:2006 out:2006 type:B dur:2 cpbdur:2 q:35.72 aq:32.96 tex:696 mv:1640 misc:872 imb:8 pmb:172 smb:1860 d:- ref:0 ;
in:2005 out:2007 type:b dur:2 cpbdur:2 q:35.71 aq:33.38 tex:49 mv:119 misc:280 imb:0 pmb:17 smb:2023 d:- ref:0 ;
in:2007 out:2008 type:b dur:2 cpbdur:2 q:35.72 aq:34.94 tex:50 mv:201 misc:253 imb:1 pmb:18 smb:2021 d:- ref:0 ;
in:2010 out:2009 type:P dur:2 cpbdur:2 q:35.68 aq:29.81 tex:13938 mv:5613 misc:1793 imb:115 pmb:705 smb:1220 d:- ref:0 ;
in:2009 out:2010 type:b dur:2 cpbdur:2 q:35.70 aq:33.96 tex:30 mv:102 misc:236 imb:0 pmb:12 smb:2028 d:- ref:0 ;
in:2012 out:2011 type:P dur:2 cpbdur:2 q:35.66 aq:29.92 tex:3888 mv:2813 misc:1563 imb:38 pmb:415 smb:1587 d:- ref:0 ;
in:2011 out:2012 type:b dur:2 cpbdur:2 q:35.67 aq:31.00 tex:0 mv:0 misc:160 imb:0 pmb:0 smb:2040 d:- ref:0 ;
in:2014 out:2013 type:P dur:2 cpbdur:2 q:35.63 aq:29.91 tex:11603 mv:5530 misc:1739 imb:90 pmb:673 smb:1277 d:- ref:0 ;
in:2013 out:2014 type:b dur:2 cpbdur:2 q:35.64 aq:36.62 tex:99 mv:176 misc:237 imb:1 pmb:16 smb:2023 d:- ref:0 ;
in:2016 out:2015 type:P dur:2 cpbdur:2 q:35.60 aq:29.28 tex:13586 mv:6397 misc:1809 imb:109 pmb:725 smb:1206 d:- ref:0 ;
in:2015 out:2016 type:b dur:2 cpbdur:2 q:35.62 aq:35.70 tex:109 mv:127 misc:252 imb:0 pmb:14 smb:2026 d:- ref:0 ;
in:2020 out:2017 type:P dur:2 cpbdur:2 q:35.58 aq:29.94 tex:16850 mv:7260 misc:1746 imb:152 pmb:713 smb:1175 d:- ref:0 ;
in:2018 out:2018 type:B dur:2 cpbdur:2 q:35.59 aq:32.34 tex:652 mv:1394 misc:802 imb:6 pmb:141 smb:1893 d:- ref:0 ;
in:2017 out:2019 type:b dur:2 cpbdur:2 q:35.60 aq:32.67 tex:134 mv:344 misc:362 imb:3 pmb:38 smb:1999 d:- ref:0 ;
in:2019 out:2020 type:b dur:2 cpbdur:2 q:35.58 aq:32.47 tex:173 mv:411 misc:384 imb:3 pmb:43 smb:1994 d:- ref:0 ;
in:2024 out:2021 type:P dur:2 cpbdur:2 q:35.53 aq:30.49 tex:13509 mv:6907 misc:1704 imb:145 pmb:679 smb:1216 d:- ref:0 ;
in:2022 out:2022 type:B dur:2 cpbdur:2 q:35.55 aq:34.20 tex:530 mv:1570 misc:868 imb:3 pmb:188 smb:1849 d:- ref:0 ;
in:2021 out:2023 type:b dur:2 cpbdur:2 q:35.57 aq:35.23 tex:164 mv:348 misc:368 imb:1 pmb:37 smb:2002 d:- ref:0 ;
in:2023 out:2024 type:b dur:2 cpbdur:2 q:35.54 aq:34.73 tex:234 mv:526 misc:520 imb:2 pmb:82 smb:1956 d:- ref:0 ;
in:2026 out:2025 type:P dur:2 cpbdur:2 q:35.47 aq:31.03 tex:9177 mv:5185 misc:1790 imb:85 pmb:606 smb:1349 d:- ref:0 ;
in:2025 out:2026 type:b dur:2 cpbdur:2 q:35.50 aq:34.49 tex:79 mv:231 misc:298 imb:0 pmb:25 smb:2015 d:- ref:0 ;
in:2028 out:2027 type:P dur:2 cpbdur:2 q:35.45 aq:31.34 tex:7176 mv:4971 misc:1645 imb:74 pmb:545 smb:1421 d:- ref:0 ;
in:2027 out:2028 type:b dur:2 cpbdur:2 q:35.46 aq:31.08 tex:195 mv:381 misc:392 imb:2 pmb:49 smb:1989 d:- ref:0 ;
in:2032 out:2029 type:P dur:2 cpbdur:2 q:35.42 aq:32.39 tex:45400 mv:10771 misc:421 imb:1807 pmb:146 smb:87 d:- ref:0 ;
in:2030 out:2030 type:B dur:2 cpbdur:2 q:35.44 aq:32.33 tex:4100 mv:3097 misc:1395 imb:24 pmb:345 smb:1671 d:- ref:0 ;
in:2029 out:2031 type:b dur:2 cpbdur:2 q:35.45 aq:31.23 tex:136 mv:291 misc:389 imb:4 pmb:37 smb:1999 d:- ref:0 ;
in:2031 out:2032 type:b dur:2 cpbdur:2 q:35.43 aq:37.20 tex:1382 mv:1742 misc:980 imb:5 pmb:210 smb:1825 d:- ref:0 ;
in:2033 out:2033 type:P dur:2 cpbdur:2 q:35.38 aq:29.69 tex:43626 mv:11040 misc:310 imb:1850 pmb:176 smb:14 d:- ref:0 w:6,59,-14 ;
in:2034 out:2034 type:P dur:2 cpbdur:2 q:35.37 aq:27.00 tex:64900 mv:10788 misc:680 imb:1655 pmb:217 smb:168 d:- ref:0 ;
in:2036 out:2035 type:P dur:2 cpbdur:2 q:35.40 aq:23.66 tex:21881 mv:7726 misc:1729 imb:796 pmb:501 smb:743 d:- ref:0 w:6,67,0 ;
in:2035 out:2036 type:b dur:2 cpbdur:2 q:35.39 aq:24.21 tex:319 mv:290 misc:743 imb:2 pmb:137 smb:1901 d:- ref:0 ;
in:2038 out:2037 type:P dur:2 cpbdur:2 q:35.38 aq:24.74 tex:5632 mv:1363 misc:1261 imb:67 pmb:225 smb:1748 d:- ref:0 ;
in:2037 out:2038 type:b dur:2 cpbdur:2 q:35.39 aq:23.60 tex:80 mv:34 misc:222 imb:1 pmb:6 smb:2033 d:- ref:0 ;
in:2040 out:2039 type:P dur:2 cpbdur:2 q:35.38 aq:25.23 tex:6151 mv:1140 misc:1053 imb:38 pmb:199 smb:1803 d:- ref:0 ;
in:2039 out:2040 type:b dur:2 cpbdur:2 q:35.38 aq:25.65 tex:22 mv:4 misc:174 imb:0 pmb:1 smb:2039 d:- ref:0 ;
in:2041 out:2041 type:P dur:2 cpbdur:2 q:35.41 aq:25.54 tex:4034 mv:693 misc:889 imb:22 pmb:142 smb:1876 d:- ref:0 ;
in:2043 out:2042 type:P dur:2 cpbdur:2 q:35.40 aq:26.05 tex:5171 mv:840 misc:901 imb:21 pmb:166 smb:1853 d:- ref:0 ;
in:2042 out:2043 type:b dur:2 cpbdur:2 q:35.40 aq:21.43 tex:30 mv:8 misc:178 imb:0 pmb:2 smb:2038 d:- ref:0 ;
in:2045 out:2044 type:P dur:2 cpbdur:2 q:35.37 aq:26.33 tex:15486 mv:1363 misc:1055 imb:70 pmb:210 smb:1760 d:- ref:0 ;
in:2044 out:2045 type:b dur:2 cpbdur:2 q:35.38 aq:26.63 tex:31 mv:128 misc:257 imb:5 pmb:24 smb:2011 d:- ref:0 ;
in:2046 out:2046 type:P dur:2 cpbdur:2 q:35.34 aq:26.35 tex:26453 mv:1606 misc:1117 imb:45 pmb:304 smb:1691 d:- ref:0 ;
in:2047 out:2047 type:P dur:2 cpbdur:2 q:35.33 aq:27.34 tex:25107 mv:634 misc:899 imb:23 pmb:195 smb:1822 d:- ref:0 ;
in:2048 out:2048 type:P dur:2 cpbdur:2 q:35.31 aq:26.92 tex:17229 mv:1487 misc:1060 imb:24 pmb:312 smb:1704 d:- ref:0 ;
in:2050 out:2049 type:P dur:2 cpbdur:2 q:35.30 aq:24.70 tex:8532 mv:1150 misc:1078 imb:66 pmb:225 smb:1749 d:- ref:0 ;
in:2049 out:2050 type:b dur:2 cpbdur:2 q:35.31 aq:20.55 tex:46 mv:12 misc:198 imb:0 pmb:4 smb:2036 d:- ref:0 ;
in:2052 out:2051 type:P dur:2 cpbdur:2 q:35.27 aq:25.72 tex:7567 mv:1289 misc:1168 imb:37 pmb:246 smb:1757 d:- ref:0 ;
in:2051 out:2052 type:b dur:2 cpbdur:2 q:35.29 aq:20.73 tex:30 mv:8 misc:178 imb:0 pmb:2 smb:2038 d:- ref:0 ;
in:2054 out:2053 type:P dur:2 cpbdur:2 q:35.26 aq:24.90 tex:4580 mv:907 misc:985 imb:30 pmb:165 smb:1845 d:- ref:0 ;
in:2053 out:2054 type:b dur:2 cpbdur:2 q:35.27 aq:21.80 tex:38 mv:12 misc:190 imb:0 pmb:3 smb:2037 d:- ref:0 ;
in:2056 out:2055 type:P dur:2 cpbdur:2 q:35.25 aq:25.65 tex:6264 mv:1148 misc:1124 imb:34 pmb:207 smb:1799 d:- ref:0 ;
in:2055 out:2056 type:b dur:2 cpbdur:2 q:35.26 aq:21.80 tex:39 mv:14 misc:195 imb:0 pmb:4 smb:2036 d:- ref:0 ;
in:2058 out:2057 type:P dur:2 cpbdur:2 q:35.22 aq:26.35 tex:3567 mv:832 misc:937 imb:23 pmb:152 smb:1865 d:- ref:0 ;
in:2057 out:2058 type:b dur:2 cpbdur:2 q:35.23 aq:22.32 tex:30 mv:8 misc:178 imb:0 pmb:2 smb:2038 d:- ref:0 ;
in:2060 out:2059 type:P dur:2 cpbdur:2 q:35.18 aq:26.16 tex:6649 mv:1279 misc:1040 imb:28 pmb:227 smb:1785 d:- ref:0 ;
in:2059 out:2060 type:b dur:2 cpbdur:2 q:35.20 aq:20.73 tex:72 mv:280 misc:384 imb:5 pmb:48 smb:1987 d:- ref:0 ;
in:2062 out:2061 type:P dur:2 cpbdur:2 q:35.15 aq:23.36 tex:6001 mv:2426 misc:1469 imb:132 pmb:260 smb:1648 d:- ref:0 ;
in:2061 out:2062 type:b dur:2 cpbdur:2 q:35.17 aq:20.00 tex:43 mv:31 misc:230 imb:0 pmb:10 smb:2030 d:- ref:0 ;
in:2064 out:2063 type:P dur:2 cpbdur:2 q:35.12 aq:24.62 tex:5480 mv:1336 misc:1200 imb:44 pmb:206 smb:1790 d:- ref:0 ;
in:2063 out:2064 type:b dur:2 cpbdur:2 q:35.14 aq:20.00 tex:27 mv:8 misc:189 imb:0 pmb:3 smb:2037 d:- ref:0 ;
in:2065 out:2065 type:P dur:2 cpbdur:2 q:35.09 aq:25.64 tex:3648 mv:661 misc:819 imb:21 pmb:120 smb:1899 d:- ref:0 ;
in:2067 out:2066 type:P dur:2 cpbdur:2 q:35.07 aq:25.19 tex:3549 mv:929 misc:970 imb:38 pmb:136 smb:1866 d:- ref:0 ;
in:2066 out:2067 type:b dur:2 cpbdur:2 q:35.08 aq:22.67 tex:24 mv:3 misc:173 imb:0 pmb:1 smb:2039 d:- ref:0 ;
in:2069 out:2068 type:P dur:2 cpbdur:2 q:35.04 aq:25.63 tex:3923 mv:1166 misc:1039 imb:39 pmb:185 smb:1816 d:- ref:0 ;
in:2068 out:2069 type:b dur:2 cpbdur:2 q:35.05 aq:20.00 tex:18 mv:7 misc:183 imb:0 pmb:2 smb:2038 d:- ref:0 ;
in:2071 out:2070 type:P dur:2 cpbdur:2 q:35.00 aq:26.67 tex:2110 mv:593 misc:729 imb:17 pmb:96 smb:1927 d:- ref:0 ;
in:2070 out:2071 type:b dur:2 cpbdur:2 q:35.02 aq:20.00 tex:26 mv:9 misc:189 imb:0 pmb:3 smb:2037 d:- ref:0 ;
in:2073 out:2072 type:P dur:2 cpbdur:2 q:34.97 aq:30.05 tex:1887 mv:527 misc:666 imb:9 pmb:99 smb:1932 d:- ref:0 ;
in:2072 out:2073 type:b dur:2 cpbdur:2 q:34.99 aq:20.00 tex:31 mv:23 misc:202 imb:1 pmb:4 smb:2035 d:- ref:0 ;
in:2074 out:2074 type:P dur:2 cpbdur:2 q:34.94 aq:24.55 tex:2757 mv:1345 misc:1154 imb:98 pmb:131 smb:1811 d:- ref:0 w:7,127,0 ;
in:2075 out:2075 type:P dur:2 cpbdur:2 q:34.92 aq:25.63 tex:2196 mv:1174 misc:934 imb:31 pmb:161 smb:1848 d:- ref:0 ;
in:2078 out:2076 type:P dur:2 cpbdur:2 q:34.91 aq:26.75 tex:9739 mv:3681 misc:1660 imb:356 pmb:298 smb:1386 d:- ref:0 w:4,15,1 ;
in:2076 out:2077 type:B dur:2 cpbdur:2 q:34.92 aq:19.58 tex:242 mv:433 misc:453 imb:16 pmb:31 smb:1993 d:- ref:0 ;
in:2077 out:2078 type:b dur:2 cpbdur:2 q:34.91 aq:23.74 tex:513 mv:508 misc:587 imb:26 pmb:55 smb:1959 d:- ref:0 ;
in:2080 out:2079 type:P dur:2 cpbdur:2 q:34.86 aq:27.73 tex:28681 mv:7556 misc:1619 imb:817 pmb:486 smb:737 d:- ref:0 w:7,113,2 ;
in:2079 out:2080 type:b dur:2 cpbdur:2 q:34.88 aq:24.66 tex:761 mv:918 misc:705 imb:23 pmb:83 smb:1934 d:- ref:0 ;
in:2084 out:2081 type:P dur:2 cpbdur:2 q:34.83 aq:28.62 tex:47269 mv:10799 misc:532 imb:1687 pmb:247 smb:106 d:- ref:0 ;
in:2082 out:2082 type:B dur:2 cpbdur:2 q:34.85 aq:28.50 tex:10945 mv:5762 misc:1573 imb:180 pmb:349 smb:1511 d:- ref:0 ;
in:2081 out:2083 type:b dur:2 cpbdur:2 q:34.85 aq:27.24 tex:2234 mv:3160 misc:1214 imb:56 pmb:230 smb:1754 d:- ref:0 ;
in:2083 out:2084 type:b dur:2 cpbdur:2 q:34.84 aq:28.70 tex:2870 mv:3167 misc:1347 imb:76 pmb:239 smb:1725 d:- ref:0 ;
in:2086 out:2085 type:P dur:2 cpbdur:2 q:34.81 aq:28.37 tex:23098 mv:8672 misc:1406 imb:935 pmb:433 smb:672 d:- ref:0 ;
in:2085 out:2086 type:b dur:2 cpbdur:2 q:34.82 aq:28.65 tex:1662 mv:2901 misc:1205 imb:29 pmb:260 smb:1751 d:- ref:0 ;
in:2088 out:2087 type:P dur:2 cpbdur:2 q:34.83 aq:27.82 tex:17712 mv:8402 misc:1654 imb:739 pmb:481 smb:820 d:- ref:0 ;
in:2087 out:2088 type:b dur:2 cpbdur:2 q:34.82 aq:29.03 tex:1908 mv:2936 misc:1196 imb:46 pmb:270 smb:1724 d:- ref:0 ;
in:2091 out:2089 type:P dur:2 cpbdur:2 q:34.83 aq:28.84 tex:13579 mv:6756 misc:1649 imb:557 pmb:383 smb:1100 d:- ref:0 ;
in:2089 out:2090 type:B dur:2 cpbdur:2 q:34.83 aq:28.54 tex:2071 mv:3765 misc:1380 imb:53 pmb:336 smb:1651 d:- ref:0 ;
in:2090 out:2091 type:b dur:2 cpbdur:2 q:34.83 aq:30.04 tex:1078 mv:2730 misc:1176 imb:26 pmb:258 smb:1756 d:- ref:0 ;
in:2092 out:2092 type:P dur:2 cpbdur:2 q:34.81 aq:27.55 tex:12219 mv:4593 misc:1532 imb:230 pmb:407 smb:1403 d:- ref:0 ;
in:2093 out:2093 type:P dur:2 cpbdur:2 q:34.81 aq:28.25 tex:7754 mv:4030 misc:1456 imb:166 pmb:351 smb:1523 d:- ref:0 ;
in:2096 out:2094 type:P dur:2 cpbdur:2 q:34.80 aq:28.07 tex:11595 mv:6182 misc:1319 imb:341 pmb:389 smb:1310 d:- ref:0 ;
in:2094 out:2095 type:B dur:2 cpbdur:2 q:34.81 aq:29.18 tex:1981 mv:3276 misc:1191 imb:32 pmb:288 smb:1720 d:- ref:0 ;
in:2095 out:2096 type:b dur:2 cpbdur:2 q:34.81 aq:28.99 tex:1379 mv:2621 misc:1056 imb:20 pmb:251 smb:1769 d:- ref:0 ;
in:2097 out:2097 type:P dur:2 cpbdur:2 q:34.77 aq:28.09 tex:6379 mv:3835 misc:1346 imb:148 pmb:328 smb:1564 d:- ref:0 ;
in:2098 out:2098 type:P dur:2 cpbdur:2 q:34.76 aq:27.94 tex:6905 mv:4348 misc:1347 imb:146 pmb:372 smb:1522 d:- ref:0 ;
in:2099 out:2099 type:P dur:2 cpbdur:2 q:34.75 aq:28.13 tex:10149 mv:4613 misc:1294 imb:196 pmb:396 smb:1448 d:- ref:0 ;
in:2100 out:2100 type:P dur:2 cpbdur:2 q:34.74 aq:26.46 tex:9078 mv:4522 misc:1296 imb:172 pmb:383 smb:1485 d:- ref:0 ;
in:2103 out:2101 type:P dur:2 cpbdur:2 q:34.73 aq:28.15 tex:13843 mv:6274 misc:1307 imb:371 pmb:389 smb:1280 d:- ref:0 ;
in:2101 out:2102 type:B dur:2 cpbdur:2 q:34.74 aq:30.99 tex:1404 mv:3186 misc:1066 imb:23 pmb:275 smb:1742 d:- ref:0 ;
in:2102 out:2103 type:b dur:2 cpbdur:2 q:34.73 aq:28.82 tex:1046 mv:2365 misc:997 imb:15 pmb:225 smb:1800 d:- ref:0 ;
in:2105 out:2104 type:P dur:2 cpbdur:2 q:34.69 aq:28.41 tex:13284 mv:5140 misc:1312 imb:252 pmb:388 smb:1400 d:- ref:0 ;
in:2104 out:2105 type:b dur:2 cpbdur:2 q:34.71 aq:30.79 tex:1228 mv:2828 misc:1024 imb:24 pmb:242 smb:1774 d:- ref:0 ;
in:2107 out:2106 type:P dur:2 cpbdur:2 q:34.67 aq:28.58 tex:11310 mv:5505 misc:1289 imb:234 pmb:394 smb:1412 d:- ref:0 ;
in:2106 out:2107 type:b dur:2 cpbdur:2 q:34.68 aq:29.59 tex:978 mv:2625 misc:989 imb:17 pmb:238 smb:1785 d:- ref:0 ;
in:2108 out:2108 type:P dur:2 cpbdur:2 q:34.65 aq:28.88 tex:6282 mv:3777 misc:1213 imb:109 pmb:352 smb:1579 d:- ref:0 ;
in:2109 out:2109 type:P dur:2 cpbdur:2 q:34.64 aq:28.12 tex:7286 mv:4537 misc:1257 imb:178 pmb:403 smb:1459 d:- ref:0 ;
in:2111 out:2110 type:P dur:2 cpbdur:2 q:34.64 aq:28.29 tex:9471 mv:4902 misc:1227 imb:205 pmb:371 smb:1464 d:- ref:0 ;
in:2110 out:2111 type:b dur:2 cpbdur:2 q:34.64 aq:28.44 tex:962 mv:2468 misc:978 imb:26 pmb:226 smb:1788 d:- ref:0 ;
in:2112 out:2112 type:P dur:2 cpbdur:2 q:34.62 aq:27.04 tex:6934 mv:4256 misc:1450 imb:162 pmb:353 smb:1525 d:- ref:0 ;
in:2113 out:2113 type:P dur:2 cpbdur:2 q:34.61 aq:28.96 tex:6409 mv:3612 misc:1131 imb:108 pmb:311 smb:1621 d:- ref:0 ;
in:2114 out:2114 type:P dur:2 cpbdur:2 q:34.60 aq:27.60 tex:7250 mv:3948 misc:1218 imb:120 pmb:347 smb:1573 d:- ref:0 ;
in:2115 out:2115 type:P dur:2 cpbdur:2 q:34.59 aq:27.87 tex:7862 mv:4043 misc:1191 imb:134 pmb:332 smb:1574 d:- ref:0 ;
in:2116 out:2116 type:P dur:2 cpbdur:2 q:34.58 aq:27.03 tex:6353 mv:3734 misc:1177 imb:119 pmb:319 smb:1602 d:- ref:0 ;
in:2118 out:2117 type:P dur:2 cpbdur:2 q:34.56 aq:26.46 tex:11543 mv:4991 misc:1170 imb:209 pmb:354 smb:1477 d:- ref:0 ;
in:2117 out:2118 type:b dur:2 cpbdur:2 q:34.57 aq:27.89 tex:849 mv:2231 misc:840 imb:9 pmb:197 smb:1834 d:- ref:0 ;
in:2120 out:2119 type:P dur:2 cpbdur:2 q:34.54 aq:27.29 tex:12641 mv:4885 misc:1138 imb:188 pmb:361 smb:1491 d:- ref:0 ;
in:2119 out:2120 type:b dur:2 cpbdur:2 q:34.55 aq:29.95 tex:1266 mv:2256 misc:846 imb:22 pmb:174 smb:1844 d:- ref:0 ;
in:2124 out:2121 type:P dur:2 cpbdur:2 q:34.53 aq:28.35 tex:12977 mv:5206 misc:1241 imb:244 pmb:329 smb:1467 d:- ref:0 ;
in:2122 out:2122 type:B dur:2 cpbdur:2 q:34.54 aq:28.73 tex:3832 mv:3705 misc:1087 imb:45 pmb:296 smb:1699 d:- ref:0 ;
in:2121 out:2123 type:b dur:2 cpbdur:2 q:34.54 aq:30.94 tex:1034 mv:2266 misc:828 imb:17 pmb:168 smb:1855 d:- ref:0 ;
in:2123 out:2124 type:b dur:2 cpbdur:2 q:34.53 aq:30.55 tex:1065 mv:1967 misc:784 imb:8 pmb:184 smb:1848 d:- ref:0 ;
in:2126 out:2125 type:P dur:2 cpbdur:2 q:34.48 aq:27.46 tex:9174 mv:4178 misc:1200 imb:149 pmb:314 smb:1577 d:- ref:0 ;
in:2125 out:2126 type:b dur:2 cpbdur:2 q:34.50 aq:28.38 tex:597 mv:1581 misc:734 imb:8 pmb:142 smb:1890 d:- ref:0 ;
in:2128 out:2127 type:P dur:2 cpbdur:2 q:34.46 aq:27.46 tex:9145 mv:4193 misc:1198 imb:167 pmb:301 smb:1572 d:- ref:0 ;
in:2127 out:2128 type:b dur:2 cpbdur:2 q:34.47 aq:30.98 tex:680 mv:1634 misc:686 imb:4 pmb:140 smb:1896 d:- ref:0 ;
in:2132 out:2129 type:P dur:2 cpbdur:2 q:34.44 aq:29.66 tex:15143 mv:4807 misc:1138 imb:217 pmb:325 smb:1498 d:- ref:0 ;
in:2130 out:2130 type:B dur:2 cpbdur:2 q:34.45 aq:27.11 tex:3242 mv:3483 misc:1091 imb:31 pmb:291 smb:1718 d:- ref:0 ;
in:2129 out:2131 type:b dur:2 cpbdur:2 q:34.46 aq:28.01 tex:765 mv:1747 misc:760 imb:11 pmb:150 smb:1879 d:- ref:0 ;
in:2131 out:2132 type:b dur:2 cpbdur:2 q:34.44 aq:26.55 tex:1170 mv:1785 misc:765 imb:12 pmb:167 smb:1861 d:- ref:0 ;
in:2133 out:2133 type:P dur:2 cpbdur:2 q:34.39 aq:25.21 tex:6397 mv:3010 misc:1025 imb:62 pmb:283 smb:1695 d:- ref:0 ;
in:2134 out:2134 type:P dur:2 cpbdur:2 q:34.37 aq:25.86 tex:9298 mv:3831 misc:1151 imb:129 pmb:328 smb:1583 d:- ref:0 ;
in:2136 out:2135 type:P dur:2 cpbdur:2 q:34.37 aq:25.90 tex:10187 mv:4343 misc:1366 imb:196 pmb:313 smb:1531 d:- ref:0 ;
in:2135 out:2136 type:b dur:2 cpbdur:2 q:34.37 aq:27.29 tex:630 mv:1693 misc:693 imb:7 pmb:145 smb:1888 d:- ref:0 ;
in:2137 out:2137 type:P dur:2 cpbdur:2 q:34.34 aq:28.62 tex:6137 mv:2901 misc:962 imb:58 pmb:275 smb:1707 d:- ref:0 ;
in:2138 out:2138 type:P dur:2 cpbdur:2 q:34.33 aq:26.69 tex:8052 mv:3444 misc:1008 imb:74 pmb:323 smb:1643 d:- ref:0 ;
in:2139 out:2139 type:P dur:2 cpbdur:2 q:34.32 aq:27.78 tex:6657 mv:3289 misc:1062 imb:64 pmb:313 smb:1663 d:- ref:0 ;
in:2140 out:2140 type:P dur:2 cpbdur:2 q:34.31 aq:27.04 tex:6549 mv:3303 misc:1020 imb:83 pmb:307 smb:1650 d:- ref:0 ;
in:2141 out:2141 type:P dur:2 cpbdur:2 q:34.30 aq:25.49 tex:5895 mv:3264 misc:1065 imb:87 pmb:282 smb:1671 d:- ref:0 ;
in:2142 out:2142 type:P dur:2 cpbdur:2 q:34.29 aq:24.92 tex:6272 mv:3331 misc:1101 imb:102 pmb:302 smb:1636 d:- ref:0 ;
in:2144 out:2143 type:P dur:2 cpbdur:2 q:34.28 aq:28.24 tex:8956 mv:4000 misc:1084 imb:135 pmb:310 smb:1595 d:- ref:0 ;
in:2143 out:2144 type:b dur:2 cpbdur:2 q:34.28 aq:27.01 tex:559 mv:1689 misc:688 imb:15 pmb:133 smb:1892 d:- ref:0 ;
in:2145 out:2145 type:P dur:2 cpbdur:2 q:34.26 aq:25.52 tex:6357 mv:3113 misc:1082 imb:76 pmb:300 smb:1664 d:- ref:0 ;
in:2146 out:2146 type:P dur:2 cpbdur:2 q:34.25 aq:25.59 tex:5679 mv:3012 misc:1013 imb:65 pmb:294 smb:1681 d:- ref:0 ;
in:2148 out:2147 type:P dur:2 cpbdur:2 q:34.24 aq:25.91 tex:9760 mv:4116 misc:1116 imb:117 pmb:330 smb:1593 d:- ref:0 ;
in:2147 out:2148 type:b dur:2 cpbdur:2 q:34.24 aq:27.89 tex:740 mv:1317 misc:655 imb:13 pmb:121 smb:1906 d:- ref:0 ;
in:2150 out:2149 type:P dur:2 cpbdur:2 q:34.21 aq:28.39 tex:9598 mv:4065 misc:1057 imb:120 pmb:342 smb:1578 d:- ref:0 ;
in:2149 out:2150 type:b dur:2 cpbdur:2 q:34.22 aq:24.75 tex:484 mv:1248 misc:564 imb:9 pmb:101 smb:1930 d:- ref:0 ;
in:2152 out:2151 type:P dur:2 cpbdur:2 q:34.19 aq:27.94 tex:10749 mv:4402 misc:1113 imb:170 pmb:353 smb:1517 d:- ref:0 ;
in:2151 out:2152 type:b dur:2 cpbdur:2 q:34.20 aq:28.13 tex:1114 mv:1388 misc:642 imb:12 pmb:118 smb:1910 d:- ref:0 ;
in:2154 out:2153 type:P dur:2 cpbdur:2 q:34.16 aq:27.39 tex:12949 mv:4511 misc:1164 imb:198 pmb:370 smb:1472 d:- ref:0 ;
in:2153 out:2154 type:b dur:2 cpbdur:2 q:34.17 aq:27.11 tex:654 mv:1280 misc:562 imb:8 pmb:101 smb:1931 d:- ref:0 ;
in:2157 out:2155 type:P dur:2 cpbdur:2 q:34.14 aq:27.56 tex:17998 mv:4907 misc:1039 imb:196 pmb:375 smb:1469 d:- ref:0 ;
in:2155 out:2156 type:B dur:2 cpbdur:2 q:34.15 aq:27.78 tex:1797 mv:2095 misc:796 imb:16 pmb:177 smb:1847 d:- ref:0 ;
in:2156 out:2157 type:b dur:2 cpbdur:2 q:34.15 aq:27.58 tex:1152 mv:1464 misc:632 imb:13 pmb:124 smb:1903 d:- ref:0 ;
in:2161 out:2158 type:P dur:2 cpbdur:2 q:34.10 aq:27.08 tex:20286 mv:4879 misc:1099 imb:230 pmb:357 smb:1453 d:- ref:0 ;
in:2159 out:2159 type:B dur:2 cpbdur:2 q:34.12 aq:27.73 tex:3269 mv:2547 misc:912 imb:16 pmb:226 smb:1798 d:- ref:0 ;
in:2158 out:2160 type:b dur:2 cpbdur:2 q:34.13 aq:22.91 tex:941 mv:1280 misc:579 imb:12 pmb:99 smb:1929 d:- ref:0 ;
in:2160 out:2161 type:b dur:2 cpbdur:2 q:34.11 aq:25.37 tex:982 mv:1198 misc:492 imb:12 pmb:95 smb:1933 d:- ref:0 ;
in:2163 out:2162 type:P dur:2 cpbdur:2 q:34.06 aq:24.74 tex:12311 mv:3796 misc:1173 imb:142 pmb:326 smb:1572 d:- ref:0 ;
in:2162 out:2163 type:b dur:2 cpbdur:2 q:34.08 aq:24.97 tex:1129 mv:1426 misc:557 imb:14 pmb:109 smb:1917 d:- ref:0 ;
in:2167 out:2164 type:P dur:2 cpbdur:2 q:34.04 aq:25.87 tex:19528 mv:5043 misc:1221 imb:225 pmb:363 smb:1452 d:- ref:0 ;
in:2165 out:2165 type:B dur:2 cpbdur:2 q:34.05 aq:26.85 tex:4594 mv:2614 misc:944 imb:32 pmb:216 smb:1792 d:- ref:0 ;
in:2164 out:2166 type:b dur:2 cpbdur:2 q:34.06 aq:26.13 tex:1718 mv:1250 misc:568 imb:7 pmb:114 smb:1919 d:- ref:0 ;
in:2166 out:2167 type:b dur:2 cpbdur:2 q:34.05 aq:25.05 tex:1530 mv:1315 misc:515 imb:1 pmb:111 smb:1928 d:- ref:0 ;
in:2171 out:2168 type:P dur:2 cpbdur:2 q:33.99 aq:26.41 tex:25359 mv:5775 misc:1162 imb:260 pmb:377 smb:1403 d:- ref:0 ;
in:2169 out:2169 type:B dur:2 cpbdur:2 q:34.02 aq:24.96 tex:5737 mv:3519 misc:1032 imb:41 pmb:267 smb:1732 d:- ref:0 ;
in:2168 out:2170 type:b dur:2 cpbdur:2 q:34.03 aq:28.65 tex:2361 mv:1835 misc:628 imb:17 pmb:135 smb:1888 d:- ref:0 ;
in:2170 out:2171 type:b dur:2 cpbdur:2 q:34.01 aq:27.13 tex:1732 mv:1653 misc:599 imb:4 pmb:135 smb:1901 d:- ref:0 ;
in:2175 out:2172 type:P dur:2 cpbdur:2 q:33.95 aq:26.93 tex:25598 mv:6409 misc:1121 imb:213 pmb:465 smb:1362 d:- ref:0 ;
in:2173 out:2173 type:B dur:2 cpbdur:2 q:33.97 aq:26.75 tex:6520 mv:4259 misc:1037 imb:24 pmb:330 smb:1686 d:- ref:0 ;
in:2172 out:2174 type:b dur:2 cpbdur:2 q:33.98 aq:27.61 tex:2506 mv:2205 misc:697 imb:13 pmb:156 smb:1871 d:- ref:0 ;
in:2174 out:2175 type:b dur:2 cpbdur:2 q:33.96 aq:28.95 tex:2542 mv:2538 misc:824 imb:16 pmb:189 smb:1835 d:- ref:0 ;
in:2179 out:2176 type:P dur:2 cpbdur:2 q:33.92 aq:26.01 tex:30984 mv:7010 misc:1134 imb:291 pmb:475 smb:1274 d:- ref:0 ;
in:2177 out:2177 type:B dur:2 cpbdur:2 q:33.93 aq:27.06 tex:10214 mv:5265 misc:1153 imb:41 pmb:402 smb:1597 d:- ref:0 ;
in:2176 out:2178 type:b dur:2 cpbdur:2 q:33.94 aq:30.90 tex:3519 mv:3048 misc:785 imb:17 pmb:216 smb:1807 d:- ref:0 ;
in:2178 out:2179 type:b dur:2 cpbdur:2 q:33.92 aq:30.36 tex:3955 mv:3365 misc:888 imb:12 pmb:253 smb:1775 d:- ref:0 ;
in:2183 out:2180 type:P dur:2 cpbdur:2 q:33.89 aq:26.85 tex:35026 mv:7731 misc:1227 imb:352 pmb:451 smb:1237 d:- ref:0 ;
in:2181 out:2181 type:B dur:2 cpbdur:2 q:33.90 aq:28.49 tex:10554 mv:6192 misc:1262 imb:55 pmb:447 smb:1538 d:- ref:0 ;
in:2180 out:2182 type:b dur:2 cpbdur:2 q:33.91 aq:27.79 tex:4391 mv:3724 misc:949 imb:15 pmb:258 smb:1767 d:- ref:0 ;
in:2182 out:2183 type:b dur:2 cpbdur:2 q:33.90 aq:29.53 tex:4462 mv:4315 misc:991 imb:19 pmb:300 smb:1721 d:- ref:0 ;
in:2187 out:2184 type:P dur:2 cpbdur:2 q:33.87 aq:26.96 tex:38179 mv:8515 misc:1298 imb:444 pmb:473 smb:1123 d:- ref:0 ;
in:2185 out:2185 type:B dur:2 cpbdur:2 q:33.88 aq:27.62 tex:13322 mv:6932 misc:1602 imb:110 pmb:500 smb:1430 d:- ref:0 ;
in:2184 out:2186 type:b dur:2 cpbdur:2 q:33.88 aq:29.57 tex:4950 mv:4119 misc:1059 imb:25 pmb:300 smb:1715 d:- ref:0 ;
in:2186 out:2187 type:b dur:2 cpbdur:2 q:33.88 aq:31.48 tex:4535 mv:4112 misc:1049 imb:19 pmb:305 smb:1716 d:- ref:0 ;
in:2191 out:2188 type:P dur:2 cpbdur:2 q:33.86 aq:26.45 tex:43614 mv:9219 misc:1399 imb:482 pmb:494 smb:1064 d:- ref:0 ;
in:2189 out:2189 type:B dur:2 cpbdur:2 q:33.87 aq:29.72 tex:14448 mv:7056 misc:1392 imb:70 pmb:489 smb:1481 d:- ref:0 ;
in:2188 out:2190 type:b dur:2 cpbdur:2 q:33.87 aq:32.69 tex:6007 mv:4888 misc:1105 imb:39 pmb:321 smb:1680 d:- ref:0 ;
in:2190 out:2191 type:b dur:2 cpbdur:2 q:33.86 aq:32.85 tex:6502 mv:4731 misc:1127 imb:32 pmb:340 smb:1668 d:- ref:0 ;
in:2195 out:2192 type:P dur:2 cpbdur:2 q:33.86 aq:27.55 tex:42514 mv:9937 misc:1421 imb:550 pmb:551 smb:939 d:- ref:0 ;
in:2193 out:2193 type:B dur:2 cpbdur:2 q:33.86 aq:30.46 tex:15751 mv:7648 misc:1441 imb:81 pmb:513 smb:1446 d:- ref:0 ;
in:2192 out:2194 type:b dur:2 cpbdur:2 q:33.86 aq:33.62 tex:7466 mv:5115 misc:1163 imb:35 pmb:363 smb:1642 d:- ref:0 ;
in:2194 out:2195 type:b dur:2 cpbdur:2 q:33.86 aq:34.69 tex:6710 mv:5165 misc:1173 imb:16 pmb:389 smb:1635 d:- ref:0 ;
in:2199 out:2196 type:P dur:2 cpbdur:2 q:33.87 aq:27.70 tex:45412 mv:10326 misc:1430 imb:502 pmb:571 smb:967 d:- ref:0 ;
in:2197 out:2197 type:B dur:2 cpbdur:2 q:33.87 aq:31.25 tex:15439 mv:8247 misc:1442 imb:76 pmb:544 smb:1420 d:- ref:0 ;
in:2196 out:2198 type:b dur:2 cpbdur:2 q:33.86 aq:32.41 tex:6922 mv:5850 misc:1252 imb:44 pmb:414 smb:1582 d:- ref:0 ;
in:2198 out:2199 type:b dur:2 cpbdur:2 q:33.87 aq:35.32 tex:6526 mv:5601 misc:1193 imb:29 pmb:380 smb:1631 d:- ref:0 ;
in:2203 out:2200 type:P dur:2 cpbdur:2 q:33.89 aq:28.02 tex:48344 mv:10688 misc:1464 imb:437 pmb:617 smb:986 d:- ref:0 ;
in:2201 out:2201 type:B dur:2 cpbdur:2 q:33.88 aq:31.19 tex:17302 mv:8852 misc:1446 imb:79 pmb:549 smb:1412 d:- ref:0 ;
in:2200 out:2202 type:b dur:2 cpbdur:2 q:33.87 aq:34.87 tex:7383 mv:6274 misc:1263 imb:22 pmb:434 smb:1584 d:- ref:0 ;
in:2202 out:2203 type:b dur:2 cpbdur:2 q:33.88 aq:33.95 tex:7275 mv:6632 misc:1261 imb:27 pmb:443 smb:1570 d:- ref:0 ;
in:2207 out:2204 type:P dur:2 cpbdur:2 q:33.91 aq:28.78 tex:46139 mv:10084 misc:1353 imb:332 pmb:644 smb:1064 d:- ref:0 ;
in:2205 out:2205 type:B dur:2 cpbdur:2 q:33.90 aq:31.43 tex:19163 mv:8911 misc:1454 imb:67 pmb:590 smb:1383 d:- ref:0 ;
in:2204 out:2206 type:b dur:2 cpbdur:2 q:33.89 aq:34.88 tex:8355 mv:6733 misc:1288 imb:28 pmb:455 smb:1557 d:- ref:0 ;
in:2206 out:2207 type:b dur:2 cpbdur:2 q:33.90 aq:35.29 tex:7856 mv:6758 misc:1282 imb:15 pmb:485 smb:1540 d:- ref:0 ;
in:2211 out:2208 type:P dur:2 cpbdur:2 q:33.92 aq:28.16 tex:53741 mv:9962 misc:1345 imb:387 pmb:587 smb:1066 d:- ref:0 ;
in:2209 out:2209 type:B dur:2 cpbdur:2 q:33.91 aq:29.73 tex:18190 mv:9445 misc:1653 imb:99 pmb:627 smb:1314 d:- ref:0 ;
in:2208 out:2210 type:b dur:2 cpbdur:2 q:33.91 aq:35.54 tex:7361 mv:6718 misc:1265 imb:18 pmb:466 smb:1556 d:- ref:0 ;
in:2210 out:2211 type:b dur:2 cpbdur:2 q:33.92 aq:35.08 tex:8069 mv:6838 misc:1261 imb:17 pmb:488 smb:1535 d:- ref:0 ;
in:2215 out:2212 type:P dur:2 cpbdur:2 q:33.95 aq:27.94 tex:62981 mv:10586 misc:1353 imb:401 pmb:624 smb:1015 d:- ref:0 ;
in:2213 out:2213 type:B dur:2 cpbdur:2 q:33.94 aq:31.64 tex:19346 mv:9433 misc:1429 imb:106 pmb:572 smb:1362 d:- ref:0 ;
in:2212 out:2214 type:b dur:2 cpbdur:2 q:33.93 aq:35.19 tex:8513 mv:6903 misc:1216 imb:31 pmb:468 smb:1541 d:- ref:0 ;
in:2214 out:2215 type:b dur:2 cpbdur:2 q:33.94 aq:34.90 tex:7020 mv:6769 misc:1283 imb:33 pmb:469 smb:1538 d:- ref:0 ;
in:2219 out:2216 type:P dur:2 cpbdur:2 q:33.99 aq:28.37 tex:45528 mv:9685 misc:1379 imb:384 pmb:610 smb:1046 d:- ref:0 ;
in:2217 out:2217 type:B dur:2 cpbdur:2 q:33.97 aq:31.42 tex:18973 mv:9046 misc:1469 imb:66 pmb:579 smb:1395 d:- ref:0 ;
in:2216 out:2218 type:b dur:2 cpbdur:2 q:33.96 aq:33.78 tex:7745 mv:7135 misc:1296 imb:40 pmb:446 smb:1554 d:- ref:0 ;
in:2218 out:2219 type:b dur:2 cpbdur:2 q:33.98 aq:35.91 tex:7379 mv:6902 misc:1255 imb:21 pmb:449 smb:1570 d:- ref:0 ;
in:2223 out:2220 type:P dur:2 cpbdur:2 q:34.01 aq:28.71 tex:43405 mv:9496 misc:1451 imb:356 pmb:596 smb:1088 d:- ref:0 ;
in:2221 out:2221 type:B dur:2 cpbdur:2 q:34.00 aq:30.71 tex:19419 mv:9069 misc:1424 imb:79 pmb:565 smb:1396 d:- ref:0 ;
in:2220 out:2222 type:b dur:2 cpbdur:2 q:34.00 aq:36.54 tex:6564 mv:6566 misc:1198 imb:23 pmb:433 smb:1584 d:- ref:0 ;
in:2222 out:2223 type:b dur:2 cpbdur:2 q:34.01 aq:36.47 tex:7738 mv:6498 misc:1220 imb:13 pmb:452 smb:1575 d:- ref:0 ;
in:2227 out:2224 type:P dur:2 cpbdur:2 q:34.03 aq:28.17 tex:41618 mv:9502 misc:1416 imb:371 pmb:578 smb:1091 d:- ref:0 ;
in:2225 out:2225 type:B dur:2 cpbdur:2 q:34.02 aq:31.81 tex:19195 mv:9140 misc:1505 imb:70 pmb:579 smb:1391 d:- ref:0 ;
in:2224 out:2226 type:b dur:2 cpbdur:2 q:34.02 aq:36.32 tex:7470 mv:6564 misc:1206 imb:25 pmb:437 smb:1578 d:- ref:0 ;
in:2226 out:2227 type:b dur:2 cpbdur:2 q:34.02 aq:36.51 tex:7681 mv:6657 misc:1254 imb:21 pmb:451 smb:1568 d:- ref:0 ;
in:2231 out:2228 type:P dur:2 cpbdur:2 q:34.05 aq:28.43 tex:43868 mv:9304 misc:1364 imb:394 pmb:551 smb:1095 d:- ref:0 ;
in:2229 out:2229 type:B dur:2 cpbdur:2 q:34.04 aq:32.59 tex:18266 mv:8315 misc:1419 imb:61 pmb:535 smb:1444 d:- ref:0 ;
in:2228 out:2230 type:b dur:2 cpbdur:2 q:34.03 aq:36.42 tex:6653 mv:6484 misc:1279 imb:16 pmb:445 smb:1579 d:- ref:0 ;
in:2230 out:2231 type:b dur:2 cpbdur:2 q:34.04 aq:34.06 tex:7193 mv:7095 misc:1296 imb:35 pmb:452 smb:1553 d:- ref:0 ;
in:2235 out:2232 type:P dur:2 cpbdur:2 q:34.07 aq:28.78 tex:47540 mv:9480 misc:1404 imb:394 pmb:574 smb:1072 d:- ref:0 ;
in:2233 out:2233 type:B dur:2 cpbdur:2 q:34.06 aq:31.05 tex:18569 mv:9056 misc:1631 imb:76 pmb:606 smb:1358 d:- ref:0 ;
in:2232 out:2234 type:b dur:2 cpbdur:2 q:34.05 aq:36.44 tex:6915 mv:6501 misc:1216 imb:10 pmb:441 smb:1589 d:- ref:0 ;
in:2234 out:2235 type:b dur:2 cpbdur:2 q:34.06 aq:36.34 tex:7618 mv:6445 misc:1257 imb:15 pmb:457 smb:1568 d:- ref:0 ;
in:2239 out:2236 type:P dur:2 cpbdur:2 q:34.08 aq:27.88 tex:47883 mv:9719 misc:1334 imb:390 pmb:631 smb:1019 d:- ref:0 ;
in:2237 out:2237 type:B dur:2 cpbdur:2 q:34.07 aq:32.34 tex:19947 mv:8829 misc:1504 imb:58 pmb:587 smb:1395 d:- ref:0 ;
in:2236 out:2238 type:b dur:2 cpbdur:2 q:34.07 aq:35.21 tex:7692 mv:6831 misc:1277 imb:26 pmb:450 smb:1564 d:- ref:0 ;
in:2238 out:2239 type:b dur:2 cpbdur:2 q:34.08 aq:35.89 tex:8427 mv:6788 misc:1297 imb:21 pmb:466 smb:1553 d:- ref:0 ;
in:2243 out:2240 type:P dur:2 cpbdur:2 q:34.10 aq:28.74 tex:47621 mv:10145 misc:1394 imb:391 pmb:637 smb:1012 d:- ref:0 ;
in:2241 out:2241 type:B dur:2 cpbdur:2 q:34.09 aq:32.18 tex:20635 mv:8523 misc:1522 imb:56 pmb:575 smb:1409 d:- ref:0 ;
in:2240 out:2242 type:b dur:2 cpbdur:2 q:34.09 aq:34.61 tex:8875 mv:6799 misc:1350 imb:27 pmb:464 smb:1549 d:- ref:0 ;
in:2242 out:2243 type:b dur:2 cpbdur:2 q:34.09 aq:35.97 tex:9180 mv:6997 misc:1375 imb:21 pmb:492 smb:1527 d:- ref:0 ;
in:2245 out:2244 type:P dur:2 cpbdur:2 q:34.12 aq:31.04 tex:27126 mv:7568 misc:1442 imb:196 pmb:537 smb:1307 d:- ref:0 ;
in:2244 out:2245 type:b dur:2 cpbdur:2 q:34.11 aq:36.09 tex:8951 mv:7093 misc:1316 imb:25 pmb:484 smb:1531 d:- ref:0 ;
in:2246 out:2246 type:I dur:2 cpbdur:2 q:31.12 aq:25.15 tex:135275 mv:29521 misc:476 imb:2040 pmb:0 smb:0 d:- ref:;
in:2250 out:2247 type:P dur:2 cpbdur:2 q:34.24 aq:29.84 tex:44358 mv:8939 misc:1287 imb:307 pmb:578 smb:1155 d:- ref:0 ;
in:2248 out:2248 type:B dur:2 cpbdur:2 q:34.24 aq:33.93 tex:18351 mv:8572 misc:1333 imb:48 pmb:583 smb:1409 d:- ref:0 ;
in:2247 out:2249 type:b dur:2 cpbdur:2 q:34.24 aq:37.61 tex:8167 mv:6308 misc:1189 imb:19 pmb:439 smb:1582 d:- ref:0 ;
in:2249 out:2250 type:b dur:2 cpbdur:2 q:34.24 aq:36.27 tex:9402 mv:6519 misc:1263 imb:22 pmb:462 smb:1556 d:- ref:0 ;
in:2254 out:2251 type:P dur:2 cpbdur:2 q:34.26 aq:28.51 tex:48932 mv:9124 misc:1448 imb:292 pmb:620 smb:1128 d:- ref:0 ;
in:2252 out:2252 type:B dur:2 cpbdur:2 q:34.25 aq:33.10 tex:20752 mv:8670 misc:1410 imb:48 pmb:578 smb:1414 d:- ref:0 ;
in:2251 out:2253 type:b dur:2 cpbdur:2 q:34.25 aq:36.04 tex:10013 mv:6965 misc:1286 imb:24 pmb:476 smb:1540 d:- ref:0 ;
in:2253 out:2254 type:b dur:2 cpbdur:2 q:34.26 aq:35.75 tex:10041 mv:6510 misc:1217 imb:28 pmb:453 smb:1559 d:- ref:0 ;
in:2258 out:2255 type:P dur:2 cpbdur:2 q:34.29 aq:29.07 tex:51266 mv:9538 misc:1396 imb:343 pmb:632 smb:1065 d:- ref:0 ;
in:2256 out:2256 type:B dur:2 cpbdur:2 q:34.27 aq:32.07 tex:18845 mv:9003 misc:1496 imb:52 pmb:599 smb:1389 d:- ref:0 ;
in:2255 out:2257 type:b dur:2 cpbdur:2 q:34.27 aq:35.39 tex:9744 mv:6736 misc:1272 imb:26 pmb:474 smb:1540 d:- ref:0 ;
in:2257 out:2258 type:b dur:2 cpbdur:2 q:34.28 aq:36.64 tex:8566 mv:6546 misc:1200 imb:16 pmb:441 smb:1583 d:- ref:0 ;
in:2262 out:2259 type:P dur:2 cpbdur:2 q:34.32 aq:28.35 tex:50552 mv:9507 misc:1413 imb:369 pmb:631 smb:1040 d:- ref:0 ;
in:2260 out:2260 type:B dur:2 cpbdur:2 q:34.30 aq:32.71 tex:19049 mv:8524 misc:1419 imb:39 pmb:597 smb:1404 d:- ref:0 ;
in:2259 out:2261 type:b dur:2 cpbdur:2 q:34.30 aq:36.28 tex:8494 mv:6527 misc:1243 imb:34 pmb:444 smb:1562 d:- ref:0 ;
in:2261 out:2262 type:b dur:2 cpbdur:2 q:34.31 aq:36.60 tex:7993 mv:6271 misc:1200 imb:14 pmb:448 smb:1578 d:- ref:0 ;
in:2266 out:2263 type:P dur:2 cpbdur:2 q:34.34 aq:28.76 tex:48409 mv:9544 misc:1495 imb:337 pmb:640 smb:1063 d:- ref:0 ;
in:2264 out:2264 type:B dur:2 cpbdur:2 q:34.33 aq:32.94 tex:19603 mv:8183 misc:1470 imb:51 pmb:558 smb:1431 d:- ref:0 ;
in:2263 out:2265 type:b dur:2 cpbdur:2 q:34.32 aq:36.15 tex:9637 mv:6448 misc:1235 imb:32 pmb:437 smb:1571 d:- ref:0 ;
in:2265 out:2266 type:b dur:2 cpbdur:2 q:34.34 aq:35.92 tex:9325 mv:6358 misc:1149 imb:26 pmb:417 smb:1597 d:- ref:0 ;
in:2270 out:2267 type:P dur:2 cpbdur:2 q:34.37 aq:29.11 tex:45286 mv:8628 misc:1454 imb:306 pmb:617 smb:1117 d:- ref:0 ;
in:2268 out:2268 type:B dur:2 cpbdur:2 q:34.36 aq:33.32 tex:18779 mv:7861 misc:1360 imb:60 pmb:531 smb:1449 d:- ref:0 ;
in:2267 out:2269 type:b dur:2 cpbdur:2 q:34.35 aq:35.85 tex:8551 mv:6429 misc:1220 imb:24 pmb:441 smb:1575 d:- ref:0 ;
in:2269 out:2270 type:b dur:2 cpbdur:2 q:34.36 aq:36.40 tex:8455 mv:6109 misc:1204 imb:22 pmb:425 smb:1593 d:- ref:0 ;
in:2271 out:2271 type:P dur:2 cpbdur:2 q:34.38 aq:29.57 tex:35094 mv:7733 misc:1461 imb:234 pmb:657 smb:1149 d:- ref:0 ;
in:2275 out:2272 type:P dur:2 cpbdur:2 q:34.39 aq:28.36 tex:48016 mv:9697 misc:1455 imb:311 pmb:685 smb:1044 d:- ref:0 ;
in:2273 out:2273 type:B dur:2 cpbdur:2 q:34.38 aq:32.34 tex:17164 mv:8707 misc:1441 imb:62 pmb:533 smb:1445 d:- ref:0 ;
in:2272 out:2274 type:b dur:2 cpbdur:2 q:34.38 aq:35.94 tex:7883 mv:6522 misc:1251 imb:39 pmb:440 smb:1561 d:- ref:0 ;
in:2274 out:2275 type:b dur:2 cpbdur:2 q:34.39 aq:36.92 tex:7115 mv:5871 misc:1158 imb:32 pmb:380 smb:1628 d:- ref:0 ;
in:2279 out:2276 type:P dur:2 cpbdur:2 q:34.41 aq:28.29 tex:50137 mv:9136 misc:1399 imb:311 pmb:641 smb:1088 d:- ref:0 ;
in:2277 out:2277 type:B dur:2 cpbdur:2 q:34.40 aq:33.00 tex:17534 mv:7813 misc:1309 imb:60 pmb:474 smb:1506 d:- ref:0 ;
in:2276 out:2278 type:b dur:2 cpbdur:2 q:34.39 aq:37.12 tex:8559 mv:6103 misc:1162 imb:24 pmb:420 smb:1596 d:- ref:0 ;
in:2278 out:2279 type:b dur:2 cpbdur:2 q:34.41 aq:36.35 tex:7323 mv:5735 misc:1086 imb:16 pmb:365 smb:1659 d:- ref:0 ;
in:2283 out:2280 type:P dur:2 cpbdur:2 q:34.44 aq:28.37 tex:52423 mv:9493 misc:1412 imb:318 pmb:671 smb:1051 d:- ref:0 ;
in:2281 out:2281 type:B dur:2 cpbdur:2 q:34.43 aq:31.71 tex:17152 mv:8652 misc:1508 imb:78 pmb:553 smb:1409 d:- ref:0 ;
in:2280 out:2282 type:b dur:2 cpbdur:2 q:34.42 aq:37.05 tex:8289 mv:6034 misc:1181 imb:26 pmb:414 smb:1600 d:- ref:0 ;
in:2282 out:2283 type:b dur:2 cpbdur:2 q:34.43 aq:37.50 tex:6751 mv:5787 misc:1078 imb:15 pmb:377 smb:1648 d:- ref:0 ;
in:2287 out:2284 type:P dur:2 cpbdur:2 q:34.46 aq:28.43 tex:49397 mv:9128 misc:1491 imb:305 pmb:643 smb:1092 d:- ref:0 ;
in:2285 out:2285 type:B dur:2 cpbdur:2 q:34.45 aq:32.41 tex:17221 mv:7469 misc:1350 imb:55 pmb:501 smb:1484 d:- ref:0 ;
in:2284 out:2286 type:b dur:2 cpbdur:2 q:34.45 aq:36.38 tex:6973 mv:6197 misc:1126 imb:30 pmb:408 smb:1602 d:- ref:0 ;
in:2286 out:2287 type:b dur:2 cpbdur:2 q:34.46 aq:36.70 tex:6853 mv:5681 misc:1050 imb:19 pmb:380 smb:1641 d:- ref:0 ;
in:2291 out:2288 type:P dur:2 cpbdur:2 q:34.48 aq:27.71 tex:49080 mv:8817 misc:1503 imb:288 pmb:664 smb:1088 d:- ref:0 ;
in:2289 out:2289 type:B dur:2 cpbdur:2 q:34.47 aq:32.43 tex:16607 mv:7840 misc:1393 imb:53 pmb:534 smb:1453 d:- ref:0 ;
in:2288 out:2290 type:b dur:2 cpbdur:2 q:34.47 aq:37.43 tex:7835 mv:6271 misc:1134 imb:30 pmb:399 smb:1611 d:- ref:0 ;
in:2290 out:2291 type:b dur:2 cpbdur:2 q:34.48 aq:36.02 tex:7422 mv:5972 misc:1126 imb:20 pmb:392 smb:1628 d:- ref:0 ;
in:2295 out:2292 type:P dur:2 cpbdur:2 q:34.50 aq:29.11 tex:44527 mv:8528 misc:1401 imb:258 pmb:653 smb:1129 d:- ref:0 ;
in:2293 out:2293 type:B dur:2 cpbdur:2 q:34.49 aq:33.60 tex:18333 mv:6826 misc:1249 imb:40 pmb:461 smb:1539 d:- ref:0 ;
in:2292 out:2294 type:b dur:2 cpbdur:2 q:34.49 aq:38.46 tex:7305 mv:5164 misc:1019 imb:11 pmb:364 smb:1665 d:- ref:0 ;
in:2294 out:2295 type:b dur:2 cpbdur:2 q:34.50 aq:37.04 tex:6662 mv:5529 misc:1097 imb:24 pmb:363 smb:1653 d:- ref:0 ;
in:2299 out:2296 type:P dur:2 cpbdur:2 q:34.52 aq:27.89 tex:46851 mv:9074 misc:1475 imb:333 pmb:643 smb:1064 d:- ref:0 ;
in:2297 out:2297 type:B dur:2 cpbdur:2 q:34.51 aq:33.42 tex:17746 mv:7418 misc:1252 imb:38 pmb:484 smb:1518 d:- ref:0 ;
in:2296 out:2298 type:b dur:2 cpbdur:2 q:34.51 aq:37.42 tex:7404 mv:5303 misc:1117 imb:13 pmb:378 smb:1649 d:- ref:0 ;
in:2298 out:2299 type:b dur:2 cpbdur:2 q:34.51 aq:36.54 tex:7324 mv:5725 misc:1063 imb:14 pmb:399 smb:1627 d:- ref:0 ;
in:2303 out:2300 type:P dur:2 cpbdur:2 q:34.52 aq:28.05 tex:44670 mv:8634 misc:1344 imb:248 pmb:648 smb:1144 d:- ref:0 ;
in:2301 out:2301 type:B dur:2 cpbdur:2 q:34.52 aq:34.54 tex:16964 mv:6853 misc:1239 imb:36 pmb:464 smb:1540 d:- ref:0 ;
in:2300 out:2302 type:b dur:2 cpbdur:2 q:34.52 aq:36.75 tex:7475 mv:5593 misc:1108 imb:13 pmb:384 smb:1643 d:- ref:0 ;
in:2302 out:2303 type:b dur:2 cpbdur:2 q:34.52 aq:36.92 tex:7058 mv:5101 misc:1065 imb:14 pmb:359 smb:1667 d:- ref:0 ;
in:2307 out:2304 type:P dur:2 cpbdur:2 q:34.53 aq:28.52 tex:43820 mv:8047 misc:1413 imb:230 pmb:640 smb:1170 d:- ref:0 ;
in:2305 out:2305 type:B dur:2 cpbdur:2 q:34.53 aq:32.84 tex:16582 mv:6583 misc:1259 imb:46 pmb:424 smb:1570 d:- ref:0 ;
in:2304 out:2306 type:b dur:2 cpbdur:2 q:34.53 aq:37.67 tex:7869 mv:4947 misc:952 imb:8 pmb:327 smb:1705 d:- ref:0 ;
in:2306 out:2307 type:b dur:2 cpbdur:2 q:34.53 aq:38.18 tex:6823 mv:4870 misc:891 imb:6 pmb:318 smb:1716 d:- ref:0 ;
in:2311 out:2308 type:P dur:2 cpbdur:2 q:34.55 aq:28.83 tex:43378 mv:8045 misc:1481 imb:233 pmb:663 smb:1144 d:- ref:0 ;
in:2309 out:2309 type:B dur:2 cpbdur:2 q:34.54 aq:34.17 tex:17320 mv:6299 misc:1221 imb:32 pmb:437 smb:1571 d:- ref:0 ;
in:2308 out:2310 type:b dur:2 cpbdur:2 q:34.54 aq:36.87 tex:7350 mv:5259 misc:1039 imb:28 pmb:337 smb:1675 d:- ref:0 ;
in:2310 out:2311 type:b dur:2 cpbdur:2 q:34.55 aq:38.27 tex:7175 mv:5024 misc:953 imb:14 pmb:337 smb:1689 d:- ref:0 ;
in:2315 out:2312 type:P dur:2 cpbdur:2 q:34.56 aq:28.95 tex:39469 mv:7532 misc:1455 imb:212 pmb:612 smb:1216 d:- ref:0 ;
in:2313 out:2313 type:B dur:2 cpbdur:2 q:34.55 aq:34.55 tex:15720 mv:6343 misc:1193 imb:39 pmb:419 smb:1582 d:- ref:0 ;
in:2312 out:2314 type:b dur:2 cpbdur:2 q:34.55 aq:37.67 tex:7438 mv:5058 misc:1056 imb:28 pmb:336 smb:1676 d:- ref:0 ;
in:2314 out:2315 type:b dur:2 cpbdur:2 q:34.55 aq:36.56 tex:6921 mv:5119 misc:960 imb:13 pmb:343 smb:1684 d:- ref:0 ;
in:2319 out:2316 type:P dur:2 cpbdur:2 q:34.56 aq:29.27 tex:40511 mv:7245 misc:1412 imb:177 pmb:641 smb:1222 d:- ref:0 ;
in:2317 out:2317 type:B dur:2 cpbdur:2 q:34.56 aq:35.16 tex:16145 mv:5501 misc:1026 imb:31 pmb:353 smb:1656 d:- ref:0 ;
in:2316 out:2318 type:b dur:2 cpbdur:2 q:34.56 aq:38.25 tex:7292 mv:4499 misc:801 imb:4 pmb:296 smb:1740 d:- ref:0 ;
in:2318 out:2319 type:b dur:2 cpbdur:2 q:34.56 aq:37.44 tex:7365 mv:4607 misc:828 imb:11 pmb:289 smb:1740 d:- ref:0 ;
in:2323 out:2320 type:P dur:2 cpbdur:2 q:34.56 aq:28.48 tex:39172 mv:7281 misc:1515 imb:168 pmb:641 smb:1231 d:- ref:0 ;
in:2321 out:2321 type:B dur:2 cpbdur:2 q:34.56 aq:33.82 tex:16986 mv:5647 misc:1087 imb:24 pmb:387 smb:1629 d:- ref:0 ;
in:2320 out:2322 type:b dur:2 cpbdur:2 q:34.56 aq:36.64 tex:7011 mv:4738 misc:971 imb:13 pmb:323 smb:1704 d:- ref:0 ;
in:2322 out:2323 type:b dur:2 cpbdur:2 q:34.56 aq:36.97 tex:6636 mv:4481 misc:947 imb:13 pmb:320 smb:1707 d:- ref:0 ;
in:2327 out:2324 type:P dur:2 cpbdur:2 q:34.57 aq:28.44 tex:41136 mv:7858 misc:1430 imb:217 pmb:631 smb:1192 d:- ref:0 ;
in:2325 out:2325 type:B dur:2 cpbdur:2 q:34.57 aq:34.70 tex:17628 mv:6029 misc:1095 imb:29 pmb:401 smb:1610 d:- ref:0 ;
in:2324 out:2326 type:b dur:2 cpbdur:2 q:34.56 aq:36.94 tex:7346 mv:4795 misc:955 imb:14 pmb:315 smb:1711 d:- ref:0 ;
in:2326 out:2327 type:b dur:2 cpbdur:2 q:34.57 aq:36.88 tex:7274 mv:4738 misc:1020 imb:5 pmb:348 smb:1687 d:- ref:0 ;
in:2331 out:2328 type:P dur:2 cpbdur:2 q:34.57 aq:28.00 tex:42646 mv:8280 misc:1426 imb:235 pmb:651 smb:1154 d:- ref:0 ;
in:2329 out:2329 type:B dur:2 cpbdur:2 q:34.57 aq:32.06 tex:16939 mv:6402 misc:1315 imb:49 pmb:449 smb:1542 d:- ref:0 ;
in:2328 out:2330 type:b dur:2 cpbdur:2 q:34.57 aq:38.82 tex:7232 mv:4732 misc:940 imb:11 pmb:315 smb:1714 d:- ref:0 ;
in:2330 out:2331 type:b dur:2 cpbdur:2 q:34.57 aq:37.39 tex:6720 mv:4796 misc:900 imb:6 pmb:313 smb:1721 d:- ref:0 ;
in:2335 out:2332 type:P dur:2 cpbdur:2 q:34.58 aq:28.31 tex:41394 mv:8163 misc:1475 imb:212 pmb:656 smb:1172 d:- ref:0 ;
in:2333 out:2333 type:B dur:2 cpbdur:2 q:34.57 aq:34.36 tex:17023 mv:6297 misc:1200 imb:13 pmb:465 smb:1562 d:- ref:0 ;
in:2332 out:2334 type:b dur:2 cpbdur:2 q:34.57 aq:36.95 tex:7229 mv:4904 misc:995 imb:7 pmb:349 smb:1684 d:- ref:0 ;
in:2334 out:2335 type:b dur:2 cpbdur:2 q:34.57 aq:36.34 tex:6805 mv:4870 misc:1005 imb:8 pmb:326 smb:1706 d:- ref:0 ;
in:2339 out:2336 type:P dur:2 cpbdur:2 q:34.58 aq:28.37 tex:41077 mv:8057 misc:1474 imb:196 pmb:645 smb:1199 d:- ref:0 ;
in:2337 out:2337 type:B dur:2 cpbdur:2 q:34.58 aq:33.29 tex:16751 mv:6453 misc:1252 imb:16 pmb:471 smb:1553 d:- ref:0 ;
in:2336 out:2338 type:b dur:2 cpbdur:2 q:34.58 aq:37.66 tex:6870 mv:4654 misc:916 imb:6 pmb:314 smb:1720 d:- ref:0 ;
in:2338 out:2339 type:b dur:2 cpbdur:2 q:34.58 aq:37.03 tex:6707 mv:5116 misc:993 imb:12 pmb:338 smb:1690 d:- ref:0 ;
in:2343 out:2340 type:P dur:2 cpbdur:2 q:34.59 aq:28.46 tex:44376 mv:8349 misc:1475 imb:264 pmb:624 smb:1152 d:- ref:0 ;
in:2341 out:2341 type:B dur:2 cpbdur:2 q:34.59 aq:33.54 tex:16283 mv:6657 misc:1300 imb:20 pmb:473 smb:1547 d:- ref:0 ;
in:2340 out:2342 type:b dur:2 cpbdur:2 q:34.59 aq:36.72 tex:7575 mv:5268 misc:1013 imb:6 pmb:362 smb:1672 d:- ref:0 ;
in:2342 out:2343 type:b dur:2 cpbdur:2 q:34.59 aq:37.26 tex:7339 mv:4931 misc:1010 imb:7 pmb:349 smb:1684 d:- ref:0 ;
in:2347 out:2344 type:P dur:2 cpbdur:2 q:34.60 aq:28.50 tex:42884 mv:8880 misc:1436 imb:259 pmb:645 smb:1136 d:- ref:0 ;
in:2345 out:2345 type:B dur:2 cpbdur:2 q:34.60 aq:33.09 tex:17772 mv:7004 misc:1296 imb:32 pmb:478 smb:1530 d:- ref:0 ;
in:2344 out:2346 type:b dur:2 cpbdur:2 q:34.59 aq:37.33 tex:7676 mv:5482 misc:1018 imb:9 pmb:366 smb:1665 d:- ref:0 ;
in:2346 out:2347 type:b dur:2 cpbdur:2 q:34.60 aq:37.52 tex:7395 mv:5397 misc:1024 imb:12 pmb:355 smb:1673 d:- ref:0 ;
in:2351 out:2348 type:P dur:2 cpbdur:2 q:34.61 aq:28.31 tex:42979 mv:8480 misc:1469 imb:250 pmb:619 smb:1171 d:- ref:0 ;
in:2349 out:2349 type:B dur:2 cpbdur:2 q:34.61 aq:33.49 tex:17367 mv:7044 misc:1357 imb:26 pmb:519 smb:1495 d:- ref:0 ;
in:2348 out:2350 type:b dur:2 cpbdur:2 q:34.60 aq:37.82 tex:7041 mv:5084 misc:995 imb:7 pmb:351 smb:1682 d:- ref:0 ;
in:2350 out:2351 type:b dur:2 cpbdur:2 q:34.61 aq:37.37 tex:7738 mv:5124 misc:1058 imb:6 pmb:368 smb:1666 d:- ref:0 ;
in:2355 out:2352 type:P dur:2 cpbdur:2 q:34.62 aq:28.80 tex:39333 mv:8626 misc:1441 imb:244 pmb:640 smb:1156 d:- ref:0 ;
in:2353 out:2353 type:B dur:2 cpbdur:2 q:34.61 aq:31.90 tex:18755 mv:7418 misc:1539 imb:45 pmb:546 smb:1449 d:- ref:0 ;
in:2352 out:2354 type:b dur:2 cpbdur:2 q:34.61 aq:37.72 tex:8781 mv:4919 misc:1116 imb:5 pmb:382 smb:1653 d:- ref:0 ;
in:2354 out:2355 type:b dur:2 cpbdur:2 q:34.61 aq:36.93 tex:7413 mv:5181 misc:1086 imb:8 pmb:375 smb:1657 d:- ref:0 ;
in:2359 out:2356 type:P dur:2 cpbdur:2 q:34.63 aq:27.92 tex:40281 mv:8875 misc:1540 imb:262 pmb:649 smb:1129 d:- ref:0 ;
in:2357 out:2357 type:B dur:2 cpbdur:2 q:34.62 aq:33.21 tex:17494 mv:6881 misc:1417 imb:22 pmb:519 smb:1499 d:- ref:0 ;
in:2356 out:2358 type:b dur:2 cpbdur:2 q:34.62 aq:35.48 tex:8355 mv:4947 misc:1170 imb:7 pmb:387 smb:1646 d:- ref:0 ;
in:2358 out:2359 type:b dur:2 cpbdur:2 q:34.62 aq:36.57 tex:7531 mv:5128 misc:1149 imb:10 pmb:381 smb:1649 d:- ref:0 ;
in:2363 out:2360 type:P dur:2 cpbdur:2 q:34.64 aq:28.27 tex:39009 mv:8745 misc:1542 imb:260 pmb:651 smb:1129 d:- ref:0 ;
in:2361 out:2361 type:B dur:2 cpbdur:2 q:34.63 aq:31.88 tex:18419 mv:6951 misc:1478 imb:34 pmb:516 smb:1490 d:- ref:0 ;
in:2360 out:2362 type:b dur:2 cpbdur:2 q:34.63 aq:35.82 tex:8309 mv:5205 misc:1174 imb:18 pmb:391 smb:1631 d:- ref:0 ;
in:2362 out:2363 type:b dur:2 cpbdur:2 q:34.63 aq:37.30 tex:7699 mv:5251 misc:1130 imb:9 pmb:377 smb:1654 d:- ref:0 ;
in:2367 out:2364 type:P dur:2 cpbdur:2 q:34.65 aq:28.90 tex:39603 mv:8696 misc:1429 imb:242 pmb:646 smb:1152 d:- ref:0 ;
in:2365 out:2365 type:B dur:2 cpbdur:2 q:34.64 aq:32.95 tex:16709 mv:6779 misc:1360 imb:33 pmb:522 smb:1485 d:- ref:0 ;
in:2364 out:2366 type:b dur:2 cpbdur:2 q:34.64 aq:36.14 tex:8107 mv:5290 misc:1123 imb:16 pmb:353 smb:1671 d:- ref:0 ;
in:2366 out:2367 type:b dur:2 cpbdur:2 q:34.64 aq:36.84 tex:9271 mv:5354 misc:1167 imb:23 pmb:377 smb:1640 d:- ref:0 ;
in:2371 out:2368 type:P dur:2 cpbdur:2 q:34.65 aq:29.21 tex:39154 mv:8800 misc:1462 imb:281 pmb:640 smb:1119 d:- ref:0 ;
in:2369 out:2369 type:B dur:2 cpbdur:2 q:34.65 aq:33.21 tex:17396 mv:7012 misc:1336 imb:29 pmb:508 smb:1503 d:- ref:0 ;
in:2368 out:2370 type:b dur:2 cpbdur:2 q:34.65 aq:37.80 tex:8535 mv:5427 misc:1174 imb:13 pmb:391 smb:1636 d:- ref:0 ;
in:2370 out:2371 type:b dur:2 cpbdur:2 q:34.65 aq:35.82 tex:8202 mv:5171 misc:1147 imb:17 pmb:369 smb:1654 d:- ref:0 ;
in:2375 out:2372 type:P dur:2 cpbdur:2 q:34.66 aq:29.59 tex:37610 mv:8749 misc:1393 imb:275 pmb:612 smb:1153 d:- ref:0 ;
in:2373 out:2373 type:B dur:2 cpbdur:2 q:34.66 aq:34.20 tex:16495 mv:7254 misc:1403 imb:33 pmb:541 smb:1466 d:- ref:0 ;
in:2372 out:2374 type:b dur:2 cpbdur:2 q:34.66 aq:36.30 tex:8504 mv:5301 misc:1187 imb:20 pmb:393 smb:1627 d:- ref:0 ;
in:2374 out:2375 type:b dur:2 cpbdur:2 q:34.66 aq:36.08 tex:7968 mv:5152 misc:1120 imb:14 pmb:365 smb:1661 d:- ref:0 ;
in:2379 out:2376 type:P dur:2 cpbdur:2 q:34.67 aq:29.31 tex:36484 mv:8908 misc:1496 imb:287 pmb:628 smb:1125 d:- ref:0 ;
in:2377 out:2377 type:B dur:2 cpbdur:2 q:34.67 aq:31.68 tex:16839 mv:7112 misc:1441 imb:54 pmb:522 smb:1464 d:- ref:0 ;
in:2376 out:2378 type:b dur:2 cpbdur:2 q:34.67 aq:35.68 tex:8427 mv:5546 misc:1099 imb:20 pmb:378 smb:1642 d:- ref:0 ;
in:2378 out:2379 type:b dur:2 cpbdur:2 q:34.67 aq:36.90 tex:7972 mv:5278 misc:1214 imb:15 pmb:399 smb:1626 d:- ref:0 ;
in:2383 out:2380 type:P dur:2 cpbdur:2 q:34.68 aq:29.11 tex:44800 mv:9866 misc:1542 imb:350 pmb:702 smb:988 d:- ref:0 ;
in:2381 out:2381 type:B dur:2 cpbdur:2 q:34.68 aq:33.21 tex:18223 mv:8000 misc:1561 imb:41 pmb:578 smb:1421 d:- ref:0 ;
in:2380 out:2382 type:b dur:2 cpbdur:2 q:34.68 aq:35.35 tex:9242 mv:5618 misc:1268 imb:17 pmb:419 smb:1604 d:- ref:0 ;
in:2382 out:2383 type:b dur:2 cpbdur:2 q:34.68 aq:36.76 tex:9197 mv:5335 misc:1220 imb:15 pmb:401 smb:1624 d:- ref:0 ;
in:2387 out:2384 type:P dur:2 cpbdur:2 q:34.69 aq:29.31 tex:45302 mv:9865 misc:1409 imb:339 pmb:684 smb:1017 d:- ref:0 ;
in:2385 out:2385 type:B dur:2 cpbdur:2 q:34.69 aq:32.77 tex:18699 mv:7814 misc:1535 imb:38 pmb:572 smb:1430 d:- ref:0 ;
in:2384 out:2386 type:b dur:2 cpbdur:2 q:34.68 aq:36.47 tex:8810 mv:5423 misc:1255 imb:28 pmb:386 smb:1626 d:- ref:0 ;
in:2386 out:2387 type:b dur:2 cpbdur:2 q:34.69 aq:37.42 tex:8679 mv:5493 misc:1164 imb:8 pmb:411 smb:1621 d:- ref:0 ;
in:2391 out:2388 type:P dur:2 cpbdur:2 q:34.71 aq:28.86 tex:48111 mv:9947 misc:1390 imb:366 pmb:673 smb:1001 d:- ref:0 ;
in:2389 out:2389 type:B dur:2 cpbdur:2 q:34.70 aq:34.35 tex:18735 mv:8252 misc:1421 imb:29 pmb:602 smb:1409 d:- ref:0 ;
in:2388 out:2390 type:b dur:2 cpbdur:2 q:34.69 aq:37.93 tex:8930 mv:5490 misc:1212 imb:20 pmb:401 smb:1619 d:- ref:0 ;
in:2390 out:2391 type:b dur:2 cpbdur:2 q:34.71 aq:36.06 tex:10397 mv:6113 misc:1274 imb:21 pmb:466 smb:1553 d:- ref:0 ;
in:2395 out:2392 type:P dur:2 cpbdur:2 q:34.73 aq:29.14 tex:47759 mv:9682 misc:1383 imb:310 pmb:717 smb:1013 d:- ref:0 ;
in:2393 out:2393 type:B dur:2 cpbdur:2 q:34.72 aq:33.68 tex:17843 mv:8469 misc:1544 imb:38 pmb:597 smb:1405 d:- ref:0 ;
in:2392 out:2394 type:b dur:2 cpbdur:2 q:34.72 aq:37.28 tex:8156 mv:5710 misc:1198 imb:15 pmb:422 smb:1603 d:- ref:0 ;
in:2394 out:2395 type:b dur:2 cpbdur:2 q:34.72 aq:36.19 tex:8110 mv:5723 misc:1255 imb:19 pmb:419 smb:1602 d:- ref:0 ;
in:2399 out:2396 type:P dur:2 cpbdur:2 q:34.75 aq:30.03 tex:45953 mv:9588 misc:1419 imb:294 pmb:727 smb:1019 d:- ref:0 ;
in:2397 out:2397 type:B dur:2 cpbdur:2 q:34.74 aq:34.44 tex:17088 mv:7771 misc:1437 imb:42 pmb:552 smb:1446 d:- ref:0 ;
in:2396 out:2398 type:b dur:2 cpbdur:2 q:34.73 aq:37.31 tex:8168 mv:5213 misc:1171 imb:19 pmb:378 smb:1643 d:- ref:0 ;
in:2398 out:2399 type:b dur:2 cpbdur:2 q:34.75 aq:36.84 tex:8266 mv:5495 misc:1223 imb:22 pmb:398 smb:1620 d:- ref:0 ;
in:2403 out:2400 type:P dur:2 cpbdur:2 q:34.77 aq:28.83 tex:46905 mv:9248 misc:1383 imb:305 pmb:694 smb:1041 d:- ref:0 ;
in:2401 out:2401 type:B dur:2 cpbdur:2 q:34.76 aq:32.20 tex:17068 mv:7901 misc:1639 imb:76 pmb:569 smb:1395 d:- ref:0 ;
in:2400 out:2402 type:b dur:2 cpbdur:2 q:34.76 aq:36.99 tex:7802 mv:5296 misc:1174 imb:8 pmb:398 smb:1634 d:- ref:0 ;
in:2402 out:2403 type:b dur:2 cpbdur:2 q:34.76 aq:37.98 tex:7403 mv:5060 misc:1089 imb:10 pmb:383 smb:1647 d:- ref:0 ;
in:2407 out:2404 type:P dur:2 cpbdur:2 q:34.79 aq:29.68 tex:43588 mv:9133 misc:1375 imb:296 pmb:696 smb:1048 d:- ref:0 ;
in:2405 out:2405 type:B dur:2 cpbdur:2 q:34.78 aq:33.55 tex:18387 mv:7125 misc:1448 imb:40 pmb:521 smb:1479 d:- ref:0 ;
in:2404 out:2406 type:b dur:2 cpbdur:2 q:34.77 aq:36.75 tex:8472 mv:5181 misc:1123 imb:17 pmb:360 smb:1663 d:- ref:0 ;
in:2406 out:2407 type:b dur:2 cpbdur:2 q:34.78 aq:36.79 tex:8642 mv:4771 misc:1155 imb:7 pmb:373 smb:1660 d:- ref:0 ;
in:2411 out:2408 type:P dur:2 cpbdur:2 q:34.80 aq:28.92 tex:45153 mv:8912 misc:1367 imb:285 pmb:681 smb:1074 d:- ref:0 ;
in:2409 out:2409 type:B dur:2 cpbdur:2 q:34.79 aq:33.41 tex:17187 mv:7570 misc:1459 imb:39 pmb:536 smb:1465 d:- ref:0 ;
in:2408 out:2410 type:b dur:2 cpbdur:2 q:34.79 aq:37.41 tex:7625 mv:5021 misc:1154 imb:13 pmb:361 smb:1666 d:- ref:0 ;
in:2410 out:2411 type:b dur:2 cpbdur:2 q:34.79 aq:38.36 tex:7514 mv:5061 misc:1113 imb:20 pmb:352 smb:1668 d:- ref:0 ;
in:2415 out:2412 type:P dur:2 cpbdur:2 q:34.81 aq:29.80 tex:43683 mv:8875 misc:1370 imb:251 pmb:716 smb:1073 d:- ref:0 ;
in:2413 out:2413 type:B dur:2 cpbdur:2 q:34.80 aq:34.92 tex:16713 mv:6937 misc:1398 imb:31 pmb:518 smb:1491 d:- ref:0 ;
in:2412 out:2414 type:b dur:2 cpbdur:2 q:34.80 aq:37.57 tex:7349 mv:4648 misc:1075 imb:14 pmb:327 smb:1699 d:- ref:0 ;
in:2414 out:2415 type:b dur:2 cpbdur:2 q:34.80 aq:37.34 tex:8011 mv:4716 misc:1089 imb:8 pmb:366 smb:1666 d:- ref:0 ;
in:2419 out:2416 type:P dur:2 cpbdur:2 q:34.82 aq:29.47 tex:45905 mv:8855 misc:1392 imb:285 pmb:697 smb:1058 d:- ref:0 ;
in:2417 out:2417 type:B dur:2 cpbdur:2 q:34.81 aq:33.59 tex:16857 mv:7304 misc:1471 imb:34 pmb:537 smb:1469 d:- ref:0 ;
in:2416 out:2418 type:b dur:2 cpbdur:2 q:34.81 aq:37.34 tex:8198 mv:4969 misc:1105 imb:20 pmb:356 smb:1664 d:- ref:0 ;
in:2418 out:2419 type:b dur:2 cpbdur:2 q:34.82 aq:36.77 tex:8032 mv:4480 misc:1104 imb:18 pmb:332 smb:1690 d:- ref:0 ;
in:2423 out:2420 type:P dur:2 cpbdur:2 q:34.83 aq:29.75 tex:42059 mv:8999 misc:1358 imb:234 pmb:745 smb:1061 d:- ref:0 ;
in:2421 out:2421 type:B dur:2 cpbdur:2 q:34.83 aq:34.58 tex:15629 mv:6808 misc:1403 imb:21 pmb:517 smb:1502 d:- ref:0 ;
in:2420 out:2422 type:b dur:2 cpbdur:2 q:34.82 aq:37.74 tex:7939 mv:4568 misc:1029 imb:4 pmb:329 smb:1707 d:- ref:0 ;
in:2422 out:2423 type:b dur:2 cpbdur:2 q:34.83 aq:37.33 tex:7711 mv:4666 misc:1079 imb:5 pmb:360 smb:1675 d:- ref:0 ;
in:2427 out:2424 type:P dur:2 cpbdur:2 q:34.84 aq:30.34 tex:46991 mv:8977 misc:1304 imb:249 pmb:714 smb:1077 d:- ref:0 ;
in:2425 out:2425 type:B dur:2 cpbdur:2 q:34.84 aq:34.20 tex:16842 mv:6881 misc:1453 imb:43 pmb:494 smb:1503 d:- ref:0 ;
in:2424 out:2426 type:b dur:2 cpbdur:2 q:34.84 aq:38.03 tex:7888 mv:4595 misc:989 imb:6 pmb:309 smb:1725 d:- ref:0 ;
in:2426 out:2427 type:b dur:2 cpbdur:2 q:34.84 aq:38.47 tex:7751 mv:4489 misc:960 imb:2 pmb:314 smb:1724 d:- ref:0 ;
in:2431 out:2428 type:P dur:2 cpbdur:2 q:34.85 aq:29.36 tex:44028 mv:9276 misc:1304 imb:293 pmb:698 smb:1049 d:- ref:0 ;
in:2429 out:2429 type:B dur:2 cpbdur:2 q:34.85 aq:33.98 tex:17249 mv:6952 misc:1359 imb:36 pmb:486 smb:1518 d:- ref:0 ;
in:2428 out:2430 type:b dur:2 cpbdur:2 q:34.84 aq:36.61 tex:8076 mv:4470 misc:1014 imb:7 pmb:301 smb:1732 d:- ref:0 ;
in:2430 out:2431 type:b dur:2 cpbdur:2 q:34.85 aq:36.39 tex:6944 mv:4459 misc:973 imb:5 pmb:310 smb:1725 d:- ref:0 ;
in:2435 out:2432 type:P dur:2 cpbdur:2 q:34.86 aq:29.34 tex:40615 mv:9329 misc:1384 imb:246 pmb:753 smb:1041 d:- ref:0 ;
in:2433 out:2433 type:B dur:2 cpbdur:2 q:34.86 aq:34.45 tex:14808 mv:6637 misc:1323 imb:21 pmb:472 smb:1547 d:- ref:0 ;
in:2432 out:2434 type:b dur:2 cpbdur:2 q:34.85 aq:37.47 tex:6605 mv:3982 misc:925 imb:16 pmb:263 smb:1761 d:- ref:0 ;
in:2434 out:2435 type:b dur:2 cpbdur:2 q:34.86 aq:37.98 tex:7356 mv:4423 misc:925 imb:18 pmb:284 smb:1738 d:- ref:0 ;
in:2439 out:2436 type:P dur:2 cpbdur:2 q:34.87 aq:29.23 tex:38748 mv:8784 misc:1444 imb:204 pmb:755 smb:1081 d:- ref:0 ;
in:2437 out:2437 type:B dur:2 cpbdur:2 q:34.87 aq:35.12 tex:13958 mv:5919 misc:1267 imb:21 pmb:401 smb:1618 d:- ref:0 ;
in:2436 out:2438 type:b dur:2 cpbdur:2 q:34.86 aq:37.09 tex:6963 mv:4231 misc:894 imb:17 pmb:262 smb:1761 d:- ref:0 ;
in:2438 out:2439 type:b dur:2 cpbdur:2 q:34.87 aq:37.05 tex:6980 mv:4007 misc:853 imb:4 pmb:266 smb:1770 d:- ref:0 ;
in:2443 out:2440 type:P dur:2 cpbdur:2 q:34.87 aq:29.22 tex:54623 mv:8657 misc:1424 imb:204 pmb:748 smb:1088 d:- ref:0 ;
in:2441 out:2441 type:B dur:2 cpbdur:2 q:34.87 aq:34.00 tex:16069 mv:5880 misc:1291 imb:26 pmb:412 smb:1602 d:- ref:0 ;
in:2440 out:2442 type:b dur:2 cpbdur:2 q:34.87 aq:36.72 tex:7937 mv:4286 misc:1009 imb:10 pmb:313 smb:1717 d:- ref:0 ;
in:2442 out:2443 type:b dur:2 cpbdur:2 q:34.87 aq:37.87 tex:7263 mv:4081 misc:944 imb:3 pmb:289 smb:1748 d:- ref:0 ;
in:2447 out:2444 type:P dur:2 cpbdur:2 q:34.89 aq:29.96 tex:38899 mv:8828 misc:1465 imb:219 pmb:759 smb:1062 d:- ref:0 ;
in:2445 out:2445 type:B dur:2 cpbdur:2 q:34.88 aq:34.82 tex:14741 mv:5900 misc:1223 imb:28 pmb:419 smb:1593 d:- ref:0 ;
in:2444 out:2446 type:b dur:2 cpbdur:2 q:34.88 aq:37.34 tex:7624 mv:4076 misc:948 imb:13 pmb:283 smb:1744 d:- ref:0 ;
in:2446 out:2447 type:b dur:2 cpbdur:2 q:34.89 aq:36.69 tex:7740 mv:3882 misc:1002 imb:8 pmb:280 smb:1752 d:- ref:0 ;
in:2451 out:2448 type:P dur:2 cpbdur:2 q:34.89 aq:29.90 tex:46517 mv:9266 misc:1345 imb:322 pmb:731 smb:987 d:- ref:0 ;
in:2449 out:2449 type:B dur:2 cpbdur:2 q:34.89 aq:34.80 tex:16729 mv:6388 misc:1315 imb:37 pmb:445 smb:1558 d:- ref:0 ;
in:2448 out:2450 type:b dur:2 cpbdur:2 q:34.89 aq:37.81 tex:7071 mv:4137 misc:952 imb:12 pmb:286 smb:1742 d:- ref:0 ;
in:2450 out:2451 type:b dur:2 cpbdur:2 q:34.89 aq:37.86 tex:7158 mv:4077 misc:957 imb:8 pmb:284 smb:1748 d:- ref:0 ;
in:2455 out:2452 type:P dur:2 cpbdur:2 q:34.89 aq:28.98 tex:35444 mv:9151 misc:1373 imb:310 pmb:737 smb:993 d:- ref:0 ;
in:2453 out:2453 type:B dur:2 cpbdur:2 q:34.89 aq:33.84 tex:17057 mv:6340 misc:1379 imb:60 pmb:451 smb:1529 d:- ref:0 ;
in:2452 out:2454 type:b dur:2 cpbdur:2 q:34.89 aq:37.72 tex:7198 mv:4270 misc:956 imb:5 pmb:285 smb:1750 d:- ref:0 ;
in:2454 out:2455 type:b dur:2 cpbdur:2 q:34.89 aq:35.83 tex:7409 mv:4074 misc:949 imb:15 pmb:273 smb:1752 d:- ref:0 ;
in:2459 out:2456 type:P dur:2 cpbdur:2 q:34.90 aq:29.19 tex:36350 mv:9108 misc:1454 imb:247 pmb:725 smb:1068 d:- ref:0 ;
in:2457 out:2457 type:B dur:2 cpbdur:2 q:34.90 aq:33.30 tex:13705 mv:5868 misc:1355 imb:29 pmb:418 smb:1593 d:- ref:0 ;
in:2456 out:2458 type:b dur:2 cpbdur:2 q:34.89 aq:36.67 tex:7085 mv:3881 misc:930 imb:9 pmb:264 smb:1767 d:- ref:0 ;
in:2458 out:2459 type:b dur:2 cpbdur:2 q:34.90 aq:36.37 tex:7839 mv:4261 misc:972 imb:18 pmb:276 smb:1746 d:- ref:0 ;
in:2463 out:2460 type:P dur:2 cpbdur:2 q:34.90 aq:29.33 tex:35285 mv:8863 misc:1500 imb:191 pmb:737 smb:1112 d:- ref:0 ;
in:2461 out:2461 type:B dur:2 cpbdur:2 q:34.90 aq:33.79 tex:14732 mv:5953 misc:1363 imb:39 pmb:418 smb:1583 d:- ref:0 ;
in:2460 out:2462 type:b dur:2 cpbdur:2 q:34.90 aq:36.63 tex:7846 mv:3951 misc:971 imb:8 pmb:272 smb:1760 d:- ref:0 ;
in:2462 out:2463 type:b dur:2 cpbdur:2 q:34.90 aq:37.54 tex:8291 mv:3757 misc:1000 imb:8 pmb:277 smb:1755 d:- ref:0 ;
in:2467 out:2464 type:P dur:2 cpbdur:2 q:34.90 aq:30.18 tex:35456 mv:8913 misc:1591 imb:196 pmb:732 smb:1112 d:- ref:0 ;
in:2465 out:2465 type:B dur:2 cpbdur:2 q:34.90 aq:33.19 tex:14525 mv:6310 misc:1413 imb:36 pmb:460 smb:1544 d:- ref:0 ;
in:2464 out:2466 type:b dur:2 cpbdur:2 q:34.90 aq:36.96 tex:8268 mv:4214 misc:1022 imb:14 pmb:294 smb:1732 d:- ref:0 ;
in:2466 out:2467 type:b dur:2 cpbdur:2 q:34.90 aq:37.17 tex:6853 mv:4573 misc:1062 imb:11 pmb:321 smb:1708 d:- ref:0 ;
in:2471 out:2468 type:P dur:2 cpbdur:2 q:34.90 aq:29.92 tex:35203 mv:8561 misc:1556 imb:177 pmb:728 smb:1135 d:- ref:0 ;
in:2469 out:2469 type:B dur:2 cpbdur:2 q:34.90 aq:34.63 tex:14035 mv:6653 misc:1416 imb:24 pmb:477 smb:1539 d:- ref:0 ;
in:2468 out:2470 type:b dur:2 cpbdur:2 q:34.90 aq:37.11 tex:7763 mv:4675 misc:1106 imb:10 pmb:334 smb:1696 d:- ref:0 ;
in:2470 out:2471 type:b dur:2 cpbdur:2 q:34.90 aq:35.55 tex:7943 mv:4521 misc:1168 imb:20 pmb:346 smb:1674 d:- ref:0 ;
in:2475 out:2472 type:P dur:2 cpbdur:2 q:34.90 aq:29.78 tex:35100 mv:8452 misc:1512 imb:211 pmb:711 smb:1118 d:- ref:0 ;
in:2473 out:2473 type:B dur:2 cpbdur:2 q:34.90 aq:32.22 tex:13911 mv:6834 misc:1527 imb:44 pmb:496 smb:1500 d:- ref:0 ;
in:2472 out:2474 type:b dur:2 cpbdur:2 q:34.90 aq:37.02 tex:7899 mv:4541 misc:1136 imb:9 pmb:355 smb:1676 d:- ref:0 ;
in:2474 out:2475 type:b dur:2 cpbdur:2 q:34.90 aq:36.89 tex:7834 mv:4675 misc:1171 imb:11 pmb:357 smb:1672 d:- ref:0 ;
in:2479 out:2476 type:P dur:2 cpbdur:2 q:34.90 aq:29.80 tex:33115 mv:8170 misc:1563 imb:184 pmb:694 smb:1162 d:- ref:0 ;
in:2477 out:2477 type:B dur:2 cpbdur:2 q:34.90 aq:34.16 tex:14448 mv:6646 misc:1490 imb:28 pmb:505 smb:1507 d:- ref:0 ;
in:2476 out:2478 type:b dur:2 cpbdur:2 q:34.90 aq:35.33 tex:7649 mv:5064 misc:1183 imb:20 pmb:372 smb:1648 d:- ref:0 ;
in:2478 out:2479 type:b dur:2 cpbdur:2 q:34.90 aq:36.20 tex:8159 mv:4847 misc:1210 imb:17 pmb:362 smb:1661 d:- ref:0 ;
in:2483 out:2480 type:P dur:2 cpbdur:2 q:34.90 aq:30.11 tex:38394 mv:9062 misc:1576 imb:228 pmb:732 smb:1080 d:- ref:0 ;
in:2481 out:2481 type:B dur:2 cpbdur:2 q:34.90 aq:33.41 tex:15815 mv:7000 misc:1537 imb:39 pmb:544 smb:1457 d:- ref:0 ;
in:2480 out:2482 type:b dur:2 cpbdur:2 q:34.90 aq:36.15 tex:9102 mv:5140 misc:1310 imb:25 pmb:402 smb:1613 d:- ref:0 ;
in:2482 out:2483 type:b dur:2 cpbdur:2 q:34.90 aq:37.33 tex:8850 mv:5387 misc:1219 imb:14 pmb:412 smb:1614 d:- ref:0 ;
in:2487 out:2484 type:P dur:2 cpbdur:2 q:34.91 aq:30.29 tex:37195 mv:9754 misc:1547 imb:262 pmb:724 smb:1054 d:- ref:0 ;
in:2485 out:2485 type:B dur:2 cpbdur:2 q:34.90 aq:33.23 tex:16824 mv:7189 misc:1443 imb:33 pmb:520 smb:1487 d:- ref:0 ;
in:2484 out:2486 type:b dur:2 cpbdur:2 q:34.90 aq:37.28 tex:9326 mv:5540 misc:1238 imb:19 pmb:395 smb:1626 d:- ref:0 ;
in:2486 out:2487 type:b dur:2 cpbdur:2 q:34.90 aq:35.49 tex:9532 mv:5873 misc:1307 imb:25 pmb:418 smb:1597 d:- ref:0 ;
in:2491 out:2488 type:P dur:2 cpbdur:2 q:34.91 aq:30.28 tex:41957 mv:10437 misc:1518 imb:359 pmb:713 smb:968 d:- ref:0 ;
in:2489 out:2489 type:B dur:2 cpbdur:2 q:34.91 aq:33.18 tex:16202 mv:8573 misc:1585 imb:77 pmb:573 smb:1390 d:- ref:0 ;
in:2488 out:2490 type:b dur:2 cpbdur:2 q:34.91 aq:36.55 tex:9994 mv:6447 misc:1375 imb:24 pmb:464 smb:1552 d:- ref:0 ;
in:2490 out:2491 type:b dur:2 cpbdur:2 q:34.91 aq:36.18 tex:10368 mv:6427 misc:1405 imb:37 pmb:451 smb:1552 d:- ref:0 ;
in:2495 out:2492 type:P dur:2 cpbdur:2 q:34.93 aq:30.17 tex:40586 mv:10407 misc:1575 imb:371 pmb:715 smb:954 d:- ref:0 ;
in:2493 out:2493 type:B dur:2 cpbdur:2 q:34.92 aq:33.47 tex:17006 mv:8748 misc:1590 imb:78 pmb:585 smb:1377 d:- ref:0 ;
in:2492 out:2494 type:b dur:2 cpbdur:2 q:34.92 aq:35.81 tex:10759 mv:6108 misc:1365 imb:25 pmb:459 smb:1556 d:- ref:0 ;
in:2494 out:2495 type:b dur:2 cpbdur:2 q:34.92 aq:35.30 tex:9458 mv:6589 misc:1449 imb:48 pmb:438 smb:1554 d:- ref:0 ;
in:2496 out:2496 type:I dur:2 cpbdur:2 q:31.99 aq:26.42 tex:124733 mv:33291 misc:480 imb:2040 pmb:0 smb:0 d:- ref:;
in:2500 out:2497 type:P dur:2 cpbdur:2 q:35.02 aq:31.20 tex:35734 mv:9784 misc:1426 imb:275 pmb:680 smb:1085 d:- ref:0 ;
in:2498 out:2498 type:B dur:2 cpbdur:2 q:35.02 aq:35.77 tex:13725 mv:7777 misc:1402 imb:55 pmb:532 smb:1453 d:- ref:0 ;
in:2497 out:2499 type:b dur:2 cpbdur:2 q:35.02 aq:38.06 tex:7953 mv:6518 misc:1273 imb:19 pmb:458 smb:1563 d:- ref:0 ;
in:2499 out:2500 type:b dur:2 cpbdur:2 q:35.02 aq:36.96 tex:9732 mv:6589 misc:1303 imb:22 pmb:461 smb:1557 d:- ref:0 ;
in:2504 out:2501 type:P dur:2 cpbdur:2 q:35.04 aq:30.74 tex:38514 mv:10669 misc:1377 imb:374 pmb:635 smb:1031 d:- ref:0 ;
in:2502 out:2502 type:B dur:2 cpbdur:2 q:35.03 aq:33.94 tex:15972 mv:9169 misc:1555 imb:67 pmb:627 smb:1346 d:- ref:0 ;
in:2501 out:2503 type:b dur:2 cpbdur:2 q:35.03 aq:36.53 tex:9136 mv:6556 misc:1436 imb:23 pmb:482 smb:1535 d:- ref:0 ;
in:2503 out:2504 type:b dur:2 cpbdur:2 q:35.03 aq:36.70 tex:8485 mv:6822 misc:1381 imb:32 pmb:486 smb:1522 d:- ref:0 ;
in:2508 out:2505 type:P dur:2 cpbdur:2 q:35.06 aq:29.90 tex:34485 mv:10591 misc:1476 imb:484 pmb:574 smb:982 d:- ref:0 ;
in:2506 out:2506 type:B dur:2 cpbdur:2 q:35.05 aq:33.66 tex:14471 mv:9174 misc:1563 imb:81 pmb:610 smb:1349 d:- ref:0 ;
in:2505 out:2507 type:b dur:2 cpbdur:2 q:35.04 aq:35.40 tex:7648 mv:7302 misc:1370 imb:40 pmb:479 smb:1521 d:- ref:0 ;
in:2507 out:2508 type:b dur:2 cpbdur:2 q:35.05 aq:35.75 tex:7249 mv:6230 misc:1441 imb:29 pmb:481 smb:1530 d:- ref:0 ;
in:2512 out:2509 type:P dur:2 cpbdur:2 q:35.07 aq:29.42 tex:26083 mv:8821 misc:1520 imb:453 pmb:516 smb:1071 d:- ref:0 ;
in:2510 out:2510 type:B dur:2 cpbdur:2 q:35.07 aq:33.01 tex:11682 mv:7732 misc:1506 imb:92 pmb:557 smb:1391 d:- ref:0 ;
in:2509 out:2511 type:b dur:2 cpbdur:2 q:35.06 aq:35.19 tex:6112 mv:5783 misc:1361 imb:50 pmb:402 smb:1588 d:- ref:0 ;
in:2511 out:2512 type:b dur:2 cpbdur:2 q:35.07 aq:33.61 tex:5138 mv:5120 misc:1350 imb:40 pmb:367 smb:1633 d:- ref:0 ;
in:2515 out:2513 type:P dur:2 cpbdur:2 q:35.08 aq:28.71 tex:16433 mv:7446 misc:1577 imb:468 pmb:445 smb:1127 d:- ref:0 ;
in:2513 out:2514 type:B dur:2 cpbdur:2 q:35.08 aq:32.40 tex:5478 mv:4687 misc:1411 imb:74 pmb:359 smb:1607 d:- ref:0 ;
in:2514 out:2515 type:b dur:2 cpbdur:2 q:35.08 aq:31.38 tex:4097 mv:3834 misc:1309 imb:50 pmb:332 smb:1658 d:- ref:0 ;
in:2518 out:2516 type:P dur:2 cpbdur:2 q:35.07 aq:28.53 tex:18351 mv:6910 misc:1467 imb:426 pmb:393 smb:1221 d:- ref:0 ;
in:2516 out:2517 type:B dur:2 cpbdur:2 q:35.08 aq:30.37 tex:3882 mv:4143 misc:1311 imb:49 pmb:347 smb:1644 d:- ref:0 ;
in:2517 out:2518 type:b dur:2 cpbdur:2 q:35.07 aq:32.04 tex:3040 mv:3592 misc:1216 imb:32 pmb:319 smb:1689 d:- ref:0 ;
in:2522 out:2519 type:P dur:2 cpbdur:2 q:35.05 aq:28.62 tex:18735 mv:6901 misc:1388 imb:437 pmb:392 smb:1211 d:- ref:0 ;
in:2520 out:2520 type:B dur:2 cpbdur:2 q:35.06 aq:29.13 tex:5677 mv:5574 misc:1525 imb:107 pmb:413 smb:1520 d:- ref:0 ;
in:2519 out:2521 type:b dur:2 cpbdur:2 q:35.06 aq:30.19 tex:2959 mv:3479 misc:1186 imb:35 pmb:295 smb:1710 d:- ref:0 ;
in:2521 out:2522 type:b dur:2 cpbdur:2 q:35.05 aq:31.35 tex:2794 mv:3330 misc:1180 imb:37 pmb:294 smb:1709 d:- ref:0 ;
in:2524 out:2523 type:P dur:2 cpbdur:2 q:35.03 aq:27.65 tex:14592 mv:6136 misc:1496 imb:321 pmb:398 smb:1321 d:- ref:0 ;
in:2523 out:2524 type:b dur:2 cpbdur:2 q:35.04 aq:32.46 tex:2236 mv:3267 misc:1169 imb:37 pmb:282 smb:1721 d:- ref:0 ;
in:2528 out:2525 type:P dur:2 cpbdur:2 q:35.01 aq:28.71 tex:15752 mv:6475 misc:1429 imb:438 pmb:312 smb:1290 d:- ref:0 ;
in:2526 out:2526 type:B dur:2 cpbdur:2 q:35.02 aq:30.83 tex:5005 mv:5026 misc:1401 imb:104 pmb:368 smb:1568 d:- ref:0 ;
in:2525 out:2527 type:b dur:2 cpbdur:2 q:35.02 aq:32.95 tex:2978 mv:3592 misc:1166 imb:43 pmb:300 smb:1697 d:- ref:0 ;
in:2527 out:2528 type:b dur:2 cpbdur:2 q:35.01 aq:33.32 tex:2782 mv:3363 misc:1159 imb:34 pmb:293 smb:1713 d:- ref:0 ;
in:2531 out:2529 type:P dur:2 cpbdur:2 q:34.98 aq:28.93 tex:14560 mv:5761 misc:1447 imb:386 pmb:310 smb:1344 d:- ref:0 ;
in:2529 out:2530 type:B dur:2 cpbdur:2 q:35.00 aq:31.79 tex:3712 mv:3772 misc:1300 imb:61 pmb:301 smb:1678 d:- ref:0 ;
in:2530 out:2531 type:b dur:2 cpbdur:2 q:34.99 aq:30.73 tex:3071 mv:3250 misc:1119 imb:73 pmb:244 smb:1723 d:- ref:0 ;
in:2532 out:2532 type:P dur:2 cpbdur:2 q:34.96 aq:29.10 tex:13054 mv:3956 misc:1398 imb:193 pmb:300 smb:1547 d:- ref:0 ;
in:2534 out:2533 type:P dur:2 cpbdur:2 q:34.94 aq:28.68 tex:13164 mv:5282 misc:1410 imb:298 pmb:311 smb:1431 d:- ref:0 ;
in:2533 out:2534 type:b dur:2 cpbdur:2 q:34.95 aq:31.99 tex:3062 mv:3068 misc:1166 imb:34 pmb:280 smb:1726 d:- ref:0 ;
in:2535 out:2535 type:P dur:2 cpbdur:2 q:34.93 aq:29.22 tex:8853 mv:4137 misc:1378 imb:182 pmb:293 smb:1565 d:- ref:0 ;
in:2536 out:2536 type:P dur:2 cpbdur:2 q:34.92 aq:29.17 tex:10094 mv:4313 misc:1393 imb:231 pmb:277 smb:1532 d:- ref:0 ;
in:2537 out:2537 type:P dur:2 cpbdur:2 q:34.92 aq:29.53 tex:8977 mv:4334 misc:1401 imb:232 pmb:289 smb:1519 d:- ref:0 ;
in:2541 out:2538 type:P dur:2 cpbdur:2 q:34.91 aq:29.16 tex:16627 mv:4943 misc:1238 imb:452 pmb:201 smb:1387 d:- ref:0 ;
in:2539 out:2539 type:B dur:2 cpbdur:2 q:34.91 aq:31.17 tex:6104 mv:4768 misc:1336 imb:81 pmb:343 smb:1616 d:- ref:0 ;
in:2538 out:2540 type:b dur:2 cpbdur:2 q:34.92 aq:31.80 tex:2965 mv:3469 misc:1158 imb:43 pmb:279 smb:1718 d:- ref:0 ;
in:2540 out:2541 type:b dur:2 cpbdur:2 q:34.91 aq:32.90 tex:2678 mv:3124 misc:1054 imb:44 pmb:248 smb:1748 d:- ref:0 ;
in:2542 out:2542 type:P dur:2 cpbdur:2 q:34.88 aq:29.69 tex:9714 mv:3593 misc:1277 imb:174 pmb:256 smb:1610 d:- ref:0 ;
in:2543 out:2543 type:P dur:2 cpbdur:2 q:34.87 aq:28.24 tex:9484 mv:4020 misc:1360 imb:233 pmb:256 smb:1551 d:- ref:0 ;
in:2547 out:2544 type:P dur:2 cpbdur:2 q:34.86 aq:28.74 tex:16382 mv:4266 misc:1336 imb:423 pmb:180 smb:1437 d:- ref:0 ;
in:2545 out:2545 type:B dur:2 cpbdur:2 q:34.87 aq:28.74 tex:6509 mv:4465 misc:1522 imb:116 pmb:346 smb:1578 d:- ref:0 ;
in:2544 out:2546 type:b dur:2 cpbdur:2 q:34.87 aq:32.32 tex:3955 mv:2895 misc:1046 imb:49 pmb:249 smb:1742 d:- ref:0 ;
in:2546 out:2547 type:b dur:2 cpbdur:2 q:34.87 aq:32.78 tex:3047 mv:2636 misc:1045 imb:33 pmb:248 smb:1759 d:- ref:0 ;
in:2548 out:2548 type:P dur:2 cpbdur:2 q:34.83 aq:28.85 tex:7234 mv:2845 misc:1217 imb:150 pmb:188 smb:1702 d:- ref:0 ;
in:2551 out:2549 type:P dur:2 cpbdur:2 q:34.82 aq:27.96 tex:12573 mv:3761 misc:1330 imb:327 pmb:202 smb:1511 d:- ref:0 ;
in:2549 out:2550 type:B dur:2 cpbdur:2 q:34.82 aq:30.96 tex:2894 mv:2683 misc:1111 imb:42 pmb:231 smb:1767 d:- ref:0 ;
in:2550 out:2551 type:b dur:2 cpbdur:2 q:34.82 aq:31.92 tex:1998 mv:2223 misc:971 imb:38 pmb:186 smb:1816 d:- ref:0 ;
in:2553 out:2552 type:P dur:2 cpbdur:2 q:34.80 aq:27.75 tex:10107 mv:2971 misc:1274 imb:257 pmb:171 smb:1612 d:- ref:0 ;
in:2552 out:2553 type:b dur:2 cpbdur:2 q:34.81 aq:30.52 tex:2401 mv:2068 misc:923 imb:35 pmb:189 smb:1816 d:- ref:0 ;
in:2556 out:2554 type:P dur:2 cpbdur:2 q:34.77 aq:28.14 tex:10009 mv:2958 misc:1265 imb:237 pmb:184 smb:1619 d:- ref:0 ;
in:2554 out:2555 type:B dur:2 cpbdur:2 q:34.79 aq:32.01 tex:3135 mv:2234 misc:1047 imb:44 pmb:216 smb:1780 d:- ref:0 ;
in:2555 out:2556 type:b dur:2 cpbdur:2 q:34.78 aq:30.17 tex:2410 mv:2124 misc:954 imb:38 pmb:192 smb:1810 d:- ref:0 ;
in:2558 out:2557 type:P dur:2 cpbdur:2 q:34.74 aq:27.61 tex:11942 mv:3061 misc:1389 imb:281 pmb:168 smb:1591 d:- ref:0 w:6,61,1,5,32,0,31,4 ;
in:2557 out:2558 type:b dur:2 cpbdur:2 q:34.76 aq:32.48 tex:3131 mv:1888 misc:949 imb:42 pmb:197 smb:1801 d:- ref:0 ;
in:2561 out:2559 type:P dur:2 cpbdur:2 q:34.72 aq:27.79 tex:11998 mv:3336 misc:1346 imb:308 pmb:170 smb:1562 d:- ref:0 ;
in:2559 out:2560 type:B dur:2 cpbdur:2 q:34.74 aq:29.61 tex:4295 mv:2206 misc:1091 imb:48 pmb:233 smb:1759 d:- ref:0 ;
in:2560 out:2561 type:b dur:2 cpbdur:2 q:34.73 aq:31.15 tex:4260 mv:2036 misc:992 imb:33 pmb:228 smb:1779 d:- ref:0 ;
in:2562 out:2562 type:P dur:2 cpbdur:2 q:34.69 aq:27.95 tex:6673 mv:2197 misc:1026 imb:136 pmb:136 smb:1768 d:- ref:0 ;
in:2564 out:2563 type:P dur:2 cpbdur:2 q:34.69 aq:26.83 tex:9243 mv:2635 misc:1170 imb:189 pmb:141 smb:1710 d:- ref:0 ;
in:2563 out:2564 type:b dur:2 cpbdur:2 q:34.69 aq:32.44 tex:2822 mv:1921 misc:921 imb:29 pmb:186 smb:1825 d:- ref:0 ;
in:2565 out:2565 type:P dur:2 cpbdur:2 q:34.67 aq:27.61 tex:5131 mv:2084 misc:1089 imb:128 pmb:140 smb:1772 d:- ref:0 ;
in:2569 out:2566 type:P dur:2 cpbdur:2 q:34.66 aq:27.30 tex:8494 mv:2377 misc:1017 imb:238 pmb:122 smb:1680 d:- ref:0 ;
in:2567 out:2567 type:B dur:2 cpbdur:2 q:34.66 aq:29.30 tex:3119 mv:2357 misc:1060 imb:48 pmb:219 smb:1773 d:- ref:0 ;
in:2566 out:2568 type:b dur:2 cpbdur:2 q:34.66 aq:29.81 tex:2151 mv:2146 misc:911 imb:42 pmb:175 smb:1823 d:- ref:0 ;
in:2568 out:2569 type:b dur:2 cpbdur:2 q:34.66 aq:30.86 tex:2313 mv:1664 misc:839 imb:27 pmb:158 smb:1855 d:- ref:0 ;
in:2570 out:2570 type:P dur:2 cpbdur:2 q:34.61 aq:27.73 tex:5592 mv:2006 misc:994 imb:140 pmb:124 smb:1776 d:- ref:0 ;
in:2573 out:2571 type:P dur:2 cpbdur:2 q:34.60 aq:26.03 tex:8413 mv:2593 misc:1058 imb:266 pmb:114 smb:1660 d:- ref:0 ;
in:2571 out:2572 type:B dur:2 cpbdur:2 q:34.61 aq:29.91 tex:2759 mv:1879 misc:866 imb:42 pmb:159 smb:1839 d:- ref:0 ;
in:2572 out:2573 type:b dur:2 cpbdur:2 q:34.60 aq:30.42 tex:2083 mv:1755 misc:826 imb:26 pmb:148 smb:1866 d:- ref:0 ;
in:2574 out:2574 type:P dur:2 cpbdur:2 q:34.56 aq:25.29 tex:4815 mv:1864 misc:1073 imb:156 pmb:97 smb:1787 d:- ref:0 ;
in:2578 out:2575 type:P dur:2 cpbdur:2 q:34.55 aq:26.20 tex:5733 mv:1444 misc:999 imb:160 pmb:63 smb:1817 d:- ref:0 ;
in:2576 out:2576 type:B dur:2 cpbdur:2 q:34.56 aq:27.89 tex:3080 mv:1922 misc:1014 imb:52 pmb:167 smb:1821 d:- ref:0 ;
in:2575 out:2577 type:b dur:2 cpbdur:2 q:34.56 aq:31.28 tex:1700 mv:1479 misc:765 imb:25 pmb:126 smb:1889 d:- ref:0 ;
in:2577 out:2578 type:b dur:2 cpbdur:2 q:34.55 aq:29.04 tex:1723 mv:1376 misc:765 imb:29 pmb:124 smb:1887 d:- ref:0 ;
in:2579 out:2579 type:P dur:2 cpbdur:2 q:34.50 aq:25.92 tex:4246 mv:1450 misc:896 imb:120 pmb:77 smb:1843 d:- ref:0 ;
in:2582 out:2580 type:P dur:2 cpbdur:2 q:34.49 aq:25.93 tex:5062 mv:1266 misc:992 imb:108 pmb:80 smb:1852 d:- ref:0 ;
in:2580 out:2581 type:B dur:2 cpbdur:2 q:34.49 aq:29.67 tex:1934 mv:1217 misc:801 imb:18 pmb:129 smb:1893 d:- ref:0 ;
in:2581 out:2582 type:b dur:2 cpbdur:2 q:34.49 aq:30.73 tex:1394 mv:1230 misc:736 imb:14 pmb:132 smb:1894 d:- ref:0 ;
in:2584 out:2583 type:P dur:2 cpbdur:2 q:34.45 aq:25.63 tex:4202 mv:1185 misc:861 imb:96 pmb:59 smb:1885 d:- ref:0 ;
in:2583 out:2584 type:b dur:2 cpbdur:2 q:34.47 aq:30.30 tex:1241 mv:1070 misc:705 imb:7 pmb:118 smb:1915 d:- ref:0 ;
in:2586 out:2585 type:P dur:2 cpbdur:2 q:34.42 aq:25.54 tex:3207 mv:1158 misc:843 imb:78 pmb:64 smb:1898 d:- ref:0 ;
in:2585 out:2586 type:b dur:2 cpbdur:2 q:34.43 aq:27.09 tex:1541 mv:1026 misc:705 imb:10 pmb:116 smb:1914 d:- ref:0 ;
in:2588 out:2587 type:P dur:2 cpbdur:2 q:34.39 aq:26.62 tex:2721 mv:1211 misc:796 imb:71 pmb:73 smb:1896 d:- ref:0 ;
in:2587 out:2588 type:b dur:2 cpbdur:2 q:34.41 aq:31.96 tex:771 mv:942 misc:623 imb:3 pmb:97 smb:1940 d:- ref:0 ;
in:2590 out:2589 type:P dur:2 cpbdur:2 q:34.37 aq:24.83 tex:4108 mv:2566 misc:886 imb:463 pmb:53 smb:1524 d:- ref:0 ;
in:2589 out:2590 type:b dur:2 cpbdur:2 q:34.38 aq:29.25 tex:1072 mv:1053 misc:619 imb:20 pmb:81 smb:1939 d:- ref:0 ;
in:2593 out:2591 type:P dur:2 cpbdur:2 q:34.34 aq:26.02 tex:5210 mv:3397 misc:897 imb:695 pmb:45 smb:1300 d:- ref:0 ;
in:2591 out:2592 type:B dur:2 cpbdur:2 q:34.36 aq:27.73 tex:1263 mv:1296 misc:769 imb:37 pmb:96 smb:1907 d:- ref:0 ;
in:2592 out:2593 type:b dur:2 cpbdur:2 q:34.35 aq:29.47 tex:874 mv:1087 misc:695 imb:15 pmb:104 smb:1921 d:- ref:0 ;
in:2597 out:2594 type:P dur:2 cpbdur:2 q:34.29 aq:25.82 tex:6680 mv:3590 misc:1234 imb:508 pmb:81 smb:1451 d:- ref:0 ;
in:2595 out:2595 type:B dur:2 cpbdur:2 q:34.31 aq:27.47 tex:2016 mv:1664 misc:864 imb:55 pmb:109 smb:1876 d:- ref:0 ;
in:2594 out:2596 type:b dur:2 cpbdur:2 q:34.32 aq:27.47 tex:653 mv:1018 misc:601 imb:14 pmb:76 smb:1950 d:- ref:0 ;
in:2596 out:2597 type:b dur:2 cpbdur:2 q:34.30 aq:27.10 tex:912 mv:1069 misc:659 imb:13 pmb:106 smb:1921 d:- ref:0 ;
in:2600 out:2598 type:P dur:2 cpbdur:2 q:34.23 aq:26.39 tex:6209 mv:3309 misc:1290 imb:384 pmb:94 smb:1562 d:- ref:0 ;
in:2598 out:2599 type:B dur:2 cpbdur:2 q:34.27 aq:28.11 tex:1478 mv:1356 misc:726 imb:48 pmb:83 smb:1909 d:- ref:0 ;
in:2599 out:2600 type:b dur:2 cpbdur:2 q:34.25 aq:27.54 tex:1021 mv:1262 misc:749 imb:22 pmb:113 smb:1905 d:- ref:0 ;
in:2603 out:2601 type:P dur:2 cpbdur:2 q:34.19 aq:27.15 tex:5625 mv:3697 misc:1238 imb:435 pmb:103 smb:1502 d:- ref:0 ;
in:2601 out:2602 type:B dur:2 cpbdur:2 q:34.22 aq:27.11 tex:1243 mv:1698 misc:851 imb:46 pmb:111 smb:1883 d:- ref:0 ;
in:2602 out:2603 type:b dur:2 cpbdur:2 q:34.21 aq:25.76 tex:1047 mv:1606 misc:907 imb:33 pmb:149 smb:1858 d:- ref:0 ;
in:2604 out:2604 type:P dur:2 cpbdur:2 q:34.15 aq:26.37 tex:4388 mv:4241 misc:1579 imb:565 pmb:135 smb:1340 d:- ref:0 ;
in:2605 out:2605 type:P dur:2 cpbdur:2 q:34.14 aq:26.49 tex:8577 mv:6528 misc:999 imb:1264 pmb:113 smb:663 d:- ref:0 ;
in:2606 out:2606 type:P dur:2 cpbdur:2 q:34.13 aq:27.90 tex:13101 mv:7308 misc:1079 imb:1371 pmb:128 smb:541 d:- ref:0 ;
in:2607 out:2607 type:P dur:2 cpbdur:2 q:34.12 aq:27.86 tex:25987 mv:9869 misc:736 imb:1592 pmb:183 smb:265 d:- ref:0 ;
in:2608 out:2608 type:P dur:2 cpbdur:2 q:34.11 aq:27.95 tex:31385 mv:9913 misc:1422 imb:942 pmb:583 smb:515 d:- ref:0 w:5,47,-2,6,77,-28,64,0 ;
in:2610 out:2609 type:P dur:2 cpbdur:2 q:34.11 aq:28.59 tex:44565 mv:12067 misc:1168 imb:889 pmb:867 smb:284 d:- ref:0 w:4,25,-5,6,93,-61,82,-34 ;
in:2609 out:2610 type:b dur:2 cpbdur:2 q:34.11 aq:29.33 tex:7747 mv:5634 misc:1203 imb:489 pmb:226 smb:1325 d:- ref:0 ;
in:2612 out:2611 type:P dur:2 cpbdur:2 q:34.10 aq:28.12 tex:32383 mv:10019 misc:1758 imb:436 pmb:986 smb:618 d:- ref:0 w:3,9,-1,3,9,-17,8,0 ;
in:2611 out:2612 type:b dur:2 cpbdur:2 q:34.11 aq:30.33 tex:3386 mv:2765 misc:1169 imb:81 pmb:247 smb:1712 d:- ref:0 ;
in:2616 out:2613 type:P dur:2 cpbdur:2 q:34.11 aq:27.61 tex:34521 mv:10898 misc:1621 imb:468 pmb:947 smb:625 d:- ref:0 w:6,65,1 ;
in:2614 out:2614 type:B dur:2 cpbdur:2 q:34.11 aq:29.05 tex:1271 mv:2872 misc:1345 imb:38 pmb:343 smb:1659 d:- ref:0 ;
in:2613 out:2615 type:b dur:2 cpbdur:2 q:34.11 aq:30.17 tex:746 mv:1992 misc:966 imb:10 pmb:212 smb:1818 d:- ref:0 ;
in:2615 out:2616 type:b dur:2 cpbdur:2 q:34.11 aq:29.16 tex:221 mv:629 misc:790 imb:0 pmb:165 smb:1875 d:- ref:0 ;
in:2620 out:2617 type:P dur:2 cpbdur:2 q:34.15 aq:27.87 tex:19348 mv:8713 misc:1843 imb:270 pmb:859 smb:911 d:- ref:0 ;
in:2618 out:2618 type:B dur:2 cpbdur:2 q:34.13 aq:29.14 tex:1414 mv:2634 misc:1312 imb:20 pmb:293 smb:1727 d:- ref:0 ;
in:2617 out:2619 type:b dur:2 cpbdur:2 q:34.12 aq:30.73 tex:164 mv:727 misc:741 imb:5 pmb:146 smb:1889 d:- ref:0 ;
in:2619 out:2620 type:b dur:2 cpbdur:2 q:34.14 aq:30.68 tex:208 mv:1060 misc:772 imb:4 pmb:149 smb:1887 d:- ref:0 ;
in:2624 out:2621 type:P dur:2 cpbdur:2 q:34.13 aq:27.68 tex:19056 mv:8743 misc:1889 imb:280 pmb:854 smb:906 d:- ref:0 ;
in:2622 out:2622 type:B dur:2 cpbdur:2 q:34.14 aq:28.22 tex:1640 mv:2583 misc:1401 imb:22 pmb:347 smb:1671 d:- ref:0 ;
in:2621 out:2623 type:b dur:2 cpbdur:2 q:34.15 aq:28.81 tex:320 mv:1279 misc:793 imb:6 pmb:161 smb:1873 d:- ref:0 ;
in:2623 out:2624 type:b dur:2 cpbdur:2 q:34.13 aq:32.36 tex:102 mv:897 misc:817 imb:4 pmb:180 smb:1856 d:- ref:0 ;
in:2628 out:2625 type:P dur:2 cpbdur:2 q:34.08 aq:27.57 tex:20114 mv:9085 misc:1889 imb:302 pmb:849 smb:889 d:- ref:0 ;
in:2626 out:2626 type:B dur:2 cpbdur:2 q:34.10 aq:29.97 tex:1619 mv:2548 misc:1169 imb:20 pmb:279 smb:1741 d:- ref:0 ;
in:2625 out:2627 type:b dur:2 cpbdur:2 q:34.12 aq:33.99 tex:195 mv:870 misc:799 imb:2 pmb:177 smb:1861 d:- ref:0 ;
in:2627 out:2628 type:b dur:2 cpbdur:2 q:34.09 aq:31.35 tex:251 mv:1093 misc:736 imb:3 pmb:144 smb:1893 d:- ref:0 ;
in:2632 out:2629 type:P dur:2 cpbdur:2 q:34.04 aq:27.66 tex:25064 mv:9492 misc:1844 imb:303 pmb:889 smb:848 d:- ref:0 ;
in:2630 out:2630 type:B dur:2 cpbdur:2 q:34.06 aq:29.39 tex:1450 mv:2646 misc:1216 imb:12 pmb:299 smb:1729 d:- ref:0 ;
in:2629 out:2631 type:b dur:2 cpbdur:2 q:34.07 aq:30.98 tex:274 mv:760 misc:798 imb:1 pmb:168 smb:1871 d:- ref:0 ;
in:2631 out:2632 type:b dur:2 cpbdur:2 q:34.05 aq:31.63 tex:510 mv:1266 misc:760 imb:4 pmb:152 smb:1884 d:- ref:0 ;
in:2636 out:2633 type:P dur:2 cpbdur:2 q:34.00 aq:27.78 tex:27762 mv:9522 misc:1796 imb:297 pmb:884 smb:859 d:- ref:0 ;
in:2634 out:2634 type:B dur:2 cpbdur:2 q:34.02 aq:29.53 tex:2503 mv:3707 misc:1310 imb:24 pmb:361 smb:1655 d:- ref:0 ;
in:2633 out:2635 type:b dur:2 cpbdur:2 q:34.03 aq:31.90 tex:405 mv:1335 misc:980 imb:11 pmb:230 smb:1799 d:- ref:0 ;
in:2635 out:2636 type:b dur:2 cpbdur:2 q:34.01 aq:31.73 tex:764 mv:1782 misc:830 imb:3 pmb:188 smb:1849 d:- ref:0 ;
in:2640 out:2637 type:P dur:2 cpbdur:2 q:33.96 aq:27.84 tex:22574 mv:9138 misc:1848 imb:327 pmb:790 smb:923 d:- ref:0 ;
in:2638 out:2638 type:B dur:2 cpbdur:2 q:33.98 aq:30.59 tex:2148 mv:2760 misc:1140 imb:18 pmb:270 smb:1752 d:- ref:0 ;
in:2637 out:2639 type:b dur:2 cpbdur:2 q:33.99 aq:30.77 tex:105 mv:792 misc:815 imb:0 pmb:163 smb:1877 d:- ref:0 ;
in:2639 out:2640 type:b dur:2 cpbdur:2 q:33.97 aq:31.86 tex:1035 mv:1995 misc:794 imb:4 pmb:187 smb:1849 d:- ref:0 ;
in:2644 out:2641 type:P dur:2 cpbdur:2 q:33.93 aq:28.61 tex:17306 mv:7175 misc:1863 imb:212 pmb:713 smb:1115 d:- ref:0 ;
in:2642 out:2642 type:B dur:2 cpbdur:2 q:33.95 aq:29.80 tex:2835 mv:2823 misc:1102 imb:15 pmb:271 smb:1754 d:- ref:0 ;
in:2641 out:2643 type:b dur:2 cpbdur:2 q:33.95 aq:31.43 tex:374 mv:1141 misc:901 imb:8 pmb:201 smb:1831 d:- ref:0 ;
in:2643 out:2644 type:b dur:2 cpbdur:2 q:33.94 aq:30.53 tex:336 mv:899 misc:933 imb:6 pmb:211 smb:1823 d:- ref:0 ;
in:2646 out:2645 type:P dur:2 cpbdur:2 q:33.89 aq:28.34 tex:29512 mv:8350 misc:1882 imb:318 pmb:769 smb:953 d:- ref:0 ;
in:2645 out:2646 type:b dur:2 cpbdur:2 q:33.91 aq:31.90 tex:1600 mv:2282 misc:830 imb:13 pmb:222 smb:1805 d:- ref:0 ;
in:2648 out:2647 type:P dur:2 cpbdur:2 q:33.88 aq:27.80 tex:55974 mv:9120 misc:1834 imb:320 pmb:885 smb:835 d:- ref:0 ;
in:2647 out:2648 type:b dur:2 cpbdur:2 q:33.89 aq:33.15 tex:1360 mv:1869 misc:763 imb:3 pmb:183 smb:1854 d:- ref:0 ;
in:2652 out:2649 type:P dur:2 cpbdur:2 q:33.89 aq:28.27 tex:36624 mv:8255 misc:1833 imb:264 pmb:830 smb:946 d:- ref:0 ;
in:2650 out:2650 type:B dur:2 cpbdur:2 q:33.88 aq:30.02 tex:2414 mv:2456 misc:1074 imb:11 pmb:273 smb:1756 d:- ref:0 ;
in:2649 out:2651 type:b dur:2 cpbdur:2 q:33.88 aq:32.94 tex:126 mv:848 misc:722 imb:0 pmb:140 smb:1900 d:- ref:0 ;
in:2651 out:2652 type:b dur:2 cpbdur:2 q:33.89 aq:31.73 tex:132 mv:959 misc:805 imb:1 pmb:175 smb:1864 d:- ref:0 ;
in:2656 out:2653 type:P dur:2 cpbdur:2 q:33.87 aq:28.37 tex:34863 mv:10220 misc:1701 imb:392 pmb:834 smb:814 d:- ref:0 ;
in:2654 out:2654 type:B dur:2 cpbdur:2 q:33.88 aq:32.02 tex:3108 mv:3464 misc:1204 imb:16 pmb:339 smb:1685 d:- ref:0 ;
in:2653 out:2655 type:b dur:2 cpbdur:2 q:33.88 aq:31.86 tex:1175 mv:1884 misc:869 imb:4 pmb:188 smb:1848 d:- ref:0 ;
in:2655 out:2656 type:b dur:2 cpbdur:2 q:33.87 aq:31.67 tex:1011 mv:1702 misc:927 imb:6 pmb:212 smb:1822 d:- ref:0 ;
in:2660 out:2657 type:P dur:2 cpbdur:2 q:33.85 aq:29.25 tex:19235 mv:8238 misc:1935 imb:300 pmb:771 smb:969 d:- ref:0 w:6,63,0 ;
in:2658 out:2658 type:B dur:2 cpbdur:2 q:33.86 aq:28.80 tex:916 mv:2414 misc:1302 imb:9 pmb:326 smb:1705 d:- ref:0 ;
in:2657 out:2659 type:b dur:2 cpbdur:2 q:33.86 aq:28.34 tex:45 mv:25 misc:194 imb:1 pmb:3 smb:2036 d:- ref:0 ;
in:2659 out:2660 type:b dur:2 cpbdur:2 q:33.85 aq:33.00 tex:672 mv:952 misc:616 imb:2 pmb:107 smb:1931 d:- ref:0 ;
in:2663 out:2661 type:P dur:2 cpbdur:2 q:33.82 aq:29.41 tex:27673 mv:9072 misc:1919 imb:367 pmb:829 smb:844 d:- ref:0 w:7,119,0,7,117,12,121,6 ;
in:2661 out:2662 type:B dur:2 cpbdur:2 q:33.84 aq:29.48 tex:2317 mv:2379 misc:1056 imb:32 pmb:207 smb:1801 d:- ref:0 ;
in:2662 out:2663 type:b dur:2 cpbdur:2 q:33.83 aq:30.56 tex:1168 mv:1240 misc:848 imb:15 pmb:131 smb:1894 d:- ref:0 ;
in:2665 out:2664 type:P dur:2 cpbdur:2 q:33.79 aq:30.18 tex:36514 mv:7326 misc:1920 imb:461 pmb:816 smb:763 d:- ref:0 w:7,113,1,4,14,17,17,-9 ;
in:2664 out:2665 type:b dur:2 cpbdur:2 q:33.80 aq:30.10 tex:888 mv:254 misc:594 imb:7 pmb:75 smb:1958 d:- ref:0 ;
in:2666 out:2666 type:P dur:2 cpbdur:2 q:33.78 aq:30.20 tex:48824 mv:10676 misc:1460 imb:689 pmb:979 smb:372 d:- ref:0 w:6,57,1,6,57,15,74,-20 ;
in:2669 out:2667 type:P dur:2 cpbdur:2 q:33.79 aq:29.49 tex:145957 mv:13242 misc:433 imb:1612 pmb:359 smb:69 d:- ref:0 ;
in:2667 out:2668 type:B dur:2 cpbdur:2 q:33.78 aq:31.39 tex:16069 mv:6286 misc:1557 imb:112 pmb:488 smb:1440 d:- ref:0 ;
in:2668 out:2669 type:b dur:2 cpbdur:2 q:33.78 aq:31.48 tex:7201 mv:4616 misc:1519 imb:87 pmb:343 smb:1610 d:- ref:0 ;
in:2671 out:2670 type:P dur:2 cpbdur:2 q:33.82 aq:28.75 tex:113840 mv:13740 misc:660 imb:942 pmb:920 smb:178 d:- ref:0 w:6,57,-3,6,70,-11,75,-22 ;
in:2670 out:2671 type:b dur:2 cpbdur:2 q:33.80 aq:30.99 tex:4284 mv:4711 misc:1469 imb:68 pmb:323 smb:1649 d:- ref:0 ;
in:2674 out:2672 type:P dur:2 cpbdur:2 q:33.86 aq:28.23 tex:110662 mv:15017 misc:505 imb:1018 pmb:957 smb:65 d:- ref:0 w:5,31,-6,5,35,-12,35,-12 ;
in:2672 out:2673 type:B dur:2 cpbdur:2 q:33.83 aq:30.54 tex:7512 mv:7602 misc:1814 imb:141 pmb:498 smb:1401 d:- ref:0 ;
in:2673 out:2674 type:b dur:2 cpbdur:2 q:33.85 aq:30.90 tex:4113 mv:5107 misc:1604 imb:75 pmb:398 smb:1567 d:- ref:0 ;
in:2678 out:2675 type:P dur:2 cpbdur:2 q:33.95 aq:27.60 tex:80516 mv:13551 misc:1045 imb:466 pmb:1126 smb:448 d:- ref:0 w:0,1,-2 ;
in:2676 out:2676 type:B dur:2 cpbdur:2 q:33.90 aq:30.93 tex:10239 mv:8311 misc:1818 imb:47 pmb:694 smb:1299 d:- ref:0 ;
in:2675 out:2677 type:b dur:2 cpbdur:2 q:33.88 aq:32.48 tex:3559 mv:4174 misc:1427 imb:31 pmb:359 smb:1650 d:- ref:0 ;
in:2677 out:2678 type:b dur:2 cpbdur:2 q:33.93 aq:32.48 tex:4086 mv:3991 misc:1355 imb:21 pmb:358 smb:1661 d:- ref:0 ;
in:2682 out:2679 type:P dur:2 cpbdur:2 q:34.06 aq:28.58 tex:69604 mv:12863 misc:1149 imb:269 pmb:1145 smb:626 d:- ref:0 ;
in:2680 out:2680 type:B dur:2 cpbdur:2 q:34.01 aq:31.31 tex:9509 mv:7799 misc:1780 imb:64 pmb:625 smb:1351 d:- ref:0 ;
in:2679 out:2681 type:b dur:2 cpbdur:2 q:33.98 aq:32.60 tex:4367 mv:3978 misc:1295 imb:23 pmb:351 smb:1666 d:- ref:0 ;
in:2681 out:2682 type:b dur:2 cpbdur:2 q:34.03 aq:33.68 tex:4255 mv:4154 misc:1311 imb:28 pmb:356 smb:1656 d:- ref:0 ;
in:2686 out:2683 type:P dur:2 cpbdur:2 q:34.09 aq:28.07 tex:70125 mv:13043 misc:1264 imb:300 pmb:1140 smb:600 d:- ref:0 ;
in:2684 out:2684 type:B dur:2 cpbdur:2 q:34.08 aq:31.61 tex:10739 mv:8621 misc:1784 imb:46 pmb:690 smb:1304 d:- ref:0 ;
in:2683 out:2685 type:b dur:2 cpbdur:2 q:34.07 aq:35.11 tex:5495 mv:3876 misc:1325 imb:15 pmb:360 smb:1665 d:- ref:0 ;
in:2685 out:2686 type:b dur:2 cpbdur:2 q:34.08 aq:32.67 tex:4656 mv:3931 misc:1293 imb:30 pmb:343 smb:1667 d:- ref:0 ;
in:2690 out:2687 type:P dur:2 cpbdur:2 q:34.11 aq:28.03 tex:70056 mv:13062 misc:1122 imb:284 pmb:1139 smb:617 d:- ref:0 ;
in:2688 out:2688 type:B dur:2 cpbdur:2 q:34.10 aq:31.11 tex:11211 mv:8791 misc:1886 imb:56 pmb:686 smb:1298 d:- ref:0 ;
in:2687 out:2689 type:b dur:2 cpbdur:2 q:34.09 aq:33.55 tex:4626 mv:4333 misc:1337 imb:26 pmb:367 smb:1647 d:- ref:0 ;
in:2689 out:2690 type:b dur:2 cpbdur:2 q:34.10 aq:34.34 tex:4351 mv:3559 misc:1226 imb:8 pmb:325 smb:1707 d:- ref:0 ;
in:2694 out:2691 type:P dur:2 cpbdur:2 q:34.13 aq:27.77 tex:77193 mv:13365 misc:1050 imb:297 pmb:1136 smb:607 d:- ref:0 ;
in:2692 out:2692 type:B dur:2 cpbdur:2 q:34.12 aq:31.04 tex:12823 mv:8969 misc:1832 imb:65 pmb:692 smb:1283 d:- ref:0 ;
in:2691 out:2693 type:b dur:2 cpbdur:2 q:34.11 aq:33.83 tex:4219 mv:3701 misc:1224 imb:17 pmb:313 smb:1710 d:- ref:0 ;
in:2693 out:2694 type:b dur:2 cpbdur:2 q:34.12 aq:33.60 tex:4381 mv:3832 misc:1259 imb:23 pmb:323 smb:1694 d:- ref:0 ;
in:2698 out:2695 type:P dur:2 cpbdur:2 q:34.15 aq:28.38 tex:75443 mv:13203 misc:1066 imb:252 pmb:1169 smb:619 d:- ref:0 ;
in:2696 out:2696 type:B dur:2 cpbdur:2 q:34.14 aq:31.23 tex:10404 mv:8624 misc:1812 imb:51 pmb:688 smb:1301 d:- ref:0 ;
in:2695 out:2697 type:b dur:2 cpbdur:2 q:34.13 aq:34.46 tex:4460 mv:3789 misc:1239 imb:21 pmb:314 smb:1705 d:- ref:0 ;
in:2697 out:2698 type:b dur:2 cpbdur:2 q:34.15 aq:33.60 tex:5320 mv:3620 misc:1268 imb:26 pmb:320 smb:1694 d:- ref:0 ;
in:2702 out:2699 type:P dur:2 cpbdur:2 q:34.18 aq:28.19 tex:74520 mv:13333 misc:1107 imb:296 pmb:1170 smb:574 d:- ref:0 ;
in:2700 out:2700 type:B dur:2 cpbdur:2 q:34.17 aq:32.40 tex:10606 mv:8261 misc:1805 imb:31 pmb:666 smb:1343 d:- ref:0 ;
in:2699 out:2701 type:b dur:2 cpbdur:2 q:34.16 aq:34.01 tex:4785 mv:3905 misc:1270 imb:32 pmb:325 smb:1683 d:- ref:0 ;
in:2701 out:2702 type:b dur:2 cpbdur:2 q:34.17 aq:33.26 tex:4839 mv:3742 misc:1235 imb:31 pmb:325 smb:1684 d:- ref:0 ;
in:2706 out:2703 type:P dur:2 cpbdur:2 q:34.21 aq:28.11 tex:77799 mv:12898 misc:1135 imb:296 pmb:1163 smb:581 d:- ref:0 ;
in:2704 out:2704 type:B dur:2 cpbdur:2 q:34.20 aq:32.67 tex:10732 mv:8479 misc:1741 imb:51 pmb:664 smb:1325 d:- ref:0 ;
in:2703 out:2705 type:b dur:2 cpbdur:2 q:34.19 aq:33.58 tex:4816 mv:3719 misc:1249 imb:35 pmb:321 smb:1684 d:- ref:0 ;
in:2705 out:2706 type:b dur:2 cpbdur:2 q:34.20 aq:33.22 tex:4891 mv:3854 misc:1207 imb:30 pmb:311 smb:1699 d:- ref:0 ;
in:2710 out:2707 type:P dur:2 cpbdur:2 q:34.24 aq:28.32 tex:75110 mv:12729 misc:1113 imb:248 pmb:1166 smb:626 d:- ref:0 ;
in:2708 out:2708 type:B dur:2 cpbdur:2 q:34.22 aq:31.22 tex:11895 mv:8515 misc:1758 imb:36 pmb:686 smb:1318 d:- ref:0 ;
in:2707 out:2709 type:b dur:2 cpbdur:2 q:34.22 aq:32.34 tex:5277 mv:3955 misc:1128 imb:24 pmb:317 smb:1699 d:- ref:0 ;
in:2709 out:2710 type:b dur:2 cpbdur:2 q:34.23 aq:35.77 tex:5345 mv:3471 misc:1096 imb:14 pmb:300 smb:1726 d:- ref:0 ;
in:2714 out:2711 type:P dur:2 cpbdur:2 q:34.26 aq:28.83 tex:77362 mv:13302 misc:1048 imb:260 pmb:1167 smb:613 d:- ref:0 ;
in:2712 out:2712 type:B dur:2 cpbdur:2 q:34.25 aq:31.66 tex:11692 mv:8444 misc:1792 imb:35 pmb:694 smb:1311 d:- ref:0 ;
in:2711 out:2713 type:b dur:2 cpbdur:2 q:34.24 aq:36.04 tex:6220 mv:3714 misc:1122 imb:25 pmb:304 smb:1711 d:- ref:0 ;
in:2713 out:2714 type:b dur:2 cpbdur:2 q:34.26 aq:33.96 tex:5341 mv:3305 misc:1098 imb:11 pmb:291 smb:1738 d:- ref:0 ;
in:2718 out:2715 type:P dur:2 cpbdur:2 q:34.29 aq:28.31 tex:76155 mv:13579 misc:1170 imb:317 pmb:1200 smb:523 d:- ref:0 ;
in:2716 out:2716 type:B dur:2 cpbdur:2 q:34.28 aq:31.95 tex:11486 mv:8314 misc:1808 imb:38 pmb:677 smb:1325 d:- ref:0 ;
in:2715 out:2717 type:b dur:2 cpbdur:2 q:34.27 aq:33.79 tex:5304 mv:3255 misc:1057 imb:16 pmb:283 smb:1741 d:- ref:0 ;
in:2717 out:2718 type:b dur:2 cpbdur:2 q:34.29 aq:34.96 tex:5819 mv:3533 misc:1152 imb:24 pmb:308 smb:1708 d:- ref:0 ;
in:2722 out:2719 type:P dur:2 cpbdur:2 q:34.32 aq:28.53 tex:74851 mv:13911 misc:1094 imb:345 pmb:1203 smb:492 d:- ref:0 ;
in:2720 out:2720 type:B dur:2 cpbdur:2 q:34.31 aq:32.54 tex:14001 mv:8858 misc:1749 imb:61 pmb:668 smb:1311 d:- ref:0 ;
in:2719 out:2721 type:b dur:2 cpbdur:2 q:34.30 aq:34.87 tex:7265 mv:4357 misc:1234 imb:61 pmb:336 smb:1643 d:- ref:0 ;
in:2721 out:2722 type:b dur:2 cpbdur:2 q:34.32 aq:33.30 tex:6924 mv:4285 misc:1263 imb:45 pmb:352 smb:1643 d:- ref:0 ;
in:2726 out:2723 type:P dur:2 cpbdur:2 q:34.35 aq:28.32 tex:76598 mv:13296 misc:1098 imb:266 pmb:1180 smb:594 d:- ref:0 ;
in:2724 out:2724 type:B dur:2 cpbdur:2 q:34.34 aq:31.56 tex:12116 mv:8351 misc:1685 imb:24 pmb:663 smb:1353 d:- ref:0 ;
in:2723 out:2725 type:b dur:2 cpbdur:2 q:34.33 aq:32.99 tex:6794 mv:4354 misc:1172 imb:28 pmb:341 smb:1671 d:- ref:0 ;
in:2725 out:2726 type:b dur:2 cpbdur:2 q:34.34 aq:32.90 tex:6146 mv:3939 misc:1107 imb:22 pmb:325 smb:1693 d:- ref:0 ;
in:2730 out:2727 type:P dur:2 cpbdur:2 q:34.38 aq:28.53 tex:71590 mv:13046 misc:1100 imb:226 pmb:1203 smb:611 d:- ref:0 ;
in:2728 out:2728 type:B dur:2 cpbdur:2 q:34.37 aq:31.30 tex:11451 mv:7678 misc:1679 imb:34 pmb:619 smb:1387 d:- ref:0 ;
in:2727 out:2729 type:b dur:2 cpbdur:2 q:34.36 aq:34.53 tex:6217 mv:3309 misc:962 imb:6 pmb:289 smb:1745 d:- ref:0 ;
in:2729 out:2730 type:b dur:2 cpbdur:2 q:34.38 aq:34.02 tex:5161 mv:3455 misc:1032 imb:10 pmb:293 smb:1737 d:- ref:0 ;
in:2734 out:2731 type:P dur:2 cpbdur:2 q:34.41 aq:28.50 tex:74406 mv:13074 misc:1176 imb:303 pmb:1178 smb:559 d:- ref:0 ;
in:2732 out:2732 type:B dur:2 cpbdur:2 q:34.40 aq:33.15 tex:13596 mv:8054 misc:1614 imb:46 pmb:606 smb:1388 d:- ref:0 ;
in:2731 out:2733 type:b dur:2 cpbdur:2 q:34.39 aq:36.29 tex:6451 mv:4185 misc:1084 imb:25 pmb:330 smb:1685 d:- ref:0 ;
in:2733 out:2734 type:b dur:2 cpbdur:2 q:34.41 aq:33.62 tex:6423 mv:4220 misc:1093 imb:18 pmb:330 smb:1692 d:- ref:0 ;
in:2738 out:2735 type:P dur:2 cpbdur:2 q:34.44 aq:28.22 tex:72588 mv:13121 misc:1203 imb:236 pmb:1193 smb:611 d:- ref:0 ;
in:2736 out:2736 type:B dur:2 cpbdur:2 q:34.43 aq:31.72 tex:12098 mv:7594 misc:1708 imb:37 pmb:613 smb:1390 d:- ref:0 ;
in:2735 out:2737 type:b dur:2 cpbdur:2 q:34.42 aq:35.69 tex:6379 mv:3654 misc:1063 imb:18 pmb:297 smb:1725 d:- ref:0 ;
in:2737 out:2738 type:b dur:2 cpbdur:2 q:34.43 aq:33.41 tex:6244 mv:3868 misc:1128 imb:14 pmb:353 smb:1673 d:- ref:0 ;
in:2742 out:2739 type:P dur:2 cpbdur:2 q:34.47 aq:28.08 tex:74093 mv:13373 misc:1198 imb:257 pmb:1199 smb:584 d:- ref:0 ;
in:2740 out:2740 type:B dur:2 cpbdur:2 q:34.45 aq:32.64 tex:12234 mv:7907 misc:1683 imb:33 pmb:629 smb:1378 d:- ref:0 ;
in:2739 out:2741 type:b dur:2 cpbdur:2 q:34.45 aq:33.84 tex:6530 mv:4109 misc:1153 imb:24 pmb:333 smb:1683 d:- ref:0 ;
in:2741 out:2742 type:b dur:2 cpbdur:2 q:34.46 aq:36.08 tex:5871 mv:3904 misc:1177 imb:18 pmb:324 smb:1698 d:- ref:0 ;
in:2745 out:2743 type:P dur:2 cpbdur:2 q:34.49 aq:32.70 tex:17112 mv:8219 misc:1773 imb:140 pmb:718 smb:1182 d:- ref:0 ;
in:2743 out:2744 type:B dur:2 cpbdur:2 q:34.48 aq:34.01 tex:7605 mv:5082 misc:1393 imb:17 pmb:444 smb:1579 d:- ref:0 ;
in:2744 out:2745 type:b dur:2 cpbdur:2 q:34.49 aq:32.21 tex:7964 mv:5045 misc:1399 imb:14 pmb:433 smb:1593 d:- ref:0 ;
in:2746 out:2746 type:I dur:2 cpbdur:2 q:31.44 aq:25.91 tex:307799 mv:52546 misc:479 imb:2040 pmb:0 smb:0 d:- ref:;
in:2750 out:2747 type:P dur:2 cpbdur:2 q:34.66 aq:29.03 tex:60741 mv:12841 misc:1386 imb:226 pmb:1122 smb:692 d:- ref:0 ;
in:2748 out:2748 type:B dur:2 cpbdur:2 q:34.66 aq:33.29 tex:10226 mv:7328 misc:1638 imb:27 pmb:585 smb:1428 d:- ref:0 ;
in:2747 out:2749 type:b dur:2 cpbdur:2 q:34.66 aq:33.14 tex:5450 mv:3675 misc:1131 imb:16 pmb:322 smb:1702 d:- ref:0 ;
in:2749 out:2750 type:b dur:2 cpbdur:2 q:34.66 aq:33.82 tex:6143 mv:4384 misc:1209 imb:20 pmb:368 smb:1652 d:- ref:0 ;
in:2754 out:2751 type:P dur:2 cpbdur:2 q:34.67 aq:28.72 tex:65580 mv:12819 misc:1377 imb:214 pmb:1150 smb:676 d:- ref:0 ;
in:2752 out:2752 type:B dur:2 cpbdur:2 q:34.67 aq:33.57 tex:12302 mv:7932 misc:1702 imb:53 pmb:606 smb:1381 d:- ref:0 ;
in:2751 out:2753 type:b dur:2 cpbdur:2 q:34.66 aq:33.88 tex:6308 mv:4087 misc:1237 imb:20 pmb:347 smb:1673 d:- ref:0 ;
in:2753 out:2754 type:b dur:2 cpbdur:2 q:34.67 aq:35.91 tex:6704 mv:4085 misc:1195 imb:20 pmb:351 smb:1669 d:- ref:0 ;
in:2758 out:2755 type:P dur:2 cpbdur:2 q:34.75 aq:29.06 tex:66640 mv:12817 misc:1287 imb:233 pmb:1179 smb:628 d:- ref:0 ;
in:2756 out:2756 type:B dur:2 cpbdur:2 q:34.71 aq:32.77 tex:12795 mv:7223 misc:1662 imb:28 pmb:596 smb:1416 d:- ref:0 ;
in:2755 out:2757 type:b dur:2 cpbdur:2 q:34.69 aq:33.99 tex:5969 mv:4215 misc:1208 imb:15 pmb:353 smb:1672 d:- ref:0 ;
in:2757 out:2758 type:b dur:2 cpbdur:2 q:34.73 aq:34.83 tex:5976 mv:3880 misc:1112 imb:9 pmb:328 smb:1703 d:- ref:0 ;
in:2762 out:2759 type:P dur:2 cpbdur:2 q:34.77 aq:28.68 tex:68482 mv:12687 misc:1319 imb:225 pmb:1175 smb:640 d:- ref:0 ;
in:2760 out:2760 type:B dur:2 cpbdur:2 q:34.76 aq:33.59 tex:10798 mv:7287 misc:1683 imb:28 pmb:589 smb:1423 d:- ref:0 ;
in:2759 out:2761 type:b dur:2 cpbdur:2 q:34.75 aq:34.00 tex:5784 mv:3776 misc:1120 imb:10 pmb:309 smb:1721 d:- ref:0 ;
in:2761 out:2762 type:b dur:2 cpbdur:2 q:34.76 aq:32.57 tex:4932 mv:3920 misc:1084 imb:7 pmb:329 smb:1704 d:- ref:0 ;
in:2766 out:2763 type:P dur:2 cpbdur:2 q:34.80 aq:28.68 tex:66232 mv:12675 misc:1373 imb:254 pmb:1195 smb:591 d:- ref:0 ;
in:2764 out:2764 type:B dur:2 cpbdur:2 q:34.78 aq:32.55 tex:9712 mv:7246 misc:1674 imb:15 pmb:605 smb:1420 d:- ref:0 ;
in:2763 out:2765 type:b dur:2 cpbdur:2 q:34.78 aq:32.99 tex:5015 mv:4049 misc:1160 imb:6 pmb:357 smb:1677 d:- ref:0 ;
in:2765 out:2766 type:b dur:2 cpbdur:2 q:34.79 aq:34.98 tex:4639 mv:3997 misc:1188 imb:4 pmb:345 smb:1691 d:- ref:0 ;
in:2770 out:2767 type:P dur:2 cpbdur:2 q:34.82 aq:29.49 tex:69447 mv:13003 misc:1334 imb:229 pmb:1244 smb:567 d:- ref:0 ;
in:2768 out:2768 type:B dur:2 cpbdur:2 q:34.81 aq:31.73 tex:8696 mv:7341 misc:1723 imb:24 pmb:607 smb:1409 d:- ref:0 ;
in:2767 out:2769 type:b dur:2 cpbdur:2 q:34.80 aq:30.65 tex:4391 mv:4100 misc:1197 imb:5 pmb:341 smb:1694 d:- ref:0 ;
in:2769 out:2770 type:b dur:2 cpbdur:2 q:34.81 aq:34.24 tex:3971 mv:3816 misc:1269 imb:4 pmb:355 smb:1681 d:- ref:0 ;
in:2774 out:2771 type:P dur:2 cpbdur:2 q:34.83 aq:29.28 tex:68666 mv:12862 misc:1336 imb:307 pmb:1185 smb:548 d:- ref:0 ;
in:2772 out:2772 type:B dur:2 cpbdur:2 q:34.83 aq:33.19 tex:10065 mv:7859 misc:1732 imb:24 pmb:639 smb:1377 d:- ref:0 ;
in:2771 out:2773 type:b dur:2 cpbdur:2 q:34.82 aq:33.65 tex:5257 mv:4292 misc:1283 imb:16 pmb:367 smb:1657 d:- ref:0 ;
in:2773 out:2774 type:b dur:2 cpbdur:2 q:34.83 aq:33.65 tex:4844 mv:4431 misc:1277 imb:15 pmb:375 smb:1650 d:- ref:0 ;
in:2778 out:2775 type:P dur:2 cpbdur:2 q:34.85 aq:29.02 tex:64895 mv:12676 misc:1461 imb:246 pmb:1194 smb:600 d:- ref:0 ;
in:2776 out:2776 type:B dur:2 cpbdur:2 q:34.84 aq:32.25 tex:8980 mv:7612 misc:1664 imb:25 pmb:607 smb:1408 d:- ref:0 ;
in:2775 out:2777 type:b dur:2 cpbdur:2 q:34.84 aq:32.81 tex:4594 mv:4188 misc:1242 imb:5 pmb:359 smb:1676 d:- ref:0 ;
in:2777 out:2778 type:b dur:2 cpbdur:2 q:34.85 aq:33.54 tex:4715 mv:3989 misc:1240 imb:4 pmb:366 smb:1670 d:- ref:0 ;
in:2782 out:2779 type:P dur:2 cpbdur:2 q:34.87 aq:28.84 tex:67882 mv:12611 misc:1475 imb:244 pmb:1201 smb:595 d:- ref:0 ;
in:2780 out:2780 type:B dur:2 cpbdur:2 q:34.86 aq:32.72 tex:9830 mv:7483 misc:1759 imb:26 pmb:619 smb:1395 d:- ref:0 ;
in:2779 out:2781 type:b dur:2 cpbdur:2 q:34.86 aq:33.48 tex:3838 mv:3851 misc:1255 imb:5 pmb:338 smb:1697 d:- ref:0 ;
in:2781 out:2782 type:b dur:2 cpbdur:2 q:34.87 aq:33.62 tex:4316 mv:4304 misc:1316 imb:15 pmb:365 smb:1660 d:- ref:0 ;
in:2786 out:2783 type:P dur:2 cpbdur:2 q:34.89 aq:29.43 tex:67640 mv:12994 misc:1326 imb:285 pmb:1191 smb:564 d:- ref:0 ;
in:2784 out:2784 type:B dur:2 cpbdur:2 q:34.88 aq:33.01 tex:9372 mv:7753 misc:1755 imb:29 pmb:635 smb:1376 d:- ref:0 ;
in:2783 out:2785 type:b dur:2 cpbdur:2 q:34.88 aq:33.65 tex:4851 mv:4191 misc:1222 imb:15 pmb:338 smb:1687 d:- ref:0 ;
in:2785 out:2786 type:b dur:2 cpbdur:2 q:34.89 aq:33.79 tex:5546 mv:4564 misc:1266 imb:14 pmb:384 smb:1642 d:- ref:0 ;
in:2790 out:2787 type:P dur:2 cpbdur:2 q:34.91 aq:28.75 tex:66034 mv:12786 misc:1436 imb:285 pmb:1174 smb:581 d:- ref:0 ;
in:2788 out:2788 type:B dur:2 cpbdur:2 q:34.90 aq:31.73 tex:8868 mv:7600 misc:1724 imb:24 pmb:607 smb:1409 d:- ref:0 ;
in:2787 out:2789 type:b dur:2 cpbdur:2 q:34.89 aq:33.80 tex:4793 mv:4208 misc:1263 imb:10 pmb:359 smb:1671 d:- ref:0 ;
in:2789 out:2790 type:b dur:2 cpbdur:2 q:34.91 aq:35.57 tex:4361 mv:4009 misc:1238 imb:6 pmb:348 smb:1686 d:- ref:0 ;
in:2794 out:2791 type:P dur:2 cpbdur:2 q:34.93 aq:29.21 tex:63485 mv:11944 misc:1515 imb:242 pmb:1163 smb:635 d:- ref:0 ;
in:2792 out:2792 type:B dur:2 cpbdur:2 q:34.92 aq:33.05 tex:8706 mv:7354 misc:1740 imb:22 pmb:609 smb:1409 d:- ref:0 ;
in:2791 out:2793 type:b dur:2 cpbdur:2 q:34.92 aq:31.92 tex:4677 mv:4112 misc:1243 imb:7 pmb:357 smb:1676 d:- ref:0 ;
in:2793 out:2794 type:b dur:2 cpbdur:2 q:34.93 aq:31.71 tex:4204 mv:3872 misc:1236 imb:9 pmb:339 smb:1692 d:- ref:0 ;
in:2798 out:2795 type:P dur:2 cpbdur:2 q:34.95 aq:29.46 tex:64668 mv:12068 misc:1456 imb:279 pmb:1149 smb:612 d:- ref:0 ;
in:2796 out:2796 type:B dur:2 cpbdur:2 q:34.94 aq:32.49 tex:9521 mv:7369 misc:1742 imb:17 pmb:634 smb:1389 d:- ref:0 ;
in:2795 out:2797 type:b dur:2 cpbdur:2 q:34.94 aq:34.47 tex:4595 mv:4061 misc:1256 imb:11 pmb:354 smb:1675 d:- ref:0 ;
in:2797 out:2798 type:b dur:2 cpbdur:2 q:34.95 aq:36.62 tex:5336 mv:4116 misc:1252 imb:11 pmb:367 smb:1662 d:- ref:0 ;
in:2802 out:2799 type:P dur:2 cpbdur:2 q:34.96 aq:29.62 tex:67890 mv:12507 misc:1467 imb:349 pmb:1117 smb:574 d:- ref:0 ;
in:2800 out:2800 type:B dur:2 cpbdur:2 q:34.95 aq:33.72 tex:11128 mv:7421 misc:1723 imb:26 pmb:617 smb:1397 d:- ref:0 ;
in:2799 out:2801 type:b dur:2 cpbdur:2 q:34.95 aq:35.57 tex:5621 mv:4392 misc:1219 imb:10 pmb:384 smb:1646 d:- ref:0 ;
in:2801 out:2802 type:b dur:2 cpbdur:2 q:34.96 aq:35.11 tex:5897 mv:4255 misc:1272 imb:21 pmb:364 smb:1655 d:- ref:0 ;
in:2806 out:2803 type:P dur:2 cpbdur:2 q:34.98 aq:29.55 tex:65471 mv:12126 misc:1547 imb:329 pmb:1083 smb:628 d:- ref:0 ;
in:2804 out:2804 type:B dur:2 cpbdur:2 q:34.97 aq:33.54 tex:11426 mv:7362 misc:1748 imb:42 pmb:612 smb:1386 d:- ref:0 ;
in:2803 out:2805 type:b dur:2 cpbdur:2 q:34.96 aq:33.57 tex:6158 mv:3925 misc:1205 imb:13 pmb:353 smb:1674 d:- ref:0 ;
in:2805 out:2806 type:b dur:2 cpbdur:2 q:34.97 aq:34.62 tex:6007 mv:3772 misc:1205 imb:12 pmb:343 smb:1685 d:- ref:0 ;
in:2810 out:2807 type:P dur:2 cpbdur:2 q:35.00 aq:29.72 tex:64341 mv:11643 misc:1600 imb:323 pmb:1072 smb:645 d:- ref:0 ;
in:2808 out:2808 type:B dur:2 cpbdur:2 q:34.99 aq:32.97 tex:10277 mv:6832 misc:1683 imb:18 pmb:592 smb:1430 d:- ref:0 ;
in:2807 out:2809 type:b dur:2 cpbdur:2 q:34.98 aq:34.48 tex:5895 mv:3706 misc:1191 imb:13 pmb:333 smb:1694 d:- ref:0 ;
in:2809 out:2810 type:b dur:2 cpbdur:2 q:34.99 aq:36.54 tex:6150 mv:3601 misc:1137 imb:16 pmb:328 smb:1696 d:- ref:0 ;
in:2814 out:2811 type:P dur:2 cpbdur:2 q:35.02 aq:29.43 tex:60924 mv:11253 misc:1639 imb:320 pmb:1053 smb:667 d:- ref:0 ;
in:2812 out:2812 type:B dur:2 cpbdur:2 q:35.01 aq:33.33 tex:10313 mv:6854 misc:1705 imb:28 pmb:610 smb:1402 d:- ref:0 ;
in:2811 out:2813 type:b dur:2 cpbdur:2 q:35.01 aq:33.56 tex:5671 mv:3653 misc:1164 imb:15 pmb:346 smb:1679 d:- ref:0 ;
in:2813 out:2814 type:b dur:2 cpbdur:2 q:35.02 aq:34.71 tex:5889 mv:3398 misc:1129 imb:19 pmb:313 smb:1708 d:- ref:0 ;
in:2818 out:2815 type:P dur:2 cpbdur:2 q:35.03 aq:29.84 tex:59905 mv:10945 misc:1606 imb:317 pmb:1001 smb:722 d:- ref:0 ;
in:2816 out:2816 type:B dur:2 cpbdur:2 q:35.03 aq:33.60 tex:10265 mv:6772 misc:1611 imb:46 pmb:556 smb:1438 d:- ref:0 ;
in:2815 out:2817 type:b dur:2 cpbdur:2 q:35.03 aq:35.52 tex:6459 mv:3571 misc:1114 imb:24 pmb:309 smb:1707 d:- ref:0 ;
in:2817 out:2818 type:b dur:2 cpbdur:2 q:35.03 aq:35.08 tex:6002 mv:3037 misc:1049 imb:15 pmb:298 smb:1727 d:- ref:0 ;
in:2822 out:2819 type:P dur:2 cpbdur:2 q:35.05 aq:29.91 tex:60138 mv:10609 misc:1629 imb:326 pmb:979 smb:735 d:- ref:0 ;
in:2820 out:2820 type:B dur:2 cpbdur:2 q:35.04 aq:33.49 tex:9637 mv:6553 misc:1594 imb:40 pmb:571 smb:1429 d:- ref:0 ;
in:2819 out:2821 type:b dur:2 cpbdur:2 q:35.04 aq:34.27 tex:6285 mv:2951 misc:1020 imb:20 pmb:294 smb:1726 d:- ref:0 ;
in:2821 out:2822 type:b dur:2 cpbdur:2 q:35.04 aq:36.15 tex:5594 mv:2661 misc:1025 imb:20 pmb:283 smb:1737 d:- ref:0 ;
in:2826 out:2823 type:P dur:2 cpbdur:2 q:35.06 aq:29.22 tex:60795 mv:10516 misc:1713 imb:390 pmb:936 smb:714 d:- ref:0 ;
in:2824 out:2824 type:B dur:2 cpbdur:2 q:35.05 aq:34.08 tex:9898 mv:5818 misc:1564 imb:46 pmb:492 smb:1502 d:- ref:0 ;
in:2823 out:2825 type:b dur:2 cpbdur:2 q:35.05 aq:33.06 tex:4934 mv:2687 misc:1019 imb:20 pmb:268 smb:1752 d:- ref:0 ;
in:2825 out:2826 type:b dur:2 cpbdur:2 q:35.06 aq:34.80 tex:4011 mv:2257 misc:908 imb:21 pmb:225 smb:1794 d:- ref:0 ;
in:2830 out:2827 type:P dur:2 cpbdur:2 q:35.07 aq:29.19 tex:72265 mv:11057 misc:1566 imb:435 pmb:984 smb:621 d:- ref:0 ;
in:2828 out:2828 type:B dur:2 cpbdur:2 q:35.07 aq:33.34 tex:10066 mv:5224 misc:1470 imb:41 pmb:491 smb:1508 d:- ref:0 ;
in:2827 out:2829 type:b dur:2 cpbdur:2 q:35.06 aq:31.94 tex:4315 mv:2184 misc:861 imb:25 pmb:223 smb:1792 d:- ref:0 ;
in:2829 out:2830 type:b dur:2 cpbdur:2 q:35.07 aq:34.04 tex:4107 mv:2363 misc:898 imb:31 pmb:229 smb:1780 d:- ref:0 ;
in:2834 out:2831 type:P dur:2 cpbdur:2 q:35.09 aq:29.81 tex:89339 mv:10642 misc:1611 imb:401 pmb:998 smb:641 d:- ref:0 ;
in:2832 out:2832 type:B dur:2 cpbdur:2 q:35.08 aq:33.52 tex:8654 mv:5756 misc:1590 imb:77 pmb:494 smb:1469 d:- ref:0 ;
in:2831 out:2833 type:b dur:2 cpbdur:2 q:35.08 aq:33.69 tex:4492 mv:2467 misc:937 imb:23 pmb:257 smb:1760 d:- ref:0 ;
in:2833 out:2834 type:b dur:2 cpbdur:2 q:35.08 aq:34.32 tex:3513 mv:2451 misc:940 imb:33 pmb:236 smb:1771 d:- ref:0 ;
in:2838 out:2835 type:P dur:2 cpbdur:2 q:35.12 aq:29.77 tex:57330 mv:10495 misc:1655 imb:295 pmb:1063 smb:682 d:- ref:0 ;
in:2836 out:2836 type:B dur:2 cpbdur:2 q:35.10 aq:32.96 tex:6695 mv:5516 misc:1573 imb:27 pmb:499 smb:1514 d:- ref:0 ;
in:2835 out:2837 type:b dur:2 cpbdur:2 q:35.09 aq:35.58 tex:3645 mv:2522 misc:993 imb:18 pmb:245 smb:1777 d:- ref:0 ;
in:2837 out:2838 type:b dur:2 cpbdur:2 q:35.11 aq:35.07 tex:3642 mv:2551 misc:895 imb:14 pmb:232 smb:1794 d:- ref:0 ;
in:2842 out:2839 type:P dur:2 cpbdur:2 q:35.13 aq:29.41 tex:63649 mv:11007 misc:1656 imb:324 pmb:1088 smb:628 d:- ref:0 ;
in:2840 out:2840 type:B dur:2 cpbdur:2 q:35.12 aq:34.35 tex:7239 mv:5897 misc:1592 imb:30 pmb:505 smb:1505 d:- ref:0 ;
in:2839 out:2841 type:b dur:2 cpbdur:2 q:35.12 aq:35.34 tex:4292 mv:2927 misc:941 imb:33 pmb:235 smb:1772 d:- ref:0 ;
in:2841 out:2842 type:b dur:2 cpbdur:2 q:35.13 aq:34.80 tex:4342 mv:3030 misc:948 imb:24 pmb:256 smb:1760 d:- ref:0 ;
in:2846 out:2843 type:P dur:2 cpbdur:2 q:35.13 aq:29.61 tex:58655 mv:11005 misc:1708 imb:263 pmb:1131 smb:646 d:- ref:0 ;
in:2844 out:2844 type:B dur:2 cpbdur:2 q:35.13 aq:34.55 tex:6961 mv:6247 misc:1640 imb:26 pmb:537 smb:1477 d:- ref:0 ;
in:2843 out:2845 type:b dur:2 cpbdur:2 q:35.13 aq:32.63 tex:3666 mv:3082 misc:996 imb:11 pmb:268 smb:1761 d:- ref:0 ;
in:2845 out:2846 type:b dur:2 cpbdur:2 q:35.13 aq:36.13 tex:3519 mv:3070 misc:955 imb:10 pmb:259 smb:1771 d:- ref:0 ;
in:2850 out:2847 type:P dur:2 cpbdur:2 q:35.14 aq:29.52 tex:59554 mv:11132 misc:1666 imb:275 pmb:1161 smb:604 d:- ref:0 ;
in:2848 out:2848 type:B dur:2 cpbdur:2 q:35.14 aq:34.23 tex:5913 mv:6465 misc:1614 imb:22 pmb:540 smb:1478 d:- ref:0 ;
in:2847 out:2849 type:b dur:2 cpbdur:2 q:35.14 aq:36.61 tex:2921 mv:3008 misc:903 imb:4 pmb:256 smb:1780 d:- ref:0 ;
in:2849 out:2850 type:b dur:2 cpbdur:2 q:35.14 aq:35.36 tex:3380 mv:2914 misc:946 imb:11 pmb:246 smb:1783 d:- ref:0 ;
in:2854 out:2851 type:P dur:2 cpbdur:2 q:35.14 aq:29.60 tex:57528 mv:10773 misc:1691 imb:229 pmb:1142 smb:669 d:- ref:0 ;
in:2852 out:2852 type:B dur:2 cpbdur:2 q:35.14 aq:33.39 tex:6070 mv:5914 misc:1624 imb:14 pmb:514 smb:1512 d:- ref:0 ;
in:2851 out:2853 type:b dur:2 cpbdur:2 q:35.14 aq:31.34 tex:3607 mv:3072 misc:937 imb:7 pmb:255 smb:1778 d:- ref:0 ;
in:2853 out:2854 type:b dur:2 cpbdur:2 q:35.14 aq:36.59 tex:3502 mv:2976 misc:978 imb:13 pmb:261 smb:1766 d:- ref:0 ;
in:2858 out:2855 type:P dur:2 cpbdur:2 q:35.15 aq:29.74 tex:55361 mv:11182 misc:1681 imb:261 pmb:1149 smb:630 d:- ref:0 ;
in:2856 out:2856 type:B dur:2 cpbdur:2 q:35.15 aq:33.54 tex:7877 mv:6231 misc:1676 imb:21 pmb:529 smb:1490 d:- ref:0 ;
in:2855 out:2857 type:b dur:2 cpbdur:2 q:35.15 aq:35.35 tex:3252 mv:3335 misc:1061 imb:13 pmb:278 smb:1749 d:- ref:0 ;
in:2857 out:2858 type:b dur:2 cpbdur:2 q:35.15 aq:35.72 tex:3424 mv:3159 misc:1057 imb:12 pmb:269 smb:1759 d:- ref:0 ;
in:2862 out:2859 type:P dur:2 cpbdur:2 q:35.16 aq:29.42 tex:68388 mv:11552 misc:1628 imb:334 pmb:1105 smb:601 d:- ref:0 ;
in:2860 out:2860 type:B dur:2 cpbdur:2 q:35.15 aq:34.07 tex:10625 mv:6780 misc:1611 imb:45 pmb:546 smb:1449 d:- ref:0 ;
in:2859 out:2861 type:b dur:2 cpbdur:2 q:35.15 aq:36.16 tex:3391 mv:3091 misc:1078 imb:10 pmb:288 smb:1742 d:- ref:0 ;
in:2861 out:2862 type:b dur:2 cpbdur:2 q:35.15 aq:36.02 tex:3793 mv:3839 misc:1040 imb:16 pmb:299 smb:1725 d:- ref:0 ;
in:2866 out:2863 type:P dur:2 cpbdur:2 q:35.16 aq:29.50 tex:67566 mv:11528 misc:1682 imb:273 pmb:1154 smb:613 d:- ref:0 ;
in:2864 out:2864 type:B dur:2 cpbdur:2 q:35.16 aq:33.65 tex:6524 mv:6327 misc:1549 imb:19 pmb:515 smb:1506 d:- ref:0 ;
in:2863 out:2865 type:b dur:2 cpbdur:2 q:35.16 aq:37.10 tex:3281 mv:3469 misc:1058 imb:8 pmb:293 smb:1739 d:- ref:0 ;
in:2865 out:2866 type:b dur:2 cpbdur:2 q:35.16 aq:35.68 tex:2748 mv:3252 misc:1008 imb:7 pmb:274 smb:1759 d:- ref:0 ;
in:2870 out:2867 type:P dur:2 cpbdur:2 q:35.18 aq:29.56 tex:70726 mv:11559 misc:1531 imb:241 pmb:1212 smb:587 d:- ref:0 ;
in:2868 out:2868 type:B dur:2 cpbdur:2 q:35.17 aq:34.98 tex:7386 mv:6100 misc:1562 imb:11 pmb:511 smb:1518 d:- ref:0 ;
in:2867 out:2869 type:b dur:2 cpbdur:2 q:35.17 aq:33.81 tex:2603 mv:3407 misc:1078 imb:9 pmb:288 smb:1743 d:- ref:0 ;
in:2869 out:2870 type:b dur:2 cpbdur:2 q:35.17 aq:36.66 tex:2659 mv:3254 misc:1119 imb:3 pmb:303 smb:1734 d:- ref:0 ;
in:2874 out:2871 type:P dur:2 cpbdur:2 q:35.19 aq:29.38 tex:66371 mv:11683 misc:1570 imb:261 pmb:1242 smb:537 d:- ref:0 ;
in:2872 out:2872 type:B dur:2 cpbdur:2 q:35.19 aq:33.03 tex:6370 mv:6103 misc:1607 imb:13 pmb:487 smb:1540 d:- ref:0 ;
in:2871 out:2873 type:b dur:2 cpbdur:2 q:35.18 aq:36.18 tex:2081 mv:3558 misc:1153 imb:2 pmb:305 smb:1733 d:- ref:0 ;
in:2873 out:2874 type:b dur:2 cpbdur:2 q:35.19 aq:36.35 tex:2228 mv:3637 misc:1119 imb:2 pmb:309 smb:1729 d:- ref:0 ;
in:2878 out:2875 type:P dur:2 cpbdur:2 q:35.21 aq:29.40 tex:63351 mv:11424 misc:1577 imb:235 pmb:1229 smb:576 d:- ref:0 ;
in:2876 out:2876 type:B dur:2 cpbdur:2 q:35.20 aq:33.90 tex:5048 mv:6049 misc:1567 imb:13 pmb:491 smb:1536 d:- ref:0 ;
in:2875 out:2877 type:b dur:2 cpbdur:2 q:35.20 aq:36.09 tex:1939 mv:3762 misc:1171 imb:7 pmb:323 smb:1710 d:- ref:0 ;
in:2877 out:2878 type:b dur:2 cpbdur:2 q:35.20 aq:37.23 tex:2043 mv:3191 misc:1086 imb:2 pmb:281 smb:1757 d:- ref:0 ;
in:2882 out:2879 type:P dur:2 cpbdur:2 q:35.21 aq:29.39 tex:59482 mv:11663 misc:1527 imb:235 pmb:1252 smb:553 d:- ref:0 ;
in:2880 out:2880 type:B dur:2 cpbdur:2 q:35.21 aq:33.03 tex:4666 mv:5903 misc:1575 imb:7 pmb:513 smb:1520 d:- ref:0 ;
in:2879 out:2881 type:b dur:2 cpbdur:2 q:35.21 aq:35.09 tex:1467 mv:3462 misc:1039 imb:2 pmb:297 smb:1741 d:- ref:0 ;
in:2881 out:2882 type:b dur:2 cpbdur:2 q:35.21 aq:36.18 tex:1792 mv:3292 misc:1076 imb:2 pmb:300 smb:1738 d:- ref:0 ;
in:2886 out:2883 type:P dur:2 cpbdur:2 q:35.22 aq:29.46 tex:63684 mv:11782 misc:1510 imb:239 pmb:1248 smb:553 d:- ref:0 ;
in:2884 out:2884 type:B dur:2 cpbdur:2 q:35.22 aq:33.88 tex:4757 mv:5583 misc:1524 imb:13 pmb:446 smb:1581 d:- ref:0 ;
in:2883 out:2885 type:b dur:2 cpbdur:2 q:35.22 aq:32.80 tex:2163 mv:3710 misc:1087 imb:4 pmb:300 smb:1736 d:- ref:0 ;
in:2885 out:2886 type:b dur:2 cpbdur:2 q:35.22 aq:37.50 tex:2157 mv:3152 misc:1115 imb:5 pmb:306 smb:1729 d:- ref:0 ;
in:2890 out:2887 type:P dur:2 cpbdur:2 q:35.22 aq:29.65 tex:65623 mv:11292 misc:1597 imb:229 pmb:1237 smb:574 d:- ref:0 ;
in:2888 out:2888 type:B dur:2 cpbdur:2 q:35.22 aq:34.60 tex:4799 mv:5824 misc:1577 imb:8 pmb:491 smb:1541 d:- ref:0 ;
in:2887 out:2889 type:b dur:2 cpbdur:2 q:35.22 aq:36.45 tex:2153 mv:3585 misc:1142 imb:5 pmb:311 smb:1724 d:- ref:0 ;
in:2889 out:2890 type:b dur:2 cpbdur:2 q:35.22 aq:37.37 tex:2336 mv:3488 misc:1136 imb:2 pmb:307 smb:1731 d:- ref:0 ;
in:2894 out:2891 type:P dur:2 cpbdur:2 q:35.23 aq:29.66 tex:65819 mv:11758 misc:1527 imb:261 pmb:1264 smb:515 d:- ref:0 ;
in:2892 out:2892 type:B dur:2 cpbdur:2 q:35.23 aq:34.47 tex:4852 mv:5241 misc:1475 imb:14 pmb:419 smb:1607 d:- ref:0 ;
in:2891 out:2893 type:b dur:2 cpbdur:2 q:35.23 aq:37.81 tex:1959 mv:3335 misc:1098 imb:1 pmb:281 smb:1758 d:- ref:0 ;
in:2893 out:2894 type:b dur:2 cpbdur:2 q:35.23 aq:33.89 tex:1714 mv:3050 misc:1076 imb:6 pmb:274 smb:1760 d:- ref:0 ;
in:2898 out:2895 type:P dur:2 cpbdur:2 q:35.24 aq:29.47 tex:63382 mv:11361 misc:1513 imb:235 pmb:1280 smb:525 d:- ref:0 ;
in:2896 out:2896 type:B dur:2 cpbdur:2 q:35.23 aq:33.88 tex:4835 mv:4934 misc:1471 imb:14 pmb:405 smb:1621 d:- ref:0 ;
in:2895 out:2897 type:b dur:2 cpbdur:2 q:35.23 aq:35.04 tex:1756 mv:3450 misc:1186 imb:7 pmb:297 smb:1736 d:- ref:0 ;
in:2897 out:2898 type:b dur:2 cpbdur:2 q:35.24 aq:36.16 tex:1907 mv:3360 misc:1141 imb:6 pmb:298 smb:1736 d:- ref:0 ;
in:2902 out:2899 type:P dur:2 cpbdur:2 q:35.24 aq:29.20 tex:62802 mv:10776 misc:1670 imb:253 pmb:1179 smb:608 d:- ref:0 ;
in:2900 out:2900 type:B dur:2 cpbdur:2 q:35.24 aq:34.11 tex:5162 mv:5657 misc:1573 imb:17 pmb:468 smb:1555 d:- ref:0 ;
in:2899 out:2901 type:b dur:2 cpbdur:2 q:35.24 aq:36.96 tex:1970 mv:3371 misc:1107 imb:8 pmb:277 smb:1755 d:- ref:0 ;
in:2901 out:2902 type:b dur:2 cpbdur:2 q:35.24 aq:37.68 tex:1536 mv:3091 misc:1101 imb:4 pmb:286 smb:1750 d:- ref:0 ;
in:2906 out:2903 type:P dur:2 cpbdur:2 q:35.25 aq:29.40 tex:66177 mv:11302 misc:1601 imb:227 pmb:1241 smb:572 d:- ref:0 ;
in:2904 out:2904 type:B dur:2 cpbdur:2 q:35.25 aq:33.62 tex:4478 mv:5224 misc:1482 imb:15 pmb:413 smb:1612 d:- ref:0 ;
in:2903 out:2905 type:b dur:2 cpbdur:2 q:35.25 aq:37.16 tex:2502 mv:3487 misc:1163 imb:6 pmb:312 smb:1722 d:- ref:0 ;
in:2905 out:2906 type:b dur:2 cpbdur:2 q:35.25 aq:35.66 tex:2049 mv:3228 misc:1147 imb:4 pmb:289 smb:1747 d:- ref:0 ;
in:2910 out:2907 type:P dur:2 cpbdur:2 q:35.26 aq:29.27 tex:68419 mv:11481 misc:1524 imb:237 pmb:1281 smb:522 d:- ref:0 ;
in:2908 out:2908 type:B dur:2 cpbdur:2 q:35.25 aq:34.99 tex:4741 mv:4681 misc:1442 imb:7 pmb:399 smb:1634 d:- ref:0 ;
in:2907 out:2909 type:b dur:2 cpbdur:2 q:35.25 aq:36.24 tex:2223 mv:2813 misc:1012 imb:3 pmb:249 smb:1788 d:- ref:0 ;
in:2909 out:2910 type:b dur:2 cpbdur:2 q:35.26 aq:36.63 tex:2053 mv:3217 misc:1058 imb:5 pmb:274 smb:1761 d:- ref:0 ;
in:2914 out:2911 type:P dur:2 cpbdur:2 q:35.26 aq:29.62 tex:66121 mv:11081 misc:1654 imb:202 pmb:1256 smb:582 d:- ref:0 ;
in:2912 out:2912 type:B dur:2 cpbdur:2 q:35.26 aq:33.91 tex:4498 mv:5127 misc:1479 imb:7 pmb:427 smb:1606 d:- ref:0 ;
in:2911 out:2913 type:b dur:2 cpbdur:2 q:35.26 aq:35.77 tex:2467 mv:3014 misc:1087 imb:5 pmb:267 smb:1768 d:- ref:0 ;
in:2913 out:2914 type:b dur:2 cpbdur:2 q:35.26 aq:37.76 tex:2031 mv:2831 misc:1066 imb:3 pmb:261 smb:1776 d:- ref:0 ;
in:2918 out:2915 type:P dur:2 cpbdur:2 q:35.27 aq:29.62 tex:65988 mv:11147 misc:1609 imb:186 pmb:1289 smb:565 d:- ref:0 ;
in:2916 out:2916 type:B dur:2 cpbdur:2 q:35.27 aq:34.37 tex:4776 mv:5846 misc:1594 imb:10 pmb:483 smb:1547 d:- ref:0 ;
in:2915 out:2917 type:b dur:2 cpbdur:2 q:35.27 aq:38.14 tex:1923 mv:2465 misc:948 imb:0 pmb:218 smb:1822 d:- ref:0 ;
in:2917 out:2918 type:b dur:2 cpbdur:2 q:35.27 aq:36.65 tex:2276 mv:2937 misc:1091 imb:3 pmb:261 smb:1776 d:- ref:0 ;
in:2922 out:2919 type:P dur:2 cpbdur:2 q:35.28 aq:29.35 tex:69610 mv:11124 misc:1610 imb:177 pmb:1299 smb:564 d:- ref:0 ;
in:2920 out:2920 type:B dur:2 cpbdur:2 q:35.27 aq:34.37 tex:4745 mv:5205 misc:1530 imb:8 pmb:438 smb:1594 d:- ref:0 ;
in:2919 out:2921 type:b dur:2 cpbdur:2 q:35.27 aq:35.67 tex:1787 mv:2580 misc:945 imb:4 pmb:218 smb:1818 d:- ref:0 ;
in:2921 out:2922 type:b dur:2 cpbdur:2 q:35.28 aq:36.59 tex:1383 mv:2711 misc:1026 imb:3 pmb:236 smb:1801 d:- ref:0 ;
in:2926 out:2923 type:P dur:2 cpbdur:2 q:35.29 aq:29.31 tex:69427 mv:11213 misc:1560 imb:178 pmb:1339 smb:523 d:- ref:0 ;
in:2924 out:2924 type:B dur:2 cpbdur:2 q:35.28 aq:34.67 tex:3642 mv:5186 misc:1540 imb:7 pmb:438 smb:1595 d:- ref:0 ;
in:2923 out:2925 type:b dur:2 cpbdur:2 q:35.28 aq:37.38 tex:1605 mv:2790 misc:981 imb:2 pmb:243 smb:1795 d:- ref:0 ;
in:2925 out:2926 type:b dur:2 cpbdur:2 q:35.29 aq:38.34 tex:1170 mv:2279 misc:919 imb:2 pmb:212 smb:1826 d:- ref:0 ;
in:2930 out:2927 type:P dur:2 cpbdur:2 q:35.29 aq:29.20 tex:68466 mv:11195 misc:1571 imb:189 pmb:1311 smb:540 d:- ref:0 ;
in:2928 out:2928 type:B dur:2 cpbdur:2 q:35.29 aq:34.82 tex:4384 mv:4965 misc:1539 imb:5 pmb:435 smb:1600 d:- ref:0 ;
in:2927 out:2929 type:b dur:2 cpbdur:2 q:35.29 aq:38.28 tex:1152 mv:2130 misc:830 imb:0 pmb:188 smb:1852 d:- ref:0 ;
in:2929 out:2930 type:b dur:2 cpbdur:2 q:35.29 aq:37.40 tex:1578 mv:2131 misc:899 imb:1 pmb:198 smb:1841 d:- ref:0 ;
in:2934 out:2931 type:P dur:2 cpbdur:2 q:35.30 aq:29.32 tex:65661 mv:10984 misc:1595 imb:195 pmb:1293 smb:552 d:- ref:0 ;
in:2932 out:2932 type:B dur:2 cpbdur:2 q:35.30 aq:34.99 tex:3592 mv:4420 misc:1444 imb:4 pmb:401 smb:1635 d:- ref:0 ;
in:2931 out:2933 type:b dur:2 cpbdur:2 q:35.29 aq:35.40 tex:1085 mv:2130 misc:793 imb:3 pmb:183 smb:1854 d:- ref:0 ;
in:2933 out:2934 type:b dur:2 cpbdur:2 q:35.30 aq:38.20 tex:1115 mv:2624 misc:989 imb:3 pmb:239 smb:1798 d:- ref:0 ;
in:2938 out:2935 type:P dur:2 cpbdur:2 q:35.31 aq:29.64 tex:62721 mv:10542 misc:1625 imb:158 pmb:1282 smb:600 d:- ref:0 ;
in:2936 out:2936 type:B dur:2 cpbdur:2 q:35.30 aq:34.99 tex:3627 mv:4336 misc:1461 imb:2 pmb:387 smb:1651 d:- ref:0 ;
in:2935 out:2937 type:b dur:2 cpbdur:2 q:35.30 aq:36.21 tex:1036 mv:1996 misc:872 imb:2 pmb:180 smb:1858 d:- ref:0 ;
in:2937 out:2938 type:b dur:2 cpbdur:2 q:35.30 aq:35.67 tex:1073 mv:1937 misc:766 imb:1 pmb:179 smb:1860 d:- ref:0 ;
in:2942 out:2939 type:P dur:2 cpbdur:2 q:35.31 aq:29.46 tex:65485 mv:10362 misc:1617 imb:162 pmb:1281 smb:597 d:- ref:0 ;
in:2940 out:2940 type:B dur:2 cpbdur:2 q:35.31 aq:34.82 tex:3070 mv:4360 misc:1474 imb:9 pmb:390 smb:1641 d:- ref:0 ;
in:2939 out:2941 type:b dur:2 cpbdur:2 q:35.31 aq:35.05 tex:1066 mv:1855 misc:847 imb:2 pmb:182 smb:1856 d:- ref:0 ;
in:2941 out:2942 type:b dur:2 cpbdur:2 q:35.31 aq:37.01 tex:921 mv:1453 misc:730 imb:0 pmb:143 smb:1897 d:- ref:0 ;
in:2946 out:2943 type:P dur:2 cpbdur:2 q:35.31 aq:29.39 tex:65489 mv:10443 misc:1596 imb:157 pmb:1303 smb:580 d:- ref:0 ;
in:2944 out:2944 type:B dur:2 cpbdur:2 q:35.31 aq:34.85 tex:3659 mv:4870 misc:1455 imb:12 pmb:416 smb:1612 d:- ref:0 ;
in:2943 out:2945 type:b dur:2 cpbdur:2 q:35.31 aq:35.51 tex:710 mv:1602 misc:720 imb:1 pmb:146 smb:1893 d:- ref:0 ;
in:2945 out:2946 type:b dur:2 cpbdur:2 q:35.31 aq:33.40 tex:1041 mv:1739 misc:764 imb:4 pmb:153 smb:1883 d:- ref:0 ;
in:2950 out:2947 type:P dur:2 cpbdur:2 q:35.31 aq:29.56 tex:63351 mv:9762 misc:1687 imb:130 pmb:1255 smb:655 d:- ref:0 ;
in:2948 out:2948 type:B dur:2 cpbdur:2 q:35.31 aq:34.76 tex:3166 mv:4367 misc:1435 imb:7 pmb:390 smb:1643 d:- ref:0 ;
in:2947 out:2949 type:b dur:2 cpbdur:2 q:35.31 aq:36.35 tex:1016 mv:1451 misc:709 imb:3 pmb:138 smb:1899 d:- ref:0 ;
in:2949 out:2950 type:b dur:2 cpbdur:2 q:35.31 aq:36.39 tex:1692 mv:1429 misc:703 imb:2 pmb:142 smb:1896 d:- ref:0 ;
in:2954 out:2951 type:P dur:2 cpbdur:2 q:35.31 aq:29.36 tex:60519 mv:10010 misc:1687 imb:151 pmb:1255 smb:634 d:- ref:0 ;
in:2952 out:2952 type:B dur:2 cpbdur:2 q:35.31 aq:35.02 tex:3369 mv:4260 misc:1371 imb:5 pmb:390 smb:1645 d:- ref:0 ;
in:2951 out:2953 type:b dur:2 cpbdur:2 q:35.31 aq:35.22 tex:1029 mv:1714 misc:777 imb:0 pmb:160 smb:1880 d:- ref:0 ;
in:2953 out:2954 type:b dur:2 cpbdur:2 q:35.31 aq:35.60 tex:1445 mv:2000 misc:859 imb:2 pmb:190 smb:1848 d:- ref:0 ;
in:2958 out:2955 type:P dur:2 cpbdur:2 q:35.31 aq:29.34 tex:59730 mv:10070 misc:1664 imb:153 pmb:1255 smb:632 d:- ref:0 ;
in:2956 out:2956 type:B dur:2 cpbdur:2 q:35.31 aq:35.41 tex:3728 mv:4469 misc:1475 imb:4 pmb:400 smb:1636 d:- ref:0 ;
in:2955 out:2957 type:b dur:2 cpbdur:2 q:35.31 aq:32.41 tex:1101 mv:1582 misc:773 imb:3 pmb:153 smb:1884 d:- ref:0 ;
in:2957 out:2958 type:b dur:2 cpbdur:2 q:35.31 aq:34.69 tex:1593 mv:2552 misc:983 imb:3 pmb:244 smb:1793 d:- ref:0 ;
in:2962 out:2959 type:P dur:2 cpbdur:2 q:35.30 aq:29.37 tex:57555 mv:9791 misc:1686 imb:153 pmb:1232 smb:655 d:- ref:0 ;
in:2960 out:2960 type:B dur:2 cpbdur:2 q:35.30 aq:35.10 tex:3802 mv:5040 misc:1494 imb:11 pmb:453 smb:1576 d:- ref:0 ;
in:2959 out:2961 type:b dur:2 cpbdur:2 q:35.31 aq:33.74 tex:1223 mv:2284 misc:893 imb:3 pmb:205 smb:1832 d:- ref:0 ;
in:2961 out:2962 type:b dur:2 cpbdur:2 q:35.30 aq:35.28 tex:1641 mv:2675 misc:932 imb:4 pmb:242 smb:1794 d:- ref:0 ;
in:2966 out:2963 type:P dur:2 cpbdur:2 q:35.30 aq:29.05 tex:54979 mv:9930 misc:1611 imb:161 pmb:1235 smb:644 d:- ref:0 ;
in:2964 out:2964 type:B dur:2 cpbdur:2 q:35.30 aq:34.28 tex:3317 mv:4772 misc:1471 imb:8 pmb:429 smb:1603 d:- ref:0 ;
in:2963 out:2965 type:b dur:2 cpbdur:2 q:35.30 aq:37.55 tex:1493 mv:2455 misc:940 imb:3 pmb:225 smb:1812 d:- ref:0 ;
in:2965 out:2966 type:b dur:2 cpbdur:2 q:35.30 aq:38.40 tex:1202 mv:2586 misc:980 imb:2 pmb:251 smb:1787 d:- ref:0 ;
in:2970 out:2967 type:P dur:2 cpbdur:2 q:35.30 aq:29.10 tex:54982 mv:10489 misc:1561 imb:155 pmb:1285 smb:600 d:- ref:0 ;
in:2968 out:2968 type:B dur:2 cpbdur:2 q:35.30 aq:34.12 tex:3787 mv:5608 misc:1597 imb:11 pmb:484 smb:1545 d:- ref:0 ;
in:2967 out:2969 type:b dur:2 cpbdur:2 q:35.30 aq:36.41 tex:1223 mv:2772 misc:1045 imb:5 pmb:251 smb:1784 d:- ref:0 ;
in:2969 out:2970 type:b dur:2 cpbdur:2 q:35.30 aq:36.87 tex:1077 mv:2903 misc:1044 imb:2 pmb:266 smb:1772 d:- ref:0 ;
in:2974 out:2971 type:P dur:2 cpbdur:2 q:35.29 aq:29.30 tex:60380 mv:11420 misc:1560 imb:206 pmb:1304 smb:530 d:- ref:0 ;
in:2972 out:2972 type:B dur:2 cpbdur:2 q:35.29 aq:33.90 tex:4075 mv:5145 misc:1564 imb:16 pmb:439 smb:1585 d:- ref:0 ;
in:2971 out:2973 type:b dur:2 cpbdur:2 q:35.29 aq:34.62 tex:723 mv:2895 misc:1022 imb:4 pmb:255 smb:1781 d:- ref:0 ;
in:2973 out:2974 type:b dur:2 cpbdur:2 q:35.29 aq:35.72 tex:1789 mv:3228 misc:1159 imb:3 pmb:290 smb:1747 d:- ref:0 ;
in:2978 out:2975 type:P dur:2 cpbdur:2 q:35.29 aq:29.36 tex:62753 mv:11298 misc:1453 imb:189 pmb:1321 smb:530 d:- ref:0 ;
in:2976 out:2976 type:B dur:2 cpbdur:2 q:35.29 aq:34.07 tex:4570 mv:6124 misc:1730 imb:17 pmb:524 smb:1499 d:- ref:0 ;
in:2975 out:2977 type:b dur:2 cpbdur:2 q:35.29 aq:33.48 tex:944 mv:2935 misc:1041 imb:4 pmb:265 smb:1771 d:- ref:0 ;
in:2977 out:2978 type:b dur:2 cpbdur:2 q:35.29 aq:34.72 tex:1778 mv:3063 misc:1135 imb:8 pmb:286 smb:1746 d:- ref:0 ;
in:2982 out:2979 type:P dur:2 cpbdur:2 q:35.29 aq:29.22 tex:64226 mv:12041 misc:1461 imb:224 pmb:1312 smb:504 d:- ref:0 ;
in:2980 out:2980 type:B dur:2 cpbdur:2 q:35.29 aq:32.60 tex:5068 mv:6676 misc:1776 imb:27 pmb:571 smb:1442 d:- ref:0 ;
in:2979 out:2981 type:b dur:2 cpbdur:2 q:35.29 aq:35.44 tex:1501 mv:3608 misc:1275 imb:7 pmb:314 smb:1719 d:- ref:0 ;
in:2981 out:2982 type:b dur:2 cpbdur:2 q:35.29 aq:35.74 tex:1914 mv:3640 misc:1246 imb:9 pmb:336 smb:1695 d:- ref:0 ;
in:2986 out:2983 type:P dur:2 cpbdur:2 q:35.29 aq:29.85 tex:66884 mv:12270 misc:1438 imb:251 pmb:1325 smb:464 d:- ref:0 ;
in:2984 out:2984 type:B dur:2 cpbdur:2 q:35.29 aq:34.75 tex:6001 mv:7160 misc:1887 imb:21 pmb:624 smb:1395 d:- ref:0 ;
in:2983 out:2985 type:b dur:2 cpbdur:2 q:35.29 aq:36.60 tex:1908 mv:3642 misc:1282 imb:12 pmb:312 smb:1716 d:- ref:0 ;
in:2985 out:2986 type:b dur:2 cpbdur:2 q:35.29 aq:36.62 tex:2849 mv:4155 misc:1380 imb:4 pmb:373 smb:1663 d:- ref:0 ;
in:2990 out:2987 type:P dur:2 cpbdur:2 q:35.31 aq:29.62 tex:66895 mv:12416 misc:1417 imb:291 pmb:1303 smb:446 d:- ref:0 ;
in:2988 out:2988 type:B dur:2 cpbdur:2 q:35.30 aq:33.98 tex:5927 mv:6726 misc:1835 imb:32 pmb:584 smb:1424 d:- ref:0 ;
in:2987 out:2989 type:b dur:2 cpbdur:2 q:35.30 aq:36.69 tex:2043 mv:3777 misc:1324 imb:13 pmb:337 smb:1690 d:- ref:0 ;
in:2989 out:2990 type:b dur:2 cpbdur:2 q:35.30 aq:37.00 tex:1656 mv:4028 misc:1412 imb:5 pmb:368 smb:1667 d:- ref:0 ;
in:2994 out:2991 type:P dur:2 cpbdur:2 q:35.31 aq:29.96 tex:65210 mv:12261 misc:1393 imb:243 pmb:1325 smb:472 d:- ref:0 ;
in:2992 out:2992 type:B dur:2 cpbdur:2 q:35.31 aq:32.72 tex:7104 mv:6990 misc:1850 imb:41 pmb:597 smb:1402 d:- ref:0 ;
in:2991 out:2993 type:b dur:2 cpbdur:2 q:35.31 aq:36.29 tex:2127 mv:3367 misc:1202 imb:14 pmb:278 smb:1748 d:- ref:0 ;
in:2993 out:2994 type:b dur:2 cpbdur:2 q:35.31 aq:37.02 tex:3725 mv:3715 misc:1336 imb:8 pmb:351 smb:1681 d:- ref:0 ;
in:2995 out:2995 type:P dur:2 cpbdur:2 q:35.33 aq:34.70 tex:3208 mv:3216 misc:1496 imb:30 pmb:383 smb:1627 d:- ref:0 ;
in:2996 out:2996 type:I dur:2 cpbdur:2 q:32.39 aq:27.58 tex:318757 mv:60001 misc:474 imb:2040 pmb:0 smb:0 d:- ref:;
in:3000 out:2997 type:P dur:2 cpbdur:2 q:35.48 aq:29.88 tex:48035 mv:10492 misc:1721 imb:238 pmb:1087 smb:715 d:- ref:0 ;
in:2998 out:2998 type:B dur:2 cpbdur:2 q:35.48 aq:33.70 tex:7270 mv:6563 misc:1711 imb:30 pmb:572 smb:1438 d:- ref:0 ;
in:2997 out:2999 type:b dur:2 cpbdur:2 q:35.48 aq:36.53 tex:2123 mv:3720 misc:1301 imb:8 pmb:327 smb:1705 d:- ref:0 ;
in:2999 out:3000 type:b dur:2 cpbdur:2 q:35.48 aq:37.48 tex:2469 mv:3888 misc:1251 imb:7 pmb:347 smb:1686 d:- ref:0 ;
in:3004 out:3001 type:P dur:2 cpbdur:2 q:35.47 aq:29.79 tex:52071 mv:12595 misc:1558 imb:326 pmb:1181 smb:533 d:- ref:0 ;
in:3002 out:3002 type:B dur:2 cpbdur:2 q:35.47 aq:33.17 tex:6313 mv:6731 misc:1820 imb:39 pmb:581 smb:1420 d:- ref:0 ;
in:3001 out:3003 type:b dur:2 cpbdur:2 q:35.48 aq:37.91 tex:4545 mv:3849 misc:1214 imb:19 pmb:319 smb:1702 d:- ref:0 ;
in:3003 out:3004 type:b dur:2 cpbdur:2 q:35.47 aq:34.94 tex:2045 mv:3531 misc:1240 imb:10 pmb:295 smb:1735 d:- ref:0 ;
in:3008 out:3005 type:P dur:2 cpbdur:2 q:35.53 aq:30.39 tex:50315 mv:12584 misc:1493 imb:283 pmb:1194 smb:563 d:- ref:0 ;
in:3006 out:3006 type:B dur:2 cpbdur:2 q:35.50 aq:32.99 tex:5578 mv:7027 misc:1803 imb:31 pmb:589 smb:1420 d:- ref:0 ;
in:3005 out:3007 type:b dur:2 cpbdur:2 q:35.48 aq:37.63 tex:1434 mv:4225 misc:1373 imb:5 pmb:373 smb:1662 d:- ref:0 ;
in:3007 out:3008 type:b dur:2 cpbdur:2 q:35.52 aq:35.25 tex:1496 mv:3900 misc:1364 imb:9 pmb:338 smb:1693 d:- ref:0 ;
in:3010 out:3009 type:P dur:2 cpbdur:2 q:35.54 aq:30.67 tex:42000 mv:9255 misc:1737 imb:172 pmb:1103 smb:765 d:- ref:0 ;
in:3009 out:3010 type:b dur:2 cpbdur:2 q:35.54 aq:36.20 tex:1737 mv:4656 misc:1431 imb:10 pmb:395 smb:1635 d:- ref:0 ;
in:3012 out:3011 type:P dur:2 cpbdur:2 q:35.55 aq:30.83 tex:39925 mv:9703 misc:1700 imb:183 pmb:1144 smb:713 d:- ref:0 ;
in:3011 out:3012 type:b dur:2 cpbdur:2 q:35.54 aq:34.58 tex:2229 mv:3916 misc:1351 imb:18 pmb:331 smb:1691 d:- ref:0 ;
in:3016 out:3013 type:P dur:2 cpbdur:2 q:35.55 aq:31.47 tex:50942 mv:12912 misc:1586 imb:321 pmb:1130 smb:589 d:- ref:0 ;
in:3014 out:3014 type:B dur:2 cpbdur:2 q:35.55 aq:33.00 tex:7211 mv:8414 misc:1975 imb:41 pmb:682 smb:1317 d:- ref:0 ;
in:3013 out:3015 type:b dur:2 cpbdur:2 q:35.55 aq:35.45 tex:3526 mv:4367 misc:1387 imb:18 pmb:394 smb:1628 d:- ref:0 ;
in:3015 out:3016 type:b dur:2 cpbdur:2 q:35.55 aq:35.97 tex:2098 mv:4451 misc:1451 imb:19 pmb:372 smb:1649 d:- ref:0 ;
in:3019 out:3017 type:P dur:2 cpbdur:2 q:35.55 aq:31.45 tex:48478 mv:11658 misc:1648 imb:321 pmb:1084 smb:635 d:- ref:0 ;
in:3017 out:3018 type:B dur:2 cpbdur:2 q:35.55 aq:34.24 tex:5938 mv:6594 misc:1788 imb:18 pmb:576 smb:1446 d:- ref:0 ;
in:3018 out:3019 type:b dur:2 cpbdur:2 q:35.55 aq:36.55 tex:3277 mv:5709 misc:1622 imb:15 pmb:522 smb:1503 d:- ref:0 ;
in:3021 out:3020 type:P dur:2 cpbdur:2 q:35.56 aq:32.36 tex:44814 mv:11250 misc:1744 imb:334 pmb:1059 smb:647 d:- ref:0 ;
in:3020 out:3021 type:b dur:2 cpbdur:2 q:35.56 aq:35.35 tex:2900 mv:6318 misc:1686 imb:20 pmb:512 smb:1508 d:- ref:0 ;
in:3023 out:3022 type:P dur:2 cpbdur:2 q:35.57 aq:32.26 tex:42338 mv:11555 misc:1803 imb:338 pmb:1008 smb:694 d:- ref:0 ;
in:3022 out:3023 type:b dur:2 cpbdur:2 q:35.57 aq:33.65 tex:3870 mv:6693 misc:1733 imb:45 pmb:516 smb:1479 d:- ref:0 ;
in:3024 out:3024 type:P dur:2 cpbdur:2 q:35.59 aq:32.04 tex:29635 mv:9787 misc:1850 imb:272 pmb:948 smb:820 d:- ref:0 ;
in:3025 out:3025 type:P dur:2 cpbdur:2 q:35.59 aq:32.09 tex:28697 mv:9781 misc:1794 imb:246 pmb:959 smb:835 d:- ref:0 ;
in:3026 out:3026 type:P dur:2 cpbdur:2 q:35.61 aq:32.40 tex:31760 mv:9849 misc:1783 imb:283 pmb:970 smb:787 d:- ref:0 ;
in:3027 out:3027 type:P dur:2 cpbdur:2 q:35.62 aq:32.29 tex:31478 mv:10432 misc:1802 imb:342 pmb:943 smb:755 d:- ref:0 ;
in:3028 out:3028 type:P dur:2 cpbdur:2 q:35.64 aq:32.32 tex:27514 mv:10121 misc:1677 imb:316 pmb:912 smb:812 d:- ref:0 ;
in:3029 out:3029 type:P dur:2 cpbdur:2 q:35.65 aq:32.27 tex:30302 mv:10564 misc:1758 imb:354 pmb:858 smb:828 d:- ref:0 ;
in:3030 out:3030 type:P dur:2 cpbdur:2 q:35.66 aq:32.15 tex:33113 mv:10683 misc:1740 imb:382 pmb:860 smb:798 d:- ref:0 ;
in:3031 out:3031 type:P dur:2 cpbdur:2 q:35.67 aq:32.84 tex:30069 mv:10493 misc:1750 imb:375 pmb:802 smb:863 d:- ref:0 ;
in:3032 out:3032 type:P dur:2 cpbdur:2 q:35.69 aq:32.45 tex:31502 mv:10738 misc:1672 imb:405 pmb:780 smb:855 d:- ref:0 ;
in:3033 out:3033 type:P dur:2 cpbdur:2 q:35.69 aq:32.29 tex:29954 mv:9990 misc:1728 imb:415 pmb:705 smb:920 d:- ref:0 ;
in:3034 out:3034 type:P dur:2 cpbdur:2 q:35.70 aq:32.41 tex:32865 mv:9981 misc:1586 imb:479 pmb:668 smb:893 d:- ref:0 ;
in:3035 out:3035 type:P dur:2 cpbdur:2 q:35.71 aq:31.52 tex:26886 mv:9680 misc:1690 imb:499 pmb:595 smb:946 d:- ref:0 ;
in:3036 out:3036 type:P dur:2 cpbdur:2 q:35.72 aq:31.88 tex:24601 mv:8799 misc:1664 imb:452 pmb:535 smb:1053 d:- ref:0 ;
in:3037 out:3037 type:P dur:2 cpbdur:2 q:35.73 aq:31.49 tex:21293 mv:8322 misc:1641 imb:468 pmb:476 smb:1096 d:- ref:0 ;
in:3038 out:3038 type:P dur:2 cpbdur:2 q:35.74 aq:31.28 tex:20085 mv:8032 misc:1667 imb:453 pmb:416 smb:1171 d:- ref:0 ;
in:3040 out:3039 type:P dur:2 cpbdur:2 q:35.75 aq:30.89 tex:20984 mv:7380 misc:1300 imb:840 pmb:208 smb:992 d:- ref:0 ;
in:3039 out:3040 type:b dur:2 cpbdur:2 q:35.75 aq:32.41 tex:7546 mv:6794 misc:1508 imb:168 pmb:467 smb:1405 d:- ref:0 ;
in:3041 out:3041 type:P dur:2 cpbdur:2 q:35.76 aq:30.53 tex:10439 mv:5819 misc:1518 imb:412 pmb:289 smb:1339 d:- ref:0 ;
in:3042 out:3042 type:P dur:2 cpbdur:2 q:35.76 aq:30.83 tex:10546 mv:5252 misc:1394 imb:471 pmb:214 smb:1355 d:- ref:0 ;
in:3046 out:3043 type:P dur:2 cpbdur:2 q:35.76 aq:29.33 tex:16882 mv:5317 misc:1025 imb:1130 pmb:84 smb:826 d:- ref:0 ;
in:3044 out:3044 type:B dur:2 cpbdur:2 q:35.76 aq:30.98 tex:7897 mv:5501 misc:1554 imb:249 pmb:369 smb:1422 d:- ref:0 ;
in:3043 out:3045 type:b dur:2 cpbdur:2 q:35.76 aq:31.58 tex:4100 mv:4394 misc:1394 imb:127 pmb:332 smb:1581 d:- ref:0 ;
in:3045 out:3046 type:b dur:2 cpbdur:2 q:35.76 aq:32.30 tex:4403 mv:3397 misc:1352 imb:100 pmb:323 smb:1617 d:- ref:0 ;
in:3048 out:3047 type:P dur:2 cpbdur:2 q:35.73 aq:29.20 tex:8655 mv:3601 misc:1456 imb:515 pmb:125 smb:1400 d:- ref:0 ;
in:3047 out:3048 type:b dur:2 cpbdur:2 q:35.75 aq:32.40 tex:6855 mv:2275 misc:1046 imb:105 pmb:195 smb:1740 d:- ref:0 ;
in:3050 out:3049 type:P dur:2 cpbdur:2 q:35.72 aq:28.84 tex:6286 mv:3618 misc:1456 imb:589 pmb:75 smb:1376 d:- ref:0 ;
in:3049 out:3050 type:b dur:2 cpbdur:2 q:35.72 aq:31.02 tex:3430 mv:1451 misc:1031 imb:62 pmb:169 smb:1809 d:- ref:0 ;
in:3054 out:3051 type:P dur:2 cpbdur:2 q:35.71 aq:27.09 tex:5339 mv:3937 misc:1236 imb:764 pmb:63 smb:1213 d:- ref:0 ;
in:3052 out:3052 type:B dur:2 cpbdur:2 q:35.71 aq:30.00 tex:2259 mv:1259 misc:1042 imb:52 pmb:150 smb:1838 d:- ref:0 ;
in:3051 out:3053 type:b dur:2 cpbdur:2 q:35.71 aq:30.60 tex:2240 mv:1121 misc:975 imb:47 pmb:142 smb:1851 d:- ref:0 ;
in:3053 out:3054 type:b dur:2 cpbdur:2 q:35.71 aq:30.68 tex:1834 mv:825 misc:805 imb:29 pmb:117 smb:1894 d:- ref:0 ;
in:3058 out:3055 type:P dur:2 cpbdur:2 q:35.67 aq:28.32 tex:9352 mv:5211 misc:1405 imb:960 pmb:121 smb:959 d:- ref:0 ;
in:3056 out:3056 type:B dur:2 cpbdur:2 q:35.69 aq:29.22 tex:2144 mv:1952 misc:1232 imb:75 pmb:177 smb:1788 d:- ref:0 ;
in:3055 out:3057 type:b dur:2 cpbdur:2 q:35.70 aq:30.59 tex:1871 mv:942 misc:827 imb:31 pmb:129 smb:1880 d:- ref:0 ;
in:3057 out:3058 type:b dur:2 cpbdur:2 q:35.68 aq:30.01 tex:2129 mv:1303 misc:976 imb:55 pmb:131 smb:1854 d:- ref:0 ;
in:3059 out:3059 type:P dur:2 cpbdur:2 q:35.63 aq:28.50 tex:20234 mv:6101 misc:1817 imb:789 pmb:306 smb:945 d:- ref:0 w:6,69,1,6,59,10,64,0 ;
in:3060 out:3060 type:P dur:2 cpbdur:2 q:35.62 aq:28.80 tex:47315 mv:10143 misc:1174 imb:1004 pmb:677 smb:359 d:- ref:0 w:6,77,0,6,61,5,64,0 ;
in:3061 out:3061 type:P dur:2 cpbdur:2 q:35.62 aq:28.51 tex:75789 mv:12940 misc:799 imb:811 pmb:1041 smb:188 d:- ref:0 w:5,43,-2,0,1,-1,1,1 ;
in:3063 out:3062 type:P dur:2 cpbdur:2 q:35.63 aq:29.70 tex:149674 mv:15045 misc:337 imb:672 pmb:1351 smb:17 d:- ref:0 w:6,119,-8,1,3,-69,3,-60 ;
in:3062 out:3063 type:b dur:2 cpbdur:2 q:35.63 aq:34.60 tex:622 mv:220 misc:374 imb:1 pmb:37 smb:2002 d:- ref:0 ;
in:3067 out:3064 type:P dur:2 cpbdur:2 q:35.64 aq:30.79 tex:110949 mv:10616 misc:939 imb:242 pmb:1630 smb:168 d:- ref:0 w:3,11,-5,6,86,-47,83,-36 ;
in:3065 out:3065 type:B dur:2 cpbdur:2 q:35.63 aq:35.11 tex:15048 mv:7177 misc:1615 imb:120 pmb:869 smb:1051 d:- ref:0 ;
in:3064 out:3066 type:b dur:2 cpbdur:2 q:35.63 aq:34.17 tex:547 mv:692 misc:521 imb:8 pmb:62 smb:1970 d:- ref:0 ;
in:3066 out:3067 type:b dur:2 cpbdur:2 q:35.63 aq:37.11 tex:121 mv:554 misc:405 imb:0 pmb:47 smb:1993 d:- ref:0 ;
in:3071 out:3068 type:P dur:2 cpbdur:2 q:35.77 aq:30.49 tex:39286 mv:7066 misc:1664 imb:51 pmb:1337 smb:652 d:- ref:0 w:6,65,0 ;
in:3069 out:3069 type:B dur:2 cpbdur:2 q:35.70 aq:35.25 tex:491 mv:1388 misc:889 imb:5 pmb:156 smb:1879 d:- ref:0 ;
in:3068 out:3070 type:b dur:2 cpbdur:2 q:35.67 aq:37.71 tex:79 mv:478 misc:379 imb:0 pmb:44 smb:1996 d:- ref:0 ;
in:3070 out:3071 type:b dur:2 cpbdur:2 q:35.74 aq:34.86 tex:34 mv:252 misc:314 imb:0 pmb:26 smb:2014 d:- ref:0 ;
in:3075 out:3072 type:P dur:2 cpbdur:2 q:35.82 aq:30.76 tex:32372 mv:7003 misc:1777 imb:59 pmb:1218 smb:763 d:- ref:0 ;
in:3073 out:3073 type:B dur:2 cpbdur:2 q:35.80 aq:36.43 tex:302 mv:1586 misc:832 imb:0 pmb:157 smb:1883 d:- ref:0 ;
in:3072 out:3074 type:b dur:2 cpbdur:2 q:35.78 aq:39.68 tex:118 mv:770 misc:568 imb:0 pmb:83 smb:1957 d:- ref:0 ;
in:3074 out:3075 type:b dur:2 cpbdur:2 q:35.81 aq:36.00 tex:9 mv:440 misc:391 imb:0 pmb:43 smb:1997 d:- ref:0 ;
in:3079 out:3076 type:P dur:2 cpbdur:2 q:35.79 aq:31.10 tex:27124 mv:6865 misc:1755 imb:44 pmb:1169 smb:827 d:- ref:0 ;
in:3077 out:3077 type:B dur:2 cpbdur:2 q:35.80 aq:37.26 tex:629 mv:1647 misc:940 imb:0 pmb:181 smb:1859 d:- ref:0 ;
in:3076 out:3078 type:b dur:2 cpbdur:2 q:35.81 aq:36.00 tex:1 mv:140 misc:275 imb:0 pmb:17 smb:2023 d:- ref:0 ;
in:3078 out:3079 type:b dur:2 cpbdur:2 q:35.80 aq:39.86 tex:47 mv:197 misc:260 imb:0 pmb:17 smb:2023 d:- ref:0 ;
in:3083 out:3080 type:P dur:2 cpbdur:2 q:35.75 aq:31.36 tex:23681 mv:6504 misc:1879 imb:47 pmb:1081 smb:912 d:- ref:0 ;
in:3081 out:3081 type:B dur:2 cpbdur:2 q:35.77 aq:35.46 tex:1015 mv:1461 misc:956 imb:1 pmb:174 smb:1865 d:- ref:0 ;
in:3080 out:3082 type:b dur:2 cpbdur:2 q:35.78 aq:36.91 tex:63 mv:280 misc:321 imb:0 pmb:27 smb:2013 d:- ref:0 ;
in:3082 out:3083 type:b dur:2 cpbdur:2 q:35.76 aq:38.00 tex:54 mv:225 misc:313 imb:0 pmb:25 smb:2015 d:- ref:0 ;
in:3087 out:3084 type:P dur:2 cpbdur:2 q:35.70 aq:31.92 tex:21676 mv:6621 misc:1807 imb:49 pmb:1034 smb:957 d:- ref:0 ;
in:3085 out:3085 type:B dur:2 cpbdur:2 q:35.73 aq:36.40 tex:379 mv:1654 misc:911 imb:1 pmb:163 smb:1876 d:- ref:0 ;
in:3084 out:3086 type:b dur:2 cpbdur:2 q:35.74 aq:36.00 tex:23 mv:363 misc:358 imb:0 pmb:34 smb:2006 d:- ref:0 ;
in:3086 out:3087 type:b dur:2 cpbdur:2 q:35.71 aq:39.59 tex:269 mv:495 misc:476 imb:0 pmb:61 smb:1979 d:- ref:0 ;
in:3091 out:3088 type:P dur:2 cpbdur:2 q:35.66 aq:33.51 tex:14751 mv:5486 misc:1811 imb:31 pmb:880 smb:1129 d:- ref:0 ;
in:3089 out:3089 type:B dur:2 cpbdur:2 q:35.68 aq:35.65 tex:488 mv:1615 misc:953 imb:0 pmb:189 smb:1851 d:- ref:0 ;
in:3088 out:3090 type:b dur:2 cpbdur:2 q:35.69 aq:38.68 tex:61 mv:193 misc:290 imb:0 pmb:19 smb:2021 d:- ref:0 ;
in:3090 out:3091 type:b dur:2 cpbdur:2 q:35.67 aq:37.00 tex:76 mv:587 misc:481 imb:0 pmb:63 smb:1977 d:- ref:0 ;
in:3095 out:3092 type:P dur:2 cpbdur:2 q:35.62 aq:34.22 tex:18809 mv:6017 misc:1654 imb:298 pmb:543 smb:1199 d:- ref:0 w:6,33,4,6,38,55,55,15 ;
in:3093 out:3093 type:B dur:2 cpbdur:2 q:35.64 aq:34.48 tex:5325 mv:2785 misc:1626 imb:8 pmb:451 smb:1581 d:- ref:0 ;
in:3092 out:3094 type:b dur:2 cpbdur:2 q:35.65 aq:39.43 tex:95 mv:255 misc:322 imb:0 pmb:26 smb:2014 d:- ref:0 ;
in:3094 out:3095 type:b dur:2 cpbdur:2 q:35.63 aq:38.23 tex:448 mv:738 misc:654 imb:4 pmb:104 smb:1932 d:- ref:0 ;
in:3096 out:3096 type:I dur:2 cpbdur:2 q:32.79 aq:26.19 tex:65265 mv:22109 misc:482 imb:2040 pmb:0 smb:0 d:- ref:;
in:3097 out:3097 type:P dur:2 cpbdur:2 q:35.62 aq:26.49 tex:38410 mv:9060 misc:994 imb:1243 pmb:502 smb:295 d:- ref:0 w:6,97,-5,6,95,-65,76,-21 ;
in:3099 out:3098 type:P dur:2 cpbdur:2 q:35.62 aq:24.06 tex:22162 mv:5780 misc:1914 imb:474 pmb:536 smb:1030 d:- ref:0 w:4,17,0,6,69,-10,68,-8 ;
in:3098 out:3099 type:b dur:2 cpbdur:2 q:35.62 aq:23.78 tex:446 mv:516 misc:702 imb:25 pmb:93 smb:1922 d:- ref:0 ;
in:3100 out:3100 type:P dur:2 cpbdur:2 q:35.59 aq:24.62 tex:18857 mv:1569 misc:1214 imb:125 pmb:215 smb:1700 d:- ref:0 ;
in:3101 out:3101 type:P dur:2 cpbdur:2 q:35.58 aq:24.32 tex:19290 mv:1192 misc:1126 imb:61 pmb:214 smb:1765 d:- ref:0 ;
in:3105 out:3102 type:P dur:2 cpbdur:2 q:35.57 aq:26.24 tex:16109 mv:1884 misc:1287 imb:71 pmb:315 smb:1654 d:- ref:0 ;
in:3103 out:3103 type:B dur:2 cpbdur:2 q:35.57 aq:23.95 tex:137 mv:298 misc:445 imb:1 pmb:55 smb:1984 d:- ref:0 ;
in:3102 out:3104 type:b dur:2 cpbdur:2 q:35.58 aq:22.69 tex:87 mv:193 misc:352 imb:0 pmb:34 smb:2006 d:- ref:0 ;
in:3104 out:3105 type:b dur:2 cpbdur:2 q:35.57 aq:21.87 tex:38 mv:10 misc:184 imb:0 pmb:3 smb:2037 d:- ref:0 ;
in:3107 out:3106 type:P dur:2 cpbdur:2 q:35.56 aq:25.91 tex:3447 mv:989 misc:1004 imb:42 pmb:154 smb:1844 d:- ref:0 ;
in:3106 out:3107 type:b dur:2 cpbdur:2 q:35.56 aq:22.34 tex:45 mv:15 misc:196 imb:0 pmb:4 smb:2036 d:- ref:0 ;
in:3109 out:3108 type:P dur:2 cpbdur:2 q:35.55 aq:25.62 tex:3566 mv:804 misc:934 imb:20 pmb:154 smb:1866 d:- ref:0 ;
in:3108 out:3109 type:b dur:2 cpbdur:2 q:35.56 aq:22.04 tex:38 mv:10 misc:184 imb:0 pmb:3 smb:2037 d:- ref:0 ;
in:3111 out:3110 type:P dur:2 cpbdur:2 q:35.52 aq:25.13 tex:3832 mv:1329 misc:1071 imb:29 pmb:216 smb:1795 d:- ref:0 ;
in:3110 out:3111 type:b dur:2 cpbdur:2 q:35.54 aq:23.94 tex:54 mv:92 misc:278 imb:0 pmb:18 smb:2022 d:- ref:0 ;
in:3115 out:3112 type:P dur:2 cpbdur:2 q:35.50 aq:25.47 tex:3520 mv:975 misc:1009 imb:27 pmb:168 smb:1845 d:- ref:0 ;
in:3113 out:3113 type:B dur:2 cpbdur:2 q:35.51 aq:20.27 tex:101 mv:25 misc:242 imb:0 pmb:9 smb:2031 d:- ref:0 ;
in:3112 out:3114 type:b dur:2 cpbdur:2 q:35.52 aq:22.06 tex:46 mv:13 misc:197 imb:0 pmb:4 smb:2036 d:- ref:0 ;
in:3114 out:3115 type:b dur:2 cpbdur:2 q:35.50 aq:23.17 tex:47 mv:13 misc:196 imb:0 pmb:4 smb:2036 d:- ref:0 ;
in:3117 out:3116 type:P dur:2 cpbdur:2 q:35.44 aq:26.40 tex:3600 mv:1340 misc:1068 imb:27 pmb:208 smb:1805 d:- ref:0 ;
in:3116 out:3117 type:b dur:2 cpbdur:2 q:35.47 aq:21.56 tex:41 mv:60 misc:283 imb:0 pmb:23 smb:2017 d:- ref:0 ;
in:3119 out:3118 type:P dur:2 cpbdur:2 q:35.42 aq:24.36 tex:1980 mv:777 misc:779 imb:21 pmb:107 smb:1912 d:- ref:0 ;
in:3118 out:3119 type:b dur:2 cpbdur:2 q:35.43 aq:23.70 tex:23 mv:4 misc:173 imb:0 pmb:1 smb:2039 d:- ref:0 ;
in:3121 out:3120 type:P dur:2 cpbdur:2 q:35.38 aq:26.49 tex:2147 mv:1050 misc:979 imb:29 pmb:155 smb:1856 d:- ref:0 ;
in:3120 out:3121 type:b dur:2 cpbdur:2 q:35.40 aq:21.97 tex:24 mv:4 misc:172 imb:0 pmb:1 smb:2039 d:- ref:0 ;
in:3123 out:3122 type:P dur:2 cpbdur:2 q:35.35 aq:26.38 tex:2964 mv:863 misc:909 imb:27 pmb:137 smb:1876 d:- ref:0 ;
in:3122 out:3123 type:b dur:2 cpbdur:2 q:35.37 aq:23.46 tex:24 mv:4 misc:172 imb:0 pmb:1 smb:2039 d:- ref:0 ;
in:3125 out:3124 type:P dur:2 cpbdur:2 q:35.33 aq:27.64 tex:2011 mv:1013 misc:920 imb:23 pmb:143 smb:1874 d:- ref:0 ;
in:3124 out:3125 type:b dur:2 cpbdur:2 q:35.34 aq:21.23 tex:47 mv:14 misc:195 imb:0 pmb:4 smb:2036 d:- ref:0 ;
in:3127 out:3126 type:P dur:2 cpbdur:2 q:35.30 aq:25.55 tex:1451 mv:766 misc:799 imb:26 pmb:99 smb:1915 d:- ref:0 ;
in:3126 out:3127 type:b dur:2 cpbdur:2 q:35.31 aq:26.02 tex:29 mv:13 misc:166 imb:1 pmb:0 smb:2039 d:- ref:0 ;
in:3131 out:3128 type:P dur:2 cpbdur:2 q:35.27 aq:26.99 tex:2089 mv:1407 misc:944 imb:31 pmb:162 smb:1847 d:- ref:0 ;
in:3129 out:3129 type:B dur:2 cpbdur:2 q:35.28 aq:23.20 tex:135 mv:170 misc:351 imb:0 pmb:31 smb:2009 d:- ref:0 ;
in:3128 out:3130 type:b dur:2 cpbdur:2 q:35.29 aq:21.23 tex:52 mv:12 misc:184 imb:0 pmb:3 smb:2037 d:- ref:0 ;
in:3130 out:3131 type:b dur:2 cpbdur:2 q:35.28 aq:22.47 tex:33 mv:50 misc:253 imb:0 pmb:19 smb:2021 d:- ref:0 ;
in:3133 out:3132 type:P dur:2 cpbdur:2 q:35.22 aq:27.07 tex:754 mv:491 misc:603 imb:11 pmb:63 smb:1966 d:- ref:0 ;
in:3132 out:3133 type:b dur:2 cpbdur:2 q:35.24 aq:22.88 tex:40 mv:10 misc:182 imb:0 pmb:3 smb:2037 d:- ref:0 ;
in:3135 out:3134 type:P dur:2 cpbdur:2 q:35.19 aq:28.26 tex:635 mv:382 misc:559 imb:6 pmb:60 smb:1974 d:- ref:0 ;
in:3134 out:3135 type:b dur:2 cpbdur:2 q:35.20 aq:27.00 tex:0 mv:0 misc:160 imb:0 pmb:0 smb:2040 d:- ref:0 ;
in:3137 out:3136 type:P dur:2 cpbdur:2 q:35.16 aq:23.66 tex:2820 mv:2728 misc:1460 imb:139 pmb:229 smb:1672 d:- ref:0 ;
in:3136 out:3137 type:b dur:2 cpbdur:2 q:35.17 aq:25.92 tex:85 mv:31 misc:204 imb:1 pmb:5 smb:2034 d:- ref:0 ;
in:3141 out:3138 type:P dur:2 cpbdur:2 q:35.13 aq:26.53 tex:7862 mv:3733 misc:1805 imb:321 pmb:294 smb:1425 d:- ref:0 w:7,121,1,6,59,10,59,10 ;
in:3139 out:3139 type:B dur:2 cpbdur:2 q:35.14 aq:20.95 tex:390 mv:333 misc:469 imb:11 pmb:40 smb:1989 d:- ref:0 ;
in:3138 out:3140 type:b dur:2 cpbdur:2 q:35.15 aq:22.75 tex:141 mv:95 misc:268 imb:5 pmb:12 smb:2023 d:- ref:0 ;
in:3140 out:3141 type:b dur:2 cpbdur:2 q:35.14 aq:21.36 tex:626 mv:677 misc:585 imb:32 pmb:61 smb:1947 d:- ref:0 ;
in:3143 out:3142 type:P dur:2 cpbdur:2 q:35.08 aq:28.13 tex:29655 mv:6814 misc:1699 imb:608 pmb:545 smb:887 d:- ref:0 w:5,29,1,4,14,17,15,7 ;
in:3142 out:3143 type:b dur:2 cpbdur:2 q:35.11 aq:25.61 tex:1009 mv:596 misc:675 imb:28 pmb:81 smb:1931 d:- ref:0 ;
in:3147 out:3144 type:P dur:2 cpbdur:2 q:35.07 aq:28.96 tex:103505 mv:11334 misc:729 imb:1432 pmb:404 smb:204 d:- ref:0 ;
in:3145 out:3145 type:B dur:2 cpbdur:2 q:35.07 aq:29.10 tex:6662 mv:4704 misc:1522 imb:62 pmb:356 smb:1622 d:- ref:0 ;
in:3144 out:3146 type:b dur:2 cpbdur:2 q:35.08 aq:27.82 tex:2041 mv:1544 misc:975 imb:31 pmb:158 smb:1851 d:- ref:0 ;
in:3146 out:3147 type:b dur:2 cpbdur:2 q:35.07 aq:29.27 tex:2424 mv:1766 misc:970 imb:43 pmb:133 smb:1864 d:- ref:0 ;
in:3151 out:3148 type:P dur:2 cpbdur:2 q:35.06 aq:28.40 tex:73321 mv:11881 misc:798 imb:1022 pmb:764 smb:254 d:- ref:0 ;
in:3149 out:3149 type:B dur:2 cpbdur:2 q:35.06 aq:30.43 tex:8447 mv:6238 misc:1619 imb:93 pmb:467 smb:1480 d:- ref:0 ;
in:3148 out:3150 type:b dur:2 cpbdur:2 q:35.06 aq:29.33 tex:2673 mv:2175 misc:1128 imb:34 pmb:209 smb:1797 d:- ref:0 ;
in:3150 out:3151 type:b dur:2 cpbdur:2 q:35.06 aq:31.00 tex:1886 mv:1663 misc:939 imb:18 pmb:171 smb:1851 d:- ref:0 ;
in:3155 out:3152 type:P dur:2 cpbdur:2 q:35.09 aq:28.96 tex:52467 mv:9727 misc:1206 imb:379 pmb:808 smb:853 d:- ref:0 ;
in:3153 out:3153 type:B dur:2 cpbdur:2 q:35.08 aq:31.69 tex:6511 mv:5391 misc:1466 imb:29 pmb:448 smb:1563 d:- ref:0 ;
in:3152 out:3154 type:b dur:2 cpbdur:2 q:35.07 aq:31.67 tex:1500 mv:1842 misc:890 imb:3 pmb:177 smb:1860 d:- ref:0 ;
in:3154 out:3155 type:b dur:2 cpbdur:2 q:35.08 aq:33.16 tex:1767 mv:1737 misc:888 imb:6 pmb:165 smb:1869 d:- ref:0 ;
in:3159 out:3156 type:P dur:2 cpbdur:2 q:35.11 aq:29.96 tex:43783 mv:8159 misc:1122 imb:161 pmb:786 smb:1093 d:- ref:0 ;
in:3157 out:3157 type:B dur:2 cpbdur:2 q:35.10 aq:33.62 tex:5938 mv:4649 misc:1349 imb:13 pmb:396 smb:1631 d:- ref:0 ;
in:3156 out:3158 type:b dur:2 cpbdur:2 q:35.10 aq:34.25 tex:1840 mv:1572 misc:796 imb:3 pmb:152 smb:1885 d:- ref:0 ;
in:3158 out:3159 type:b dur:2 cpbdur:2 q:35.10 aq:34.37 tex:1863 mv:1597 misc:812 imb:7 pmb:158 smb:1875 d:- ref:0 ;
in:3163 out:3160 type:P dur:2 cpbdur:2 q:35.11 aq:29.94 tex:46365 mv:8613 misc:1214 imb:208 pmb:776 smb:1056 d:- ref:0 ;
in:3161 out:3161 type:B dur:2 cpbdur:2 q:35.11 aq:32.44 tex:5156 mv:4313 misc:1315 imb:16 pmb:382 smb:1642 d:- ref:0 ;
in:3160 out:3162 type:b dur:2 cpbdur:2 q:35.11 aq:33.99 tex:1575 mv:1374 misc:731 imb:8 pmb:131 smb:1901 d:- ref:0 ;
in:3162 out:3163 type:b dur:2 cpbdur:2 q:35.11 aq:34.68 tex:1553 mv:1188 misc:691 imb:8 pmb:115 smb:1917 d:- ref:0 ;
in:3167 out:3164 type:P dur:2 cpbdur:2 q:35.09 aq:30.21 tex:43106 mv:8303 misc:1111 imb:150 pmb:805 smb:1085 d:- ref:0 ;
in:3165 out:3165 type:B dur:2 cpbdur:2 q:35.10 aq:34.10 tex:5519 mv:4696 misc:1305 imb:10 pmb:408 smb:1622 d:- ref:0 ;
in:3164 out:3166 type:b dur:2 cpbdur:2 q:35.10 aq:30.62 tex:1391 mv:1294 misc:747 imb:5 pmb:133 smb:1902 d:- ref:0 ;
in:3166 out:3167 type:b dur:2 cpbdur:2 q:35.09 aq:29.72 tex:1498 mv:1418 misc:812 imb:9 pmb:152 smb:1879 d:- ref:0 ;
in:3171 out:3168 type:P dur:2 cpbdur:2 q:35.07 aq:29.81 tex:44258 mv:8379 misc:1179 imb:181 pmb:774 smb:1085 d:- ref:0 ;
in:3169 out:3169 type:B dur:2 cpbdur:2 q:35.08 aq:32.64 tex:4794 mv:4378 misc:1324 imb:20 pmb:367 smb:1653 d:- ref:0 ;
in:3168 out:3170 type:b dur:2 cpbdur:2 q:35.09 aq:31.80 tex:1106 mv:1209 misc:645 imb:9 pmb:110 smb:1921 d:- ref:0 ;
in:3170 out:3171 type:b dur:2 cpbdur:2 q:35.08 aq:33.62 tex:771 mv:1065 misc:636 imb:1 pmb:107 smb:1932 d:- ref:0 ;
in:3175 out:3172 type:P dur:2 cpbdur:2 q:35.06 aq:29.68 tex:43589 mv:8735 misc:1284 imb:203 pmb:784 smb:1053 d:- ref:0 ;
in:3173 out:3173 type:B dur:2 cpbdur:2 q:35.07 aq:31.70 tex:5312 mv:4880 misc:1392 imb:20 pmb:404 smb:1616 d:- ref:0 ;
in:3172 out:3174 type:b dur:2 cpbdur:2 q:35.07 aq:32.25 tex:1214 mv:1121 misc:689 imb:2 pmb:118 smb:1920 d:- ref:0 ;
in:3174 out:3175 type:b dur:2 cpbdur:2 q:35.06 aq:31.81 tex:951 mv:1199 misc:714 imb:3 pmb:126 smb:1911 d:- ref:0 ;
in:3179 out:3176 type:P dur:2 cpbdur:2 q:35.04 aq:29.23 tex:44500 mv:8620 misc:1288 imb:192 pmb:793 smb:1055 d:- ref:0 ;
in:3177 out:3177 type:B dur:2 cpbdur:2 q:35.05 aq:32.36 tex:4289 mv:4764 misc:1379 imb:20 pmb:394 smb:1626 d:- ref:0 ;
in:3176 out:3178 type:b dur:2 cpbdur:2 q:35.06 aq:31.66 tex:1120 mv:1357 misc:779 imb:8 pmb:132 smb:1900 d:- ref:0 ;
in:3178 out:3179 type:b dur:2 cpbdur:2 q:35.05 aq:29.25 tex:1028 mv:1187 misc:729 imb:4 pmb:119 smb:1917 d:- ref:0 ;
in:3183 out:3180 type:P dur:2 cpbdur:2 q:35.03 aq:30.27 tex:45735 mv:8524 misc:1229 imb:173 pmb:796 smb:1071 d:- ref:0 ;
in:3181 out:3181 type:B dur:2 cpbdur:2 q:35.04 aq:33.43 tex:5104 mv:5236 misc:1388 imb:16 pmb:431 smb:1593 d:- ref:0 ;
in:3180 out:3182 type:b dur:2 cpbdur:2 q:35.04 aq:33.55 tex:1088 mv:1532 misc:772 imb:3 pmb:149 smb:1888 d:- ref:0 ;
in:3182 out:3183 type:b dur:2 cpbdur:2 q:35.03 aq:31.49 tex:1189 mv:1640 misc:843 imb:10 pmb:152 smb:1878 d:- ref:0 ;
in:3187 out:3184 type:P dur:2 cpbdur:2 q:35.01 aq:29.57 tex:46384 mv:8889 misc:1215 imb:197 pmb:813 smb:1030 d:- ref:0 ;
in:3185 out:3185 type:B dur:2 cpbdur:2 q:35.02 aq:33.25 tex:4764 mv:5018 misc:1394 imb:11 pmb:417 smb:1612 d:- ref:0 ;
in:3184 out:3186 type:b dur:2 cpbdur:2 q:35.02 aq:31.26 tex:1254 mv:1497 misc:769 imb:6 pmb:135 smb:1899 d:- ref:0 ;
in:3186 out:3187 type:b dur:2 cpbdur:2 q:35.02 aq:35.92 tex:730 mv:1410 misc:772 imb:3 pmb:138 smb:1899 d:- ref:0 ;
in:3191 out:3188 type:P dur:2 cpbdur:2 q:35.00 aq:29.26 tex:46017 mv:8762 misc:1245 imb:191 pmb:810 smb:1039 d:- ref:0 ;
in:3189 out:3189 type:B dur:2 cpbdur:2 q:35.01 aq:33.04 tex:3736 mv:5046 misc:1370 imb:11 pmb:411 smb:1618 d:- ref:0 ;
in:3188 out:3190 type:b dur:2 cpbdur:2 q:35.01 aq:32.26 tex:563 mv:1608 misc:797 imb:4 pmb:144 smb:1892 d:- ref:0 ;
in:3190 out:3191 type:b dur:2 cpbdur:2 q:35.00 aq:32.01 tex:1185 mv:1629 misc:810 imb:11 pmb:141 smb:1888 d:- ref:0 ;
in:3195 out:3192 type:P dur:2 cpbdur:2 q:34.99 aq:28.66 tex:45411 mv:8800 misc:1237 imb:225 pmb:797 smb:1018 d:- ref:0 ;
in:3193 out:3193 type:B dur:2 cpbdur:2 q:35.00 aq:32.37 tex:4562 mv:5506 misc:1484 imb:33 pmb:419 smb:1588 d:- ref:0 ;
in:3192 out:3194 type:b dur:2 cpbdur:2 q:35.00 aq:33.95 tex:566 mv:1773 misc:797 imb:4 pmb:151 smb:1885 d:- ref:0 ;
in:3194 out:3195 type:b dur:2 cpbdur:2 q:34.99 aq:33.41 tex:788 mv:1684 misc:792 imb:4 pmb:150 smb:1886 d:- ref:0 ;
in:3199 out:3196 type:P dur:2 cpbdur:2 q:34.98 aq:29.14 tex:46155 mv:8972 misc:1217 imb:167 pmb:822 smb:1051 d:- ref:0 ;
in:3197 out:3197 type:B dur:2 cpbdur:2 q:34.98 aq:32.33 tex:4924 mv:5498 misc:1386 imb:22 pmb:441 smb:1577 d:- ref:0 ;
in:3196 out:3198 type:b dur:2 cpbdur:2 q:34.99 aq:33.40 tex:590 mv:1747 misc:831 imb:8 pmb:146 smb:1886 d:- ref:0 ;
in:3198 out:3199 type:b dur:2 cpbdur:2 q:34.98 aq:33.50 tex:964 mv:1862 misc:838 imb:4 pmb:162 smb:1874 d:- ref:0 ;
in:3203 out:3200 type:P dur:2 cpbdur:2 q:34.96 aq:28.70 tex:45748 mv:9094 misc:1230 imb:170 pmb:826 smb:1044 d:- ref:0 ;
in:3201 out:3201 type:B dur:2 cpbdur:2 q:34.97 aq:31.95 tex:4446 mv:5460 misc:1422 imb:16 pmb:425 smb:1599 d:- ref:0 ;
in:3200 out:3202 type:b dur:2 cpbdur:2 q:34.97 aq:32.50 tex:920 mv:1790 misc:842 imb:8 pmb:156 smb:1876 d:- ref:0 ;
in:3202 out:3203 type:b dur:2 cpbdur:2 q:34.97 aq:32.76 tex:1173 mv:2222 misc:989 imb:5 pmb:204 smb:1831 d:- ref:0 ;
in:3207 out:3204 type:P dur:2 cpbdur:2 q:34.95 aq:29.01 tex:48763 mv:9212 misc:1185 imb:201 pmb:835 smb:1004 d:- ref:0 ;
in:3205 out:3205 type:B dur:2 cpbdur:2 q:34.96 aq:33.02 tex:4646 mv:4883 misc:1311 imb:13 pmb:386 smb:1641 d:- ref:0 ;
in:3204 out:3206 type:b dur:2 cpbdur:2 q:34.96 aq:31.93 tex:871 mv:1946 misc:887 imb:4 pmb:178 smb:1858 d:- ref:0 ;
in:3206 out:3207 type:b dur:2 cpbdur:2 q:34.95 aq:29.90 tex:634 mv:2007 misc:887 imb:4 pmb:173 smb:1863 d:- ref:0 ;
in:3211 out:3208 type:P dur:2 cpbdur:2 q:34.94 aq:29.00 tex:45749 mv:9050 misc:1201 imb:165 pmb:851 smb:1024 d:- ref:0 ;
in:3209 out:3209 type:B dur:2 cpbdur:2 q:34.95 aq:33.21 tex:5164 mv:5278 misc:1406 imb:19 pmb:419 smb:1602 d:- ref:0 ;
in:3208 out:3210 type:b dur:2 cpbdur:2 q:34.95 aq:31.46 tex:743 mv:1851 misc:854 imb:3 pmb:174 smb:1863 d:- ref:0 ;
in:3210 out:3211 type:b dur:2 cpbdur:2 q:34.94 aq:32.41 tex:637 mv:1954 misc:873 imb:5 pmb:179 smb:1856 d:- ref:0 ;
in:3215 out:3212 type:P dur:2 cpbdur:2 q:34.93 aq:29.14 tex:47327 mv:8703 misc:1202 imb:168 pmb:828 smb:1044 d:- ref:0 ;
in:3213 out:3213 type:B dur:2 cpbdur:2 q:34.93 aq:34.05 tex:4419 mv:4917 misc:1360 imb:15 pmb:396 smb:1629 d:- ref:0 ;
in:3212 out:3214 type:b dur:2 cpbdur:2 q:34.94 aq:34.61 tex:761 mv:1954 misc:853 imb:4 pmb:168 smb:1868 d:- ref:0 ;
in:3214 out:3215 type:b dur:2 cpbdur:2 q:34.93 aq:28.58 tex:778 mv:1714 misc:844 imb:4 pmb:160 smb:1876 d:- ref:0 ;
in:3219 out:3216 type:P dur:2 cpbdur:2 q:34.92 aq:28.90 tex:47258 mv:8693 misc:1169 imb:138 pmb:860 smb:1042 d:- ref:0 ;
in:3217 out:3217 type:B dur:2 cpbdur:2 q:34.92 aq:32.06 tex:3302 mv:4851 misc:1439 imb:32 pmb:366 smb:1642 d:- ref:0 ;
in:3216 out:3218 type:b dur:2 cpbdur:2 q:34.93 aq:31.79 tex:959 mv:1923 misc:846 imb:6 pmb:174 smb:1860 d:- ref:0 ;
in:3218 out:3219 type:b dur:2 cpbdur:2 q:34.92 aq:34.54 tex:666 mv:1760 misc:830 imb:3 pmb:158 smb:1879 d:- ref:0 ;
in:3223 out:3220 type:P dur:2 cpbdur:2 q:34.90 aq:28.85 tex:49676 mv:8758 misc:1278 imb:197 pmb:827 smb:1016 d:- ref:0 ;
in:3221 out:3221 type:B dur:2 cpbdur:2 q:34.91 aq:32.37 tex:3793 mv:4713 misc:1342 imb:22 pmb:357 smb:1661 d:- ref:0 ;
in:3220 out:3222 type:b dur:2 cpbdur:2 q:34.91 aq:32.65 tex:928 mv:1665 misc:823 imb:3 pmb:151 smb:1886 d:- ref:0 ;
in:3222 out:3223 type:b dur:2 cpbdur:2 q:34.91 aq:30.88 tex:976 mv:1620 misc:828 imb:8 pmb:153 smb:1879 d:- ref:0 ;
in:3227 out:3224 type:P dur:2 cpbdur:2 q:34.89 aq:28.79 tex:48081 mv:8933 misc:1314 imb:196 pmb:868 smb:976 d:- ref:0 ;
in:3225 out:3225 type:B dur:2 cpbdur:2 q:34.90 aq:31.95 tex:3892 mv:4674 misc:1394 imb:23 pmb:382 smb:1635 d:- ref:0 ;
in:3224 out:3226 type:b dur:2 cpbdur:2 q:34.90 aq:34.35 tex:1244 mv:1705 misc:819 imb:9 pmb:152 smb:1879 d:- ref:0 ;
in:3226 out:3227 type:b dur:2 cpbdur:2 q:34.90 aq:30.97 tex:1170 mv:1770 misc:836 imb:11 pmb:158 smb:1871 d:- ref:0 ;
in:3231 out:3228 type:P dur:2 cpbdur:2 q:34.88 aq:29.46 tex:48171 mv:8374 misc:1239 imb:152 pmb:862 smb:1026 d:- ref:0 ;
in:3229 out:3229 type:B dur:2 cpbdur:2 q:34.89 aq:31.62 tex:3580 mv:4175 misc:1309 imb:21 pmb:358 smb:1661 d:- ref:0 ;
in:3228 out:3230 type:b dur:2 cpbdur:2 q:34.89 aq:33.06 tex:726 mv:1600 misc:770 imb:3 pmb:140 smb:1897 d:- ref:0 ;
in:3230 out:3231 type:b dur:2 cpbdur:2 q:34.88 aq:33.44 tex:835 mv:1785 misc:836 imb:8 pmb:152 smb:1880 d:- ref:0 ;
in:3235 out:3232 type:P dur:2 cpbdur:2 q:34.87 aq:29.28 tex:47842 mv:8287 misc:1295 imb:151 pmb:842 smb:1047 d:- ref:0 ;
in:3233 out:3233 type:B dur:2 cpbdur:2 q:34.87 aq:30.63 tex:3174 mv:3944 misc:1322 imb:21 pmb:333 smb:1686 d:- ref:0 ;
in:3232 out:3234 type:b dur:2 cpbdur:2 q:34.88 aq:32.90 tex:941 mv:1737 misc:786 imb:7 pmb:150 smb:1883 d:- ref:0 ;
in:3234 out:3235 type:b dur:2 cpbdur:2 q:34.87 aq:32.44 tex:1050 mv:1467 misc:795 imb:12 pmb:141 smb:1887 d:- ref:0 ;
in:3239 out:3236 type:P dur:2 cpbdur:2 q:34.86 aq:28.69 tex:46165 mv:8238 misc:1285 imb:191 pmb:798 smb:1051 d:- ref:0 ;
in:3237 out:3237 type:B dur:2 cpbdur:2 q:34.86 aq:32.10 tex:2615 mv:3589 misc:1220 imb:15 pmb:282 smb:1743 d:- ref:0 ;
in:3236 out:3238 type:b dur:2 cpbdur:2 q:34.87 aq:32.77 tex:896 mv:1420 misc:700 imb:7 pmb:123 smb:1910 d:- ref:0 ;
in:3238 out:3239 type:b dur:2 cpbdur:2 q:34.86 aq:31.85 tex:697 mv:1344 misc:703 imb:5 pmb:121 smb:1914 d:- ref:0 ;
in:3243 out:3240 type:P dur:2 cpbdur:2 q:34.84 aq:28.65 tex:47019 mv:7821 misc:1264 imb:150 pmb:842 smb:1048 d:- ref:0 ;
in:3241 out:3241 type:B dur:2 cpbdur:2 q:34.85 aq:30.31 tex:2156 mv:3675 misc:1305 imb:18 pmb:310 smb:1712 d:- ref:0 ;
in:3240 out:3242 type:b dur:2 cpbdur:2 q:34.85 aq:33.11 tex:633 mv:1101 misc:602 imb:2 pmb:106 smb:1932 d:- ref:0 ;
in:3242 out:3243 type:b dur:2 cpbdur:2 q:34.85 aq:33.15 tex:397 mv:985 misc:602 imb:4 pmb:85 smb:1951 d:- ref:0 ;
in:3247 out:3244 type:P dur:2 cpbdur:2 q:34.83 aq:28.03 tex:53152 mv:8127 misc:1233 imb:197 pmb:829 smb:1014 d:- ref:0 ;
in:3245 out:3245 type:B dur:2 cpbdur:2 q:34.83 aq:30.93 tex:2825 mv:3255 misc:1200 imb:14 pmb:290 smb:1736 d:- ref:0 ;
in:3244 out:3246 type:b dur:2 cpbdur:2 q:34.84 aq:31.11 tex:395 mv:885 misc:560 imb:4 pmb:86 smb:1950 d:- ref:0 ;
in:3246 out:3247 type:b dur:2 cpbdur:2 q:34.83 aq:32.66 tex:519 mv:822 misc:531 imb:7 pmb:73 smb:1960 d:- ref:0 ;
in:3251 out:3248 type:P dur:2 cpbdur:2 q:34.81 aq:28.10 tex:50227 mv:8177 misc:1276 imb:221 pmb:846 smb:973 d:- ref:0 ;
in:3249 out:3249 type:B dur:2 cpbdur:2 q:34.82 aq:31.20 tex:1836 mv:3237 misc:1247 imb:14 pmb:300 smb:1726 d:- ref:0 ;
in:3248 out:3250 type:b dur:2 cpbdur:2 q:34.82 aq:31.86 tex:695 mv:606 misc:483 imb:4 pmb:62 smb:1974 d:- ref:0 ;
in:3250 out:3251 type:b dur:2 cpbdur:2 q:34.81 aq:30.89 tex:412 mv:560 misc:476 imb:1 pmb:67 smb:1972 d:- ref:0 ;
in:3255 out:3252 type:P dur:2 cpbdur:2 q:34.80 aq:28.47 tex:43292 mv:7320 misc:1292 imb:112 pmb:848 smb:1080 d:- ref:0 ;
in:3253 out:3253 type:B dur:2 cpbdur:2 q:34.80 aq:28.36 tex:1153 mv:2607 misc:1136 imb:13 pmb:228 smb:1799 d:- ref:0 ;
in:3252 out:3254 type:b dur:2 cpbdur:2 q:34.81 aq:28.77 tex:340 mv:497 misc:411 imb:4 pmb:52 smb:1984 d:- ref:0 ;
in:3254 out:3255 type:b dur:2 cpbdur:2 q:34.80 aq:31.17 tex:378 mv:532 misc:426 imb:4 pmb:57 smb:1979 d:- ref:0 ;
in:3259 out:3256 type:P dur:2 cpbdur:2 q:34.78 aq:28.72 tex:44016 mv:7039 misc:1225 imb:106 pmb:837 smb:1097 d:- ref:0 ;
in:3257 out:3257 type:B dur:2 cpbdur:2 q:34.79 aq:31.38 tex:1748 mv:1982 misc:942 imb:14 pmb:172 smb:1854 d:- ref:0 ;
in:3256 out:3258 type:b dur:2 cpbdur:2 q:34.79 aq:28.79 tex:245 mv:367 misc:348 imb:6 pmb:37 smb:1997 d:- ref:0 ;
in:3258 out:3259 type:b dur:2 cpbdur:2 q:34.78 aq:29.26 tex:195 mv:370 misc:371 imb:4 pmb:40 smb:1996 d:- ref:0 ;
in:3263 out:3260 type:P dur:2 cpbdur:2 q:34.76 aq:28.50 tex:38915 mv:6444 misc:1289 imb:80 pmb:803 smb:1157 d:- ref:0 ;
in:3261 out:3261 type:B dur:2 cpbdur:2 q:34.77 aq:29.97 tex:1182 mv:1460 misc:798 imb:8 pmb:134 smb:1898 d:- ref:0 ;
in:3260 out:3262 type:b dur:2 cpbdur:2 q:34.77 aq:30.96 tex:222 mv:479 misc:371 imb:6 pmb:46 smb:1988 d:- ref:0 ;
in:3262 out:3263 type:b dur:2 cpbdur:2 q:34.76 aq:30.53 tex:429 mv:344 misc:379 imb:4 pmb:41 smb:1995 d:- ref:0 ;
in:3267 out:3264 type:P dur:2 cpbdur:2 q:34.73 aq:28.48 tex:35956 mv:6131 misc:1321 imb:65 pmb:779 smb:1196 d:- ref:0 ;
in:3265 out:3265 type:B dur:2 cpbdur:2 q:34.74 aq:29.08 tex:1835 mv:1404 misc:897 imb:22 pmb:133 smb:1885 d:- ref:0 ;
in:3264 out:3266 type:b dur:2 cpbdur:2 q:34.75 aq:31.82 tex:299 mv:472 misc:405 imb:2 pmb:62 smb:1976 d:- ref:0 ;
in:3266 out:3267 type:b dur:2 cpbdur:2 q:34.74 aq:29.88 tex:206 mv:278 misc:284 imb:1 pmb:21 smb:2018 d:- ref:0 ;
in:3271 out:3268 type:P dur:2 cpbdur:2 q:34.70 aq:29.05 tex:63427 mv:5922 misc:1227 imb:92 pmb:771 smb:1177 d:- ref:0 ;
in:3269 out:3269 type:B dur:2 cpbdur:2 q:34.72 aq:30.89 tex:1308 mv:1539 misc:777 imb:6 pmb:154 smb:1880 d:- ref:0 ;
in:3268 out:3270 type:b dur:2 cpbdur:2 q:34.73 aq:30.86 tex:338 mv:365 misc:417 imb:3 pmb:50 smb:1987 d:- ref:0 ;
in:3270 out:3271 type:b dur:2 cpbdur:2 q:34.71 aq:30.83 tex:1233 mv:305 misc:390 imb:0 pmb:66 smb:1974 d:- ref:0 ;
in:3273 out:3272 type:P dur:2 cpbdur:2 q:34.69 aq:28.36 tex:53121 mv:4862 misc:1505 imb:52 pmb:755 smb:1233 d:- ref:0 ;
in:3272 out:3273 type:b dur:2 cpbdur:2 q:34.69 aq:33.03 tex:382 mv:466 misc:384 imb:2 pmb:50 smb:1988 d:- ref:0 ;
in:3277 out:3274 type:P dur:2 cpbdur:2 q:34.70 aq:27.87 tex:46437 mv:6736 misc:1363 imb:158 pmb:808 smb:1074 d:- ref:0 ;
in:3275 out:3275 type:B dur:2 cpbdur:2 q:34.69 aq:31.85 tex:1128 mv:1093 misc:691 imb:3 pmb:106 smb:1931 d:- ref:0 ;
in:3274 out:3276 type:b dur:2 cpbdur:2 q:34.69 aq:25.31 tex:363 mv:326 misc:343 imb:2 pmb:29 smb:2009 d:- ref:0 ;
in:3276 out:3277 type:b dur:2 cpbdur:2 q:34.69 aq:33.24 tex:350 mv:356 misc:422 imb:0 pmb:53 smb:1987 d:- ref:0 ;
in:3281 out:3278 type:P dur:2 cpbdur:2 q:34.67 aq:28.09 tex:40452 mv:6183 misc:1341 imb:70 pmb:846 smb:1124 d:- ref:0 ;
in:3279 out:3279 type:B dur:2 cpbdur:2 q:34.69 aq:29.08 tex:914 mv:1106 misc:684 imb:2 pmb:104 smb:1934 d:- ref:0 ;
in:3278 out:3280 type:b dur:2 cpbdur:2 q:34.69 aq:33.65 tex:409 mv:340 misc:339 imb:2 pmb:42 smb:1996 d:- ref:0 ;
in:3280 out:3281 type:b dur:2 cpbdur:2 q:34.68 aq:33.21 tex:401 mv:387 misc:356 imb:5 pmb:35 smb:2000 d:- ref:0 ;
in:3285 out:3282 type:P dur:2 cpbdur:2 q:34.65 aq:28.59 tex:38548 mv:6029 misc:1327 imb:66 pmb:818 smb:1156 d:- ref:0 ;
in:3283 out:3283 type:B dur:2 cpbdur:2 q:34.66 aq:30.37 tex:833 mv:1098 misc:693 imb:4 pmb:111 smb:1925 d:- ref:0 ;
in:3282 out:3284 type:b dur:2 cpbdur:2 q:34.67 aq:30.48 tex:121 mv:464 misc:383 imb:4 pmb:44 smb:1992 d:- ref:0 ;
in:3284 out:3285 type:b dur:2 cpbdur:2 q:34.66 aq:35.57 tex:251 mv:329 misc:404 imb:0 pmb:59 smb:1981 d:- ref:0 ;
in:3289 out:3286 type:P dur:2 cpbdur:2 q:34.62 aq:28.31 tex:38309 mv:6155 misc:1376 imb:61 pmb:853 smb:1126 d:- ref:0 ;
in:3287 out:3287 type:B dur:2 cpbdur:2 q:34.64 aq:31.94 tex:926 mv:902 misc:620 imb:2 pmb:94 smb:1944 d:- ref:0 ;
in:3286 out:3288 type:b dur:2 cpbdur:2 q:34.64 aq:28.59 tex:259 mv:256 misc:293 imb:1 pmb:23 smb:2016 d:- ref:0 ;
in:3288 out:3289 type:b dur:2 cpbdur:2 q:34.63 aq:32.20 tex:199 mv:331 misc:326 imb:1 pmb:37 smb:2002 d:- ref:0 ;
in:3293 out:3290 type:P dur:2 cpbdur:2 q:34.59 aq:28.37 tex:34677 mv:5820 misc:1415 imb:59 pmb:792 smb:1189 d:- ref:0 ;
in:3291 out:3291 type:B dur:2 cpbdur:2 q:34.61 aq:30.76 tex:1064 mv:1257 misc:687 imb:9 pmb:103 smb:1928 d:- ref:0 ;
in:3290 out:3292 type:b dur:2 cpbdur:2 q:34.62 aq:26.73 tex:309 mv:364 misc:391 imb:1 pmb:50 smb:1989 d:- ref:0 ;
in:3292 out:3293 type:b dur:2 cpbdur:2 q:34.60 aq:31.90 tex:160 mv:272 misc:320 imb:0 pmb:25 smb:2015 d:- ref:0 ;
in:3297 out:3294 type:P dur:2 cpbdur:2 q:34.56 aq:28.72 tex:35817 mv:5958 misc:1417 imb:73 pmb:804 smb:1163 d:- ref:0 ;
in:3295 out:3295 type:B dur:2 cpbdur:2 q:34.58 aq:31.92 tex:814 mv:1229 misc:749 imb:7 pmb:122 smb:1911 d:- ref:0 ;
in:3294 out:3296 type:b dur:2 cpbdur:2 q:34.59 aq:30.49 tex:270 mv:531 misc:431 imb:5 pmb:56 smb:1979 d:- ref:0 ;
in:3296 out:3297 type:b dur:2 cpbdur:2 q:34.57 aq:29.32 tex:200 mv:480 misc:392 imb:5 pmb:40 smb:1995 d:- ref:0 ;
in:3300 out:3298 type:P dur:2 cpbdur:2 q:34.53 aq:27.95 tex:35604 mv:5672 misc:1540 imb:76 pmb:833 smb:1131 d:- ref:0 ;
in:3298 out:3299 type:B dur:2 cpbdur:2 q:34.55 aq:28.92 tex:562 mv:889 misc:573 imb:5 pmb:81 smb:1954 d:- ref:0 ;
in:3299 out:3300 type:b dur:2 cpbdur:2 q:34.54 aq:32.45 tex:410 mv:668 misc:458 imb:4 pmb:67 smb:1969 d:- ref:0 ;
in:3304 out:3301 type:P dur:2 cpbdur:2 q:34.52 aq:28.15 tex:36931 mv:6242 misc:1411 imb:100 pmb:842 smb:1098 d:- ref:0 ;
in:3302 out:3302 type:B dur:2 cpbdur:2 q:34.52 aq:33.40 tex:871 mv:1340 misc:765 imb:2 pmb:141 smb:1897 d:- ref:0 ;
in:3301 out:3303 type:b dur:2 cpbdur:2 q:34.53 aq:32.70 tex:253 mv:571 misc:400 imb:3 pmb:46 smb:1991 d:- ref:0 ;
in:3303 out:3304 type:b dur:2 cpbdur:2 q:34.52 aq:24.76 tex:195 mv:664 misc:429 imb:4 pmb:57 smb:1979 d:- ref:0 ;
in:3308 out:3305 type:P dur:2 cpbdur:2 q:34.49 aq:28.33 tex:34597 mv:6127 misc:1436 imb:107 pmb:800 smb:1133 d:- ref:0 ;
in:3306 out:3306 type:B dur:2 cpbdur:2 q:34.50 aq:31.72 tex:1599 mv:1895 misc:842 imb:8 pmb:172 smb:1860 d:- ref:0 ;
in:3305 out:3307 type:b dur:2 cpbdur:2 q:34.51 aq:33.32 tex:451 mv:651 misc:426 imb:1 pmb:65 smb:1974 d:- ref:0 ;
in:3307 out:3308 type:b dur:2 cpbdur:2 q:34.50 aq:35.23 tex:355 mv:772 misc:401 imb:1 pmb:60 smb:1979 d:- ref:0 ;
in:3312 out:3309 type:P dur:2 cpbdur:2 q:34.46 aq:28.03 tex:37630 mv:7257 misc:1473 imb:194 pmb:855 smb:991 d:- ref:0 ;
in:3310 out:3310 type:B dur:2 cpbdur:2 q:34.47 aq:31.07 tex:1893 mv:2217 misc:970 imb:9 pmb:194 smb:1837 d:- ref:0 ;
in:3309 out:3311 type:b dur:2 cpbdur:2 q:34.48 aq:33.12 tex:603 mv:847 misc:486 imb:3 pmb:78 smb:1959 d:- ref:0 ;
in:3311 out:3312 type:b dur:2 cpbdur:2 q:34.47 aq:28.70 tex:558 mv:1033 misc:561 imb:3 pmb:101 smb:1936 d:- ref:0 ;
in:3316 out:3313 type:P dur:2 cpbdur:2 q:34.43 aq:28.61 tex:40146 mv:7457 misc:1445 imb:143 pmb:861 smb:1036 d:- ref:0 ;
in:3314 out:3314 type:B dur:2 cpbdur:2 q:34.45 aq:31.91 tex:1752 mv:2707 misc:1077 imb:18 pmb:233 smb:1789 d:- ref:0 ;
in:3313 out:3315 type:b dur:2 cpbdur:2 q:34.45 aq:34.74 tex:584 mv:952 misc:536 imb:4 pmb:81 smb:1955 d:- ref:0 ;
in:3315 out:3316 type:b dur:2 cpbdur:2 q:34.44 aq:33.88 tex:562 mv:1223 misc:599 imb:2 pmb:109 smb:1929 d:- ref:0 ;
in:3320 out:3317 type:P dur:2 cpbdur:2 q:34.40 aq:28.56 tex:42533 mv:8327 misc:1428 imb:210 pmb:892 smb:938 d:- ref:0 ;
in:3318 out:3318 type:B dur:2 cpbdur:2 q:34.42 aq:30.23 tex:2309 mv:3406 misc:1125 imb:27 pmb:256 smb:1757 d:- ref:0 ;
in:3317 out:3319 type:b dur:2 cpbdur:2 q:34.42 aq:31.22 tex:788 mv:1257 misc:603 imb:3 pmb:114 smb:1923 d:- ref:0 ;
in:3319 out:3320 type:b dur:2 cpbdur:2 q:34.41 aq:31.94 tex:929 mv:1625 misc:662 imb:21 pmb:115 smb:1904 d:- ref:0 ;
in:3324 out:3321 type:P dur:2 cpbdur:2 q:34.38 aq:29.12 tex:45715 mv:8443 misc:1418 imb:249 pmb:851 smb:940 d:- ref:0 ;
in:3322 out:3322 type:B dur:2 cpbdur:2 q:34.39 aq:30.48 tex:3456 mv:4210 misc:1214 imb:51 pmb:310 smb:1679 d:- ref:0 ;
in:3321 out:3323 type:b dur:2 cpbdur:2 q:34.40 aq:30.79 tex:977 mv:1617 misc:630 imb:9 pmb:120 smb:1911 d:- ref:0 ;
in:3323 out:3324 type:b dur:2 cpbdur:2 q:34.39 aq:33.81 tex:1305 mv:1861 misc:682 imb:24 pmb:142 smb:1874 d:- ref:0 ;
in:3328 out:3325 type:P dur:2 cpbdur:2 q:34.37 aq:28.89 tex:54955 mv:9526 misc:1335 imb:368 pmb:866 smb:806 d:- ref:0 ;
in:3326 out:3326 type:B dur:2 cpbdur:2 q:34.37 aq:31.03 tex:6944 mv:4562 misc:1294 imb:51 pmb:347 smb:1642 d:- ref:0 ;
in:3325 out:3327 type:b dur:2 cpbdur:2 q:34.38 aq:28.70 tex:3303 mv:2065 misc:720 imb:32 pmb:153 smb:1855 d:- ref:0 ;
in:3327 out:3328 type:b dur:2 cpbdur:2 q:34.37 aq:30.69 tex:2948 mv:2407 misc:789 imb:36 pmb:176 smb:1828 d:- ref:0 ;
in:3332 out:3329 type:P dur:2 cpbdur:2 q:34.36 aq:29.28 tex:53422 mv:9758 misc:1412 imb:341 pmb:858 smb:841 d:- ref:0 ;
in:3330 out:3330 type:B dur:2 cpbdur:2 q:34.36 aq:31.88 tex:7320 mv:5248 misc:1312 imb:75 pmb:371 smb:1594 d:- ref:0 ;
in:3329 out:3331 type:b dur:2 cpbdur:2 q:34.36 aq:30.51 tex:3063 mv:2597 misc:740 imb:28 pmb:173 smb:1839 d:- ref:0 ;
in:3331 out:3332 type:b dur:2 cpbdur:2 q:34.36 aq:30.41 tex:3444 mv:3304 misc:788 imb:26 pmb:210 smb:1804 d:- ref:0 ;
in:3336 out:3333 type:P dur:2 cpbdur:2 q:34.35 aq:29.42 tex:59785 mv:11699 misc:1364 imb:439 pmb:922 smb:679 d:- ref:0 ;
in:3334 out:3334 type:B dur:2 cpbdur:2 q:34.35 aq:30.68 tex:9810 mv:6962 misc:1324 imb:79 pmb:443 smb:1518 d:- ref:0 ;
in:3333 out:3335 type:b dur:2 cpbdur:2 q:34.35 aq:31.30 tex:4005 mv:3566 misc:789 imb:27 pmb:232 smb:1781 d:- ref:0 ;
in:3335 out:3336 type:b dur:2 cpbdur:2 q:34.35 aq:32.65 tex:5317 mv:4100 misc:751 imb:51 pmb:251 smb:1738 d:- ref:0 ;
in:3340 out:3337 type:P dur:2 cpbdur:2 q:34.36 aq:30.11 tex:68166 mv:12323 misc:1303 imb:405 pmb:908 smb:727 d:- ref:0 ;
in:3338 out:3338 type:B dur:2 cpbdur:2 q:34.35 aq:32.10 tex:13931 mv:6908 misc:1193 imb:57 pmb:499 smb:1484 d:- ref:0 ;
in:3337 out:3339 type:b dur:2 cpbdur:2 q:34.35 aq:33.82 tex:6372 mv:4973 misc:911 imb:28 pmb:327 smb:1685 d:- ref:0 ;
in:3339 out:3340 type:b dur:2 cpbdur:2 q:34.36 aq:32.64 tex:5770 mv:4346 misc:796 imb:31 pmb:263 smb:1746 d:- ref:0 ;
in:3344 out:3341 type:P dur:2 cpbdur:2 q:34.37 aq:28.96 tex:72823 mv:11766 misc:1299 imb:424 pmb:876 smb:740 d:- ref:0 ;
in:3342 out:3342 type:B dur:2 cpbdur:2 q:34.37 aq:30.55 tex:13675 mv:8250 misc:1275 imb:48 pmb:574 smb:1418 d:- ref:0 ;
in:3341 out:3343 type:b dur:2 cpbdur:2 q:34.36 aq:31.86 tex:5684 mv:4744 misc:876 imb:19 pmb:326 smb:1695 d:- ref:0 ;
in:3343 out:3344 type:b dur:2 cpbdur:2 q:34.37 aq:33.61 tex:5763 mv:4815 misc:918 imb:16 pmb:343 smb:1681 d:- ref:0 ;
in:3345 out:3345 type:P dur:2 cpbdur:2 q:34.40 aq:32.67 tex:11048 mv:5083 misc:1285 imb:87 pmb:445 smb:1508 d:- ref:0 ;
in:3346 out:3346 type:I dur:2 cpbdur:2 q:31.50 aq:26.25 tex:219386 mv:45577 misc:501 imb:2040 pmb:0 smb:0 d:- ref:;
in:3350 out:3347 type:P dur:2 cpbdur:2 q:34.56 aq:30.48 tex:68051 mv:9923 misc:1266 imb:319 pmb:792 smb:929 d:- ref:0 ;
in:3348 out:3348 type:B dur:2 cpbdur:2 q:34.56 aq:34.14 tex:11541 mv:7036 misc:1143 imb:36 pmb:517 smb:1487 d:- ref:0 ;
in:3347 out:3349 type:b dur:2 cpbdur:2 q:34.56 aq:37.30 tex:5617 mv:4147 misc:812 imb:7 pmb:292 smb:1741 d:- ref:0 ;
in:3349 out:3350 type:b dur:2 cpbdur:2 q:34.56 aq:30.00 tex:6050 mv:4417 misc:965 imb:18 pmb:359 smb:1663 d:- ref:0 ;
in:3354 out:3351 type:P dur:2 cpbdur:2 q:34.56 aq:30.80 tex:84941 mv:12121 misc:1058 imb:395 pmb:880 smb:765 d:- ref:0 ;
in:3352 out:3352 type:B dur:2 cpbdur:2 q:34.56 aq:33.67 tex:11929 mv:8696 misc:1423 imb:72 pmb:533 smb:1435 d:- ref:0 ;
in:3351 out:3353 type:b dur:2 cpbdur:2 q:34.56 aq:36.01 tex:5571 mv:4427 misc:962 imb:21 pmb:312 smb:1707 d:- ref:0 ;
in:3353 out:3354 type:b dur:2 cpbdur:2 q:34.56 aq:33.92 tex:2730 mv:4643 misc:971 imb:29 pmb:305 smb:1706 d:- ref:0 ;
in:3358 out:3355 type:P dur:2 cpbdur:2 q:34.58 aq:29.62 tex:77166 mv:12403 misc:975 imb:370 pmb:1003 smb:667 d:- ref:0 ;
in:3356 out:3356 type:B dur:2 cpbdur:2 q:34.57 aq:35.35 tex:6924 mv:7433 misc:1411 imb:21 pmb:567 smb:1452 d:- ref:0 ;
in:3355 out:3357 type:b dur:2 cpbdur:2 q:34.57 aq:35.12 tex:2038 mv:3693 misc:901 imb:9 pmb:257 smb:1774 d:- ref:0 ;
in:3357 out:3358 type:b dur:2 cpbdur:2 q:34.58 aq:33.01 tex:1485 mv:3099 misc:920 imb:3 pmb:248 smb:1789 d:- ref:0 ;
in:3362 out:3359 type:P dur:2 cpbdur:2 q:34.61 aq:30.77 tex:60305 mv:11081 misc:1238 imb:198 pmb:1026 smb:816 d:- ref:0 ;
in:3360 out:3360 type:B dur:2 cpbdur:2 q:34.60 aq:31.01 tex:4903 mv:6714 misc:1431 imb:37 pmb:464 smb:1539 d:- ref:0 ;
in:3359 out:3361 type:b dur:2 cpbdur:2 q:34.59 aq:32.94 tex:1070 mv:2723 misc:855 imb:4 pmb:208 smb:1828 d:- ref:0 ;
in:3361 out:3362 type:b dur:2 cpbdur:2 q:34.61 aq:36.62 tex:866 mv:2525 misc:809 imb:5 pmb:197 smb:1838 d:- ref:0 ;
in:3366 out:3363 type:P dur:2 cpbdur:2 q:34.63 aq:30.97 tex:59565 mv:11208 misc:1219 imb:202 pmb:1061 smb:777 d:- ref:0 ;
in:3364 out:3364 type:B dur:2 cpbdur:2 q:34.62 aq:33.69 tex:4009 mv:6155 misc:1412 imb:22 pmb:428 smb:1590 d:- ref:0 ;
in:3363 out:3365 type:b dur:2 cpbdur:2 q:34.62 aq:34.43 tex:989 mv:2201 misc:850 imb:8 pmb:175 smb:1857 d:- ref:0 ;
in:3365 out:3366 type:b dur:2 cpbdur:2 q:34.63 aq:33.69 tex:713 mv:2050 misc:869 imb:2 pmb:184 smb:1854 d:- ref:0 ;
in:3370 out:3367 type:P dur:2 cpbdur:2 q:34.63 aq:30.76 tex:61836 mv:11536 misc:1268 imb:224 pmb:1060 smb:756 d:- ref:0 ;
in:3368 out:3368 type:B dur:2 cpbdur:2 q:34.63 aq:32.14 tex:4000 mv:6473 misc:1487 imb:20 pmb:457 smb:1563 d:- ref:0 ;
in:3367 out:3369 type:b dur:2 cpbdur:2 q:34.63 aq:32.97 tex:758 mv:1817 misc:817 imb:6 pmb:155 smb:1879 d:- ref:0 ;
in:3369 out:3370 type:b dur:2 cpbdur:2 q:34.63 aq:36.55 tex:589 mv:1677 misc:862 imb:1 pmb:164 smb:1875 d:- ref:0 ;
in:3374 out:3371 type:P dur:2 cpbdur:2 q:34.63 aq:29.48 tex:60264 mv:11726 misc:1226 imb:215 pmb:1112 smb:713 d:- ref:0 ;
in:3372 out:3372 type:B dur:2 cpbdur:2 q:34.63 aq:32.38 tex:3799 mv:5823 misc:1410 imb:20 pmb:436 smb:1584 d:- ref:0 ;
in:3371 out:3373 type:b dur:2 cpbdur:2 q:34.63 aq:33.91 tex:1289 mv:1546 misc:765 imb:4 pmb:146 smb:1890 d:- ref:0 ;
in:3373 out:3374 type:b dur:2 cpbdur:2 q:34.63 aq:32.17 tex:1000 mv:1501 misc:779 imb:7 pmb:134 smb:1899 d:- ref:0 ;
in:3378 out:3375 type:P dur:2 cpbdur:2 q:34.63 aq:29.69 tex:56912 mv:11680 misc:1360 imb:215 pmb:1100 smb:725 d:- ref:0 ;
in:3376 out:3376 type:B dur:2 cpbdur:2 q:34.63 aq:33.01 tex:4395 mv:5696 misc:1437 imb:27 pmb:429 smb:1584 d:- ref:0 ;
in:3375 out:3377 type:b dur:2 cpbdur:2 q:34.63 aq:35.73 tex:533 mv:1336 misc:731 imb:6 pmb:122 smb:1912 d:- ref:0 ;
in:3377 out:3378 type:b dur:2 cpbdur:2 q:34.63 aq:32.01 tex:1178 mv:1452 misc:746 imb:3 pmb:133 smb:1904 d:- ref:0 ;
in:3382 out:3379 type:P dur:2 cpbdur:2 q:34.63 aq:29.50 tex:54045 mv:11734 misc:1413 imb:242 pmb:1106 smb:692 d:- ref:0 ;
in:3380 out:3380 type:B dur:2 cpbdur:2 q:34.63 aq:31.77 tex:3301 mv:5303 misc:1452 imb:23 pmb:411 smb:1606 d:- ref:0 ;
in:3379 out:3381 type:b dur:2 cpbdur:2 q:34.63 aq:36.11 tex:1057 mv:1438 misc:713 imb:2 pmb:126 smb:1912 d:- ref:0 ;
in:3381 out:3382 type:b dur:2 cpbdur:2 q:34.63 aq:34.74 tex:417 mv:1293 misc:730 imb:1 pmb:122 smb:1917 d:- ref:0 ;
in:3386 out:3383 type:P dur:2 cpbdur:2 q:34.62 aq:30.39 tex:50830 mv:10645 misc:1429 imb:181 pmb:1083 smb:776 d:- ref:0 ;
in:3384 out:3384 type:B dur:2 cpbdur:2 q:34.62 aq:34.00 tex:3923 mv:4571 misc:1394 imb:18 pmb:363 smb:1659 d:- ref:0 ;
in:3383 out:3385 type:b dur:2 cpbdur:2 q:34.63 aq:36.41 tex:901 mv:1215 misc:636 imb:1 pmb:119 smb:1920 d:- ref:0 ;
in:3385 out:3386 type:b dur:2 cpbdur:2 q:34.62 aq:33.57 tex:1094 mv:1584 misc:802 imb:3 pmb:152 smb:1885 d:- ref:0 ;
in:3390 out:3387 type:P dur:2 cpbdur:2 q:34.61 aq:30.22 tex:44468 mv:10221 misc:1535 imb:179 pmb:1028 smb:833 d:- ref:0 ;
in:3388 out:3388 type:B dur:2 cpbdur:2 q:34.62 aq:32.42 tex:3915 mv:4659 misc:1466 imb:9 pmb:433 smb:1598 d:- ref:0 ;
in:3387 out:3389 type:b dur:2 cpbdur:2 q:34.62 aq:32.44 tex:518 mv:913 misc:609 imb:5 pmb:88 smb:1947 d:- ref:0 ;
in:3389 out:3390 type:b dur:2 cpbdur:2 q:34.61 aq:32.24 tex:1214 mv:1131 misc:679 imb:3 pmb:120 smb:1917 d:- ref:0 ;
in:3394 out:3391 type:P dur:2 cpbdur:2 q:34.60 aq:28.84 tex:82063 mv:13140 misc:1077 imb:496 pmb:1071 smb:473 d:- ref:0 ;
in:3392 out:3392 type:B dur:2 cpbdur:2 q:34.60 aq:29.73 tex:4708 mv:5388 misc:1672 imb:27 pmb:506 smb:1507 d:- ref:0 ;
in:3391 out:3393 type:b dur:2 cpbdur:2 q:34.61 aq:30.92 tex:1486 mv:2377 misc:1161 imb:24 pmb:268 smb:1748 d:- ref:0 ;
in:3393 out:3394 type:b dur:2 cpbdur:2 q:34.60 aq:33.90 tex:1296 mv:1310 misc:762 imb:5 pmb:126 smb:1909 d:- ref:0 ;
in:3398 out:3395 type:P dur:2 cpbdur:2 q:34.60 aq:29.49 tex:52658 mv:11276 misc:1426 imb:200 pmb:1131 smb:709 d:- ref:0 ;
in:3396 out:3396 type:B dur:2 cpbdur:2 q:34.60 aq:32.80 tex:3671 mv:4187 misc:1430 imb:17 pmb:381 smb:1642 d:- ref:0 ;
in:3395 out:3397 type:b dur:2 cpbdur:2 q:34.60 aq:32.12 tex:1180 mv:1188 misc:672 imb:7 pmb:112 smb:1921 d:- ref:0 ;
in:3397 out:3398 type:b dur:2 cpbdur:2 q:34.60 aq:30.62 tex:469 mv:1019 misc:624 imb:3 pmb:100 smb:1937 d:- ref:0 ;
in:3402 out:3399 type:P dur:2 cpbdur:2 q:34.60 aq:29.48 tex:54110 mv:11398 misc:1412 imb:171 pmb:1153 smb:716 d:- ref:0 ;
in:3400 out:3400 type:B dur:2 cpbdur:2 q:34.60 aq:32.22 tex:4052 mv:4594 misc:1354 imb:14 pmb:374 smb:1652 d:- ref:0 ;
in:3399 out:3401 type:b dur:2 cpbdur:2 q:34.60 aq:34.92 tex:1030 mv:1323 misc:687 imb:5 pmb:122 smb:1913 d:- ref:0 ;
in:3401 out:3402 type:b dur:2 cpbdur:2 q:34.60 aq:31.36 tex:996 mv:1497 misc:787 imb:5 pmb:157 smb:1878 d:- ref:0 ;
in:3406 out:3403 type:P dur:2 cpbdur:2 q:34.60 aq:28.73 tex:56926 mv:12305 misc:1369 imb:249 pmb:1162 smb:629 d:- ref:0 ;
in:3404 out:3404 type:B dur:2 cpbdur:2 q:34.60 aq:34.14 tex:4069 mv:4664 misc:1427 imb:8 pmb:413 smb:1619 d:- ref:0 ;
in:3403 out:3405 type:b dur:2 cpbdur:2 q:34.60 aq:32.44 tex:1147 mv:1673 misc:780 imb:7 pmb:162 smb:1871 d:- ref:0 ;
in:3405 out:3406 type:b dur:2 cpbdur:2 q:34.60 aq:33.05 tex:946 mv:1431 misc:759 imb:4 pmb:139 smb:1897 d:- ref:0 ;
in:3410 out:3407 type:P dur:2 cpbdur:2 q:34.59 aq:29.58 tex:51936 mv:11685 misc:1419 imb:179 pmb:1194 smb:667 d:- ref:0 ;
in:3408 out:3408 type:B dur:2 cpbdur:2 q:34.59 aq:30.89 tex:3632 mv:5402 misc:1518 imb:27 pmb:426 smb:1587 d:- ref:0 ;
in:3407 out:3409 type:b dur:2 cpbdur:2 q:34.60 aq:33.60 tex:829 mv:1550 misc:717 imb:5 pmb:130 smb:1905 d:- ref:0 ;
in:3409 out:3410 type:b dur:2 cpbdur:2 q:34.59 aq:35.58 tex:927 mv:1763 misc:870 imb:3 pmb:161 smb:1876 d:- ref:0 ;
in:3414 out:3411 type:P dur:2 cpbdur:2 q:34.59 aq:29.20 tex:53174 mv:12405 misc:1453 imb:237 pmb:1189 smb:614 d:- ref:0 ;
in:3412 out:3412 type:B dur:2 cpbdur:2 q:34.59 aq:30.98 tex:3389 mv:5143 misc:1540 imb:17 pmb:441 smb:1582 d:- ref:0 ;
in:3411 out:3413 type:b dur:2 cpbdur:2 q:34.59 aq:35.21 tex:956 mv:1859 misc:849 imb:6 pmb:177 smb:1857 d:- ref:0 ;
in:3413 out:3414 type:b dur:2 cpbdur:2 q:34.59 aq:34.25 tex:936 mv:1695 misc:793 imb:6 pmb:154 smb:1880 d:- ref:0 ;
in:3418 out:3415 type:P dur:2 cpbdur:2 q:34.58 aq:29.32 tex:54875 mv:12200 misc:1445 imb:203 pmb:1191 smb:646 d:- ref:0 ;
in:3416 out:3416 type:B dur:2 cpbdur:2 q:34.58 aq:31.85 tex:3201 mv:5035 misc:1508 imb:14 pmb:433 smb:1593 d:- ref:0 ;
in:3415 out:3417 type:b dur:2 cpbdur:2 q:34.58 aq:33.84 tex:1097 mv:1723 misc:780 imb:4 pmb:155 smb:1881 d:- ref:0 ;
in:3417 out:3418 type:b dur:2 cpbdur:2 q:34.58 aq:29.10 tex:1168 mv:1748 misc:820 imb:6 pmb:164 smb:1870 d:- ref:0 ;
in:3422 out:3419 type:P dur:2 cpbdur:2 q:34.57 aq:29.18 tex:52960 mv:11928 misc:1504 imb:208 pmb:1186 smb:646 d:- ref:0 ;
in:3420 out:3420 type:B dur:2 cpbdur:2 q:34.57 aq:31.30 tex:3038 mv:4764 misc:1438 imb:20 pmb:390 smb:1630 d:- ref:0 ;
in:3419 out:3421 type:b dur:2 cpbdur:2 q:34.57 aq:33.92 tex:1328 mv:1722 misc:758 imb:6 pmb:162 smb:1872 d:- ref:0 ;
in:3421 out:3422 type:b dur:2 cpbdur:2 q:34.57 aq:31.17 tex:1074 mv:1627 misc:811 imb:7 pmb:158 smb:1875 d:- ref:0 ;
in:3426 out:3423 type:P dur:2 cpbdur:2 q:34.56 aq:29.01 tex:52508 mv:12330 misc:1482 imb:219 pmb:1210 smb:611 d:- ref:0 ;
in:3424 out:3424 type:B dur:2 cpbdur:2 q:34.57 aq:32.32 tex:3721 mv:4625 misc:1438 imb:12 pmb:395 smb:1633 d:- ref:0 ;
in:3423 out:3425 type:b dur:2 cpbdur:2 q:34.57 aq:33.50 tex:882 mv:1582 misc:728 imb:5 pmb:136 smb:1899 d:- ref:0 ;
in:3425 out:3426 type:b dur:2 cpbdur:2 q:34.56 aq:34.86 tex:937 mv:1456 misc:719 imb:5 pmb:132 smb:1903 d:- ref:0 ;
in:3430 out:3427 type:P dur:2 cpbdur:2 q:34.56 aq:29.16 tex:49557 mv:11799 misc:1484 imb:194 pmb:1202 smb:644 d:- ref:0 ;
in:3428 out:3428 type:B dur:2 cpbdur:2 q:34.56 aq:31.60 tex:3384 mv:4472 misc:1400 imb:9 pmb:371 smb:1660 d:- ref:0 ;
in:3427 out:3429 type:b dur:2 cpbdur:2 q:34.56 aq:34.46 tex:1132 mv:1413 misc:695 imb:5 pmb:131 smb:1904 d:- ref:0 ;
in:3429 out:3430 type:b dur:2 cpbdur:2 q:34.56 aq:36.64 tex:853 mv:1224 misc:667 imb:1 pmb:129 smb:1910 d:- ref:0 ;
in:3434 out:3431 type:P dur:2 cpbdur:2 q:34.55 aq:28.99 tex:52784 mv:12411 misc:1325 imb:271 pmb:1194 smb:575 d:- ref:0 ;
in:3432 out:3432 type:B dur:2 cpbdur:2 q:34.55 aq:33.37 tex:3870 mv:4791 misc:1475 imb:12 pmb:412 smb:1616 d:- ref:0 ;
in:3431 out:3433 type:b dur:2 cpbdur:2 q:34.56 aq:37.90 tex:1064 mv:1387 misc:749 imb:1 pmb:142 smb:1897 d:- ref:0 ;
in:3433 out:3434 type:b dur:2 cpbdur:2 q:34.55 aq:32.31 tex:1104 mv:1712 misc:768 imb:4 pmb:155 smb:1881 d:- ref:0 ;
in:3438 out:3435 type:P dur:2 cpbdur:2 q:34.54 aq:28.92 tex:52581 mv:13074 misc:1433 imb:278 pmb:1205 smb:557 d:- ref:0 ;
in:3436 out:3436 type:B dur:2 cpbdur:2 q:34.54 aq:30.98 tex:4225 mv:4981 misc:1530 imb:25 pmb:435 smb:1580 d:- ref:0 ;
in:3435 out:3437 type:b dur:2 cpbdur:2 q:34.55 aq:32.87 tex:1067 mv:1501 misc:760 imb:8 pmb:134 smb:1898 d:- ref:0 ;
in:3437 out:3438 type:b dur:2 cpbdur:2 q:34.54 aq:31.17 tex:727 mv:1264 misc:713 imb:5 pmb:125 smb:1910 d:- ref:0 ;
in:3442 out:3439 type:P dur:2 cpbdur:2 q:34.53 aq:28.90 tex:49642 mv:12346 misc:1524 imb:247 pmb:1207 smb:586 d:- ref:0 ;
in:3440 out:3440 type:B dur:2 cpbdur:2 q:34.54 aq:31.28 tex:3571 mv:4685 misc:1472 imb:20 pmb:400 smb:1620 d:- ref:0 ;
in:3439 out:3441 type:b dur:2 cpbdur:2 q:34.54 aq:34.71 tex:998 mv:1319 misc:715 imb:6 pmb:123 smb:1911 d:- ref:0 ;
in:3441 out:3442 type:b dur:2 cpbdur:2 q:34.54 aq:29.99 tex:743 mv:1691 misc:830 imb:4 pmb:152 smb:1884 d:- ref:0 ;
in:3446 out:3443 type:P dur:2 cpbdur:2 q:34.53 aq:29.13 tex:50334 mv:12306 misc:1472 imb:295 pmb:1178 smb:567 d:- ref:0 ;
in:3444 out:3444 type:B dur:2 cpbdur:2 q:34.53 aq:34.03 tex:3692 mv:4767 misc:1541 imb:12 pmb:431 smb:1597 d:- ref:0 ;
in:3443 out:3445 type:b dur:2 cpbdur:2 q:34.53 aq:33.36 tex:875 mv:1450 misc:835 imb:5 pmb:144 smb:1891 d:- ref:0 ;
in:3445 out:3446 type:b dur:2 cpbdur:2 q:34.53 aq:35.20 tex:1046 mv:1408 misc:762 imb:1 pmb:144 smb:1895 d:- ref:0 ;
in:3450 out:3447 type:P dur:2 cpbdur:2 q:34.51 aq:28.94 tex:51107 mv:12132 misc:1513 imb:293 pmb:1179 smb:568 d:- ref:0 ;
in:3448 out:3448 type:B dur:2 cpbdur:2 q:34.52 aq:32.89 tex:5591 mv:4762 misc:1455 imb:16 pmb:438 smb:1586 d:- ref:0 ;
in:3447 out:3449 type:b dur:2 cpbdur:2 q:34.52 aq:32.43 tex:835 mv:1273 misc:716 imb:4 pmb:140 smb:1896 d:- ref:0 ;
in:3449 out:3450 type:b dur:2 cpbdur:2 q:34.52 aq:30.63 tex:1037 mv:1082 misc:649 imb:3 pmb:113 smb:1924 d:- ref:0 ;
in:3454 out:3451 type:P dur:2 cpbdur:2 q:34.50 aq:28.63 tex:73703 mv:12550 misc:1531 imb:286 pmb:1208 smb:546 d:- ref:0 ;
in:3452 out:3452 type:B dur:2 cpbdur:2 q:34.51 aq:33.93 tex:3596 mv:4407 misc:1309 imb:19 pmb:390 smb:1631 d:- ref:0 ;
in:3451 out:3453 type:b dur:2 cpbdur:2 q:34.51 aq:35.22 tex:426 mv:1066 misc:636 imb:2 pmb:106 smb:1932 d:- ref:0 ;
in:3453 out:3454 type:b dur:2 cpbdur:2 q:34.51 aq:34.28 tex:873 mv:1254 misc:681 imb:4 pmb:149 smb:1887 d:- ref:0 ;
in:3458 out:3455 type:P dur:2 cpbdur:2 q:34.51 aq:29.22 tex:46074 mv:11024 misc:1630 imb:190 pmb:1219 smb:631 d:- ref:0 ;
in:3456 out:3456 type:B dur:2 cpbdur:2 q:34.51 aq:31.09 tex:1833 mv:3406 misc:1297 imb:20 pmb:298 smb:1722 d:- ref:0 ;
in:3455 out:3457 type:b dur:2 cpbdur:2 q:34.51 aq:32.95 tex:365 mv:902 misc:549 imb:4 pmb:86 smb:1950 d:- ref:0 ;
in:3457 out:3458 type:b dur:2 cpbdur:2 q:34.51 aq:29.45 tex:340 mv:845 misc:607 imb:0 pmb:97 smb:1943 d:- ref:0 ;
in:3462 out:3459 type:P dur:2 cpbdur:2 q:34.51 aq:29.11 tex:48146 mv:11608 misc:1486 imb:221 pmb:1224 smb:595 d:- ref:0 ;
in:3460 out:3460 type:B dur:2 cpbdur:2 q:34.51 aq:32.48 tex:2707 mv:3617 misc:1316 imb:11 pmb:331 smb:1698 d:- ref:0 ;
in:3459 out:3461 type:b dur:2 cpbdur:2 q:34.51 aq:33.37 tex:693 mv:762 misc:497 imb:2 pmb:80 smb:1958 d:- ref:0 ;
in:3461 out:3462 type:b dur:2 cpbdur:2 q:34.51 aq:36.27 tex:354 mv:766 misc:552 imb:0 pmb:89 smb:1951 d:- ref:0 ;
in:3466 out:3463 type:P dur:2 cpbdur:2 q:34.49 aq:29.41 tex:45748 mv:10989 misc:1535 imb:189 pmb:1199 smb:652 d:- ref:0 ;
in:3464 out:3464 type:B dur:2 cpbdur:2 q:34.50 aq:31.75 tex:2525 mv:3426 misc:1305 imb:8 pmb:317 smb:1715 d:- ref:0 ;
in:3463 out:3465 type:b dur:2 cpbdur:2 q:34.50 aq:34.13 tex:416 mv:685 misc:523 imb:0 pmb:74 smb:1966 d:- ref:0 ;
in:3465 out:3466 type:b dur:2 cpbdur:2 q:34.49 aq:31.43 tex:286 mv:627 misc:503 imb:1 pmb:79 smb:1960 d:- ref:0 ;
in:3470 out:3467 type:P dur:2 cpbdur:2 q:34.47 aq:29.17 tex:44166 mv:11682 misc:1592 imb:207 pmb:1203 smb:630 d:- ref:0 ;
in:3468 out:3468 type:B dur:2 cpbdur:2 q:34.48 aq:32.84 tex:2177 mv:3724 misc:1307 imb:9 pmb:333 smb:1698 d:- ref:0 ;
in:3467 out:3469 type:b dur:2 cpbdur:2 q:34.48 aq:33.99 tex:584 mv:606 misc:442 imb:3 pmb:65 smb:1972 d:- ref:0 ;
in:3469 out:3470 type:b dur:2 cpbdur:2 q:34.48 aq:32.03 tex:155 mv:435 misc:418 imb:1 pmb:52 smb:1987 d:- ref:0 ;
in:3474 out:3471 type:P dur:2 cpbdur:2 q:34.46 aq:28.79 tex:44912 mv:12050 misc:1574 imb:218 pmb:1201 smb:621 d:- ref:0 ;
in:3472 out:3472 type:B dur:2 cpbdur:2 q:34.46 aq:32.21 tex:3024 mv:4135 misc:1441 imb:12 pmb:384 smb:1644 d:- ref:0 ;
in:3471 out:3473 type:b dur:2 cpbdur:2 q:34.47 aq:29.51 tex:474 mv:708 misc:506 imb:1 pmb:75 smb:1964 d:- ref:0 ;
in:3473 out:3474 type:b dur:2 cpbdur:2 q:34.46 aq:32.74 tex:248 mv:475 misc:461 imb:1 pmb:61 smb:1978 d:- ref:0 ;
in:3478 out:3475 type:P dur:2 cpbdur:2 q:34.44 aq:29.09 tex:44153 mv:12464 misc:1463 imb:222 pmb:1236 smb:582 d:- ref:0 ;
in:3476 out:3476 type:B dur:2 cpbdur:2 q:34.45 aq:33.82 tex:2764 mv:4117 misc:1359 imb:10 pmb:347 smb:1683 d:- ref:0 ;
in:3475 out:3477 type:b dur:2 cpbdur:2 q:34.45 aq:31.45 tex:427 mv:630 misc:479 imb:3 pmb:70 smb:1967 d:- ref:0 ;
in:3477 out:3478 type:b dur:2 cpbdur:2 q:34.45 aq:34.37 tex:489 mv:578 misc:477 imb:3 pmb:62 smb:1975 d:- ref:0 ;
in:3482 out:3479 type:P dur:2 cpbdur:2 q:34.42 aq:29.25 tex:46007 mv:11922 misc:1567 imb:224 pmb:1174 smb:642 d:- ref:0 ;
in:3480 out:3480 type:B dur:2 cpbdur:2 q:34.43 aq:31.86 tex:2734 mv:4669 misc:1437 imb:18 pmb:384 smb:1638 d:- ref:0 ;
in:3479 out:3481 type:b dur:2 cpbdur:2 q:34.44 aq:33.33 tex:340 mv:577 misc:427 imb:0 pmb:54 smb:1986 d:- ref:0 ;
in:3481 out:3482 type:b dur:2 cpbdur:2 q:34.43 aq:29.98 tex:589 mv:802 misc:569 imb:3 pmb:86 smb:1951 d:- ref:0 ;
in:3486 out:3483 type:P dur:2 cpbdur:2 q:34.41 aq:28.94 tex:46408 mv:11995 misc:1549 imb:248 pmb:1136 smb:656 d:- ref:0 ;
in:3484 out:3484 type:B dur:2 cpbdur:2 q:34.41 aq:32.02 tex:4013 mv:4682 misc:1473 imb:12 pmb:386 smb:1642 d:- ref:0 ;
in:3483 out:3485 type:b dur:2 cpbdur:2 q:34.42 aq:32.45 tex:635 mv:572 misc:441 imb:0 pmb:63 smb:1977 d:- ref:0 ;
in:3485 out:3486 type:b dur:2 cpbdur:2 q:34.41 aq:32.37 tex:774 mv:876 misc:566 imb:9 pmb:90 smb:1941 d:- ref:0 ;
in:3490 out:3487 type:P dur:2 cpbdur:2 q:34.39 aq:28.88 tex:48283 mv:12668 misc:1505 imb:265 pmb:1174 smb:601 d:- ref:0 ;
in:3488 out:3488 type:B dur:2 cpbdur:2 q:34.40 aq:32.37 tex:3405 mv:4674 misc:1497 imb:7 pmb:418 smb:1615 d:- ref:0 ;
in:3487 out:3489 type:b dur:2 cpbdur:2 q:34.40 aq:33.43 tex:948 mv:945 misc:627 imb:6 pmb:108 smb:1926 d:- ref:0 ;
in:3489 out:3490 type:b dur:2 cpbdur:2 q:34.40 aq:29.33 tex:485 mv:781 misc:542 imb:3 pmb:81 smb:1956 d:- ref:0 ;
in:3494 out:3491 type:P dur:2 cpbdur:2 q:34.38 aq:28.96 tex:44273 mv:12484 misc:1507 imb:248 pmb:1187 smb:605 d:- ref:0 ;
in:3492 out:3492 type:B dur:2 cpbdur:2 q:34.39 aq:32.07 tex:3483 mv:4377 misc:1428 imb:11 pmb:389 smb:1640 d:- ref:0 ;
in:3491 out:3493 type:b dur:2 cpbdur:2 q:34.39 aq:31.62 tex:807 mv:883 misc:502 imb:7 pmb:77 smb:1956 d:- ref:0 ;
in:3493 out:3494 type:b dur:2 cpbdur:2 q:34.39 aq:32.45 tex:745 mv:826 misc:549 imb:0 pmb:92 smb:1948 d:- ref:0 ;
in:3498 out:3495 type:P dur:2 cpbdur:2 q:34.37 aq:28.99 tex:40398 mv:12438 misc:1508 imb:229 pmb:1171 smb:640 d:- ref:0 ;
in:3496 out:3496 type:B dur:2 cpbdur:2 q:34.38 aq:33.29 tex:3440 mv:4251 misc:1437 imb:4 pmb:414 smb:1622 d:- ref:0 ;
in:3495 out:3497 type:b dur:2 cpbdur:2 q:34.38 aq:29.03 tex:668 mv:782 misc:558 imb:3 pmb:90 smb:1947 d:- ref:0 ;
in:3497 out:3498 type:b dur:2 cpbdur:2 q:34.37 aq:36.41 tex:808 mv:707 misc:533 imb:3 pmb:87 smb:1950 d:- ref:0 ;
in:3502 out:3499 type:P dur:2 cpbdur:2 q:34.35 aq:28.71 tex:40479 mv:12177 misc:1536 imb:218 pmb:1150 smb:672 d:- ref:0 ;
in:3500 out:3500 type:B dur:2 cpbdur:2 q:34.36 aq:31.34 tex:3535 mv:4720 misc:1489 imb:13 pmb:411 smb:1616 d:- ref:0 ;
in:3499 out:3501 type:b dur:2 cpbdur:2 q:34.36 aq:34.25 tex:819 mv:926 misc:575 imb:3 pmb:98 smb:1939 d:- ref:0 ;
in:3501 out:3502 type:b dur:2 cpbdur:2 q:34.36 aq:32.38 tex:902 mv:1065 misc:649 imb:4 pmb:111 smb:1925 d:- ref:0 ;
in:3506 out:3503 type:P dur:2 cpbdur:2 q:34.34 aq:29.01 tex:42426 mv:12753 misc:1525 imb:234 pmb:1179 smb:627 d:- ref:0 ;
in:3504 out:3504 type:B dur:2 cpbdur:2 q:34.34 aq:32.11 tex:3529 mv:4679 misc:1472 imb:20 pmb:386 smb:1634 d:- ref:0 ;
in:3503 out:3505 type:b dur:2 cpbdur:2 q:34.35 aq:31.05 tex:603 mv:863 misc:598 imb:2 pmb:97 smb:1941 d:- ref:0 ;
in:3505 out:3506 type:b dur:2 cpbdur:2 q:34.34 aq:30.38 tex:1065 mv:1035 misc:620 imb:2 pmb:111 smb:1927 d:- ref:0 ;
in:3510 out:3507 type:P dur:2 cpbdur:2 q:34.32 aq:28.77 tex:40187 mv:12683 misc:1410 imb:261 pmb:1179 smb:600 d:- ref:0 ;
in:3508 out:3508 type:B dur:2 cpbdur:2 q:34.33 aq:31.60 tex:4980 mv:4968 misc:1564 imb:33 pmb:440 smb:1567 d:- ref:0 ;
in:3507 out:3509 type:b dur:2 cpbdur:2 q:34.33 aq:26.86 tex:1353 mv:1532 misc:683 imb:8 pmb:139 smb:1893 d:- ref:0 ;
in:3509 out:3510 type:b dur:2 cpbdur:2 q:34.33 aq:31.57 tex:1789 mv:1188 misc:671 imb:6 pmb:130 smb:1904 d:- ref:0 ;
in:3514 out:3511 type:P dur:2 cpbdur:2 q:34.30 aq:29.17 tex:40527 mv:12656 misc:1529 imb:234 pmb:1161 smb:645 d:- ref:0 ;
in:3512 out:3512 type:B dur:2 cpbdur:2 q:34.31 aq:31.30 tex:4204 mv:4522 misc:1370 imb:17 pmb:384 smb:1639 d:- ref:0 ;
in:3511 out:3513 type:b dur:2 cpbdur:2 q:34.32 aq:29.99 tex:1805 mv:1338 misc:665 imb:3 pmb:135 smb:1902 d:- ref:0 ;
in:3513 out:3514 type:b dur:2 cpbdur:2 q:34.31 aq:32.52 tex:1825 mv:1318 misc:713 imb:4 pmb:137 smb:1899 d:- ref:0 ;
in:3518 out:3515 type:P dur:2 cpbdur:2 q:34.29 aq:28.99 tex:40961 mv:12635 misc:1620 imb:257 pmb:1136 smb:647 d:- ref:0 ;
in:3516 out:3516 type:B dur:2 cpbdur:2 q:34.29 aq:31.71 tex:4252 mv:5234 misc:1514 imb:20 pmb:427 smb:1593 d:- ref:0 ;
in:3515 out:3517 type:b dur:2 cpbdur:2 q:34.30 aq:33.14 tex:1669 mv:1403 misc:736 imb:3 pmb:138 smb:1899 d:- ref:0 ;
in:3517 out:3518 type:b dur:2 cpbdur:2 q:34.29 aq:30.70 tex:1701 mv:1300 misc:711 imb:7 pmb:123 smb:1910 d:- ref:0 ;
in:3522 out:3519 type:P dur:2 cpbdur:2 q:34.27 aq:28.80 tex:42240 mv:12859 misc:1485 imb:306 pmb:1111 smb:623 d:- ref:0 ;
in:3520 out:3520 type:B dur:2 cpbdur:2 q:34.28 aq:31.48 tex:4320 mv:5033 misc:1503 imb:18 pmb:435 smb:1587 d:- ref:0 ;
in:3519 out:3521 type:b dur:2 cpbdur:2 q:34.28 aq:32.43 tex:1642 mv:1362 misc:724 imb:5 pmb:128 smb:1907 d:- ref:0 ;
in:3521 out:3522 type:b dur:2 cpbdur:2 q:34.28 aq:31.10 tex:1599 mv:1383 misc:794 imb:8 pmb:142 smb:1890 d:- ref:0 ;
in:3526 out:3523 type:P dur:2 cpbdur:2 q:34.26 aq:28.69 tex:37370 mv:12320 misc:1622 imb:269 pmb:1085 smb:686 d:- ref:0 ;
in:3524 out:3524 type:B dur:2 cpbdur:2 q:34.27 aq:31.95 tex:4805 mv:4822 misc:1469 imb:22 pmb:423 smb:1595 d:- ref:0 ;
in:3523 out:3525 type:b dur:2 cpbdur:2 q:34.27 aq:32.69 tex:1599 mv:1768 misc:761 imb:9 pmb:152 smb:1879 d:- ref:0 ;
in:3525 out:3526 type:b dur:2 cpbdur:2 q:34.27 aq:31.36 tex:1517 mv:1572 misc:735 imb:7 pmb:142 smb:1891 d:- ref:0 ;
in:3530 out:3527 type:P dur:2 cpbdur:2 q:34.25 aq:29.16 tex:35451 mv:12076 misc:1577 imb:273 pmb:1048 smb:719 d:- ref:0 ;
in:3528 out:3528 type:B dur:2 cpbdur:2 q:34.25 aq:31.13 tex:4511 mv:5408 misc:1673 imb:25 pmb:481 smb:1534 d:- ref:0 ;
in:3527 out:3529 type:b dur:2 cpbdur:2 q:34.26 aq:30.38 tex:1390 mv:1762 misc:776 imb:12 pmb:152 smb:1876 d:- ref:0 ;
in:3529 out:3530 type:b dur:2 cpbdur:2 q:34.25 aq:33.43 tex:1397 mv:1851 misc:840 imb:10 pmb:164 smb:1866 d:- ref:0 ;
in:3534 out:3531 type:P dur:2 cpbdur:2 q:34.23 aq:29.16 tex:34426 mv:12694 misc:1600 imb:296 pmb:1071 smb:673 d:- ref:0 ;
in:3532 out:3532 type:B dur:2 cpbdur:2 q:34.24 aq:29.40 tex:4082 mv:5288 misc:1590 imb:36 pmb:436 smb:1568 d:- ref:0 ;
in:3531 out:3533 type:b dur:2 cpbdur:2 q:34.24 aq:33.99 tex:1064 mv:1783 misc:817 imb:7 pmb:151 smb:1882 d:- ref:0 ;
in:3533 out:3534 type:b dur:2 cpbdur:2 q:34.23 aq:33.78 tex:1083 mv:1629 misc:776 imb:7 pmb:157 smb:1876 d:- ref:0 ;
in:3538 out:3535 type:P dur:2 cpbdur:2 q:34.21 aq:28.63 tex:42137 mv:13748 misc:1491 imb:421 pmb:1029 smb:590 d:- ref:0 ;
in:3536 out:3536 type:B dur:2 cpbdur:2 q:34.22 aq:31.46 tex:4444 mv:6135 misc:1629 imb:37 pmb:506 smb:1497 d:- ref:0 ;
in:3535 out:3537 type:b dur:2 cpbdur:2 q:34.22 aq:31.55 tex:1503 mv:1767 misc:834 imb:16 pmb:155 smb:1869 d:- ref:0 ;
in:3537 out:3538 type:b dur:2 cpbdur:2 q:34.22 aq:30.45 tex:1561 mv:1890 misc:917 imb:11 pmb:175 smb:1854 d:- ref:0 ;
in:3542 out:3539 type:P dur:2 cpbdur:2 q:34.20 aq:29.29 tex:36817 mv:13369 misc:1622 imb:321 pmb:1070 smb:649 d:- ref:0 ;
in:3540 out:3540 type:B dur:2 cpbdur:2 q:34.21 aq:31.98 tex:4446 mv:6787 misc:1727 imb:23 pmb:575 smb:1442 d:- ref:0 ;
in:3539 out:3541 type:b dur:2 cpbdur:2 q:34.21 aq:31.77 tex:1843 mv:2137 misc:964 imb:15 pmb:193 smb:1832 d:- ref:0 ;
in:3541 out:3542 type:b dur:2 cpbdur:2 q:34.20 aq:32.85 tex:1259 mv:2286 misc:999 imb:7 pmb:206 smb:1827 d:- ref:0 ;
in:3546 out:3543 type:P dur:2 cpbdur:2 q:34.19 aq:29.49 tex:34022 mv:13988 misc:1566 imb:354 pmb:1057 smb:629 d:- ref:0 ;
in:3544 out:3544 type:B dur:2 cpbdur:2 q:34.19 aq:31.34 tex:3990 mv:7222 misc:1764 imb:26 pmb:598 smb:1416 d:- ref:0 ;
in:3543 out:3545 type:b dur:2 cpbdur:2 q:34.20 aq:31.55 tex:1199 mv:2579 misc:1054 imb:8 pmb:234 smb:1798 d:- ref:0 ;
in:3545 out:3546 type:b dur:2 cpbdur:2 q:34.19 aq:30.62 tex:1152 mv:2817 misc:1103 imb:8 pmb:254 smb:1778 d:- ref:0 ;
in:3550 out:3547 type:P dur:2 cpbdur:2 q:34.17 aq:29.27 tex:30659 mv:13937 misc:1540 imb:355 pmb:1036 smb:649 d:- ref:0 w:6,63,0 ;
in:3548 out:3548 type:B dur:2 cpbdur:2 q:34.18 aq:32.07 tex:4147 mv:7450 misc:1771 imb:38 pmb:616 smb:1386 d:- ref:0 ;
in:3547 out:3549 type:b dur:2 cpbdur:2 q:34.18 aq:31.73 tex:1596 mv:2986 misc:1250 imb:9 pmb:288 smb:1743 d:- ref:0 ;
in:3549 out:3550 type:b dur:2 cpbdur:2 q:34.17 aq:31.30 tex:2018 mv:3353 misc:1245 imb:22 pmb:305 smb:1713 d:- ref:0 ;
in:3554 out:3551 type:P dur:2 cpbdur:2 q:34.16 aq:29.33 tex:35976 mv:14464 misc:1440 imb:430 pmb:1010 smb:600 d:- ref:0 ;
in:3552 out:3552 type:B dur:2 cpbdur:2 q:34.16 aq:30.92 tex:5751 mv:9165 misc:1924 imb:73 pmb:705 smb:1262 d:- ref:0 ;
in:3551 out:3553 type:b dur:2 cpbdur:2 q:34.17 aq:32.73 tex:1539 mv:3049 misc:1180 imb:9 pmb:269 smb:1762 d:- ref:0 ;
in:3553 out:3554 type:b dur:2 cpbdur:2 q:34.16 aq:30.43 tex:2023 mv:3977 misc:1416 imb:25 pmb:354 smb:1661 d:- ref:0 ;
in:3556 out:3555 type:P dur:2 cpbdur:2 q:34.14 aq:29.29 tex:26691 mv:11775 misc:1662 imb:319 pmb:971 smb:750 d:- ref:0 ;
in:3555 out:3556 type:b dur:2 cpbdur:2 q:34.15 aq:31.65 tex:2004 mv:4193 misc:1443 imb:26 pmb:361 smb:1653 d:- ref:0 ;
in:3558 out:3557 type:P dur:2 cpbdur:2 q:34.14 aq:29.02 tex:24313 mv:12236 misc:1691 imb:308 pmb:973 smb:759 d:- ref:0 ;
in:3557 out:3558 type:b dur:2 cpbdur:2 q:34.14 aq:32.97 tex:2039 mv:4532 misc:1397 imb:25 pmb:364 smb:1651 d:- ref:0 ;
in:3560 out:3559 type:P dur:2 cpbdur:2 q:34.14 aq:29.45 tex:24783 mv:12038 misc:1747 imb:327 pmb:983 smb:730 d:- ref:0 ;
in:3559 out:3560 type:b dur:2 cpbdur:2 q:34.14 aq:31.81 tex:2353 mv:5218 misc:1589 imb:27 pmb:478 smb:1535 d:- ref:0 ;
in:3564 out:3561 type:P dur:2 cpbdur:2 q:34.14 aq:29.21 tex:32067 mv:14271 misc:1542 imb:488 pmb:922 smb:630 d:- ref:0 ;
in:3562 out:3562 type:B dur:2 cpbdur:2 q:34.14 aq:30.64 tex:6261 mv:10213 misc:1830 imb:60 pmb:773 smb:1207 d:- ref:0 ;
in:3561 out:3563 type:b dur:2 cpbdur:2 q:34.14 aq:32.22 tex:2118 mv:5494 misc:1556 imb:20 pmb:462 smb:1558 d:- ref:0 ;
in:3563 out:3564 type:b dur:2 cpbdur:2 q:34.14 aq:31.78 tex:2638 mv:5620 misc:1622 imb:30 pmb:487 smb:1523 d:- ref:0 ;
in:3568 out:3565 type:P dur:2 cpbdur:2 q:34.13 aq:29.54 tex:36472 mv:14164 misc:1524 imb:571 pmb:856 smb:613 d:- ref:0 ;
in:3566 out:3566 type:B dur:2 cpbdur:2 q:34.13 aq:31.39 tex:8739 mv:10808 misc:1829 imb:101 pmb:751 smb:1188 d:- ref:0 ;
in:3565 out:3567 type:b dur:2 cpbdur:2 q:34.13 aq:32.60 tex:3218 mv:5928 misc:1558 imb:30 pmb:500 smb:1510 d:- ref:0 ;
in:3567 out:3568 type:b dur:2 cpbdur:2 q:34.13 aq:31.53 tex:3773 mv:6423 misc:1612 imb:34 pmb:515 smb:1491 d:- ref:0 ;
in:3572 out:3569 type:P dur:2 cpbdur:2 q:34.12 aq:29.57 tex:40552 mv:14752 misc:1408 imb:767 pmb:746 smb:527 d:- ref:0 ;
in:3570 out:3570 type:B dur:2 cpbdur:2 q:34.12 aq:30.61 tex:12279 mv:11927 misc:1842 imb:127 pmb:827 smb:1086 d:- ref:0 ;
in:3569 out:3571 type:b dur:2 cpbdur:2 q:34.13 aq:31.75 tex:4003 mv:6649 misc:1540 imb:52 pmb:482 smb:1506 d:- ref:0 ;
in:3571 out:3572 type:b dur:2 cpbdur:2 q:34.12 aq:30.81 tex:4707 mv:7512 misc:1597 imb:49 pmb:575 smb:1416 d:- ref:0 ;
in:3576 out:3573 type:P dur:2 cpbdur:2 q:34.12 aq:29.03 tex:36383 mv:13844 misc:1485 imb:722 pmb:684 smb:634 d:- ref:0 ;
in:3574 out:3574 type:B dur:2 cpbdur:2 q:34.12 aq:30.13 tex:12041 mv:11665 misc:1910 imb:147 pmb:831 smb:1062 d:- ref:0 ;
in:3573 out:3575 type:b dur:2 cpbdur:2 q:34.12 aq:32.33 tex:5731 mv:7509 misc:1664 imb:63 pmb:610 smb:1367 d:- ref:0 ;
in:3575 out:3576 type:b dur:2 cpbdur:2 q:34.12 aq:31.48 tex:8071 mv:8013 misc:1636 imb:75 pmb:627 smb:1338 d:- ref:0 ;
in:3580 out:3577 type:P dur:2 cpbdur:2 q:34.13 aq:28.82 tex:35610 mv:13948 misc:1242 imb:992 pmb:611 smb:437 d:- ref:0 ;
in:3578 out:3578 type:B dur:2 cpbdur:2 q:34.13 aq:29.91 tex:11867 mv:11835 misc:1858 imb:189 pmb:802 smb:1049 d:- ref:0 ;
in:3577 out:3579 type:b dur:2 cpbdur:2 q:34.12 aq:30.47 tex:4966 mv:6904 misc:1530 imb:66 pmb:558 smb:1416 d:- ref:0 ;
in:3579 out:3580 type:b dur:2 cpbdur:2 q:34.13 aq:31.15 tex:4804 mv:6918 misc:1654 imb:67 pmb:551 smb:1422 d:- ref:0 ;
in:3584 out:3581 type:P dur:2 cpbdur:2 q:34.14 aq:28.64 tex:22597 mv:11872 misc:1515 imb:814 pmb:536 smb:690 d:- ref:0 ;
in:3582 out:3582 type:B dur:2 cpbdur:2 q:34.13 aq:29.22 tex:8601 mv:10808 misc:1887 imb:184 pmb:753 smb:1103 d:- ref:0 ;
in:3581 out:3583 type:b dur:2 cpbdur:2 q:34.13 aq:29.57 tex:4557 mv:7115 misc:1688 imb:97 pmb:557 smb:1386 d:- ref:0 ;
in:3583 out:3584 type:b dur:2 cpbdur:2 q:34.14 aq:30.36 tex:2981 mv:6926 misc:1653 imb:78 pmb:572 smb:1390 d:- ref:0 ;
in:3587 out:3585 type:P dur:2 cpbdur:2 q:34.15 aq:28.80 tex:25123 mv:10842 misc:1411 imb:834 pmb:440 smb:766 d:- ref:0 ;
in:3585 out:3586 type:B dur:2 cpbdur:2 q:34.14 aq:29.49 tex:5232 mv:8752 misc:1824 imb:162 pmb:574 smb:1304 d:- ref:0 ;
in:3586 out:3587 type:b dur:2 cpbdur:2 q:34.14 aq:30.61 tex:4289 mv:7819 misc:1548 imb:151 pmb:532 smb:1357 d:- ref:0 ;
in:3588 out:3588 type:P dur:2 cpbdur:2 q:34.14 aq:28.54 tex:10818 mv:8199 misc:1615 imb:431 pmb:464 smb:1145 d:- ref:0 ;
in:3590 out:3589 type:P dur:2 cpbdur:2 q:34.15 aq:28.75 tex:14131 mv:8979 misc:1498 imb:545 pmb:422 smb:1073 d:- ref:0 ;
in:3589 out:3590 type:b dur:2 cpbdur:2 q:34.15 aq:30.18 tex:4134 mv:7156 misc:1526 imb:123 pmb:534 smb:1383 d:- ref:0 ;
in:3592 out:3591 type:P dur:2 cpbdur:2 q:34.14 aq:29.38 tex:15757 mv:8029 misc:1366 imb:647 pmb:300 smb:1093 d:- ref:0 ;
in:3591 out:3592 type:b dur:2 cpbdur:2 q:34.14 aq:30.77 tex:4400 mv:6809 misc:1535 imb:125 pmb:500 smb:1415 d:- ref:0 ;
in:3593 out:3593 type:P dur:2 cpbdur:2 q:34.14 aq:28.31 tex:8676 mv:7081 misc:1283 imb:389 pmb:349 smb:1302 d:- ref:0 ;
in:3594 out:3594 type:P dur:2 cpbdur:2 q:34.14 aq:30.03 tex:8474 mv:6045 misc:1313 imb:328 pmb:281 smb:1431 d:- ref:0 ;
in:3595 out:3595 type:P dur:2 cpbdur:2 q:34.14 aq:29.34 tex:7388 mv:5490 misc:1370 imb:320 pmb:257 smb:1463 d:- ref:0 ;
in:3596 out:3596 type:I dur:2 cpbdur:2 q:31.24 aq:24.35 tex:31452 mv:16887 misc:477 imb:2040 pmb:0 smb:0 d:- ref:;
in:3597 out:3597 type:P dur:2 cpbdur:2 q:34.15 aq:30.52 tex:12219 mv:4783 misc:1246 imb:316 pmb:195 smb:1529 d:- ref:0 ;
in:3598 out:3598 type:P dur:2 cpbdur:2 q:34.15 aq:30.42 tex:13175 mv:5385 misc:1160 imb:445 pmb:197 smb:1398 d:- ref:0 ;
in:3599 out:3599 type:P dur:2 cpbdur:2 q:34.15 aq:30.19 tex:16941 mv:3893 misc:1214 imb:458 pmb:141 smb:1441 d:- ref:0 ;
in:3600 out:3600 type:P dur:2 cpbdur:2 q:34.14 aq:29.47 tex:11115 mv:3303 misc:1230 imb:348 pmb:137 smb:1555 d:- ref:0 ;
in:3601 out:3601 type:P dur:2 cpbdur:2 q:34.13 aq:30.49 tex:9504 mv:2573 misc:1003 imb:271 pmb:95 smb:1674 d:- ref:0 ;
in:3602 out:3602 type:P dur:2 cpbdur:2 q:34.11 aq:27.30 tex:4257 mv:1697 misc:910 imb:205 pmb:55 smb:1780 d:- ref:0 ;
in:3603 out:3603 type:P dur:2 cpbdur:2 q:34.10 aq:30.26 tex:6756 mv:1595 misc:889 imb:134 pmb:77 smb:1829 d:- ref:0 ;
in:3604 out:3604 type:P dur:2 cpbdur:2 q:34.10 aq:27.74 tex:9757 mv:3066 misc:1273 imb:313 pmb:129 smb:1598 d:- ref:0 ;
in:3605 out:3605 type:P dur:2 cpbdur:2 q:34.09 aq:26.92 tex:12634 mv:4394 misc:1188 imb:568 pmb:138 smb:1334 d:- ref:0 ;
in:3606 out:3606 type:P dur:2 cpbdur:2 q:34.09 aq:27.26 tex:10159 mv:4339 misc:1414 imb:366 pmb:206 smb:1468 d:- ref:0 ;
in:3609 out:3607 type:P dur:2 cpbdur:2 q:34.09 aq:26.73 tex:24399 mv:7144 misc:1249 imb:919 pmb:179 smb:942 d:- ref:0 ;
in:3607 out:3608 type:B dur:2 cpbdur:2 q:34.09 aq:27.73 tex:5931 mv:4250 misc:1259 imb:106 pmb:297 smb:1637 d:- ref:0 ;
in:3608 out:3609 type:b dur:2 cpbdur:2 q:34.09 aq:26.13 tex:3866 mv:3562 misc:1188 imb:73 pmb:291 smb:1676 d:- ref:0 ;
in:3611 out:3610 type:P dur:2 cpbdur:2 q:34.07 aq:26.89 tex:22909 mv:7683 misc:1288 imb:628 pmb:308 smb:1104 d:- ref:0 ;
in:3610 out:3611 type:b dur:2 cpbdur:2 q:34.08 aq:30.19 tex:5197 mv:4356 misc:1263 imb:88 pmb:305 smb:1647 d:- ref:0 ;
in:3613 out:3612 type:P dur:2 cpbdur:2 q:34.06 aq:28.08 tex:19181 mv:8060 misc:1271 imb:619 pmb:382 smb:1039 d:- ref:0 ;
in:3612 out:3613 type:b dur:2 cpbdur:2 q:34.06 aq:31.04 tex:4851 mv:3926 misc:1207 imb:69 pmb:278 smb:1693 d:- ref:0 ;
in:3617 out:3614 type:P dur:2 cpbdur:2 q:34.05 aq:28.44 tex:25241 mv:9215 misc:1144 imb:763 pmb:341 smb:936 d:- ref:0 ;
in:3615 out:3615 type:B dur:2 cpbdur:2 q:34.05 aq:29.37 tex:8141 mv:6892 misc:1487 imb:116 pmb:451 smb:1473 d:- ref:0 ;
in:3614 out:3616 type:b dur:2 cpbdur:2 q:34.06 aq:29.38 tex:4905 mv:4529 misc:1302 imb:73 pmb:354 smb:1613 d:- ref:0 ;
in:3616 out:3617 type:b dur:2 cpbdur:2 q:34.05 aq:29.48 tex:4115 mv:4283 misc:1306 imb:61 pmb:351 smb:1628 d:- ref:0 ;
in:3619 out:3618 type:P dur:2 cpbdur:2 q:34.04 aq:29.34 tex:15779 mv:7764 misc:1409 imb:474 pmb:430 smb:1136 d:- ref:0 ;
in:3618 out:3619 type:b dur:2 cpbdur:2 q:34.05 aq:30.48 tex:4307 mv:4540 misc:1353 imb:55 pmb:365 smb:1620 d:- ref:0 ;
in:3620 out:3620 type:P dur:2 cpbdur:2 q:34.04 aq:28.80 tex:14222 mv:8306 misc:1600 imb:701 pmb:417 smb:922 d:- ref:0 ;
in:3621 out:3621 type:P dur:2 cpbdur:2 q:34.04 aq:29.11 tex:17045 mv:10057 misc:1362 imb:1031 pmb:419 smb:590 d:- ref:0 ;
in:3625 out:3622 type:P dur:2 cpbdur:2 q:34.04 aq:29.72 tex:51838 mv:11502 misc:212 imb:1939 pmb:101 smb:0 d:- ref:0 ;
in:3623 out:3623 type:B dur:2 cpbdur:2 q:34.04 aq:29.65 tex:27342 mv:18085 misc:1149 imb:1120 pmb:521 smb:399 d:- ref:0 ;
in:3622 out:3624 type:b dur:2 cpbdur:2 q:34.04 aq:29.86 tex:8350 mv:9678 misc:1756 imb:324 pmb:436 smb:1280 d:- ref:0 ;
in:3624 out:3625 type:b dur:2 cpbdur:2 q:34.04 aq:30.98 tex:9829 mv:6841 misc:1442 imb:146 pmb:399 smb:1495 d:- ref:0 ;
in:3627 out:3626 type:P dur:2 cpbdur:2 q:34.02 aq:28.68 tex:39663 mv:13166 misc:1067 imb:1031 pmb:663 smb:346 d:- ref:0 w:6,71,2,6,83,-39,83,-36 ;
in:3626 out:3627 type:b dur:2 cpbdur:2 q:34.03 aq:31.31 tex:5538 mv:5810 misc:1332 imb:103 pmb:357 smb:1580 d:- ref:0 ;
in:3631 out:3628 type:P dur:2 cpbdur:2 q:34.04 aq:26.93 tex:29328 mv:12833 misc:1359 imb:876 pmb:825 smb:339 d:- ref:0 w:6,67,0,6,72,-17,73,-17 ;
in:3629 out:3629 type:B dur:2 cpbdur:2 q:34.03 aq:28.71 tex:3824 mv:3676 misc:1564 imb:65 pmb:406 smb:1569 d:- ref:0 ;
in:3628 out:3630 type:b dur:2 cpbdur:2 q:34.03 aq:29.99 tex:1911 mv:2643 misc:1166 imb:47 pmb:255 smb:1738 d:- ref:0 ;
in:3630 out:3631 type:b dur:2 cpbdur:2 q:34.04 aq:29.84 tex:367 mv:437 misc:492 imb:4 pmb:55 smb:1981 d:- ref:0 ;
in:3635 out:3632 type:P dur:2 cpbdur:2 q:34.08 aq:27.76 tex:8623 mv:5650 misc:1599 imb:149 pmb:507 smb:1384 d:- ref:0 ;
in:3633 out:3633 type:B dur:2 cpbdur:2 q:34.06 aq:30.27 tex:1600 mv:2328 misc:984 imb:5 pmb:255 smb:1780 d:- ref:0 ;
in:3632 out:3634 type:b dur:2 cpbdur:2 q:34.05 aq:32.12 tex:440 mv:911 misc:513 imb:0 pmb:88 smb:1952 d:- ref:0 ;
in:3634 out:3635 type:b dur:2 cpbdur:2 q:34.07 aq:31.79 tex:302 mv:684 misc:734 imb:2 pmb:159 smb:1879 d:- ref:0 ;
in:3639 out:3636 type:P dur:2 cpbdur:2 q:34.06 aq:26.78 tex:18842 mv:8375 misc:1615 imb:359 pmb:554 smb:1127 d:- ref:0 ;
in:3637 out:3637 type:B dur:2 cpbdur:2 q:34.07 aq:30.79 tex:2787 mv:3891 misc:1114 imb:21 pmb:322 smb:1697 d:- ref:0 ;
in:3636 out:3638 type:b dur:2 cpbdur:2 q:34.07 aq:30.52 tex:855 mv:2193 misc:800 imb:14 pmb:173 smb:1853 d:- ref:0 ;
in:3638 out:3639 type:b dur:2 cpbdur:2 q:34.06 aq:32.29 tex:565 mv:1591 misc:676 imb:2 pmb:141 smb:1897 d:- ref:0 ;
in:3643 out:3640 type:P dur:2 cpbdur:2 q:34.01 aq:27.35 tex:17318 mv:6700 misc:1630 imb:205 pmb:531 smb:1304 d:- ref:0 ;
in:3641 out:3641 type:B dur:2 cpbdur:2 q:34.03 aq:30.14 tex:2355 mv:2926 misc:863 imb:9 pmb:260 smb:1771 d:- ref:0 ;
in:3640 out:3642 type:b dur:2 cpbdur:2 q:34.04 aq:29.73 tex:104 mv:614 misc:666 imb:1 pmb:132 smb:1907 d:- ref:0 ;
in:3642 out:3643 type:b dur:2 cpbdur:2 q:34.02 aq:31.42 tex:657 mv:1502 misc:649 imb:1 pmb:149 smb:1890 d:- ref:0 ;
in:3647 out:3644 type:P dur:2 cpbdur:2 q:33.96 aq:28.05 tex:17510 mv:5950 misc:1428 imb:166 pmb:507 smb:1367 d:- ref:0 ;
in:3645 out:3645 type:B dur:2 cpbdur:2 q:33.99 aq:29.33 tex:1239 mv:2237 misc:980 imb:6 pmb:237 smb:1797 d:- ref:0 ;
in:3644 out:3646 type:b dur:2 cpbdur:2 q:34.00 aq:32.93 tex:775 mv:1542 misc:699 imb:3 pmb:148 smb:1889 d:- ref:0 ;
in:3646 out:3647 type:b dur:2 cpbdur:2 q:33.97 aq:28.54 tex:208 mv:650 misc:678 imb:1 pmb:123 smb:1916 d:- ref:0 ;
in:3649 out:3648 type:P dur:2 cpbdur:2 q:33.93 aq:27.65 tex:12559 mv:4747 misc:1430 imb:109 pmb:464 smb:1467 d:- ref:0 ;
in:3648 out:3649 type:b dur:2 cpbdur:2 q:33.94 aq:28.83 tex:338 mv:819 misc:523 imb:1 pmb:95 smb:1944 d:- ref:0 ;
in:3651 out:3650 type:P dur:2 cpbdur:2 q:33.91 aq:27.58 tex:8404 mv:3645 misc:1471 imb:86 pmb:422 smb:1532 d:- ref:0 ;
in:3650 out:3651 type:b dur:2 cpbdur:2 q:33.92 aq:32.11 tex:225 mv:507 misc:396 imb:2 pmb:49 smb:1989 d:- ref:0 ;
in:3655 out:3652 type:P dur:2 cpbdur:2 q:33.89 aq:29.20 tex:4384 mv:3976 misc:1424 imb:94 pmb:380 smb:1566 d:- ref:0 ;
in:3653 out:3653 type:B dur:2 cpbdur:2 q:33.90 aq:29.47 tex:1460 mv:1822 misc:902 imb:8 pmb:201 smb:1831 d:- ref:0 ;
in:3652 out:3654 type:b dur:2 cpbdur:2 q:33.90 aq:29.90 tex:150 mv:462 misc:628 imb:1 pmb:114 smb:1925 d:- ref:0 ;
in:3654 out:3655 type:b dur:2 cpbdur:2 q:33.89 aq:34.53 tex:471 mv:858 misc:591 imb:1 pmb:104 smb:1935 d:- ref:0 ;
in:3656 out:3656 type:P dur:2 cpbdur:2 q:33.84 aq:30.38 tex:1022 mv:1501 misc:933 imb:16 pmb:179 smb:1845 d:- ref:0 ;
in:3657 out:3657 type:I dur:2 cpbdur:2 q:31.08 aq:28.15 tex:72779 mv:25862 misc:487 imb:2040 pmb:0 smb:0 d:- ref:;
in:3658 out:3658 type:P dur:2 cpbdur:2 q:33.85 aq:29.74 tex:61195 mv:13308 misc:505 imb:1661 pmb:285 smb:94 d:- ref:0 ;
in:3659 out:3659 type:P dur:2 cpbdur:2 q:33.86 aq:26.85 tex:69466 mv:11902 misc:400 imb:1756 pmb:270 smb:14 d:- ref:0 w:4,23,-12,6,107,-91,59,13 ;
in:3661 out:3660 type:P dur:2 cpbdur:2 q:33.86 aq:23.01 tex:35001 mv:8661 misc:1602 imb:885 pmb:588 smb:567 d:- ref:0 w:4,17,0,6,69,-10,68,-8 ;
in:3660 out:3661 type:b dur:2 cpbdur:2 q:33.86 aq:21.69 tex:497 mv:945 misc:990 imb:36 pmb:218 smb:1786 d:- ref:0 ;
in:3662 out:3662 type:P dur:2 cpbdur:2 q:33.84 aq:24.27 tex:27298 mv:1454 misc:1296 imb:52 pmb:300 smb:1688 d:- ref:0 ;
in:3663 out:3663 type:P dur:2 cpbdur:2 q:33.84 aq:23.05 tex:28707 mv:1310 misc:1295 imb:51 pmb:281 smb:1708 d:- ref:0 ;
in:3667 out:3664 type:P dur:2 cpbdur:2 q:33.87 aq:23.45 tex:25786 mv:2068 misc:1354 imb:105 pmb:350 smb:1585 d:- ref:0 ;
in:3665 out:3665 type:B dur:2 cpbdur:2 q:33.85 aq:20.62 tex:111 mv:26 misc:247 imb:0 pmb:9 smb:2031 d:- ref:0 ;
in:3664 out:3666 type:b dur:2 cpbdur:2 q:33.85 aq:20.32 tex:68 mv:13 misc:191 imb:0 pmb:4 smb:2036 d:- ref:0 ;
in:3666 out:3667 type:b dur:2 cpbdur:2 q:33.86 aq:24.76 tex:49 mv:11 misc:188 imb:0 pmb:3 smb:2037 d:- ref:0 ;
in:3671 out:3668 type:P dur:2 cpbdur:2 q:33.89 aq:23.21 tex:10004 mv:2198 misc:1430 imb:76 pmb:323 smb:1641 d:- ref:0 ;
in:3669 out:3669 type:B dur:2 cpbdur:2 q:33.88 aq:27.88 tex:229 mv:530 misc:505 imb:2 pmb:86 smb:1952 d:- ref:0 ;
in:3668 out:3670 type:b dur:2 cpbdur:2 q:33.87 aq:23.40 tex:110 mv:389 misc:429 imb:2 pmb:71 smb:1967 d:- ref:0 ;
in:3670 out:3671 type:b dur:2 cpbdur:2 q:33.89 aq:19.03 tex:52 mv:23 misc:205 imb:1 pmb:4 smb:2035 d:- ref:0 ;
in:3673 out:3672 type:P dur:2 cpbdur:2 q:33.87 aq:24.46 tex:7244 mv:1793 misc:1187 imb:45 pmb:267 smb:1728 d:- ref:0 ;
in:3672 out:3673 type:b dur:2 cpbdur:2 q:33.88 aq:20.06 tex:50 mv:223 misc:399 imb:0 pmb:58 smb:1982 d:- ref:0 ;
in:3677 out:3674 type:P dur:2 cpbdur:2 q:33.84 aq:23.58 tex:6525 mv:1846 misc:1349 imb:73 pmb:268 smb:1699 d:- ref:0 ;
in:3675 out:3675 type:B dur:2 cpbdur:2 q:33.86 aq:23.49 tex:159 mv:103 misc:314 imb:0 pmb:20 smb:2020 d:- ref:0 ;
in:3674 out:3676 type:b dur:2 cpbdur:2 q:33.86 aq:26.00 tex:0 mv:0 misc:160 imb:0 pmb:0 smb:2040 d:- ref:0 ;
in:3676 out:3677 type:b dur:2 cpbdur:2 q:33.85 aq:21.67 tex:46 mv:13 misc:197 imb:0 pmb:4 smb:2036 d:- ref:0 ;
in:3681 out:3678 type:P dur:2 cpbdur:2 q:33.78 aq:22.67 tex:5137 mv:2172 misc:1371 imb:87 pmb:261 smb:1692 d:- ref:0 ;
in:3679 out:3679 type:B dur:2 cpbdur:2 q:33.81 aq:22.11 tex:225 mv:109 misc:330 imb:2 pmb:21 smb:2017 d:- ref:0 ;
in:3678 out:3680 type:b dur:2 cpbdur:2 q:33.83 aq:23.10 tex:34 mv:8 misc:182 imb:0 pmb:2 smb:2038 d:- ref:0 ;
in:3680 out:3681 type:b dur:2 cpbdur:2 q:33.80 aq:21.59 tex:42 mv:12 misc:186 imb:0 pmb:3 smb:2037 d:- ref:0 ;
in:3685 out:3682 type:P dur:2 cpbdur:2 q:33.73 aq:23.84 tex:5559 mv:2204 misc:1413 imb:88 pmb:278 smb:1674 d:- ref:0 ;
in:3683 out:3683 type:B dur:2 cpbdur:2 q:33.75 aq:24.99 tex:356 mv:584 misc:564 imb:6 pmb:92 smb:1942 d:- ref:0 ;
in:3682 out:3684 type:b dur:2 cpbdur:2 q:33.77 aq:27.06 tex:230 mv:410 misc:424 imb:2 pmb:67 smb:1971 d:- ref:0 ;
in:3684 out:3685 type:b dur:2 cpbdur:2 q:33.74 aq:25.77 tex:63 mv:15 misc:194 imb:0 pmb:4 smb:2036 d:- ref:0 ;
in:3689 out:3686 type:P dur:2 cpbdur:2 q:33.67 aq:23.79 tex:4479 mv:1797 misc:1244 imb:70 pmb:224 smb:1746 d:- ref:0 ;
in:3687 out:3687 type:B dur:2 cpbdur:2 q:33.70 aq:23.40 tex:245 mv:128 misc:323 imb:6 pmb:14 smb:2020 d:- ref:0 ;
in:3686 out:3688 type:b dur:2 cpbdur:2 q:33.71 aq:21.82 tex:50 mv:10 misc:188 imb:0 pmb:3 smb:2037 d:- ref:0 ;
in:3688 out:3689 type:b dur:2 cpbdur:2 q:33.68 aq:19.19 tex:32 mv:7 misc:177 imb:0 pmb:2 smb:2038 d:- ref:0 ;
in:3691 out:3690 type:P dur:2 cpbdur:2 q:33.62 aq:23.27 tex:3521 mv:1539 misc:1188 imb:64 pmb:179 smb:1797 d:- ref:0 ;
in:3690 out:3691 type:b dur:2 cpbdur:2 q:33.64 aq:25.62 tex:56 mv:12 misc:188 imb:0 pmb:3 smb:2037 d:- ref:0 ;
in:3693 out:3692 type:P dur:2 cpbdur:2 q:33.59 aq:25.10 tex:2956 mv:963 misc:929 imb:43 pmb:128 smb:1869 d:- ref:0 ;
in:3692 out:3693 type:b dur:2 cpbdur:2 q:33.60 aq:20.87 tex:39 mv:11 misc:190 imb:0 pmb:3 smb:2037 d:- ref:0 ;
in:3695 out:3694 type:P dur:2 cpbdur:2 q:33.55 aq:25.17 tex:1945 mv:916 misc:875 imb:32 pmb:113 smb:1895 d:- ref:0 ;
in:3694 out:3695 type:b dur:2 cpbdur:2 q:33.57 aq:20.05 tex:60 mv:18 misc:210 imb:0 pmb:6 smb:2034 d:- ref:0 ;
in:3696 out:3696 type:P dur:2 cpbdur:2 q:33.52 aq:26.00 tex:1871 mv:677 misc:788 imb:20 pmb:105 smb:1915 d:- ref:0 ;
in:3700 out:3697 type:P dur:2 cpbdur:2 q:33.51 aq:25.03 tex:3991 mv:2754 misc:1391 imb:171 pmb:217 smb:1652 d:- ref:0 w:7,127,0 ;
in:3698 out:3698 type:B dur:2 cpbdur:2 q:33.52 aq:21.01 tex:339 mv:699 misc:586 imb:10 pmb:80 smb:1950 d:- ref:0 ;
in:3697 out:3699 type:b dur:2 cpbdur:2 q:33.52 aq:25.69 tex:100 mv:369 misc:411 imb:4 pmb:66 smb:1970 d:- ref:0 ;
in:3699 out:3700 type:b dur:2 cpbdur:2 q:33.51 aq:26.42 tex:185 mv:265 misc:374 imb:12 pmb:26 smb:2002 d:- ref:0 ;
in:3702 out:3701 type:P dur:2 cpbdur:2 q:33.46 aq:26.87 tex:9702 mv:4381 misc:1741 imb:365 pmb:350 smb:1325 d:- ref:0 w:7,123,1,7,122,6,123,5 ;
in:3701 out:3702 type:b dur:2 cpbdur:2 q:33.49 aq:22.79 tex:815 mv:863 misc:642 imb:29 pmb:79 smb:1932 d:- ref:0 ;
in:3705 out:3703 type:P dur:2 cpbdur:2 q:33.44 aq:28.10 tex:45796 mv:12020 misc:1048 imb:1289 pmb:539 smb:212 d:- ref:0 w:7,111,5,7,104,26,115,11 ;
in:3703 out:3704 type:B dur:2 cpbdur:2 q:33.45 aq:27.37 tex:5307 mv:5010 misc:1307 imb:177 pmb:340 smb:1523 d:- ref:0 ;
in:3704 out:3705 type:b dur:2 cpbdur:2 q:33.45 aq:26.71 tex:3326 mv:3840 misc:1282 imb:82 pmb:290 smb:1668 d:- ref:0 ;
in:3709 out:3706 type:P dur:2 cpbdur:2 q:33.41 aq:28.85 tex:77046 mv:13380 misc:430 imb:1651 pmb:338 smb:51 d:- ref:0 ;
in:3707 out:3707 type:B dur:2 cpbdur:2 q:33.42 aq:30.02 tex:19483 mv:10619 misc:1826 imb:321 pmb:567 smb:1152 d:- ref:0 ;
in:3706 out:3708 type:b dur:2 cpbdur:2 q:33.43 aq:30.23 tex:7048 mv:7155 misc:1653 imb:168 pmb:427 smb:1445 d:- ref:0 ;
in:3708 out:3709 type:b dur:2 cpbdur:2 q:33.41 aq:29.51 tex:6858 mv:7523 misc:1619 imb:175 pmb:409 smb:1456 d:- ref:0 ;
in:3711 out:3710 type:P dur:2 cpbdur:2 q:33.41 aq:28.48 tex:49894 mv:13743 misc:803 imb:1170 pmb:648 smb:222 d:- ref:0 ;
in:3710 out:3711 type:b dur:2 cpbdur:2 q:33.41 aq:30.63 tex:5306 mv:6624 misc:1486 imb:136 pmb:382 smb:1522 d:- ref:0 ;
in:3713 out:3712 type:P dur:2 cpbdur:2 q:33.46 aq:28.37 tex:36753 mv:12910 misc:1249 imb:841 pmb:738 smb:461 d:- ref:0 ;
in:3712 out:3713 type:b dur:2 cpbdur:2 q:33.44 aq:29.73 tex:3487 mv:5578 misc:1511 imb:85 pmb:379 smb:1576 d:- ref:0 ;
in:3717 out:3714 type:P dur:2 cpbdur:2 q:33.49 aq:27.93 tex:37085 mv:13212 misc:1223 imb:850 pmb:660 smb:530 d:- ref:0 ;
in:3715 out:3715 type:B dur:2 cpbdur:2 q:33.47 aq:29.03 tex:8955 mv:9142 misc:1871 imb:160 pmb:690 smb:1190 d:- ref:0 ;
in:3714 out:3716 type:b dur:2 cpbdur:2 q:33.47 aq:31.34 tex:3075 mv:5773 misc:1528 imb:56 pmb:457 smb:1527 d:- ref:0 ;
in:3716 out:3717 type:b dur:2 cpbdur:2 q:33.48 aq:30.89 tex:3241 mv:5313 misc:1550 imb:52 pmb:445 smb:1543 d:- ref:0 ;
in:3721 out:3718 type:P dur:2 cpbdur:2 q:33.49 aq:28.35 tex:32786 mv:11017 misc:1621 imb:576 pmb:621 smb:843 d:- ref:0 ;
in:3719 out:3719 type:B dur:2 cpbdur:2 q:33.49 aq:29.74 tex:7988 mv:7886 misc:1662 imb:104 pmb:582 smb:1354 d:- ref:0 ;
in:3718 out:3720 type:b dur:2 cpbdur:2 q:33.49 aq:30.57 tex:2795 mv:5111 misc:1430 imb:44 pmb:402 smb:1594 d:- ref:0 ;
in:3720 out:3721 type:b dur:2 cpbdur:2 q:33.49 aq:31.36 tex:3077 mv:5226 misc:1385 imb:56 pmb:422 smb:1562 d:- ref:0 ;
in:3724 out:3722 type:P dur:2 cpbdur:2 q:33.49 aq:28.11 tex:27449 mv:10335 misc:1608 imb:620 pmb:565 smb:855 d:- ref:0 ;
in:3722 out:3723 type:B dur:2 cpbdur:2 q:33.49 aq:29.97 tex:4860 mv:6606 misc:1558 imb:70 pmb:486 smb:1484 d:- ref:0 ;
in:3723 out:3724 type:b dur:2 cpbdur:2 q:33.49 aq:31.11 tex:3202 mv:5645 misc:1417 imb:60 pmb:427 smb:1553 d:- ref:0 ;
in:3726 out:3725 type:P dur:2 cpbdur:2 q:33.48 aq:28.68 tex:22729 mv:8730 misc:1629 imb:455 pmb:533 smb:1052 d:- ref:0 ;
in:3725 out:3726 type:b dur:2 cpbdur:2 q:33.49 aq:32.14 tex:2909 mv:5476 misc:1303 imb:75 pmb:386 smb:1579 d:- ref:0 ;
in:3727 out:3727 type:P dur:2 cpbdur:2 q:33.48 aq:28.94 tex:15131 mv:7135 misc:1654 imb:329 pmb:530 smb:1181 d:- ref:0 ;
in:3728 out:3728 type:P dur:2 cpbdur:2 q:33.49 aq:29.13 tex:15318 mv:7601 misc:1465 imb:411 pmb:538 smb:1091 d:- ref:0 ;
in:3729 out:3729 type:P dur:2 cpbdur:2 q:33.49 aq:28.92 tex:17718 mv:8830 misc:1476 imb:650 pmb:536 smb:854 d:- ref:0 ;
in:3730 out:3730 type:P dur:2 cpbdur:2 q:33.50 aq:28.44 tex:17091 mv:9223 misc:1646 imb:649 pmb:559 smb:832 d:- ref:0 ;
in:3731 out:3731 type:P dur:2 cpbdur:2 q:33.50 aq:29.14 tex:14766 mv:6467 misc:1535 imb:268 pmb:534 smb:1238 d:- ref:0 ;
in:3732 out:3732 type:P dur:2 cpbdur:2 q:33.50 aq:28.71 tex:16475 mv:8152 misc:1677 imb:440 pmb:554 smb:1046 d:- ref:0 ;
in:3733 out:3733 type:P dur:2 cpbdur:2 q:33.50 aq:27.97 tex:20300 mv:9720 misc:1572 imb:730 pmb:567 smb:743 d:- ref:0 ;
in:3734 out:3734 type:P dur:2 cpbdur:2 q:33.50 aq:27.73 tex:17138 mv:7918 misc:1800 imb:347 pmb:592 smb:1101 d:- ref:0 ;
in:3736 out:3735 type:P dur:2 cpbdur:2 q:33.50 aq:27.77 tex:25338 mv:9732 misc:1802 imb:460 pmb:643 smb:937 d:- ref:0 ;
in:3735 out:3736 type:b dur:2 cpbdur:2 q:33.50 aq:30.18 tex:3168 mv:5379 misc:1301 imb:73 pmb:355 smb:1612 d:- ref:0 ;
in:3740 out:3737 type:P dur:2 cpbdur:2 q:33.49 aq:27.75 tex:33044 mv:11508 misc:1680 imb:557 pmb:647 smb:836 d:- ref:0 ;
in:3738 out:3738 type:B dur:2 cpbdur:2 q:33.49 aq:29.30 tex:6301 mv:7997 misc:1718 imb:110 pmb:555 smb:1375 d:- ref:0 ;
in:3737 out:3739 type:b dur:2 cpbdur:2 q:33.50 aq:31.80 tex:2386 mv:4686 misc:1304 imb:41 pmb:360 smb:1639 d:- ref:0 ;
in:3739 out:3740 type:b dur:2 cpbdur:2 q:33.49 aq:29.41 tex:3019 mv:5375 misc:1334 imb:60 pmb:376 smb:1604 d:- ref:0 ;
in:3742 out:3741 type:P dur:2 cpbdur:2 q:33.48 aq:27.10 tex:19465 mv:8644 misc:1771 imb:299 pmb:613 smb:1128 d:- ref:0 ;
in:3741 out:3742 type:b dur:2 cpbdur:2 q:33.48 aq:30.44 tex:2484 mv:4490 misc:1186 imb:35 pmb:340 smb:1665 d:- ref:0 ;
in:3746 out:3743 type:P dur:2 cpbdur:2 q:33.48 aq:27.97 tex:26987 mv:10912 misc:1677 imb:496 pmb:631 smb:913 d:- ref:0 ;
in:3744 out:3744 type:B dur:2 cpbdur:2 q:33.48 aq:28.35 tex:6531 mv:7960 misc:1765 imb:111 pmb:567 smb:1362 d:- ref:0 ;
in:3743 out:3745 type:b dur:2 cpbdur:2 q:33.48 aq:30.05 tex:2242 mv:4644 misc:1258 imb:41 pmb:346 smb:1653 d:- ref:0 ;
in:3745 out:3746 type:b dur:2 cpbdur:2 q:33.48 aq:33.90 tex:2311 mv:4433 misc:1184 imb:18 pmb:350 smb:1672 d:- ref:0 ;
in:3748 out:3747 type:P dur:2 cpbdur:2 q:33.46 aq:27.51 tex:21437 mv:8490 misc:1641 imb:324 pmb:616 smb:1100 d:- ref:0 ;
in:3747 out:3748 type:b dur:2 cpbdur:2 q:33.47 aq:32.19 tex:1860 mv:4467 misc:1169 imb:23 pmb:341 smb:1676 d:- ref:0 ;
in:3750 out:3749 type:P dur:2 cpbdur:2 q:33.46 aq:27.40 tex:18659 mv:8650 misc:1715 imb:303 pmb:626 smb:1111 d:- ref:0 ;
in:3749 out:3750 type:b dur:2 cpbdur:2 q:33.46 aq:30.47 tex:1656 mv:4315 misc:1229 imb:31 pmb:320 smb:1689 d:- ref:0 ;
in:3752 out:3751 type:P dur:2 cpbdur:2 q:33.46 aq:26.81 tex:22246 mv:9455 misc:1691 imb:415 pmb:641 smb:984 d:- ref:0 ;
in:3751 out:3752 type:b dur:2 cpbdur:2 q:33.46 aq:31.23 tex:1530 mv:4173 misc:1225 imb:26 pmb:335 smb:1679 d:- ref:0 ;
in:3755 out:3753 type:P dur:2 cpbdur:2 q:33.45 aq:27.40 tex:26305 mv:10149 misc:1602 imb:486 pmb:622 smb:932 d:- ref:0 ;
in:3753 out:3754 type:B dur:2 cpbdur:2 q:33.45 aq:30.01 tex:3024 mv:5210 misc:1366 imb:42 pmb:372 smb:1626 d:- ref:0 ;
in:3754 out:3755 type:b dur:2 cpbdur:2 q:33.45 aq:31.29 tex:1977 mv:4254 misc:1233 imb:21 pmb:339 smb:1680 d:- ref:0 ;
in:3757 out:3756 type:P dur:2 cpbdur:2 q:33.44 aq:26.97 tex:20061 mv:8771 misc:1656 imb:313 pmb:605 smb:1122 d:- ref:0 ;
in:3756 out:3757 type:b dur:2 cpbdur:2 q:33.44 aq:30.14 tex:1750 mv:4399 misc:1211 imb:34 pmb:332 smb:1674 d:- ref:0 ;
in:3761 out:3758 type:P dur:2 cpbdur:2 q:33.43 aq:27.52 tex:31736 mv:10150 misc:1642 imb:452 pmb:601 smb:987 d:- ref:0 ;
in:3759 out:3759 type:B dur:2 cpbdur:2 q:33.43 aq:28.95 tex:5334 mv:7078 misc:1572 imb:55 pmb:515 smb:1470 d:- ref:0 ;
in:3758 out:3760 type:b dur:2 cpbdur:2 q:33.43 aq:29.05 tex:1738 mv:4666 misc:1252 imb:41 pmb:317 smb:1682 d:- ref:0 ;
in:3760 out:3761 type:b dur:2 cpbdur:2 q:33.43 aq:30.76 tex:1911 mv:4140 misc:1189 imb:19 pmb:318 smb:1703 d:- ref:0 ;
in:3763 out:3762 type:P dur:2 cpbdur:2 q:33.42 aq:26.79 tex:24643 mv:8640 misc:1573 imb:311 pmb:596 smb:1133 d:- ref:0 ;
in:3762 out:3763 type:b dur:2 cpbdur:2 q:33.42 aq:30.08 tex:2491 mv:4605 misc:1280 imb:36 pmb:355 smb:1649 d:- ref:0 ;
in:3767 out:3764 type:P dur:2 cpbdur:2 q:33.42 aq:27.55 tex:37849 mv:10939 misc:1420 imb:604 pmb:595 smb:841 d:- ref:0 ;
in:3765 out:3765 type:B dur:2 cpbdur:2 q:33.42 aq:28.93 tex:8026 mv:7539 misc:1571 imb:77 pmb:522 smb:1441 d:- ref:0 ;
in:3764 out:3766 type:b dur:2 cpbdur:2 q:33.42 aq:31.45 tex:3197 mv:4809 misc:1290 imb:36 pmb:351 smb:1653 d:- ref:0 ;
in:3766 out:3767 type:b dur:2 cpbdur:2 q:33.42 aq:28.78 tex:3080 mv:4789 misc:1267 imb:28 pmb:360 smb:1652 d:- ref:0 ;
in:3769 out:3768 type:P dur:2 cpbdur:2 q:33.40 aq:27.45 tex:27444 mv:8886 misc:1550 imb:349 pmb:635 smb:1056 d:- ref:0 ;
in:3768 out:3769 type:b dur:2 cpbdur:2 q:33.41 aq:33.28 tex:3463 mv:4611 misc:1238 imb:23 pmb:355 smb:1662 d:- ref:0 ;
in:3771 out:3770 type:P dur:2 cpbdur:2 q:33.41 aq:26.95 tex:29041 mv:9036 misc:1563 imb:335 pmb:656 smb:1049 d:- ref:0 ;
in:3770 out:3771 type:b dur:2 cpbdur:2 q:33.40 aq:29.70 tex:2729 mv:4293 misc:1258 imb:30 pmb:339 smb:1671 d:- ref:0 ;
in:3774 out:3772 type:P dur:2 cpbdur:2 q:33.41 aq:26.43 tex:38026 mv:9679 misc:1503 imb:433 pmb:651 smb:956 d:- ref:0 ;
in:3772 out:3773 type:B dur:2 cpbdur:2 q:33.41 aq:30.00 tex:5497 mv:5350 misc:1465 imb:42 pmb:436 smb:1562 d:- ref:0 ;
in:3773 out:3774 type:b dur:2 cpbdur:2 q:33.41 aq:29.83 tex:3203 mv:4181 misc:1280 imb:20 pmb:353 smb:1667 d:- ref:0 ;
in:3777 out:3775 type:P dur:2 cpbdur:2 q:33.40 aq:26.47 tex:37001 mv:9115 misc:1620 imb:391 pmb:639 smb:1010 d:- ref:0 ;
in:3775 out:3776 type:B dur:2 cpbdur:2 q:33.41 aq:29.38 tex:4398 mv:5325 misc:1381 imb:45 pmb:419 smb:1576 d:- ref:0 ;
in:3776 out:3777 type:b dur:2 cpbdur:2 q:33.41 aq:30.47 tex:2920 mv:4173 misc:1299 imb:26 pmb:358 smb:1656 d:- ref:0 ;
in:3781 out:3778 type:P dur:2 cpbdur:2 q:33.41 aq:27.21 tex:37033 mv:9761 misc:1494 imb:419 pmb:634 smb:987 d:- ref:0 ;
in:3779 out:3779 type:B dur:2 cpbdur:2 q:33.41 aq:29.13 tex:6930 mv:7791 misc:1615 imb:103 pmb:530 smb:1407 d:- ref:0 ;
in:3778 out:3780 type:b dur:2 cpbdur:2 q:33.40 aq:30.89 tex:2166 mv:4343 misc:1251 imb:23 pmb:330 smb:1687 d:- ref:0 ;
in:3780 out:3781 type:b dur:2 cpbdur:2 q:33.41 aq:31.59 tex:1920 mv:4215 misc:1233 imb:25 pmb:333 smb:1682 d:- ref:0 ;
in:3783 out:3782 type:P dur:2 cpbdur:2 q:33.40 aq:26.95 tex:27305 mv:8934 misc:1569 imb:335 pmb:664 smb:1041 d:- ref:0 ;
in:3782 out:3783 type:b dur:2 cpbdur:2 q:33.40 aq:30.32 tex:1612 mv:4079 misc:1309 imb:30 pmb:327 smb:1683 d:- ref:0 ;
in:3787 out:3784 type:P dur:2 cpbdur:2 q:33.40 aq:26.27 tex:34480 mv:10388 misc:1460 imb:436 pmb:664 smb:940 d:- ref:0 ;
in:3785 out:3785 type:B dur:2 cpbdur:2 q:33.40 aq:29.64 tex:5877 mv:7122 misc:1545 imb:81 pmb:491 smb:1468 d:- ref:0 ;
in:3784 out:3786 type:b dur:2 cpbdur:2 q:33.40 aq:31.08 tex:1804 mv:4435 misc:1289 imb:25 pmb:332 smb:1683 d:- ref:0 ;
in:3786 out:3787 type:b dur:2 cpbdur:2 q:33.40 aq:32.79 tex:1557 mv:3933 misc:1238 imb:23 pmb:327 smb:1690 d:- ref:0 ;
in:3791 out:3788 type:P dur:2 cpbdur:2 q:33.38 aq:26.67 tex:33997 mv:10078 misc:1421 imb:431 pmb:643 smb:966 d:- ref:0 ;
in:3789 out:3789 type:B dur:2 cpbdur:2 q:33.39 aq:29.89 tex:4783 mv:6353 misc:1464 imb:46 pmb:461 smb:1533 d:- ref:0 ;
in:3788 out:3790 type:b dur:2 cpbdur:2 q:33.39 aq:32.17 tex:1294 mv:3387 misc:1103 imb:18 pmb:270 smb:1752 d:- ref:0 ;
in:3790 out:3791 type:b dur:2 cpbdur:2 q:33.39 aq:29.16 tex:1248 mv:3699 misc:1165 imb:27 pmb:287 smb:1726 d:- ref:0 ;
in:3795 out:3792 type:P dur:2 cpbdur:2 q:33.37 aq:26.11 tex:33168 mv:9890 misc:1550 imb:414 pmb:630 smb:996 d:- ref:0 ;
in:3793 out:3793 type:B dur:2 cpbdur:2 q:33.38 aq:27.75 tex:6030 mv:6983 misc:1731 imb:112 pmb:499 smb:1429 d:- ref:0 ;
in:3792 out:3794 type:b dur:2 cpbdur:2 q:33.38 aq:31.22 tex:1433 mv:3821 misc:1226 imb:15 pmb:318 smb:1707 d:- ref:0 ;
in:3794 out:3795 type:b dur:2 cpbdur:2 q:33.37 aq:34.70 tex:1464 mv:3390 misc:1074 imb:16 pmb:297 smb:1727 d:- ref:0 ;
in:3799 out:3796 type:P dur:2 cpbdur:2 q:33.35 aq:27.12 tex:28672 mv:9482 misc:1518 imb:372 pmb:628 smb:1040 d:- ref:0 ;
in:3797 out:3797 type:B dur:2 cpbdur:2 q:33.36 aq:27.92 tex:5142 mv:6476 misc:1598 imb:63 pmb:486 smb:1491 d:- ref:0 ;
in:3796 out:3798 type:b dur:2 cpbdur:2 q:33.37 aq:28.65 tex:2429 mv:4117 misc:1222 imb:34 pmb:322 smb:1684 d:- ref:0 ;
in:3798 out:3799 type:b dur:2 cpbdur:2 q:33.36 aq:30.29 tex:2129 mv:3492 misc:1139 imb:26 pmb:296 smb:1718 d:- ref:0 ;
in:3801 out:3800 type:P dur:2 cpbdur:2 q:33.33 aq:26.45 tex:22947 mv:7719 misc:1654 imb:263 pmb:646 smb:1131 d:- ref:0 ;
in:3800 out:3801 type:b dur:2 cpbdur:2 q:33.34 aq:29.86 tex:1768 mv:2935 misc:1049 imb:16 pmb:268 smb:1756 d:- ref:0 ;
in:3805 out:3802 type:P dur:2 cpbdur:2 q:33.33 aq:26.15 tex:32342 mv:9443 misc:1471 imb:396 pmb:654 smb:990 d:- ref:0 ;
in:3803 out:3803 type:B dur:2 cpbdur:2 q:33.33 aq:28.01 tex:5222 mv:5898 misc:1504 imb:68 pmb:431 smb:1541 d:- ref:0 ;
in:3802 out:3804 type:b dur:2 cpbdur:2 q:33.33 aq:29.56 tex:1433 mv:2859 misc:1068 imb:18 pmb:250 smb:1772 d:- ref:0 ;
in:3804 out:3805 type:b dur:2 cpbdur:2 q:33.33 aq:30.23 tex:1707 mv:2440 misc:965 imb:9 pmb:240 smb:1791 d:- ref:0 ;
in:3809 out:3806 type:P dur:2 cpbdur:2 q:33.31 aq:26.86 tex:35320 mv:9812 misc:1460 imb:385 pmb:687 smb:968 d:- ref:0 ;
in:3807 out:3807 type:B dur:2 cpbdur:2 q:33.32 aq:28.45 tex:6268 mv:5589 misc:1423 imb:47 pmb:428 smb:1565 d:- ref:0 ;
in:3806 out:3808 type:b dur:2 cpbdur:2 q:33.32 aq:29.34 tex:1771 mv:2934 misc:1095 imb:18 pmb:268 smb:1754 d:- ref:0 ;
in:3808 out:3809 type:b dur:2 cpbdur:2 q:33.32 aq:29.50 tex:2533 mv:3383 misc:1076 imb:22 pmb:295 smb:1723 d:- ref:0 ;
in:3813 out:3810 type:P dur:2 cpbdur:2 q:33.29 aq:26.69 tex:31529 mv:9319 misc:1488 imb:366 pmb:640 smb:1034 d:- ref:0 ;
in:3811 out:3811 type:B dur:2 cpbdur:2 q:33.30 aq:27.21 tex:6243 mv:5568 misc:1389 imb:51 pmb:430 smb:1559 d:- ref:0 ;
in:3810 out:3812 type:b dur:2 cpbdur:2 q:33.31 aq:30.39 tex:3283 mv:3423 misc:1110 imb:38 pmb:277 smb:1725 d:- ref:0 ;
in:3812 out:3813 type:b dur:2 cpbdur:2 q:33.30 aq:30.35 tex:2768 mv:3392 misc:1112 imb:24 pmb:293 smb:1723 d:- ref:0 ;
in:3816 out:3814 type:P dur:2 cpbdur:2 q:33.28 aq:26.55 tex:31689 mv:9022 misc:1681 imb:400 pmb:645 smb:995 d:- ref:0 ;
in:3814 out:3815 type:B dur:2 cpbdur:2 q:33.29 aq:28.46 tex:4048 mv:4491 misc:1317 imb:35 pmb:376 smb:1629 d:- ref:0 ;
in:3815 out:3816 type:b dur:2 cpbdur:2 q:33.28 aq:29.66 tex:2910 mv:3246 misc:1012 imb:33 pmb:249 smb:1758 d:- ref:0 ;
in:3818 out:3817 type:P dur:2 cpbdur:2 q:33.27 aq:27.14 tex:25033 mv:7436 misc:1491 imb:252 pmb:615 smb:1173 d:- ref:0 ;
in:3817 out:3818 type:b dur:2 cpbdur:2 q:33.28 aq:30.80 tex:3113 mv:3336 misc:991 imb:36 pmb:259 smb:1745 d:- ref:0 ;
in:3821 out:3819 type:P dur:2 cpbdur:2 q:33.27 aq:27.45 tex:27645 mv:8495 misc:1444 imb:439 pmb:578 smb:1023 d:- ref:0 ;
in:3819 out:3820 type:B dur:2 cpbdur:2 q:33.27 aq:30.39 tex:4529 mv:4251 misc:1196 imb:38 pmb:344 smb:1658 d:- ref:0 ;
in:3820 out:3821 type:b dur:2 cpbdur:2 q:33.27 aq:29.59 tex:2657 mv:3273 misc:1110 imb:43 pmb:268 smb:1729 d:- ref:0 ;
in:3822 out:3822 type:P dur:2 cpbdur:2 q:33.25 aq:26.43 tex:22112 mv:7967 misc:1649 imb:542 pmb:547 smb:951 d:- ref:0 ;
in:3825 out:3823 type:P dur:2 cpbdur:2 q:33.26 aq:26.34 tex:27858 mv:8552 misc:1622 imb:399 pmb:576 smb:1065 d:- ref:0 ;
in:3823 out:3824 type:B dur:2 cpbdur:2 q:33.25 aq:27.61 tex:6308 mv:7332 misc:1672 imb:204 pmb:470 smb:1366 d:- ref:0 ;
in:3824 out:3825 type:b dur:2 cpbdur:2 q:33.26 aq:29.97 tex:2769 mv:3710 misc:1265 imb:71 pmb:292 smb:1677 d:- ref:0 ;
in:3827 out:3826 type:P dur:2 cpbdur:2 q:33.24 aq:26.08 tex:27979 mv:9360 misc:1493 imb:533 pmb:615 smb:892 d:- ref:0 ;
in:3826 out:3827 type:b dur:2 cpbdur:2 q:33.25 aq:29.75 tex:2553 mv:3934 misc:1217 imb:38 pmb:322 smb:1680 d:- ref:0 ;
in:3830 out:3828 type:P dur:2 cpbdur:2 q:33.24 aq:26.59 tex:34335 mv:9578 misc:1607 imb:437 pmb:649 smb:954 d:- ref:0 ;
in:3828 out:3829 type:B dur:2 cpbdur:2 q:33.24 aq:29.07 tex:4677 mv:5420 misc:1423 imb:54 pmb:415 smb:1571 d:- ref:0 ;
in:3829 out:3830 type:b dur:2 cpbdur:2 q:33.24 aq:31.33 tex:3060 mv:3653 misc:1119 imb:34 pmb:300 smb:1706 d:- ref:0 ;
in:3834 out:3831 type:P dur:2 cpbdur:2 q:33.24 aq:26.36 tex:36376 mv:10562 misc:1638 imb:472 pmb:683 smb:885 d:- ref:0 ;
in:3832 out:3832 type:B dur:2 cpbdur:2 q:33.24 aq:28.33 tex:7235 mv:6984 misc:1493 imb:70 pmb:478 smb:1492 d:- ref:0 ;
in:3831 out:3833 type:b dur:2 cpbdur:2 q:33.24 aq:28.99 tex:1949 mv:3503 misc:1148 imb:27 pmb:308 smb:1705 d:- ref:0 ;
in:3833 out:3834 type:b dur:2 cpbdur:2 q:33.24 aq:29.39 tex:2682 mv:3710 misc:1176 imb:28 pmb:296 smb:1716 d:- ref:0 ;
in:3838 out:3835 type:P dur:2 cpbdur:2 q:33.23 aq:26.41 tex:34787 mv:10785 misc:1588 imb:485 pmb:667 smb:888 d:- ref:0 ;
in:3836 out:3836 type:B dur:2 cpbdur:2 q:33.24 aq:30.00 tex:6881 mv:6204 misc:1411 imb:47 pmb:459 smb:1534 d:- ref:0 ;
in:3835 out:3837 type:b dur:2 cpbdur:2 q:33.24 aq:29.83 tex:2641 mv:3468 misc:1155 imb:25 pmb:298 smb:1717 d:- ref:0 ;
in:3837 out:3838 type:b dur:2 cpbdur:2 q:33.24 aq:29.62 tex:2329 mv:3811 misc:1116 imb:19 pmb:309 smb:1712 d:- ref:0 ;
in:3842 out:3839 type:P dur:2 cpbdur:2 q:33.23 aq:26.39 tex:33768 mv:11054 misc:1618 imb:508 pmb:670 smb:862 d:- ref:0 ;
in:3840 out:3840 type:B dur:2 cpbdur:2 q:33.23 aq:27.81 tex:6802 mv:6929 misc:1621 imb:65 pmb:516 smb:1459 d:- ref:0 ;
in:3839 out:3841 type:b dur:2 cpbdur:2 q:33.23 aq:29.60 tex:2611 mv:3967 misc:1158 imb:24 pmb:320 smb:1696 d:- ref:0 ;
in:3841 out:3842 type:b dur:2 cpbdur:2 q:33.23 aq:30.27 tex:4084 mv:3760 misc:1148 imb:14 pmb:347 smb:1679 d:- ref:0 ;
in:3846 out:3843 type:P dur:2 cpbdur:2 q:33.21 aq:26.67 tex:60194 mv:11851 misc:1467 imb:628 pmb:682 smb:730 d:- ref:0 ;
in:3844 out:3844 type:B dur:2 cpbdur:2 q:33.22 aq:28.51 tex:7523 mv:7460 misc:1593 imb:43 pmb:538 smb:1459 d:- ref:0 ;
in:3843 out:3845 type:b dur:2 cpbdur:2 q:33.22 aq:29.45 tex:2295 mv:4428 misc:1357 imb:38 pmb:358 smb:1644 d:- ref:0 ;
in:3845 out:3846 type:b dur:2 cpbdur:2 q:33.22 aq:29.71 tex:2390 mv:4072 misc:1250 imb:11 pmb:336 smb:1693 d:- ref:0 ;
in:3850 out:3847 type:P dur:2 cpbdur:2 q:33.22 aq:26.88 tex:46277 mv:12293 misc:1278 imb:693 pmb:656 smb:691 d:- ref:0 ;
in:3848 out:3848 type:B dur:2 cpbdur:2 q:33.21 aq:28.35 tex:8303 mv:8313 misc:1592 imb:117 pmb:512 smb:1411 d:- ref:0 ;
in:3847 out:3849 type:b dur:2 cpbdur:2 q:33.21 aq:30.13 tex:3084 mv:4506 misc:1258 imb:41 pmb:340 smb:1659 d:- ref:0 ;
in:3849 out:3850 type:b dur:2 cpbdur:2 q:33.21 aq:29.27 tex:2116 mv:4037 misc:1271 imb:27 pmb:317 smb:1696 d:- ref:0 ;
in:3854 out:3851 type:P dur:2 cpbdur:2 q:33.22 aq:27.24 tex:41539 mv:10988 misc:1481 imb:556 pmb:653 smb:831 d:- ref:0 ;
in:3852 out:3852 type:B dur:2 cpbdur:2 q:33.22 aq:28.83 tex:7412 mv:7475 misc:1601 imb:76 pmb:534 smb:1430 d:- ref:0 ;
in:3851 out:3853 type:b dur:2 cpbdur:2 q:33.22 aq:31.75 tex:2485 mv:3869 misc:1254 imb:20 pmb:304 smb:1716 d:- ref:0 ;
in:3853 out:3854 type:b dur:2 cpbdur:2 q:33.22 aq:31.61 tex:2030 mv:3455 misc:1123 imb:14 pmb:290 smb:1736 d:- ref:0 ;
in:3858 out:3855 type:P dur:2 cpbdur:2 q:33.22 aq:27.28 tex:43924 mv:11668 misc:1376 imb:617 pmb:661 smb:762 d:- ref:0 ;
in:3856 out:3856 type:B dur:2 cpbdur:2 q:33.22 aq:29.76 tex:6597 mv:7429 misc:1574 imb:69 pmb:493 smb:1478 d:- ref:0 ;
in:3855 out:3857 type:b dur:2 cpbdur:2 q:33.22 aq:31.44 tex:1628 mv:3687 misc:1205 imb:23 pmb:308 smb:1709 d:- ref:0 ;
in:3857 out:3858 type:b dur:2 cpbdur:2 q:33.22 aq:31.68 tex:2104 mv:3240 misc:1184 imb:14 pmb:294 smb:1732 d:- ref:0 ;
in:3862 out:3859 type:P dur:2 cpbdur:2 q:33.21 aq:27.59 tex:40853 mv:11131 misc:1408 imb:474 pmb:693 smb:873 d:- ref:0 ;
in:3860 out:3860 type:B dur:2 cpbdur:2 q:33.21 aq:29.69 tex:7077 mv:7155 misc:1568 imb:54 pmb:546 smb:1440 d:- ref:0 ;
in:3859 out:3861 type:b dur:2 cpbdur:2 q:33.21 aq:32.54 tex:2396 mv:3908 misc:1264 imb:28 pmb:323 smb:1689 d:- ref:0 ;
in:3861 out:3862 type:b dur:2 cpbdur:2 q:33.21 aq:31.99 tex:2554 mv:3546 misc:1148 imb:16 pmb:305 smb:1719 d:- ref:0 ;
in:3864 out:3863 type:P dur:2 cpbdur:2 q:33.20 aq:27.40 tex:27079 mv:9693 misc:1620 imb:364 pmb:714 smb:962 d:- ref:0 ;
in:3863 out:3864 type:b dur:2 cpbdur:2 q:33.21 aq:34.13 tex:1638 mv:3650 misc:1136 imb:16 pmb:311 smb:1713 d:- ref:0 ;
in:3868 out:3865 type:P dur:2 cpbdur:2 q:33.20 aq:26.89 tex:37907 mv:11053 misc:1256 imb:609 pmb:628 smb:803 d:- ref:0 ;
in:3866 out:3866 type:B dur:2 cpbdur:2 q:33.20 aq:30.07 tex:7382 mv:6955 misc:1455 imb:53 pmb:512 smb:1475 d:- ref:0 ;
in:3865 out:3867 type:b dur:2 cpbdur:2 q:33.20 aq:29.95 tex:1470 mv:3560 misc:1146 imb:14 pmb:294 smb:1732 d:- ref:0 ;
in:3867 out:3868 type:b dur:2 cpbdur:2 q:33.20 aq:31.79 tex:2191 mv:3934 misc:1267 imb:30 pmb:330 smb:1680 d:- ref:0 ;
in:3872 out:3869 type:P dur:2 cpbdur:2 q:33.19 aq:27.23 tex:35184 mv:10588 misc:1428 imb:492 pmb:678 smb:870 d:- ref:0 ;
in:3870 out:3870 type:B dur:2 cpbdur:2 q:33.20 aq:28.97 tex:8033 mv:7393 misc:1598 imb:102 pmb:503 smb:1435 d:- ref:0 ;
in:3869 out:3871 type:b dur:2 cpbdur:2 q:33.20 aq:30.03 tex:1960 mv:4564 misc:1340 imb:27 pmb:362 smb:1651 d:- ref:0 ;
in:3871 out:3872 type:b dur:2 cpbdur:2 q:33.19 aq:32.54 tex:2711 mv:4139 misc:1238 imb:29 pmb:351 smb:1660 d:- ref:0 ;
in:3876 out:3873 type:P dur:2 cpbdur:2 q:33.18 aq:27.40 tex:41290 mv:10255 misc:1399 imb:581 pmb:590 smb:869 d:- ref:0 ;
in:3874 out:3874 type:B dur:2 cpbdur:2 q:33.19 aq:30.32 tex:11602 mv:7707 misc:1611 imb:103 pmb:542 smb:1395 d:- ref:0 ;
in:3873 out:3875 type:b dur:2 cpbdur:2 q:33.19 aq:31.59 tex:2385 mv:5087 misc:1312 imb:47 pmb:353 smb:1640 d:- ref:0 ;
in:3875 out:3876 type:b dur:2 cpbdur:2 q:33.18 aq:31.37 tex:3692 mv:4198 misc:1294 imb:46 pmb:339 smb:1655 d:- ref:0 ;
in:3878 out:3877 type:P dur:2 cpbdur:2 q:33.17 aq:27.55 tex:31728 mv:8769 misc:1583 imb:393 pmb:616 smb:1031 d:- ref:0 ;
in:3877 out:3878 type:b dur:2 cpbdur:2 q:33.17 aq:29.79 tex:2935 mv:4293 misc:1236 imb:47 pmb:324 smb:1669 d:- ref:0 ;
in:3882 out:3879 type:P dur:2 cpbdur:2 q:33.17 aq:26.98 tex:35527 mv:9879 misc:1418 imb:566 pmb:569 smb:905 d:- ref:0 ;
in:3880 out:3880 type:B dur:2 cpbdur:2 q:33.17 aq:29.29 tex:9958 mv:7454 misc:1612 imb:100 pmb:517 smb:1423 d:- ref:0 ;
in:3879 out:3881 type:b dur:2 cpbdur:2 q:33.17 aq:31.44 tex:3114 mv:4306 misc:1220 imb:41 pmb:324 smb:1675 d:- ref:0 ;
in:3881 out:3882 type:b dur:2 cpbdur:2 q:33.17 aq:30.64 tex:4201 mv:4728 misc:1335 imb:53 pmb:365 smb:1622 d:- ref:0 ;
in:3884 out:3883 type:P dur:2 cpbdur:2 q:33.17 aq:27.07 tex:31227 mv:7773 misc:1720 imb:311 pmb:590 smb:1139 d:- ref:0 ;
in:3883 out:3884 type:b dur:2 cpbdur:2 q:33.17 aq:30.46 tex:3606 mv:3995 misc:1271 imb:30 pmb:343 smb:1667 d:- ref:0 ;
in:3888 out:3885 type:P dur:2 cpbdur:2 q:33.17 aq:26.23 tex:40296 mv:10008 misc:1696 imb:602 pmb:581 smb:857 d:- ref:0 ;
in:3886 out:3886 type:B dur:2 cpbdur:2 q:33.17 aq:28.36 tex:9550 mv:7163 misc:1615 imb:93 pmb:549 smb:1398 d:- ref:0 ;
in:3885 out:3887 type:b dur:2 cpbdur:2 q:33.17 aq:30.68 tex:4687 mv:3956 misc:1301 imb:41 pmb:360 smb:1639 d:- ref:0 ;
in:3887 out:3888 type:b dur:2 cpbdur:2 q:33.17 aq:31.15 tex:3932 mv:3875 misc:1305 imb:35 pmb:357 smb:1648 d:- ref:0 ;
in:3891 out:3889 type:P dur:2 cpbdur:2 q:33.17 aq:26.79 tex:36038 mv:8733 misc:1653 imb:381 pmb:571 smb:1088 d:- ref:0 ;
in:3889 out:3890 type:B dur:2 cpbdur:2 q:33.17 aq:28.85 tex:5430 mv:5038 misc:1332 imb:55 pmb:384 smb:1601 d:- ref:0 ;
in:3890 out:3891 type:b dur:2 cpbdur:2 q:33.17 aq:31.53 tex:3310 mv:3961 misc:1217 imb:33 pmb:329 smb:1678 d:- ref:0 ;
in:3895 out:3892 type:P dur:2 cpbdur:2 q:33.17 aq:26.57 tex:39876 mv:9971 misc:1609 imb:510 pmb:595 smb:935 d:- ref:0 ;
in:3893 out:3893 type:B dur:2 cpbdur:2 q:33.17 aq:28.69 tex:7774 mv:7245 misc:1621 imb:86 pmb:512 smb:1442 d:- ref:0 ;
in:3892 out:3894 type:b dur:2 cpbdur:2 q:33.17 aq:29.47 tex:3837 mv:4326 misc:1397 imb:46 pmb:364 smb:1630 d:- ref:0 ;
in:3894 out:3895 type:b dur:2 cpbdur:2 q:33.17 aq:30.09 tex:2475 mv:4215 misc:1334 imb:26 pmb:363 smb:1651 d:- ref:0 ;
in:3899 out:3896 type:P dur:2 cpbdur:2 q:33.16 aq:25.97 tex:36446 mv:9816 misc:1666 imb:478 pmb:617 smb:945 d:- ref:0 ;
in:3897 out:3897 type:B dur:2 cpbdur:2 q:33.16 aq:28.34 tex:8125 mv:7329 misc:1578 imb:86 pmb:523 smb:1431 d:- ref:0 ;
in:3896 out:3898 type:b dur:2 cpbdur:2 q:33.17 aq:29.19 tex:2870 mv:4649 misc:1329 imb:42 pmb:358 smb:1640 d:- ref:0 ;
in:3898 out:3899 type:b dur:2 cpbdur:2 q:33.16 aq:29.93 tex:2272 mv:4105 misc:1247 imb:32 pmb:331 smb:1677 d:- ref:0 ;
in:3903 out:3900 type:P dur:2 cpbdur:2 q:33.15 aq:26.73 tex:31404 mv:9420 misc:1592 imb:404 pmb:619 smb:1017 d:- ref:0 ;
in:3901 out:3901 type:B dur:2 cpbdur:2 q:33.16 aq:28.90 tex:6413 mv:6526 misc:1565 imb:62 pmb:488 smb:1490 d:- ref:0 ;
in:3900 out:3902 type:b dur:2 cpbdur:2 q:33.16 aq:29.92 tex:2806 mv:4070 misc:1228 imb:42 pmb:308 smb:1690 d:- ref:0 ;
in:3902 out:3903 type:b dur:2 cpbdur:2 q:33.15 aq:29.04 tex:2319 mv:3830 misc:1235 imb:37 pmb:305 smb:1698 d:- ref:0 ;
in:3906 out:3904 type:P dur:2 cpbdur:2 q:33.14 aq:26.95 tex:26637 mv:8676 misc:1599 imb:341 pmb:620 smb:1079 d:- ref:0 ;
in:3904 out:3905 type:B dur:2 cpbdur:2 q:33.15 aq:29.11 tex:3516 mv:4903 misc:1365 imb:27 pmb:389 smb:1624 d:- ref:0 ;
in:3905 out:3906 type:b dur:2 cpbdur:2 q:33.14 aq:30.69 tex:1750 mv:3613 misc:1189 imb:17 pmb:291 smb:1732 d:- ref:0 ;
in:3907 out:3907 type:I dur:2 cpbdur:2 q:30.26 aq:23.61 tex:137838 mv:26916 misc:470 imb:2040 pmb:0 smb:0 d:- ref:;
in:3911 out:3908 type:P dur:2 cpbdur:2 q:33.22 aq:26.98 tex:24781 mv:7207 misc:1476 imb:219 pmb:513 smb:1308 d:- ref:0 ;
in:3909 out:3909 type:B dur:2 cpbdur:2 q:33.22 aq:31.70 tex:2729 mv:4873 misc:1158 imb:23 pmb:350 smb:1667 d:- ref:0 ;
in:3908 out:3910 type:b dur:2 cpbdur:2 q:33.22 aq:32.11 tex:1832 mv:3397 misc:1067 imb:9 pmb:276 smb:1755 d:- ref:0 ;
in:3910 out:3911 type:b dur:2 cpbdur:2 q:33.22 aq:29.16 tex:1293 mv:3275 misc:1080 imb:12 pmb:278 smb:1750 d:- ref:0 ;
in:3915 out:3912 type:P dur:2 cpbdur:2 q:33.20 aq:26.55 tex:28095 mv:8635 misc:1446 imb:372 pmb:582 smb:1086 d:- ref:0 ;
in:3913 out:3913 type:B dur:2 cpbdur:2 q:33.21 aq:27.95 tex:6472 mv:6054 misc:1546 imb:56 pmb:469 smb:1515 d:- ref:0 ;
in:3912 out:3914 type:b dur:2 cpbdur:2 q:33.22 aq:30.57 tex:1755 mv:3252 misc:1081 imb:19 pmb:255 smb:1766 d:- ref:0 ;
in:3914 out:3915 type:b dur:2 cpbdur:2 q:33.21 aq:30.99 tex:1623 mv:2820 misc:1037 imb:17 pmb:238 smb:1785 d:- ref:0 ;
in:3919 out:3916 type:P dur:2 cpbdur:2 q:33.17 aq:26.41 tex:26816 mv:8571 misc:1565 imb:390 pmb:578 smb:1072 d:- ref:0 ;
in:3917 out:3917 type:B dur:2 cpbdur:2 q:33.19 aq:28.33 tex:5914 mv:5711 misc:1423 imb:55 pmb:412 smb:1573 d:- ref:0 ;
in:3916 out:3918 type:b dur:2 cpbdur:2 q:33.19 aq:28.27 tex:1833 mv:2972 misc:1075 imb:19 pmb:239 smb:1782 d:- ref:0 ;
in:3918 out:3919 type:b dur:2 cpbdur:2 q:33.18 aq:29.41 tex:1851 mv:2988 misc:1129 imb:17 pmb:265 smb:1758 d:- ref:0 ;
in:3923 out:3920 type:P dur:2 cpbdur:2 q:33.15 aq:26.39 tex:24748 mv:8191 misc:1645 imb:356 pmb:559 smb:1125 d:- ref:0 ;
in:3921 out:3921 type:B dur:2 cpbdur:2 q:33.16 aq:28.10 tex:4108 mv:5177 misc:1491 imb:42 pmb:401 smb:1597 d:- ref:0 ;
in:3920 out:3922 type:b dur:2 cpbdur:2 q:33.17 aq:28.53 tex:1347 mv:2676 misc:1081 imb:24 pmb:223 smb:1793 d:- ref:0 ;
in:3922 out:3923 type:b dur:2 cpbdur:2 q:33.16 aq:30.77 tex:1181 mv:2206 misc:989 imb:5 pmb:215 smb:1820 d:- ref:0 ;
in:3925 out:3924 type:P dur:2 cpbdur:2 q:33.13 aq:26.12 tex:16649 mv:6345 misc:1646 imb:222 pmb:517 smb:1301 d:- ref:0 ;
in:3924 out:3925 type:b dur:2 cpbdur:2 q:33.14 aq:30.84 tex:1238 mv:2239 misc:931 imb:8 pmb:192 smb:1840 d:- ref:0 ;
in:3929 out:3926 type:P dur:2 cpbdur:2 q:33.12 aq:25.52 tex:22704 mv:8550 misc:1666 imb:403 pmb:576 smb:1061 d:- ref:0 ;
in:3927 out:3927 type:B dur:2 cpbdur:2 q:33.12 aq:27.98 tex:3712 mv:4806 misc:1434 imb:37 pmb:378 smb:1625 d:- ref:0 ;
in:3926 out:3928 type:b dur:2 cpbdur:2 q:33.13 aq:27.12 tex:1772 mv:2392 misc:964 imb:15 pmb:208 smb:1817 d:- ref:0 ;
in:3928 out:3929 type:b dur:2 cpbdur:2 q:33.12 aq:28.41 tex:1288 mv:2082 misc:990 imb:18 pmb:188 smb:1834 d:- ref:0 ;
in:3933 out:3930 type:P dur:2 cpbdur:2 q:33.09 aq:25.66 tex:22456 mv:7866 misc:1622 imb:311 pmb:556 smb:1173 d:- ref:0 ;
in:3931 out:3931 type:B dur:2 cpbdur:2 q:33.10 aq:27.67 tex:4061 mv:4612 misc:1383 imb:44 pmb:343 smb:1653 d:- ref:0 ;
in:3930 out:3932 type:b dur:2 cpbdur:2 q:33.11 aq:28.83 tex:1123 mv:2018 misc:939 imb:22 pmb:172 smb:1846 d:- ref:0 ;
in:3932 out:3933 type:b dur:2 cpbdur:2 q:33.10 aq:30.44 tex:974 mv:1877 misc:837 imb:18 pmb:159 smb:1863 d:- ref:0 ;
in:3937 out:3934 type:P dur:2 cpbdur:2 q:33.06 aq:26.18 tex:28108 mv:8833 misc:1667 imb:486 pmb:537 smb:1017 d:- ref:0 ;
in:3935 out:3935 type:B dur:2 cpbdur:2 q:33.07 aq:28.61 tex:5081 mv:5030 misc:1385 imb:55 pmb:380 smb:1605 d:- ref:0 ;
in:3934 out:3936 type:b dur:2 cpbdur:2 q:33.08 aq:28.90 tex:1320 mv:2233 misc:911 imb:20 pmb:177 smb:1843 d:- ref:0 ;
in:3936 out:3937 type:b dur:2 cpbdur:2 q:33.07 aq:29.07 tex:1650 mv:2588 misc:882 imb:51 pmb:179 smb:1810 d:- ref:0 ;
in:3941 out:3938 type:P dur:2 cpbdur:2 q:33.03 aq:26.61 tex:27042 mv:8647 misc:1695 imb:430 pmb:543 smb:1067 d:- ref:0 ;
in:3939 out:3939 type:B dur:2 cpbdur:2 q:33.05 aq:29.68 tex:4857 mv:5028 misc:1371 imb:69 pmb:363 smb:1608 d:- ref:0 ;
in:3938 out:3940 type:b dur:2 cpbdur:2 q:33.05 aq:29.19 tex:1177 mv:2203 misc:900 imb:22 pmb:168 smb:1850 d:- ref:0 ;
in:3940 out:3941 type:b dur:2 cpbdur:2 q:33.04 aq:27.90 tex:1091 mv:2179 misc:882 imb:15 pmb:178 smb:1847 d:- ref:0 ;
in:3945 out:3942 type:P dur:2 cpbdur:2 q:33.01 aq:26.40 tex:28662 mv:8537 misc:1681 imb:358 pmb:559 smb:1123 d:- ref:0 ;
in:3943 out:3943 type:B dur:2 cpbdur:2 q:33.02 aq:28.44 tex:4836 mv:5033 misc:1475 imb:43 pmb:422 smb:1575 d:- ref:0 ;
in:3942 out:3944 type:b dur:2 cpbdur:2 q:33.02 aq:26.12 tex:1115 mv:2183 misc:926 imb:18 pmb:187 smb:1835 d:- ref:0 ;
in:3944 out:3945 type:b dur:2 cpbdur:2 q:33.01 aq:28.92 tex:1566 mv:2487 misc:843 imb:13 pmb:194 smb:1833 d:- ref:0 ;
in:3947 out:3946 type:P dur:2 cpbdur:2 q:32.99 aq:25.99 tex:22240 mv:7186 misc:1694 imb:247 pmb:576 smb:1217 d:- ref:0 ;
in:3946 out:3947 type:b dur:2 cpbdur:2 q:33.00 aq:27.78 tex:1959 mv:2292 misc:821 imb:15 pmb:183 smb:1842 d:- ref:0 ;
in:3951 out:3948 type:P dur:2 cpbdur:2 q:32.98 aq:26.26 tex:25667 mv:8578 misc:1635 imb:370 pmb:588 smb:1082 d:- ref:0 ;
in:3949 out:3949 type:B dur:2 cpbdur:2 q:32.98 aq:26.50 tex:5541 mv:4944 misc:1403 imb:45 pmb:378 smb:1617 d:- ref:0 ;
in:3948 out:3950 type:b dur:2 cpbdur:2 q:32.98 aq:26.77 tex:1230 mv:2635 misc:943 imb:21 pmb:208 smb:1811 d:- ref:0 ;
in:3950 out:3951 type:b dur:2 cpbdur:2 q:32.98 aq:27.03 tex:1456 mv:2170 misc:902 imb:14 pmb:190 smb:1836 d:- ref:0 ;
in:3955 out:3952 type:P dur:2 cpbdur:2 q:32.95 aq:26.02 tex:24251 mv:8881 misc:1740 imb:348 pmb:629 smb:1063 d:- ref:0 ;
in:3953 out:3953 type:B dur:2 cpbdur:2 q:32.97 aq:26.56 tex:4406 mv:5082 misc:1464 imb:53 pmb:389 smb:1598 d:- ref:0 ;
in:3952 out:3954 type:b dur:2 cpbdur:2 q:32.97 aq:26.58 tex:1605 mv:2475 misc:928 imb:24 pmb:201 smb:1815 d:- ref:0 ;
in:3954 out:3955 type:b dur:2 cpbdur:2 q:32.96 aq:27.03 tex:1938 mv:2582 misc:1008 imb:18 pmb:230 smb:1792 d:- ref:0 ;
in:3959 out:3956 type:P dur:2 cpbdur:2 q:32.93 aq:25.98 tex:24133 mv:8392 misc:1667 imb:342 pmb:575 smb:1123 d:- ref:0 ;
in:3957 out:3957 type:B dur:2 cpbdur:2 q:32.94 aq:25.88 tex:5262 mv:5730 misc:1456 imb:45 pmb:421 smb:1574 d:- ref:0 ;
in:3956 out:3958 type:b dur:2 cpbdur:2 q:32.95 aq:26.66 tex:1598 mv:2767 misc:923 imb:17 pmb:216 smb:1807 d:- ref:0 ;
in:3958 out:3959 type:b dur:2 cpbdur:2 q:32.93 aq:25.40 tex:1815 mv:3306 misc:1015 imb:23 pmb:247 smb:1770 d:- ref:0 ;
in:3963 out:3960 type:P dur:2 cpbdur:2 q:32.90 aq:26.68 tex:25878 mv:9393 misc:1721 imb:413 pmb:609 smb:1018 d:- ref:0 ;
in:3961 out:3961 type:B dur:2 cpbdur:2 q:32.91 aq:25.73 tex:7970 mv:6405 misc:1785 imb:112 pmb:517 smb:1411 d:- ref:0 ;
in:3960 out:3962 type:b dur:2 cpbdur:2 q:32.92 aq:28.17 tex:2024 mv:2810 misc:942 imb:14 pmb:230 smb:1796 d:- ref:0 ;
in:3962 out:3963 type:b dur:2 cpbdur:2 q:32.91 aq:28.74 tex:2696 mv:3110 misc:978 imb:21 pmb:259 smb:1760 d:- ref:0 ;
in:3967 out:3964 type:P dur:2 cpbdur:2 q:32.88 aq:26.17 tex:28661 mv:9509 misc:1710 imb:442 pmb:580 smb:1018 d:- ref:0 ;
in:3965 out:3965 type:B dur:2 cpbdur:2 q:32.89 aq:26.94 tex:7082 mv:6351 misc:1543 imb:48 pmb:492 smb:1500 d:- ref:0 ;
in:3964 out:3966 type:b dur:2 cpbdur:2 q:32.89 aq:27.45 tex:2799 mv:3420 misc:1077 imb:22 pmb:287 smb:1731 d:- ref:0 ;
in:3966 out:3967 type:b dur:2 cpbdur:2 q:32.88 aq:27.85 tex:3275 mv:3181 misc:1168 imb:20 pmb:309 smb:1711 d:- ref:0 ;
in:3971 out:3968 type:P dur:2 cpbdur:2 q:32.86 aq:26.51 tex:32916 mv:9595 misc:1649 imb:505 pmb:548 smb:987 d:- ref:0 ;
in:3969 out:3969 type:B dur:2 cpbdur:2 q:32.87 aq:26.54 tex:8660 mv:7182 misc:1598 imb:71 pmb:523 smb:1446 d:- ref:0 ;
in:3968 out:3970 type:b dur:2 cpbdur:2 q:32.87 aq:27.38 tex:2919 mv:3505 misc:1176 imb:25 pmb:299 smb:1716 d:- ref:0 ;
in:3970 out:3971 type:b dur:2 cpbdur:2 q:32.86 aq:25.70 tex:2939 mv:3522 misc:1131 imb:20 pmb:295 smb:1725 d:- ref:0 ;
in:3973 out:3972 type:P dur:2 cpbdur:2 q:32.84 aq:26.72 tex:21942 mv:8233 misc:1617 imb:351 pmb:550 smb:1139 d:- ref:0 ;
in:3972 out:3973 type:b dur:2 cpbdur:2 q:32.85 aq:27.09 tex:2904 mv:3933 misc:1091 imb:35 pmb:293 smb:1712 d:- ref:0 ;
in:3977 out:3974 type:P dur:2 cpbdur:2 q:32.84 aq:26.64 tex:38924 mv:9818 misc:1658 imb:572 pmb:511 smb:957 d:- ref:0 ;
in:3975 out:3975 type:B dur:2 cpbdur:2 q:32.84 aq:26.62 tex:11240 mv:7717 misc:1435 imb:96 pmb:514 smb:1430 d:- ref:0 ;
in:3974 out:3976 type:b dur:2 cpbdur:2 q:32.84 aq:28.90 tex:3652 mv:4149 misc:1127 imb:32 pmb:312 smb:1696 d:- ref:0 ;
in:3976 out:3977 type:b dur:2 cpbdur:2 q:32.84 aq:28.44 tex:3975 mv:4141 misc:1172 imb:22 pmb:341 smb:1677 d:- ref:0 ;
in:3981 out:3978 type:P dur:2 cpbdur:2 q:32.83 aq:27.20 tex:62952 mv:11909 misc:1411 imb:788 pmb:520 smb:732 d:- ref:0 ;
in:3979 out:3979 type:B dur:2 cpbdur:2 q:32.84 aq:26.95 tex:12697 mv:7982 misc:1569 imb:125 pmb:519 smb:1396 d:- ref:0 ;
in:3978 out:3980 type:b dur:2 cpbdur:2 q:32.84 aq:28.21 tex:4162 mv:4590 misc:1256 imb:43 pmb:361 smb:1636 d:- ref:0 ;
in:3980 out:3981 type:b dur:2 cpbdur:2 q:32.83 aq:29.28 tex:4332 mv:4885 misc:1303 imb:45 pmb:401 smb:1594 d:- ref:0 ;
in:3985 out:3982 type:P dur:2 cpbdur:2 q:32.83 aq:27.76 tex:46700 mv:12170 misc:1266 imb:742 pmb:613 smb:685 d:- ref:0 ;
in:3983 out:3983 type:B dur:2 cpbdur:2 q:32.83 aq:28.68 tex:12050 mv:8646 misc:1552 imb:118 pmb:554 smb:1368 d:- ref:0 ;
in:3982 out:3984 type:b dur:2 cpbdur:2 q:32.83 aq:28.37 tex:4524 mv:4619 misc:1273 imb:63 pmb:346 smb:1631 d:- ref:0 ;
in:3984 out:3985 type:b dur:2 cpbdur:2 q:32.83 aq:29.77 tex:5398 mv:4804 misc:1350 imb:47 pmb:385 smb:1608 d:- ref:0 ;
in:3989 out:3986 type:P dur:2 cpbdur:2 q:32.85 aq:28.03 tex:38880 mv:12455 misc:1313 imb:779 pmb:605 smb:656 d:- ref:0 ;
in:3987 out:3987 type:B dur:2 cpbdur:2 q:32.84 aq:29.02 tex:10720 mv:8878 misc:1690 imb:125 pmb:623 smb:1292 d:- ref:0 ;
in:3986 out:3988 type:b dur:2 cpbdur:2 q:32.84 aq:28.86 tex:4212 mv:5207 misc:1397 imb:42 pmb:422 smb:1576 d:- ref:0 ;
in:3988 out:3989 type:b dur:2 cpbdur:2 q:32.84 aq:29.43 tex:3993 mv:5296 misc:1487 imb:42 pmb:458 smb:1540 d:- ref:0 ;
in:3991 out:3990 type:P dur:2 cpbdur:2 q:32.85 aq:28.08 tex:23510 mv:10216 misc:1610 imb:583 pmb:623 smb:834 d:- ref:0 ;
in:3990 out:3991 type:b dur:2 cpbdur:2 q:32.85 aq:29.89 tex:4962 mv:5013 misc:1345 imb:40 pmb:391 smb:1609 d:- ref:0 ;
in:3995 out:3992 type:P dur:2 cpbdur:2 q:32.85 aq:28.09 tex:43695 mv:12870 misc:1115 imb:971 pmb:537 smb:532 d:- ref:0 ;
in:3993 out:3993 type:B dur:2 cpbdur:2 q:32.85 aq:28.13 tex:13478 mv:9530 misc:1880 imb:170 pmb:666 smb:1204 d:- ref:0 ;
in:3992 out:3994 type:b dur:2 cpbdur:2 q:32.85 aq:29.00 tex:5433 mv:5175 misc:1560 imb:61 pmb:431 smb:1548 d:- ref:0 ;
in:3994 out:3995 type:b dur:2 cpbdur:2 q:32.85 aq:29.46 tex:8003 mv:5932 misc:1609 imb:84 pmb:488 smb:1468 d:- ref:0 ;
in:3998 out:3996 type:P dur:2 cpbdur:2 q:32.85 aq:27.66 tex:35491 mv:13235 misc:978 imb:1200 pmb:504 smb:336 d:- ref:0 ;
in:3996 out:3997 type:B dur:2 cpbdur:2 q:32.85 aq:28.52 tex:11002 mv:7549 misc:1769 imb:139 pmb:551 smb:1350 d:- ref:0 ;
in:3997 out:3998 type:b dur:2 cpbdur:2 q:32.85 aq:29.19 tex:6086 mv:6829 misc:1693 imb:143 pmb:455 smb:1442 d:- ref:0 ;
in:4002 out:3999 type:P dur:2 cpbdur:2 q:32.86 aq:27.52 tex:38279 mv:13333 misc:684 imb:1432 pmb:427 smb:181 d:- ref:0 ;
in:4000 out:4000 type:B dur:2 cpbdur:2 q:32.86 aq:28.08 tex:12734 mv:11741 misc:1949 imb:414 pmb:596 smb:1030 d:- ref:0 ;
in:3999 out:4001 type:b dur:2 cpbdur:2 q:32.86 aq:28.92 tex:6792 mv:7347 misc:1733 imb:164 pmb:443 smb:1433 d:- ref:0 ;
in:4001 out:4002 type:b dur:2 cpbdur:2 q:32.86 aq:28.94 tex:6938 mv:6729 misc:1669 imb:147 pmb:440 smb:1453 d:- ref:0 ;
in:4004 out:4003 type:P dur:2 cpbdur:2 q:32.87 aq:27.35 tex:23802 mv:11586 misc:1164 imb:1068 pmb:558 smb:414 d:- ref:0 ;
in:4003 out:4004 type:b dur:2 cpbdur:2 q:32.87 aq:29.40 tex:6486 mv:5122 misc:1400 imb:114 pmb:342 smb:1584 d:- ref:0 ;
in:4006 out:4005 type:P dur:2 cpbdur:2 q:32.87 aq:27.66 tex:20823 mv:8303 misc:1546 imb:461 pmb:534 smb:1045 d:- ref:0 ;
in:4005 out:4006 type:b dur:2 cpbdur:2 q:32.87 aq:29.16 tex:5751 mv:6140 misc:1629 imb:110 pmb:448 smb:1482 d:- ref:0 ;
in:4009 out:4007 type:P dur:2 cpbdur:2 q:32.89 aq:27.64 tex:26383 mv:10654 misc:1443 imb:807 pmb:472 smb:761 d:- ref:0 ;
in:4007 out:4008 type:B dur:2 cpbdur:2 q:32.88 aq:30.12 tex:7071 mv:5436 misc:1365 imb:52 pmb:424 smb:1564 d:- ref:0 ;
in:4008 out:4009 type:b dur:2 cpbdur:2 q:32.88 aq:30.14 tex:5401 mv:5063 misc:1352 imb:42 pmb:402 smb:1596 d:- ref:0 ;
in:4011 out:4010 type:P dur:2 cpbdur:2 q:32.89 aq:28.07 tex:22849 mv:10771 misc:1284 imb:890 pmb:474 smb:676 d:- ref:0 ;
in:4010 out:4011 type:b dur:2 cpbdur:2 q:32.89 aq:30.40 tex:6467 mv:5452 misc:1361 imb:61 pmb:429 smb:1550 d:- ref:0 ;
in:4012 out:4012 type:P dur:2 cpbdur:2 q:32.89 aq:27.64 tex:19182 mv:9537 misc:1625 imb:561 pmb:576 smb:903 d:- ref:0 ;
in:4016 out:4013 type:P dur:2 cpbdur:2 q:32.89 aq:28.39 tex:35937 mv:11478 misc:713 imb:1467 pmb:273 smb:300 d:- ref:0 ;
in:4014 out:4014 type:B dur:2 cpbdur:2 q:32.89 aq:28.10 tex:18554 mv:12248 misc:1734 imb:392 pmb:707 smb:941 d:- ref:0 ;
in:4013 out:4015 type:b dur:2 cpbdur:2 q:32.89 aq:28.79 tex:8245 mv:7862 misc:1581 imb:136 pmb:496 smb:1408 d:- ref:0 ;
in:4015 out:4016 type:b dur:2 cpbdur:2 q:32.89 aq:29.49 tex:10804 mv:8778 misc:1730 imb:225 pmb:581 smb:1234 d:- ref:0 ;
in:4018 out:4017 type:P dur:2 cpbdur:2 q:32.87 aq:29.03 tex:30756 mv:10417 misc:987 imb:1280 pmb:289 smb:471 d:- ref:0 ;
in:4017 out:4018 type:b dur:2 cpbdur:2 q:32.88 aq:29.60 tex:16601 mv:11448 misc:1503 imb:443 pmb:632 smb:965 d:- ref:0 ;
in:4019 out:4019 type:P dur:2 cpbdur:2 q:32.87 aq:28.40 tex:52357 mv:11623 misc:340 imb:1835 pmb:178 smb:27 d:- ref:0 ;
in:4020 out:4020 type:I dur:2 cpbdur:2 q:29.96 aq:22.58 tex:94564 mv:26474 misc:466 imb:2040 pmb:0 smb:0 d:- ref:;
in:4022 out:4021 type:P dur:2 cpbdur:2 q:32.96 aq:27.93 tex:9600 mv:4061 misc:1451 imb:146 pmb:345 smb:1549 d:- ref:0 ;
in:4021 out:4022 type:b dur:2 cpbdur:2 q:32.96 aq:31.00 tex:3114 mv:2618 misc:1076 imb:14 pmb:261 smb:1765 d:- ref:0 ;
in:4024 out:4023 type:P dur:2 cpbdur:2 q:32.98 aq:27.23 tex:11271 mv:4751 misc:1402 imb:132 pmb:429 smb:1479 d:- ref:0 ;
in:4023 out:4024 type:b dur:2 cpbdur:2 q:32.97 aq:32.34 tex:2865 mv:2561 misc:1094 imb:12 pmb:261 smb:1767 d:- ref:0 ;
in:4025 out:4025 type:P dur:2 cpbdur:2 q:33.01 aq:26.25 tex:9768 mv:4047 misc:1385 imb:129 pmb:399 smb:1512 d:- ref:0 ;
in:4027 out:4026 type:P dur:2 cpbdur:2 q:33.03 aq:26.85 tex:14017 mv:5194 misc:1341 imb:142 pmb:487 smb:1411 d:- ref:0 ;
in:4026 out:4027 type:b dur:2 cpbdur:2 q:33.02 aq:30.85 tex:2664 mv:2967 misc:1169 imb:14 pmb:290 smb:1736 d:- ref:0 ;
in:4028 out:4028 type:P dur:2 cpbdur:2 q:33.02 aq:27.54 tex:12891 mv:4639 misc:1294 imb:119 pmb:488 smb:1433 d:- ref:0 ;
in:4029 out:4029 type:P dur:2 cpbdur:2 q:33.01 aq:27.94 tex:10678 mv:4453 misc:1373 imb:118 pmb:448 smb:1474 d:- ref:0 ;
in:4030 out:4030 type:P dur:2 cpbdur:2 q:33.00 aq:26.40 tex:13369 mv:5085 misc:1458 imb:167 pmb:515 smb:1358 d:- ref:0 ;
in:4032 out:4031 type:P dur:2 cpbdur:2 q:32.98 aq:25.91 tex:17798 mv:6481 misc:1609 imb:232 pmb:570 smb:1238 d:- ref:0 ;
in:4031 out:4032 type:b dur:2 cpbdur:2 q:32.99 aq:29.64 tex:2589 mv:3214 misc:1229 imb:11 pmb:301 smb:1728 d:- ref:0 ;
in:4034 out:4033 type:P dur:2 cpbdur:2 q:32.95 aq:27.22 tex:17466 mv:6508 misc:1362 imb:193 pmb:596 smb:1251 d:- ref:0 ;
in:4033 out:4034 type:b dur:2 cpbdur:2 q:32.97 aq:31.74 tex:2206 mv:3416 misc:1170 imb:9 pmb:304 smb:1727 d:- ref:0 ;
in:4036 out:4035 type:P dur:2 cpbdur:2 q:32.93 aq:26.68 tex:17324 mv:6862 misc:1414 imb:225 pmb:614 smb:1201 d:- ref:0 ;
in:4035 out:4036 type:b dur:2 cpbdur:2 q:32.94 aq:28.58 tex:2590 mv:3457 misc:1225 imb:15 pmb:315 smb:1710 d:- ref:0 ;
in:4038 out:4037 type:P dur:2 cpbdur:2 q:32.92 aq:27.58 tex:18457 mv:6892 misc:1467 imb:215 pmb:624 smb:1201 d:- ref:0 ;
in:4037 out:4038 type:b dur:2 cpbdur:2 q:32.93 aq:28.71 tex:2709 mv:3711 misc:1252 imb:17 pmb:322 smb:1701 d:- ref:0 ;
in:4040 out:4039 type:P dur:2 cpbdur:2 q:32.91 aq:27.09 tex:21176 mv:7726 misc:1562 imb:267 pmb:644 smb:1129 d:- ref:0 ;
in:4039 out:4040 type:b dur:2 cpbdur:2 q:32.92 aq:30.00 tex:3584 mv:4180 misc:1308 imb:23 pmb:354 smb:1663 d:- ref:0 ;
in:4041 out:4041 type:P dur:2 cpbdur:2 q:32.90 aq:27.40 tex:11153 mv:5392 misc:1551 imb:166 pmb:530 smb:1344 d:- ref:0 ;
in:4044 out:4042 type:P dur:2 cpbdur:2 q:32.90 aq:26.84 tex:22802 mv:9250 misc:1340 imb:393 pmb:664 smb:983 d:- ref:0 ;
in:4042 out:4043 type:B dur:2 cpbdur:2 q:32.90 aq:29.54 tex:3948 mv:4732 misc:1424 imb:29 pmb:408 smb:1603 d:- ref:0 ;
in:4043 out:4044 type:b dur:2 cpbdur:2 q:32.90 aq:30.17 tex:2843 mv:3708 misc:1265 imb:24 pmb:309 smb:1707 d:- ref:0 ;
in:4048 out:4045 type:P dur:2 cpbdur:2 q:32.88 aq:26.75 tex:37518 mv:10478 misc:1156 imb:592 pmb:569 smb:879 d:- ref:0 ;
in:4046 out:4046 type:B dur:2 cpbdur:2 q:32.89 aq:28.36 tex:7289 mv:7216 misc:1687 imb:73 pmb:522 smb:1445 d:- ref:0 ;
in:4045 out:4047 type:b dur:2 cpbdur:2 q:32.89 aq:29.48 tex:3360 mv:4174 misc:1330 imb:25 pmb:357 smb:1658 d:- ref:0 ;
in:4047 out:4048 type:b dur:2 cpbdur:2 q:32.89 aq:29.48 tex:2538 mv:3906 misc:1332 imb:30 pmb:330 smb:1680 d:- ref:0 ;
in:4052 out:4049 type:P dur:2 cpbdur:2 q:32.88 aq:26.89 tex:34829 mv:11406 misc:1269 imb:620 pmb:656 smb:764 d:- ref:0 ;
in:4050 out:4050 type:B dur:2 cpbdur:2 q:32.88 aq:27.52 tex:7049 mv:7323 misc:1676 imb:70 pmb:552 smb:1418 d:- ref:0 ;
in:4049 out:4051 type:b dur:2 cpbdur:2 q:32.88 aq:28.83 tex:2357 mv:3677 misc:1254 imb:21 pmb:317 smb:1702 d:- ref:0 ;
in:4051 out:4052 type:b dur:2 cpbdur:2 q:32.88 aq:28.04 tex:2348 mv:3760 misc:1308 imb:23 pmb:330 smb:1687 d:- ref:0 ;
in:4056 out:4053 type:P dur:2 cpbdur:2 q:32.86 aq:26.81 tex:32549 mv:11930 misc:1369 imb:644 pmb:682 smb:714 d:- ref:0 ;
in:4054 out:4054 type:B dur:2 cpbdur:2 q:32.87 aq:27.83 tex:8215 mv:7572 misc:1725 imb:67 pmb:621 smb:1352 d:- ref:0 ;
in:4053 out:4055 type:b dur:2 cpbdur:2 q:32.87 aq:29.68 tex:2809 mv:3919 misc:1320 imb:24 pmb:341 smb:1675 d:- ref:0 ;
in:4055 out:4056 type:b dur:2 cpbdur:2 q:32.86 aq:31.05 tex:3579 mv:3941 misc:1328 imb:23 pmb:366 smb:1651 d:- ref:0 ;
in:4060 out:4057 type:P dur:2 cpbdur:2 q:32.85 aq:28.28 tex:65135 mv:14961 misc:624 imb:1392 pmb:512 smb:136 d:- ref:0 ;
in:4058 out:4058 type:B dur:2 cpbdur:2 q:32.86 aq:27.70 tex:12477 mv:11940 misc:1807 imb:260 pmb:793 smb:987 d:- ref:0 ;
in:4057 out:4059 type:b dur:2 cpbdur:2 q:32.86 aq:28.99 tex:3418 mv:4059 misc:1363 imb:44 pmb:336 smb:1660 d:- ref:0 ;
in:4059 out:4060 type:b dur:2 cpbdur:2 q:32.85 aq:28.58 tex:6562 mv:6185 misc:1709 imb:145 pmb:442 smb:1453 d:- ref:0 ;
in:4063 out:4061 type:P dur:2 cpbdur:2 q:32.86 aq:27.53 tex:275468 mv:15943 misc:301 imb:1630 pmb:407 smb:3 d:- ref:0 w:5,45,6,6,96,-69,63,5 ;
in:4061 out:4062 type:B dur:2 cpbdur:2 q:32.85 aq:29.19 tex:27225 mv:7913 misc:1766 imb:307 pmb:759 smb:974 d:- ref:0 ;
in:4062 out:4063 type:b dur:2 cpbdur:2 q:32.86 aq:30.45 tex:6015 mv:3022 misc:1075 imb:39 pmb:245 smb:1756 d:- ref:0 ;
in:4065 out:4064 type:P dur:2 cpbdur:2 q:32.99 aq:26.70 tex:166139 mv:13469 misc:696 imb:675 pmb:1270 smb:95 d:- ref:0 w:6,77,-3,5,41,-38,41,-34 ;
in:4064 out:4065 type:b dur:2 cpbdur:2 q:32.93 aq:30.32 tex:2894 mv:1158 misc:788 imb:16 pmb:152 smb:1872 d:- ref:0 ;
in:4069 out:4066 type:P dur:2 cpbdur:2 q:33.04 aq:26.16 tex:126012 mv:11296 misc:1044 imb:372 pmb:1418 smb:250 d:- ref:0 w:6,67,0,6,69,-10,70,-12 ;
in:4067 out:4067 type:B dur:2 cpbdur:2 q:33.01 aq:28.04 tex:2294 mv:1969 misc:1273 imb:12 pmb:304 smb:1724 d:- ref:0 ;
in:4066 out:4068 type:b dur:2 cpbdur:2 q:33.00 aq:27.92 tex:320 mv:179 misc:365 imb:2 pmb:34 smb:2004 d:- ref:0 ;
in:4068 out:4069 type:b dur:2 cpbdur:2 q:33.03 aq:27.67 tex:244 mv:55 misc:277 imb:1 pmb:18 smb:2021 d:- ref:0 ;
in:4073 out:4070 type:P dur:2 cpbdur:2 q:33.18 aq:26.31 tex:70030 mv:7110 misc:1564 imb:104 pmb:1283 smb:653 d:- ref:0 ;
in:4071 out:4071 type:B dur:2 cpbdur:2 q:33.11 aq:28.44 tex:1058 mv:877 misc:697 imb:5 pmb:108 smb:1927 d:- ref:0 ;
in:4070 out:4072 type:b dur:2 cpbdur:2 q:33.07 aq:33.19 tex:95 mv:67 misc:262 imb:0 pmb:15 smb:2025 d:- ref:0 ;
in:4072 out:4073 type:b dur:2 cpbdur:2 q:33.14 aq:32.48 tex:53 mv:36 misc:207 imb:0 pmb:6 smb:2034 d:- ref:0 ;
in:4077 out:4074 type:P dur:2 cpbdur:2 q:33.20 aq:26.20 tex:61776 mv:6030 misc:1682 imb:62 pmb:1208 smb:770 d:- ref:0 ;
in:4075 out:4075 type:B dur:2 cpbdur:2 q:33.19 aq:29.42 tex:453 mv:629 misc:518 imb:3 pmb:59 smb:1978 d:- ref:0 ;
in:4074 out:4076 type:b dur:2 cpbdur:2 q:33.19 aq:29.38 tex:66 mv:24 misc:206 imb:0 pmb:6 smb:2034 d:- ref:0 ;
in:4076 out:4077 type:b dur:2 cpbdur:2 q:33.20 aq:31.31 tex:61 mv:11 misc:184 imb:0 pmb:3 smb:2037 d:- ref:0 ;
in:4081 out:4078 type:P dur:2 cpbdur:2 q:33.19 aq:26.33 tex:62108 mv:5807 misc:1861 imb:78 pmb:1170 smb:792 d:- ref:0 ;
in:4079 out:4079 type:B dur:2 cpbdur:2 q:33.20 aq:30.15 tex:460 mv:577 misc:475 imb:0 pmb:58 smb:1982 d:- ref:0 ;
in:4078 out:4080 type:b dur:2 cpbdur:2 q:33.20 aq:26.00 tex:13 mv:22 misc:189 imb:1 pmb:2 smb:2037 d:- ref:0 ;
in:4080 out:4081 type:b dur:2 cpbdur:2 q:33.20 aq:27.01 tex:45 mv:38 misc:205 imb:1 pmb:5 smb:2034 d:- ref:0 ;
in:4085 out:4082 type:P dur:2 cpbdur:2 q:33.18 aq:26.18 tex:66861 mv:6676 misc:1751 imb:90 pmb:1264 smb:686 d:- ref:0 ;
in:4083 out:4083 type:B dur:2 cpbdur:2 q:33.18 aq:31.68 tex:590 mv:597 misc:565 imb:0 pmb:72 smb:1968 d:- ref:0 ;
in:4082 out:4084 type:b dur:2 cpbdur:2 q:33.19 aq:26.00 tex:1 mv:3 misc:172 imb:0 pmb:1 smb:2039 d:- ref:0 ;
in:4084 out:4085 type:b dur:2 cpbdur:2 q:33.18 aq:26.00 tex:0 mv:0 misc:160 imb:0 pmb:0 smb:2040 d:- ref:0 ;
in:4089 out:4086 type:P dur:2 cpbdur:2 q:33.16 aq:26.40 tex:68438 mv:6573 misc:1725 imb:97 pmb:1230 smb:713 d:- ref:0 ;
in:4087 out:4087 type:B dur:2 cpbdur:2 q:33.17 aq:29.89 tex:428 mv:581 misc:527 imb:3 pmb:64 smb:1973 d:- ref:0 ;
in:4086 out:4088 type:b dur:2 cpbdur:2 q:33.17 aq:25.94 tex:26 mv:6 misc:176 imb:0 pmb:2 smb:2038 d:- ref:0 ;
in:4088 out:4089 type:b dur:2 cpbdur:2 q:33.16 aq:27.84 tex:52 mv:19 misc:193 imb:0 pmb:4 smb:2036 d:- ref:0 ;
in:4093 out:4090 type:P dur:2 cpbdur:2 q:33.14 aq:26.57 tex:62670 mv:6340 misc:1702 imb:77 pmb:1203 smb:760 d:- ref:0 ;
in:4091 out:4091 type:B dur:2 cpbdur:2 q:33.15 aq:29.37 tex:488 mv:525 misc:475 imb:2 pmb:51 smb:1987 d:- ref:0 ;
in:4090 out:4092 type:b dur:2 cpbdur:2 q:33.16 aq:28.88 tex:20 mv:7 misc:181 imb:0 pmb:2 smb:2038 d:- ref:0 ;
in:4092 out:4093 type:b dur:2 cpbdur:2 q:33.15 aq:32.61 tex:72 mv:20 misc:188 imb:0 pmb:4 smb:2036 d:- ref:0 ;
in:4097 out:4094 type:P dur:2 cpbdur:2 q:33.13 aq:26.54 tex:60473 mv:6197 misc:1762 imb:60 pmb:1221 smb:759 d:- ref:0 ;
in:4095 out:4095 type:B dur:2 cpbdur:2 q:33.14 aq:27.18 tex:283 mv:637 misc:520 imb:2 pmb:65 smb:1973 d:- ref:0 ;
in:4094 out:4096 type:b dur:2 cpbdur:2 q:33.14 aq:25.82 tex:24 mv:4 misc:172 imb:0 pmb:1 smb:2039 d:- ref:0 ;
in:4096 out:4097 type:b dur:2 cpbdur:2 q:33.13 aq:26.00 tex:1 mv:14 misc:177 imb:0 pmb:2 smb:2038 d:- ref:0 ;
in:4101 out:4098 type:P dur:2 cpbdur:2 q:33.12 aq:26.66 tex:90554 mv:6951 misc:1687 imb:142 pmb:1236 smb:662 d:- ref:0 ;
in:4099 out:4099 type:B dur:2 cpbdur:2 q:33.12 aq:32.64 tex:476 mv:798 misc:630 imb:1 pmb:119 smb:1920 d:- ref:0 ;
in:4098 out:4100 type:b dur:2 cpbdur:2 q:33.13 aq:31.56 tex:77 mv:40 misc:203 imb:1 pmb:5 smb:2034 d:- ref:0 ;
in:4100 out:4101 type:b dur:2 cpbdur:2 q:33.12 aq:34.26 tex:2550 mv:157 misc:301 imb:2 pmb:64 smb:1974 d:- ref:0 ;
in:4105 out:4102 type:P dur:2 cpbdur:2 q:33.12 aq:26.61 tex:89908 mv:6774 misc:1638 imb:93 pmb:1259 smb:688 d:- ref:0 ;
in:4103 out:4103 type:B dur:2 cpbdur:2 q:33.12 aq:32.20 tex:348 mv:575 misc:581 imb:0 pmb:105 smb:1935 d:- ref:0 ;
in:4102 out:4104 type:b dur:2 cpbdur:2 q:33.12 aq:27.51 tex:439 mv:101 misc:300 imb:0 pmb:34 smb:2006 d:- ref:0 ;
in:4104 out:4105 type:b dur:2 cpbdur:2 q:33.12 aq:32.36 tex:97 mv:17 misc:198 imb:0 pmb:5 smb:2035 d:- ref:0 ;
in:4109 out:4106 type:P dur:2 cpbdur:2 q:33.13 aq:27.04 tex:53871 mv:6125 misc:1748 imb:88 pmb:1149 smb:803 d:- ref:0 ;
in:4107 out:4107 type:B dur:2 cpbdur:2 q:33.13 aq:31.11 tex:384 mv:487 misc:465 imb:3 pmb:50 smb:1987 d:- ref:0 ;
in:4106 out:4108 type:b dur:2 cpbdur:2 q:33.12 aq:26.00 tex:0 mv:0 misc:160 imb:0 pmb:0 smb:2040 d:- ref:0 ;
in:4108 out:4109 type:b dur:2 cpbdur:2 q:33.13 aq:35.17 tex:59 mv:13 misc:192 imb:0 pmb:4 smb:2036 d:- ref:0 ;
in:4113 out:4110 type:P dur:2 cpbdur:2 q:33.11 aq:27.21 tex:49885 mv:6249 misc:1834 imb:64 pmb:1181 smb:795 d:- ref:0 ;
in:4111 out:4111 type:B dur:2 cpbdur:2 q:33.12 aq:29.20 tex:725 mv:646 misc:533 imb:2 pmb:69 smb:1969 d:- ref:0 ;
in:4110 out:4112 type:b dur:2 cpbdur:2 q:33.12 aq:25.76 tex:34 mv:7 misc:175 imb:0 pmb:2 smb:2038 d:- ref:0 ;
in:4112 out:4113 type:b dur:2 cpbdur:2 q:33.11 aq:26.00 tex:0 mv:0 misc:160 imb:0 pmb:0 smb:2040 d:- ref:0 ;
in:4117 out:4114 type:P dur:2 cpbdur:2 q:33.09 aq:27.59 tex:44849 mv:6522 misc:1837 imb:87 pmb:1129 smb:824 d:- ref:0 ;
in:4115 out:4115 type:B dur:2 cpbdur:2 q:33.10 aq:31.85 tex:500 mv:426 misc:474 imb:0 pmb:54 smb:1986 d:- ref:0 ;
in:4114 out:4116 type:b dur:2 cpbdur:2 q:33.10 aq:25.76 tex:42 mv:10 misc:188 imb:0 pmb:3 smb:2037 d:- ref:0 ;
in:4116 out:4117 type:b dur:2 cpbdur:2 q:33.09 aq:27.05 tex:17 mv:3 misc:172 imb:0 pmb:1 smb:2039 d:- ref:0 ;
in:4121 out:4118 type:P dur:2 cpbdur:2 q:33.06 aq:28.15 tex:36858 mv:5903 misc:1847 imb:68 pmb:1075 smb:897 d:- ref:0 ;
in:4119 out:4119 type:B dur:2 cpbdur:2 q:33.07 aq:31.01 tex:637 mv:669 misc:558 imb:1 pmb:72 smb:1967 d:- ref:0 ;
in:4118 out:4120 type:b dur:2 cpbdur:2 q:33.08 aq:26.00 tex:18 mv:8 misc:182 imb:0 pmb:2 smb:2038 d:- ref:0 ;
in:4120 out:4121 type:b dur:2 cpbdur:2 q:33.07 aq:25.97 tex:18 mv:12 misc:178 imb:0 pmb:2 smb:2038 d:- ref:0 ;
in:4125 out:4122 type:P dur:2 cpbdur:2 q:33.03 aq:28.82 tex:29255 mv:5198 misc:1883 imb:51 pmb:971 smb:1018 d:- ref:0 ;
in:4123 out:4123 type:B dur:2 cpbdur:2 q:33.04 aq:29.58 tex:974 mv:565 misc:597 imb:1 pmb:81 smb:1958 d:- ref:0 ;
in:4122 out:4124 type:b dur:2 cpbdur:2 q:33.05 aq:31.11 tex:56 mv:27 misc:197 imb:0 pmb:4 smb:2036 d:- ref:0 ;
in:4124 out:4125 type:b dur:2 cpbdur:2 q:33.04 aq:26.00 tex:17 mv:15 misc:176 imb:0 pmb:2 smb:2038 d:- ref:0 ;
in:4129 out:4126 type:P dur:2 cpbdur:2 q:32.99 aq:29.61 tex:21826 mv:6668 misc:1906 imb:154 pmb:933 smb:953 d:- ref:0 w:6,63,0,5,31,4,31,4 ;
in:4127 out:4127 type:B dur:2 cpbdur:2 q:33.01 aq:28.28 tex:2314 mv:1993 misc:1197 imb:24 pmb:232 smb:1784 d:- ref:0 ;
in:4126 out:4128 type:b dur:2 cpbdur:2 q:33.02 aq:25.95 tex:53 mv:25 misc:194 imb:0 pmb:7 smb:2033 d:- ref:0 ;
in:4128 out:4129 type:b dur:2 cpbdur:2 q:33.00 aq:25.89 tex:67 mv:121 misc:252 imb:3 pmb:11 smb:2026 d:- ref:0 ;
in:4133 out:4130 type:P dur:2 cpbdur:2 q:32.96 aq:30.97 tex:76443 mv:12622 misc:1023 imb:682 pmb:1154 smb:204 d:- ref:0 w:6,59,3,7,112,16,109,19 ;
in:4131 out:4131 type:B dur:2 cpbdur:2 q:32.98 aq:29.91 tex:10250 mv:4699 misc:1619 imb:94 pmb:517 smb:1429 d:- ref:0 ;
in:4130 out:4132 type:b dur:2 cpbdur:2 q:32.98 aq:28.61 tex:588 mv:583 misc:533 imb:10 pmb:65 smb:1965 d:- ref:0 ;
in:4132 out:4133 type:b dur:2 cpbdur:2 q:32.97 aq:31.65 tex:3909 mv:2433 misc:1058 imb:13 pmb:282 smb:1745 d:- ref:0 ;
in:4137 out:4134 type:P dur:2 cpbdur:2 q:32.94 aq:31.10 tex:160354 mv:15228 misc:378 imb:1634 pmb:375 smb:31 d:- ref:0 ;
in:4135 out:4135 type:B dur:2 cpbdur:2 q:32.95 aq:31.20 tex:42082 mv:12794 misc:1700 imb:201 pmb:965 smb:874 d:- ref:0 ;
in:4134 out:4136 type:b dur:2 cpbdur:2 q:32.95 aq:32.19 tex:12456 mv:4876 misc:1292 imb:43 pmb:465 smb:1532 d:- ref:0 ;
in:4136 out:4137 type:b dur:2 cpbdur:2 q:32.94 aq:32.53 tex:19186 mv:9426 misc:1484 imb:60 pmb:604 smb:1376 d:- ref:0 ;
in:4141 out:4138 type:P dur:2 cpbdur:2 q:32.98 aq:29.93 tex:149371 mv:18786 misc:355 imb:1296 pmb:713 smb:31 d:- ref:0 ;
in:4139 out:4139 type:B dur:2 cpbdur:2 q:32.96 aq:31.13 tex:46343 mv:19785 misc:1376 imb:321 pmb:1248 smb:471 d:- ref:0 ;
in:4138 out:4140 type:b dur:2 cpbdur:2 q:32.95 aq:32.41 tex:18354 mv:11867 misc:1763 imb:107 pmb:747 smb:1186 d:- ref:0 ;
in:4140 out:4141 type:b dur:2 cpbdur:2 q:32.97 aq:32.27 tex:12029 mv:11097 misc:1786 imb:73 pmb:732 smb:1235 d:- ref:0 ;
in:4145 out:4142 type:P dur:2 cpbdur:2 q:33.10 aq:29.64 tex:103134 mv:19372 misc:566 imb:866 pmb:1096 smb:78 d:- ref:0 ;
in:4143 out:4143 type:B dur:2 cpbdur:2 q:33.04 aq:31.12 tex:26680 mv:15840 misc:1776 imb:176 pmb:1102 smb:762 d:- ref:0 ;
in:4142 out:4144 type:b dur:2 cpbdur:2 q:33.01 aq:32.44 tex:10885 mv:9775 misc:1820 imb:56 pmb:711 smb:1273 d:- ref:0 ;
in:4144 out:4145 type:b dur:2 cpbdur:2 q:33.07 aq:32.91 tex:10990 mv:9700 misc:1910 imb:61 pmb:756 smb:1223 d:- ref:0 ;
in:4149 out:4146 type:P dur:2 cpbdur:2 q:33.23 aq:30.09 tex:93948 mv:18407 misc:845 imb:707 pmb:1050 smb:283 d:- ref:0 ;
in:4147 out:4147 type:B dur:2 cpbdur:2 q:33.16 aq:31.16 tex:23305 mv:16142 misc:1753 imb:141 pmb:1049 smb:850 d:- ref:0 ;
in:4146 out:4148 type:b dur:2 cpbdur:2 q:33.13 aq:32.65 tex:10416 mv:9086 misc:1786 imb:59 pmb:692 smb:1289 d:- ref:0 ;
in:4148 out:4149 type:b dur:2 cpbdur:2 q:33.19 aq:33.18 tex:8857 mv:9783 misc:1776 imb:52 pmb:738 smb:1250 d:- ref:0 ;
in:4153 out:4150 type:P dur:2 cpbdur:2 q:33.30 aq:29.65 tex:85687 mv:17327 misc:802 imb:751 pmb:980 smb:309 d:- ref:0 ;
in:4151 out:4151 type:B dur:2 cpbdur:2 q:33.27 aq:31.78 tex:22571 mv:15281 misc:1772 imb:145 pmb:1037 smb:858 d:- ref:0 ;
in:4150 out:4152 type:b dur:2 cpbdur:2 q:33.25 aq:33.74 tex:9030 mv:9335 misc:1739 imb:61 pmb:710 smb:1269 d:- ref:0 ;
in:4152 out:4153 type:b dur:2 cpbdur:2 q:33.28 aq:32.83 tex:7584 mv:9298 misc:1774 imb:55 pmb:696 smb:1289 d:- ref:0 ;
in:4157 out:4154 type:P dur:2 cpbdur:2 q:33.36 aq:29.00 tex:81757 mv:16542 misc:589 imb:837 pmb:927 smb:276 d:- ref:0 ;
in:4155 out:4155 type:B dur:2 cpbdur:2 q:33.33 aq:30.45 tex:18716 mv:15376 misc:1676 imb:168 pmb:903 smb:969 d:- ref:0 ;
in:4154 out:4156 type:b dur:2 cpbdur:2 q:33.32 aq:32.86 tex:8496 mv:9399 misc:1737 imb:65 pmb:667 smb:1308 d:- ref:0 ;
in:4156 out:4157 type:b dur:2 cpbdur:2 q:33.35 aq:32.90 tex:8422 mv:9669 misc:1637 imb:65 pmb:651 smb:1324 d:- ref:0 ;
in:4160 out:4158 type:P dur:2 cpbdur:2 q:33.41 aq:27.95 tex:79042 mv:14643 misc:907 imb:728 pmb:938 smb:374 d:- ref:0 ;
in:4158 out:4159 type:B dur:2 cpbdur:2 q:33.38 aq:31.41 tex:13247 mv:10883 misc:1726 imb:101 pmb:738 smb:1201 d:- ref:0 ;
in:4159 out:4160 type:b dur:2 cpbdur:2 q:33.39 aq:32.30 tex:6680 mv:7919 misc:1673 imb:58 pmb:593 smb:1389 d:- ref:0 ;
in:4164 out:4161 type:P dur:2 cpbdur:2 q:33.45 aq:29.11 tex:58731 mv:12769 misc:1212 imb:342 pmb:992 smb:706 d:- ref:0 ;
in:4162 out:4162 type:B dur:2 cpbdur:2 q:33.43 aq:30.76 tex:9920 mv:9580 misc:1660 imb:53 pmb:733 smb:1254 d:- ref:0 ;
in:4161 out:4163 type:b dur:2 cpbdur:2 q:33.42 aq:32.83 tex:3672 mv:6151 misc:1425 imb:21 pmb:465 smb:1554 d:- ref:0 ;
in:4163 out:4164 type:b dur:2 cpbdur:2 q:33.44 aq:34.69 tex:4949 mv:5812 misc:1407 imb:21 pmb:463 smb:1556 d:- ref:0 ;
in:4166 out:4165 type:P dur:2 cpbdur:2 q:33.50 aq:28.94 tex:44054 mv:10563 misc:1311 imb:194 pmb:1070 smb:776 d:- ref:0 ;
in:4165 out:4166 type:b dur:2 cpbdur:2 q:33.47 aq:34.55 tex:3714 mv:6050 misc:1324 imb:21 pmb:450 smb:1569 d:- ref:0 ;
in:4170 out:4167 type:P dur:2 cpbdur:2 q:33.51 aq:28.11 tex:58525 mv:12779 misc:1064 imb:323 pmb:1007 smb:710 d:- ref:0 ;
in:4168 out:4168 type:B dur:2 cpbdur:2 q:33.50 aq:32.82 tex:10702 mv:8672 misc:1554 imb:35 pmb:697 smb:1308 d:- ref:0 ;
in:4167 out:4169 type:b dur:2 cpbdur:2 q:33.50 aq:33.78 tex:3476 mv:5499 misc:1377 imb:16 pmb:431 smb:1593 d:- ref:0 ;
in:4169 out:4170 type:b dur:2 cpbdur:2 q:33.50 aq:34.32 tex:4094 mv:5393 misc:1305 imb:20 pmb:424 smb:1596 d:- ref:0 ;
in:4174 out:4171 type:P dur:2 cpbdur:2 q:33.51 aq:27.88 tex:53956 mv:12323 misc:1081 imb:303 pmb:1007 smb:730 d:- ref:0 ;
in:4172 out:4172 type:B dur:2 cpbdur:2 q:33.51 aq:31.44 tex:10218 mv:8679 misc:1519 imb:30 pmb:661 smb:1349 d:- ref:0 ;
in:4171 out:4173 type:b dur:2 cpbdur:2 q:33.51 aq:33.69 tex:3915 mv:5220 misc:1265 imb:12 pmb:414 smb:1614 d:- ref:0 ;
in:4173 out:4174 type:b dur:2 cpbdur:2 q:33.51 aq:32.87 tex:4488 mv:4946 misc:1302 imb:14 pmb:395 smb:1631 d:- ref:0 ;
in:4178 out:4175 type:P dur:2 cpbdur:2 q:33.52 aq:28.71 tex:52269 mv:11444 misc:1087 imb:269 pmb:967 smb:804 d:- ref:0 ;
in:4176 out:4176 type:B dur:2 cpbdur:2 q:33.52 aq:30.85 tex:10403 mv:8413 misc:1632 imb:46 pmb:655 smb:1339 d:- ref:0 ;
in:4175 out:4177 type:b dur:2 cpbdur:2 q:33.51 aq:33.80 tex:4149 mv:5308 misc:1295 imb:14 pmb:423 smb:1603 d:- ref:0 ;
in:4177 out:4178 type:b dur:2 cpbdur:2 q:33.52 aq:34.76 tex:3550 mv:4477 misc:1189 imb:10 pmb:363 smb:1667 d:- ref:0 ;
in:4182 out:4179 type:P dur:2 cpbdur:2 q:33.53 aq:29.08 tex:46859 mv:11317 misc:1112 imb:221 pmb:961 smb:858 d:- ref:0 ;
in:4180 out:4180 type:B dur:2 cpbdur:2 q:33.53 aq:31.50 tex:8706 mv:7720 misc:1526 imb:34 pmb:613 smb:1393 d:- ref:0 ;
in:4179 out:4181 type:b dur:2 cpbdur:2 q:33.52 aq:33.08 tex:3456 mv:4812 misc:1212 imb:8 pmb:388 smb:1644 d:- ref:0 ;
in:4181 out:4182 type:b dur:2 cpbdur:2 q:33.53 aq:34.24 tex:2862 mv:4494 misc:1236 imb:10 pmb:369 smb:1661 d:- ref:0 ;
in:4186 out:4183 type:P dur:2 cpbdur:2 q:33.53 aq:29.85 tex:42910 mv:10960 misc:1146 imb:200 pmb:996 smb:844 d:- ref:0 ;
in:4184 out:4184 type:B dur:2 cpbdur:2 q:33.53 aq:32.43 tex:8124 mv:7796 misc:1544 imb:33 pmb:645 smb:1362 d:- ref:0 ;
in:4183 out:4185 type:b dur:2 cpbdur:2 q:33.53 aq:33.40 tex:3048 mv:4303 misc:1241 imb:10 pmb:374 smb:1656 d:- ref:0 ;
in:4185 out:4186 type:b dur:2 cpbdur:2 q:33.53 aq:34.49 tex:1828 mv:3892 misc:1248 imb:5 pmb:344 smb:1691 d:- ref:0 ;
in:4188 out:4187 type:P dur:2 cpbdur:2 q:33.53 aq:28.19 tex:70434 mv:11775 misc:1239 imb:638 pmb:851 smb:551 d:- ref:0 ;
in:4187 out:4188 type:b dur:2 cpbdur:2 q:33.53 aq:31.80 tex:5627 mv:4876 misc:1305 imb:52 pmb:461 smb:1527 d:- ref:0 ;
in:4192 out:4189 type:P dur:2 cpbdur:2 q:33.54 aq:28.06 tex:55744 mv:13712 misc:1008 imb:472 pmb:1108 smb:460 d:- ref:0 ;
in:4190 out:4190 type:B dur:2 cpbdur:2 q:33.53 aq:30.39 tex:5962 mv:7809 misc:1725 imb:32 pmb:672 smb:1336 d:- ref:0 ;
in:4189 out:4191 type:b dur:2 cpbdur:2 q:33.53 aq:31.82 tex:1572 mv:3162 misc:1090 imb:10 pmb:271 smb:1759 d:- ref:0 ;
in:4191 out:4192 type:b dur:2 cpbdur:2 q:33.53 aq:32.29 tex:1420 mv:3190 misc:1198 imb:5 pmb:295 smb:1740 d:- ref:0 ;
in:4196 out:4193 type:P dur:2 cpbdur:2 q:33.55 aq:28.20 tex:45699 mv:12371 misc:1282 imb:278 pmb:1076 smb:686 d:- ref:0 ;
in:4194 out:4194 type:B dur:2 cpbdur:2 q:33.54 aq:30.98 tex:5260 mv:7448 misc:1556 imb:29 pmb:569 smb:1442 d:- ref:0 ;
in:4193 out:4195 type:b dur:2 cpbdur:2 q:33.54 aq:31.40 tex:1132 mv:3227 misc:1177 imb:7 pmb:293 smb:1740 d:- ref:0 ;
in:4195 out:4196 type:b dur:2 cpbdur:2 q:33.55 aq:34.02 tex:1641 mv:3252 misc:1163 imb:5 pmb:305 smb:1730 d:- ref:0 ;
in:4200 out:4197 type:P dur:2 cpbdur:2 q:33.55 aq:28.09 tex:45401 mv:12564 misc:1307 imb:303 pmb:1060 smb:677 d:- ref:0 ;
in:4198 out:4198 type:B dur:2 cpbdur:2 q:33.55 aq:29.49 tex:5316 mv:7487 misc:1613 imb:25 pmb:593 smb:1422 d:- ref:0 ;
in:4197 out:4199 type:b dur:2 cpbdur:2 q:33.55 aq:33.00 tex:1579 mv:3474 misc:1091 imb:7 pmb:292 smb:1741 d:- ref:0 ;
in:4199 out:4200 type:b dur:2 cpbdur:2 q:33.55 aq:30.76 tex:1699 mv:3542 misc:1175 imb:8 pmb:302 smb:1730 d:- ref:0 ;
in:4204 out:4201 type:P dur:2 cpbdur:2 q:33.55 aq:28.18 tex:47735 mv:12366 misc:1219 imb:281 pmb:1051 smb:708 d:- ref:0 ;
in:4202 out:4202 type:B dur:2 cpbdur:2 q:33.55 aq:29.59 tex:5111 mv:7078 misc:1587 imb:25 pmb:561 smb:1454 d:- ref:0 ;
in:4201 out:4203 type:b dur:2 cpbdur:2 q:33.55 aq:32.63 tex:1822 mv:3705 misc:1153 imb:12 pmb:306 smb:1722 d:- ref:0 ;
in:4203 out:4204 type:b dur:2 cpbdur:2 q:33.55 aq:30.90 tex:1617 mv:3780 misc:1163 imb:6 pmb:313 smb:1721 d:- ref:0 ;
in:4208 out:4205 type:P dur:2 cpbdur:2 q:33.54 aq:28.19 tex:51423 mv:12657 misc:1136 imb:306 pmb:1049 smb:685 d:- ref:0 ;
in:4206 out:4206 type:B dur:2 cpbdur:2 q:33.55 aq:30.52 tex:5718 mv:7620 misc:1518 imb:21 pmb:588 smb:1431 d:- ref:0 ;
in:4205 out:4207 type:b dur:2 cpbdur:2 q:33.55 aq:32.24 tex:1877 mv:3719 misc:1188 imb:12 pmb:305 smb:1723 d:- ref:0 ;
in:4207 out:4208 type:b dur:2 cpbdur:2 q:33.54 aq:31.48 tex:1920 mv:3504 misc:1168 imb:8 pmb:317 smb:1715 d:- ref:0 ;
in:4212 out:4209 type:P dur:2 cpbdur:2 q:33.54 aq:28.38 tex:54558 mv:13098 misc:1200 imb:297 pmb:1052 smb:691 d:- ref:0 ;
in:4210 out:4210 type:B dur:2 cpbdur:2 q:33.54 aq:30.89 tex:6736 mv:8272 misc:1520 imb:31 pmb:597 smb:1412 d:- ref:0 ;
in:4209 out:4211 type:b dur:2 cpbdur:2 q:33.54 aq:32.15 tex:1939 mv:3682 misc:1155 imb:9 pmb:305 smb:1726 d:- ref:0 ;
in:4211 out:4212 type:b dur:2 cpbdur:2 q:33.54 aq:32.07 tex:2436 mv:4119 misc:1181 imb:12 pmb:332 smb:1696 d:- ref:0 ;
in:4216 out:4213 type:P dur:2 cpbdur:2 q:33.54 aq:28.68 tex:59233 mv:13462 misc:1161 imb:305 pmb:1074 smb:661 d:- ref:0 ;
in:4214 out:4214 type:B dur:2 cpbdur:2 q:33.54 aq:30.82 tex:8093 mv:8669 misc:1630 imb:38 pmb:637 smb:1365 d:- ref:0 ;
in:4213 out:4215 type:b dur:2 cpbdur:2 q:33.54 aq:33.11 tex:2671 mv:4284 misc:1133 imb:11 pmb:333 smb:1696 d:- ref:0 ;
in:4215 out:4216 type:b dur:2 cpbdur:2 q:33.54 aq:33.08 tex:3147 mv:4356 misc:1225 imb:11 pmb:363 smb:1666 d:- ref:0 ;
in:4220 out:4217 type:P dur:2 cpbdur:2 q:33.55 aq:29.15 tex:61000 mv:13401 misc:1167 imb:352 pmb:1041 smb:647 d:- ref:0 ;
in:4218 out:4218 type:B dur:2 cpbdur:2 q:33.54 aq:30.18 tex:9541 mv:9243 misc:1680 imb:40 pmb:676 smb:1324 d:- ref:0 ;
in:4217 out:4219 type:b dur:2 cpbdur:2 q:33.54 aq:33.27 tex:3302 mv:4442 misc:1264 imb:11 pmb:370 smb:1659 d:- ref:0 ;
in:4219 out:4220 type:b dur:2 cpbdur:2 q:33.55 aq:33.93 tex:3661 mv:4884 misc:1263 imb:9 pmb:399 smb:1632 d:- ref:0 ;
in:4222 out:4221 type:P dur:2 cpbdur:2 q:33.56 aq:29.22 tex:44996 mv:11552 misc:1404 imb:263 pmb:1050 smb:727 d:- ref:0 ;
in:4221 out:4222 type:b dur:2 cpbdur:2 q:33.55 aq:34.21 tex:3794 mv:4868 misc:1242 imb:8 pmb:396 smb:1636 d:- ref:0 ;
in:4226 out:4223 type:P dur:2 cpbdur:2 q:33.57 aq:28.97 tex:68789 mv:14718 misc:1037 imb:447 pmb:1055 smb:538 d:- ref:0 ;
in:4224 out:4224 type:B dur:2 cpbdur:2 q:33.56 aq:30.21 tex:12699 mv:10837 misc:1840 imb:82 pmb:775 smb:1183 d:- ref:0 ;
in:4223 out:4225 type:b dur:2 cpbdur:2 q:33.56 aq:32.87 tex:3713 mv:5150 misc:1321 imb:15 pmb:416 smb:1609 d:- ref:0 ;
in:4225 out:4226 type:b dur:2 cpbdur:2 q:33.57 aq:34.57 tex:3718 mv:5345 misc:1369 imb:8 pmb:429 smb:1603 d:- ref:0 ;
in:4230 out:4227 type:P dur:2 cpbdur:2 q:33.58 aq:29.34 tex:68544 mv:15087 misc:1017 imb:469 pmb:1043 smb:528 d:- ref:0 ;
in:4228 out:4228 type:B dur:2 cpbdur:2 q:33.58 aq:31.44 tex:14336 mv:10154 misc:1630 imb:64 pmb:728 smb:1248 d:- ref:0 ;
in:4227 out:4229 type:b dur:2 cpbdur:2 q:33.57 aq:33.04 tex:3808 mv:5346 misc:1350 imb:11 pmb:417 smb:1612 d:- ref:0 ;
in:4229 out:4230 type:b dur:2 cpbdur:2 q:33.58 aq:32.88 tex:3639 mv:5171 misc:1390 imb:10 pmb:422 smb:1608 d:- ref:0 ;
in:4234 out:4231 type:P dur:2 cpbdur:2 q:33.61 aq:29.35 tex:61088 mv:14639 misc:1089 imb:389 pmb:1031 smb:620 d:- ref:0 ;
in:4232 out:4232 type:B dur:2 cpbdur:2 q:33.60 aq:31.74 tex:12524 mv:9747 misc:1665 imb:41 pmb:749 smb:1250 d:- ref:0 ;
in:4231 out:4233 type:b dur:2 cpbdur:2 q:33.59 aq:31.16 tex:3917 mv:5284 misc:1335 imb:19 pmb:397 smb:1624 d:- ref:0 ;
in:4233 out:4234 type:b dur:2 cpbdur:2 q:33.60 aq:32.49 tex:3937 mv:5079 misc:1328 imb:16 pmb:393 smb:1631 d:- ref:0 ;
in:4238 out:4235 type:P dur:2 cpbdur:2 q:33.63 aq:29.06 tex:65854 mv:15224 misc:1034 imb:492 pmb:1000 smb:548 d:- ref:0 ;
in:4236 out:4236 type:B dur:2 cpbdur:2 q:33.62 aq:31.75 tex:11099 mv:10278 misc:1615 imb:60 pmb:718 smb:1262 d:- ref:0 ;
in:4235 out:4237 type:b dur:2 cpbdur:2 q:33.61 aq:32.82 tex:3874 mv:5777 misc:1413 imb:18 pmb:441 smb:1581 d:- ref:0 ;
in:4237 out:4238 type:b dur:2 cpbdur:2 q:33.62 aq:31.56 tex:3737 mv:5815 misc:1336 imb:24 pmb:437 smb:1579 d:- ref:0 ;
in:4242 out:4239 type:P dur:2 cpbdur:2 q:33.64 aq:29.19 tex:70090 mv:15105 misc:909 imb:543 pmb:979 smb:518 d:- ref:0 ;
in:4240 out:4240 type:B dur:2 cpbdur:2 q:33.64 aq:31.17 tex:11681 mv:10971 misc:1572 imb:70 pmb:737 smb:1233 d:- ref:0 ;
in:4239 out:4241 type:b dur:2 cpbdur:2 q:33.63 aq:31.81 tex:3979 mv:5649 misc:1364 imb:27 pmb:422 smb:1591 d:- ref:0 ;
in:4241 out:4242 type:b dur:2 cpbdur:2 q:33.64 aq:31.32 tex:3756 mv:5971 misc:1417 imb:24 pmb:455 smb:1561 d:- ref:0 ;
in:4246 out:4243 type:P dur:2 cpbdur:2 q:33.66 aq:28.80 tex:66383 mv:14255 misc:762 imb:692 pmb:870 smb:478 d:- ref:0 ;
in:4244 out:4244 type:B dur:2 cpbdur:2 q:33.65 aq:30.56 tex:12420 mv:10980 misc:1496 imb:80 pmb:711 smb:1249 d:- ref:0 ;
in:4243 out:4245 type:b dur:2 cpbdur:2 q:33.65 aq:31.94 tex:4264 mv:6566 misc:1378 imb:28 pmb:463 smb:1549 d:- ref:0 ;
in:4245 out:4246 type:b dur:2 cpbdur:2 q:33.66 aq:31.17 tex:4382 mv:6244 misc:1294 imb:26 pmb:433 smb:1581 d:- ref:0 ;
in:4250 out:4247 type:P dur:2 cpbdur:2 q:33.69 aq:27.66 tex:82377 mv:13260 misc:883 imb:626 pmb:825 smb:589 d:- ref:0 ;
in:4248 out:4248 type:B dur:2 cpbdur:2 q:33.68 aq:29.07 tex:14135 mv:10731 misc:1758 imb:178 pmb:699 smb:1163 d:- ref:0 ;
in:4247 out:4249 type:b dur:2 cpbdur:2 q:33.67 aq:31.56 tex:5168 mv:5559 misc:1225 imb:42 pmb:372 smb:1626 d:- ref:0 ;
in:4249 out:4250 type:b dur:2 cpbdur:2 q:33.68 aq:31.11 tex:7692 mv:5829 misc:1319 imb:76 pmb:394 smb:1570 d:- ref:0 ;
in:4254 out:4251 type:P dur:2 cpbdur:2 q:33.72 aq:27.68 tex:65792 mv:12505 misc:1119 imb:383 pmb:983 smb:674 d:- ref:0 ;
in:4252 out:4252 type:B dur:2 cpbdur:2 q:33.70 aq:30.09 tex:7683 mv:7698 misc:1699 imb:50 pmb:640 smb:1350 d:- ref:0 ;
in:4251 out:4253 type:b dur:2 cpbdur:2 q:33.69 aq:32.10 tex:3110 mv:4109 misc:1221 imb:20 pmb:344 smb:1676 d:- ref:0 ;
in:4253 out:4254 type:b dur:2 cpbdur:2 q:33.71 aq:29.79 tex:2081 mv:3833 misc:1238 imb:14 pmb:347 smb:1679 d:- ref:0 ;
in:4258 out:4255 type:P dur:2 cpbdur:2 q:33.74 aq:28.48 tex:54206 mv:11809 misc:1081 imb:269 pmb:1048 smb:723 d:- ref:0 ;
in:4256 out:4256 type:B dur:2 cpbdur:2 q:33.73 aq:29.81 tex:5185 mv:7042 misc:1573 imb:36 pmb:597 smb:1407 d:- ref:0 ;
in:4255 out:4257 type:b dur:2 cpbdur:2 q:33.72 aq:30.65 tex:1801 mv:3528 misc:1183 imb:18 pmb:312 smb:1710 d:- ref:0 ;
in:4257 out:4258 type:b dur:2 cpbdur:2 q:33.73 aq:32.98 tex:2590 mv:3444 misc:1206 imb:7 pmb:342 smb:1691 d:- ref:0 ;
in:4262 out:4259 type:P dur:2 cpbdur:2 q:33.75 aq:28.64 tex:50280 mv:11494 misc:1250 imb:241 pmb:1017 smb:782 d:- ref:0 ;
in:4260 out:4260 type:B dur:2 cpbdur:2 q:33.74 aq:31.30 tex:6459 mv:7438 misc:1663 imb:38 pmb:610 smb:1392 d:- ref:0 ;
in:4259 out:4261 type:b dur:2 cpbdur:2 q:33.74 aq:33.60 tex:1650 mv:3305 misc:1133 imb:9 pmb:290 smb:1741 d:- ref:0 ;
in:4261 out:4262 type:b dur:2 cpbdur:2 q:33.75 aq:32.06 tex:2234 mv:3106 misc:1092 imb:11 pmb:289 smb:1740 d:- ref:0 ;
in:4266 out:4263 type:P dur:2 cpbdur:2 q:33.75 aq:29.00 tex:41148 mv:11109 misc:1175 imb:231 pmb:967 smb:842 d:- ref:0 ;
in:4264 out:4264 type:B dur:2 cpbdur:2 q:33.75 aq:31.26 tex:7151 mv:7327 misc:1570 imb:47 pmb:611 smb:1382 d:- ref:0 ;
in:4263 out:4265 type:b dur:2 cpbdur:2 q:33.75 aq:33.16 tex:1725 mv:3364 misc:1087 imb:7 pmb:292 smb:1741 d:- ref:0 ;
in:4265 out:4266 type:b dur:2 cpbdur:2 q:33.75 aq:31.80 tex:1401 mv:3273 misc:1046 imb:5 pmb:276 smb:1759 d:- ref:0 ;
in:4269 out:4267 type:P dur:2 cpbdur:2 q:33.74 aq:31.22 tex:36424 mv:11361 misc:1223 imb:803 pmb:588 smb:649 d:- ref:0 ;
in:4267 out:4268 type:B dur:2 cpbdur:2 q:33.74 aq:32.36 tex:10490 mv:8307 misc:1467 imb:136 pmb:727 smb:1177 d:- ref:0 ;
in:4268 out:4269 type:b dur:2 cpbdur:2 q:33.74 aq:32.20 tex:3147 mv:4072 misc:1405 imb:18 pmb:371 smb:1651 d:- ref:0 ;
in:4270 out:4270 type:I dur:2 cpbdur:2 q:30.78 aq:25.48 tex:217095 mv:45579 misc:462 imb:2040 pmb:0 smb:0 d:- ref:;
in:4274 out:4271 type:P dur:2 cpbdur:2 q:33.84 aq:28.56 tex:63871 mv:13084 misc:1109 imb:394 pmb:1007 smb:639 d:- ref:0 ;
in:4272 out:4272 type:B dur:2 cpbdur:2 q:33.84 aq:30.37 tex:5560 mv:7164 misc:1644 imb:29 pmb:617 smb:1394 d:- ref:0 ;
in:4271 out:4273 type:b dur:2 cpbdur:2 q:33.84 aq:32.05 tex:1002 mv:3119 misc:1023 imb:7 pmb:254 smb:1779 d:- ref:0 ;
in:4273 out:4274 type:b dur:2 cpbdur:2 q:33.84 aq:31.98 tex:5239 mv:4218 misc:1247 imb:11 pmb:354 smb:1675 d:- ref:0 ;
in:4278 out:4275 type:P dur:2 cpbdur:2 q:33.86 aq:28.08 tex:81626 mv:12913 misc:1333 imb:423 pmb:1035 smb:582 d:- ref:0 ;
in:4276 out:4276 type:B dur:2 cpbdur:2 q:33.85 aq:30.93 tex:10544 mv:7204 misc:1708 imb:40 pmb:673 smb:1327 d:- ref:0 ;
in:4275 out:4277 type:b dur:2 cpbdur:2 q:33.84 aq:33.18 tex:3713 mv:3979 misc:1196 imb:8 pmb:334 smb:1698 d:- ref:0 ;
in:4277 out:4278 type:b dur:2 cpbdur:2 q:33.85 aq:31.60 tex:3100 mv:3534 misc:1246 imb:11 pmb:348 smb:1681 d:- ref:0 ;
in:4282 out:4279 type:P dur:2 cpbdur:2 q:33.89 aq:28.24 tex:68161 mv:12477 misc:1266 imb:368 pmb:1056 smb:616 d:- ref:0 ;
in:4280 out:4280 type:B dur:2 cpbdur:2 q:33.87 aq:31.16 tex:5870 mv:6494 misc:1636 imb:37 pmb:566 smb:1437 d:- ref:0 ;
in:4279 out:4281 type:b dur:2 cpbdur:2 q:33.87 aq:31.76 tex:2262 mv:3431 misc:1187 imb:12 pmb:316 smb:1712 d:- ref:0 ;
in:4281 out:4282 type:b dur:2 cpbdur:2 q:33.88 aq:31.20 tex:3186 mv:2962 misc:1180 imb:6 pmb:305 smb:1729 d:- ref:0 ;
in:4286 out:4283 type:P dur:2 cpbdur:2 q:33.91 aq:28.64 tex:64575 mv:12265 misc:1432 imb:382 pmb:1032 smb:626 d:- ref:0 ;
in:4284 out:4284 type:B dur:2 cpbdur:2 q:33.90 aq:30.72 tex:7134 mv:6880 misc:1698 imb:26 pmb:614 smb:1400 d:- ref:0 ;
in:4283 out:4285 type:b dur:2 cpbdur:2 q:33.90 aq:31.64 tex:1717 mv:2883 misc:1136 imb:7 pmb:263 smb:1770 d:- ref:0 ;
in:4285 out:4286 type:b dur:2 cpbdur:2 q:33.90 aq:31.43 tex:1701 mv:3036 misc:1127 imb:9 pmb:268 smb:1763 d:- ref:0 ;
in:4290 out:4287 type:P dur:2 cpbdur:2 q:33.91 aq:28.51 tex:57140 mv:12648 misc:1316 imb:386 pmb:1052 smb:602 d:- ref:0 ;
in:4288 out:4288 type:B dur:2 cpbdur:2 q:33.91 aq:30.54 tex:5673 mv:6734 misc:1713 imb:46 pmb:545 smb:1449 d:- ref:0 ;
in:4287 out:4289 type:b dur:2 cpbdur:2 q:33.91 aq:31.57 tex:1814 mv:2916 misc:1094 imb:10 pmb:254 smb:1776 d:- ref:0 ;
in:4289 out:4290 type:b dur:2 cpbdur:2 q:33.91 aq:30.17 tex:1944 mv:2940 misc:1156 imb:10 pmb:276 smb:1754 d:- ref:0 ;
in:4294 out:4291 type:P dur:2 cpbdur:2 q:33.92 aq:28.09 tex:48613 mv:12576 misc:1379 imb:495 pmb:945 smb:600 d:- ref:0 ;
in:4292 out:4292 type:B dur:2 cpbdur:2 q:33.92 aq:30.72 tex:11245 mv:7253 misc:1654 imb:77 pmb:557 smb:1406 d:- ref:0 ;
in:4291 out:4293 type:b dur:2 cpbdur:2 q:33.91 aq:30.39 tex:1891 mv:3213 misc:1136 imb:21 pmb:252 smb:1767 d:- ref:0 ;
in:4293 out:4294 type:b dur:2 cpbdur:2 q:33.92 aq:31.54 tex:1962 mv:3328 misc:1150 imb:17 pmb:284 smb:1739 d:- ref:0 ;
in:4298 out:4295 type:P dur:2 cpbdur:2 q:33.92 aq:28.63 tex:71347 mv:12741 misc:1344 imb:430 pmb:986 smb:624 d:- ref:0 ;
in:4296 out:4296 type:B dur:2 cpbdur:2 q:33.92 aq:30.78 tex:7234 mv:8341 misc:1761 imb:57 pmb:642 smb:1341 d:- ref:0 ;
in:4295 out:4297 type:b dur:2 cpbdur:2 q:33.92 aq:31.42 tex:2486 mv:3415 misc:1155 imb:18 pmb:305 smb:1717 d:- ref:0 ;
in:4297 out:4298 type:b dur:2 cpbdur:2 q:33.92 aq:33.46 tex:1652 mv:3399 misc:1101 imb:11 pmb:292 smb:1737 d:- ref:0 ;
in:4302 out:4299 type:P dur:2 cpbdur:2 q:33.94 aq:28.99 tex:46876 mv:12454 misc:1366 imb:356 pmb:1011 smb:673 d:- ref:0 ;
in:4300 out:4300 type:B dur:2 cpbdur:2 q:33.93 aq:31.65 tex:7000 mv:7903 misc:1705 imb:56 pmb:581 smb:1403 d:- ref:0 ;
in:4299 out:4301 type:b dur:2 cpbdur:2 q:33.92 aq:33.05 tex:1539 mv:3356 misc:1017 imb:12 pmb:260 smb:1768 d:- ref:0 ;
in:4301 out:4302 type:b dur:2 cpbdur:2 q:33.93 aq:33.36 tex:1540 mv:3526 misc:1078 imb:7 pmb:289 smb:1744 d:- ref:0 ;
in:4306 out:4303 type:P dur:2 cpbdur:2 q:33.93 aq:29.58 tex:43314 mv:12615 misc:1191 imb:366 pmb:960 smb:714 d:- ref:0 ;
in:4304 out:4304 type:B dur:2 cpbdur:2 q:33.93 aq:31.51 tex:5741 mv:8126 misc:1629 imb:33 pmb:602 smb:1405 d:- ref:0 ;
in:4303 out:4305 type:b dur:2 cpbdur:2 q:33.93 aq:30.81 tex:1520 mv:3570 misc:1166 imb:7 pmb:299 smb:1734 d:- ref:0 ;
in:4305 out:4306 type:b dur:2 cpbdur:2 q:33.93 aq:30.87 tex:1388 mv:3512 misc:1172 imb:7 pmb:299 smb:1734 d:- ref:0 ;
in:4310 out:4307 type:P dur:2 cpbdur:2 q:33.93 aq:29.66 tex:42799 mv:12718 misc:1211 imb:357 pmb:933 smb:750 d:- ref:0 ;
in:4308 out:4308 type:B dur:2 cpbdur:2 q:33.93 aq:31.57 tex:6077 mv:8280 misc:1667 imb:30 pmb:602 smb:1408 d:- ref:0 ;
in:4307 out:4309 type:b dur:2 cpbdur:2 q:33.93 aq:33.41 tex:1405 mv:3745 misc:1218 imb:6 pmb:310 smb:1724 d:- ref:0 ;
in:4309 out:4310 type:b dur:2 cpbdur:2 q:33.93 aq:34.21 tex:1457 mv:3652 misc:1139 imb:6 pmb:285 smb:1749 d:- ref:0 ;
in:4312 out:4311 type:P dur:2 cpbdur:2 q:33.92 aq:29.11 tex:30671 mv:10057 misc:1536 imb:226 pmb:916 smb:898 d:- ref:0 ;
in:4311 out:4312 type:b dur:2 cpbdur:2 q:33.92 aq:32.17 tex:1705 mv:3805 misc:1178 imb:10 pmb:284 smb:1746 d:- ref:0 ;
in:4316 out:4313 type:P dur:2 cpbdur:2 q:33.92 aq:29.36 tex:45418 mv:12773 misc:1313 imb:426 pmb:898 smb:716 d:- ref:0 ;
in:4314 out:4314 type:B dur:2 cpbdur:2 q:33.92 aq:30.75 tex:5918 mv:8334 misc:1628 imb:40 pmb:573 smb:1427 d:- ref:0 ;
in:4313 out:4315 type:b dur:2 cpbdur:2 q:33.92 aq:33.78 tex:1422 mv:3813 misc:1221 imb:11 pmb:295 smb:1734 d:- ref:0 ;
in:4315 out:4316 type:b dur:2 cpbdur:2 q:33.92 aq:34.51 tex:1726 mv:3959 misc:1267 imb:9 pmb:313 smb:1718 d:- ref:0 ;
in:4320 out:4317 type:P dur:2 cpbdur:2 q:33.92 aq:29.37 tex:47360 mv:13263 misc:1489 imb:518 pmb:867 smb:655 d:- ref:0 ;
in:4318 out:4318 type:B dur:2 cpbdur:2 q:33.92 aq:31.34 tex:8111 mv:8750 misc:1683 imb:49 pmb:584 smb:1407 d:- ref:0 ;
in:4317 out:4319 type:b dur:2 cpbdur:2 q:33.92 aq:33.51 tex:1941 mv:3989 misc:1294 imb:20 pmb:301 smb:1719 d:- ref:0 ;
in:4319 out:4320 type:b dur:2 cpbdur:2 q:33.92 aq:33.04 tex:2657 mv:4159 misc:1240 imb:11 pmb:317 smb:1712 d:- ref:0 ;
in:4324 out:4321 type:P dur:2 cpbdur:2 q:33.91 aq:29.49 tex:51619 mv:13657 misc:1460 imb:520 pmb:891 smb:629 d:- ref:0 ;
in:4322 out:4322 type:B dur:2 cpbdur:2 q:33.92 aq:31.43 tex:7502 mv:9172 misc:1622 imb:40 pmb:635 smb:1365 d:- ref:0 ;
in:4321 out:4323 type:b dur:2 cpbdur:2 q:33.92 aq:32.19 tex:2346 mv:4544 misc:1382 imb:18 pmb:355 smb:1667 d:- ref:0 ;
in:4323 out:4324 type:b dur:2 cpbdur:2 q:33.91 aq:33.15 tex:2652 mv:4288 misc:1332 imb:9 pmb:355 smb:1676 d:- ref:0 ;
in:4328 out:4325 type:P dur:2 cpbdur:2 q:33.91 aq:29.23 tex:53922 mv:14285 misc:1297 imb:577 pmb:861 smb:602 d:- ref:0 ;
in:4326 out:4326 type:B dur:2 cpbdur:2 q:33.91 aq:31.12 tex:9039 mv:9465 misc:1640 imb:58 pmb:628 smb:1354 d:- ref:0 ;
in:4325 out:4327 type:b dur:2 cpbdur:2 q:33.91 aq:33.25 tex:3228 mv:4737 misc:1387 imb:18 pmb:366 smb:1656 d:- ref:0 ;
in:4327 out:4328 type:b dur:2 cpbdur:2 q:33.91 aq:32.69 tex:2444 mv:4978 misc:1370 imb:16 pmb:376 smb:1648 d:- ref:0 ;
in:4332 out:4329 type:P dur:2 cpbdur:2 q:33.92 aq:29.41 tex:57952 mv:14213 misc:1275 imb:604 pmb:861 smb:575 d:- ref:0 ;
in:4330 out:4330 type:B dur:2 cpbdur:2 q:33.92 aq:30.75 tex:9593 mv:9719 misc:1672 imb:63 pmb:662 smb:1315 d:- ref:0 ;
in:4329 out:4331 type:b dur:2 cpbdur:2 q:33.91 aq:32.57 tex:3328 mv:5397 misc:1515 imb:30 pmb:417 smb:1593 d:- ref:0 ;
in:4331 out:4332 type:b dur:2 cpbdur:2 q:33.92 aq:32.32 tex:2946 mv:5156 misc:1458 imb:24 pmb:403 smb:1613 d:- ref:0 ;
in:4336 out:4333 type:P dur:2 cpbdur:2 q:33.93 aq:29.13 tex:53352 mv:14337 misc:1383 imb:546 pmb:871 smb:623 d:- ref:0 ;
in:4334 out:4334 type:B dur:2 cpbdur:2 q:33.93 aq:30.74 tex:7914 mv:9734 misc:1752 imb:66 pmb:629 smb:1345 d:- ref:0 ;
in:4333 out:4335 type:b dur:2 cpbdur:2 q:33.92 aq:32.59 tex:3705 mv:5262 misc:1465 imb:28 pmb:422 smb:1590 d:- ref:0 ;
in:4335 out:4336 type:b dur:2 cpbdur:2 q:33.93 aq:33.52 tex:3149 mv:5002 misc:1345 imb:12 pmb:409 smb:1619 d:- ref:0 ;
in:4340 out:4337 type:P dur:2 cpbdur:2 q:33.94 aq:29.31 tex:57096 mv:14373 misc:1315 imb:588 pmb:885 smb:567 d:- ref:0 ;
in:4338 out:4338 type:B dur:2 cpbdur:2 q:33.94 aq:30.77 tex:8737 mv:8742 misc:1665 imb:73 pmb:587 smb:1380 d:- ref:0 ;
in:4337 out:4339 type:b dur:2 cpbdur:2 q:33.94 aq:33.38 tex:3341 mv:5131 misc:1384 imb:24 pmb:393 smb:1623 d:- ref:0 ;
in:4339 out:4340 type:b dur:2 cpbdur:2 q:33.94 aq:32.00 tex:3053 mv:4964 misc:1335 imb:19 pmb:375 smb:1646 d:- ref:0 ;
in:4344 out:4341 type:P dur:2 cpbdur:2 q:33.95 aq:28.92 tex:61364 mv:14191 misc:1341 imb:669 pmb:855 smb:516 d:- ref:0 ;
in:4342 out:4342 type:B dur:2 cpbdur:2 q:33.95 aq:30.54 tex:9167 mv:8071 misc:1618 imb:66 pmb:574 smb:1400 d:- ref:0 ;
in:4341 out:4343 type:b dur:2 cpbdur:2 q:33.95 aq:32.63 tex:3102 mv:4877 misc:1269 imb:28 pmb:345 smb:1667 d:- ref:0 ;
in:4343 out:4344 type:b dur:2 cpbdur:2 q:33.95 aq:32.09 tex:3153 mv:4724 misc:1275 imb:17 pmb:367 smb:1656 d:- ref:0 ;
in:4348 out:4345 type:P dur:2 cpbdur:2 q:33.96 aq:28.77 tex:72535 mv:13376 misc:1241 imb:762 pmb:778 smb:500 d:- ref:0 ;
in:4346 out:4346 type:B dur:2 cpbdur:2 q:33.96 aq:31.36 tex:12852 mv:10101 misc:1751 imb:145 pmb:719 smb:1176 d:- ref:0 ;
in:4345 out:4347 type:b dur:2 cpbdur:2 q:33.95 aq:33.45 tex:3610 mv:4592 misc:1270 imb:21 pmb:348 smb:1671 d:- ref:0 ;
in:4347 out:4348 type:b dur:2 cpbdur:2 q:33.96 aq:32.36 tex:5407 mv:5946 misc:1495 imb:68 pmb:548 smb:1424 d:- ref:0 ;
in:4352 out:4349 type:P dur:2 cpbdur:2 q:33.98 aq:28.21 tex:56403 mv:12463 misc:1174 imb:570 pmb:941 smb:529 d:- ref:0 ;
in:4350 out:4350 type:B dur:2 cpbdur:2 q:33.97 aq:30.44 tex:9053 mv:7798 misc:1733 imb:62 pmb:637 smb:1341 d:- ref:0 ;
in:4349 out:4351 type:b dur:2 cpbdur:2 q:33.97 aq:31.14 tex:3150 mv:4508 misc:1302 imb:18 pmb:395 smb:1627 d:- ref:0 ;
in:4351 out:4352 type:b dur:2 cpbdur:2 q:33.98 aq:31.33 tex:3309 mv:3805 misc:1238 imb:19 pmb:320 smb:1701 d:- ref:0 ;
in:4356 out:4353 type:P dur:2 cpbdur:2 q:33.99 aq:28.13 tex:55063 mv:11348 misc:1325 imb:450 pmb:854 smb:736 d:- ref:0 ;
in:4354 out:4354 type:B dur:2 cpbdur:2 q:33.99 aq:31.65 tex:8161 mv:6694 misc:1529 imb:64 pmb:510 smb:1466 d:- ref:0 ;
in:4353 out:4355 type:b dur:2 cpbdur:2 q:33.99 aq:31.33 tex:3396 mv:4311 misc:1181 imb:26 pmb:338 smb:1676 d:- ref:0 ;
in:4355 out:4356 type:b dur:2 cpbdur:2 q:33.99 aq:31.06 tex:3072 mv:3969 misc:1127 imb:28 pmb:310 smb:1702 d:- ref:0 ;
in:4360 out:4357 type:P dur:2 cpbdur:2 q:34.00 aq:27.80 tex:47766 mv:10391 misc:1387 imb:351 pmb:858 smb:831 d:- ref:0 ;
in:4358 out:4358 type:B dur:2 cpbdur:2 q:34.00 aq:29.38 tex:8371 mv:6463 misc:1542 imb:72 pmb:482 smb:1486 d:- ref:0 ;
in:4357 out:4359 type:b dur:2 cpbdur:2 q:34.00 aq:31.12 tex:3801 mv:4068 misc:1083 imb:50 pmb:294 smb:1696 d:- ref:0 ;
in:4359 out:4360 type:b dur:2 cpbdur:2 q:34.00 aq:32.61 tex:3355 mv:3435 misc:1074 imb:17 pmb:294 smb:1729 d:- ref:0 ;
in:4364 out:4361 type:P dur:2 cpbdur:2 q:34.00 aq:27.35 tex:34460 mv:9113 misc:1491 imb:296 pmb:800 smb:944 d:- ref:0 ;
in:4362 out:4362 type:B dur:2 cpbdur:2 q:34.00 aq:29.56 tex:7707 mv:4827 misc:1418 imb:77 pmb:383 smb:1580 d:- ref:0 ;
in:4361 out:4363 type:b dur:2 cpbdur:2 q:34.00 aq:30.81 tex:3291 mv:3200 misc:1045 imb:31 pmb:261 smb:1748 d:- ref:0 ;
in:4363 out:4364 type:b dur:2 cpbdur:2 q:34.00 aq:30.78 tex:3442 mv:3154 misc:892 imb:47 pmb:229 smb:1764 d:- ref:0 ;
in:4368 out:4365 type:P dur:2 cpbdur:2 q:34.00 aq:27.25 tex:29422 mv:9180 misc:1646 imb:265 pmb:831 smb:944 d:- ref:0 ;
in:4366 out:4366 type:B dur:2 cpbdur:2 q:34.00 aq:29.92 tex:2661 mv:3848 misc:1315 imb:7 pmb:351 smb:1682 d:- ref:0 ;
in:4365 out:4367 type:b dur:2 cpbdur:2 q:34.00 aq:27.64 tex:1957 mv:2234 misc:897 imb:20 pmb:186 smb:1834 d:- ref:0 ;
in:4367 out:4368 type:b dur:2 cpbdur:2 q:34.00 aq:29.40 tex:900 mv:1855 misc:781 imb:5 pmb:155 smb:1880 d:- ref:0 ;
in:4372 out:4369 type:P dur:2 cpbdur:2 q:33.98 aq:27.72 tex:28133 mv:9260 misc:1583 imb:248 pmb:833 smb:959 d:- ref:0 ;
in:4370 out:4370 type:B dur:2 cpbdur:2 q:33.99 aq:29.74 tex:2098 mv:3936 misc:1318 imb:16 pmb:344 smb:1680 d:- ref:0 ;
in:4369 out:4371 type:b dur:2 cpbdur:2 q:33.99 aq:30.64 tex:955 mv:2098 misc:859 imb:8 pmb:181 smb:1851 d:- ref:0 ;
in:4371 out:4372 type:b dur:2 cpbdur:2 q:33.99 aq:29.50 tex:920 mv:1924 misc:820 imb:5 pmb:174 smb:1861 d:- ref:0 ;
in:4376 out:4373 type:P dur:2 cpbdur:2 q:33.95 aq:27.31 tex:29651 mv:9534 misc:1527 imb:290 pmb:847 smb:903 d:- ref:0 ;
in:4374 out:4374 type:B dur:2 cpbdur:2 q:33.97 aq:31.87 tex:2712 mv:4419 misc:1357 imb:18 pmb:376 smb:1646 d:- ref:0 ;
in:4373 out:4375 type:b dur:2 cpbdur:2 q:33.98 aq:31.08 tex:913 mv:2110 misc:793 imb:7 pmb:174 smb:1859 d:- ref:0 ;
in:4375 out:4376 type:b dur:2 cpbdur:2 q:33.96 aq:27.46 tex:737 mv:2059 misc:892 imb:3 pmb:187 smb:1850 d:- ref:0 ;
in:4380 out:4377 type:P dur:2 cpbdur:2 q:33.93 aq:27.54 tex:30315 mv:9723 misc:1498 imb:276 pmb:854 smb:910 d:- ref:0 ;
in:4378 out:4378 type:B dur:2 cpbdur:2 q:33.94 aq:30.50 tex:2672 mv:4486 misc:1354 imb:19 pmb:364 smb:1657 d:- ref:0 ;
in:4377 out:4379 type:b dur:2 cpbdur:2 q:33.95 aq:27.82 tex:1065 mv:2532 misc:931 imb:7 pmb:208 smb:1825 d:- ref:0 ;
in:4379 out:4380 type:b dur:2 cpbdur:2 q:33.94 aq:30.12 tex:869 mv:2101 misc:854 imb:8 pmb:187 smb:1845 d:- ref:0 ;
in:4384 out:4381 type:P dur:2 cpbdur:2 q:33.91 aq:28.14 tex:28638 mv:9276 misc:1510 imb:276 pmb:792 smb:972 d:- ref:0 ;
in:4382 out:4382 type:B dur:2 cpbdur:2 q:33.92 aq:30.16 tex:3259 mv:4590 misc:1383 imb:22 pmb:387 smb:1631 d:- ref:0 ;
in:4381 out:4383 type:b dur:2 cpbdur:2 q:33.93 aq:31.08 tex:975 mv:2326 misc:883 imb:12 pmb:193 smb:1835 d:- ref:0 ;
in:4383 out:4384 type:b dur:2 cpbdur:2 q:33.92 aq:32.43 tex:1380 mv:2469 misc:927 imb:8 pmb:203 smb:1829 d:- ref:0 ;
in:4386 out:4385 type:P dur:2 cpbdur:2 q:33.89 aq:27.67 tex:18833 mv:7589 misc:1690 imb:144 pmb:768 smb:1128 d:- ref:0 ;
in:4385 out:4386 type:b dur:2 cpbdur:2 q:33.90 aq:31.40 tex:1134 mv:2294 misc:860 imb:11 pmb:182 smb:1847 d:- ref:0 ;
in:4390 out:4387 type:P dur:2 cpbdur:2 q:33.88 aq:28.79 tex:27806 mv:9865 misc:1489 imb:275 pmb:805 smb:960 d:- ref:0 ;
in:4388 out:4388 type:B dur:2 cpbdur:2 q:33.89 aq:32.15 tex:3783 mv:4956 misc:1349 imb:28 pmb:404 smb:1608 d:- ref:0 ;
in:4387 out:4389 type:b dur:2 cpbdur:2 q:33.89 aq:32.21 tex:1164 mv:2527 misc:925 imb:8 pmb:220 smb:1812 d:- ref:0 ;
in:4389 out:4390 type:b dur:2 cpbdur:2 q:33.88 aq:32.02 tex:1205 mv:2674 misc:1025 imb:6 pmb:247 smb:1787 d:- ref:0 ;
in:4394 out:4391 type:P dur:2 cpbdur:2 q:33.86 aq:28.87 tex:30952 mv:10025 misc:1463 imb:293 pmb:828 smb:919 d:- ref:0 ;
in:4392 out:4392 type:B dur:2 cpbdur:2 q:33.87 aq:30.00 tex:4090 mv:5862 misc:1536 imb:51 pmb:455 smb:1534 d:- ref:0 ;
in:4391 out:4393 type:b dur:2 cpbdur:2 q:33.88 aq:33.49 tex:1447 mv:2492 misc:877 imb:8 pmb:211 smb:1821 d:- ref:0 ;
in:4393 out:4394 type:b dur:2 cpbdur:2 q:33.86 aq:33.82 tex:1098 mv:2383 misc:887 imb:4 pmb:210 smb:1826 d:- ref:0 ;
in:4398 out:4395 type:P dur:2 cpbdur:2 q:33.83 aq:28.36 tex:33717 mv:9992 misc:1443 imb:318 pmb:820 smb:902 d:- ref:0 ;
in:4396 out:4396 type:B dur:2 cpbdur:2 q:33.84 aq:32.12 tex:4526 mv:5485 misc:1389 imb:23 pmb:445 smb:1572 d:- ref:0 ;
in:4395 out:4397 type:b dur:2 cpbdur:2 q:33.85 aq:32.72 tex:1268 mv:2664 misc:964 imb:9 pmb:223 smb:1808 d:- ref:0 ;
in:4397 out:4398 type:b dur:2 cpbdur:2 q:33.84 aq:33.22 tex:1264 mv:2780 misc:972 imb:5 pmb:234 smb:1801 d:- ref:0 ;
in:4402 out:4399 type:P dur:2 cpbdur:2 q:33.82 aq:28.79 tex:35203 mv:10112 misc:1381 imb:299 pmb:807 smb:934 d:- ref:0 ;
in:4400 out:4400 type:B dur:2 cpbdur:2 q:33.82 aq:32.23 tex:4898 mv:5659 misc:1403 imb:16 pmb:458 smb:1566 d:- ref:0 ;
in:4399 out:4401 type:b dur:2 cpbdur:2 q:33.83 aq:34.03 tex:1310 mv:2606 misc:956 imb:7 pmb:218 smb:1815 d:- ref:0 ;
in:4401 out:4402 type:b dur:2 cpbdur:2 q:33.82 aq:31.12 tex:1223 mv:2570 misc:983 imb:5 pmb:224 smb:1811 d:- ref:0 ;
in:4406 out:4403 type:P dur:2 cpbdur:2 q:33.80 aq:29.04 tex:44333 mv:10375 misc:1316 imb:367 pmb:816 smb:857 d:- ref:0 ;
in:4404 out:4404 type:B dur:2 cpbdur:2 q:33.81 aq:30.74 tex:5320 mv:5946 misc:1478 imb:31 pmb:499 smb:1510 d:- ref:0 ;
in:4403 out:4405 type:b dur:2 cpbdur:2 q:33.81 aq:32.91 tex:1348 mv:2628 misc:1008 imb:5 pmb:232 smb:1803 d:- ref:0 ;
in:4405 out:4406 type:b dur:2 cpbdur:2 q:33.81 aq:31.95 tex:1631 mv:2710 misc:1099 imb:14 pmb:273 smb:1753 d:- ref:0 ;
in:4410 out:4407 type:P dur:2 cpbdur:2 q:33.79 aq:28.89 tex:37241 mv:10513 misc:1438 imb:333 pmb:877 smb:830 d:- ref:0 ;
in:4408 out:4408 type:B dur:2 cpbdur:2 q:33.80 aq:31.97 tex:4822 mv:5827 misc:1487 imb:34 pmb:474 smb:1532 d:- ref:0 ;
in:4407 out:4409 type:b dur:2 cpbdur:2 q:33.80 aq:35.07 tex:1320 mv:2709 misc:939 imb:5 pmb:226 smb:1809 d:- ref:0 ;
in:4409 out:4410 type:b dur:2 cpbdur:2 q:33.80 aq:31.95 tex:1633 mv:2797 misc:1002 imb:10 pmb:241 smb:1789 d:- ref:0 ;
in:4414 out:4411 type:P dur:2 cpbdur:2 q:33.78 aq:28.86 tex:33999 mv:10824 misc:1473 imb:361 pmb:832 smb:847 d:- ref:0 ;
in:4412 out:4412 type:B dur:2 cpbdur:2 q:33.79 aq:32.36 tex:5862 mv:6474 misc:1552 imb:47 pmb:506 smb:1487 d:- ref:0 ;
in:4411 out:4413 type:b dur:2 cpbdur:2 q:33.79 aq:32.99 tex:1362 mv:2778 misc:972 imb:11 pmb:220 smb:1809 d:- ref:0 ;
in:4413 out:4414 type:b dur:2 cpbdur:2 q:33.78 aq:31.36 tex:1476 mv:2780 misc:1024 imb:7 pmb:249 smb:1784 d:- ref:0 ;
in:4418 out:4415 type:P dur:2 cpbdur:2 q:33.77 aq:29.22 tex:34426 mv:11255 misc:1455 imb:356 pmb:849 smb:835 d:- ref:0 ;
in:4416 out:4416 type:B dur:2 cpbdur:2 q:33.77 aq:30.87 tex:5364 mv:7256 misc:1700 imb:52 pmb:575 smb:1413 d:- ref:0 ;
in:4415 out:4417 type:b dur:2 cpbdur:2 q:33.77 aq:33.07 tex:1293 mv:2803 misc:1056 imb:11 pmb:245 smb:1784 d:- ref:0 ;
in:4417 out:4418 type:b dur:2 cpbdur:2 q:33.77 aq:32.19 tex:1569 mv:2938 misc:1093 imb:8 pmb:273 smb:1759 d:- ref:0 ;
in:4422 out:4419 type:P dur:2 cpbdur:2 q:33.76 aq:28.70 tex:32535 mv:11585 misc:1432 imb:418 pmb:823 smb:799 d:- ref:0 ;
in:4420 out:4420 type:B dur:2 cpbdur:2 q:33.76 aq:30.95 tex:5953 mv:6649 misc:1654 imb:43 pmb:537 smb:1460 d:- ref:0 ;
in:4419 out:4421 type:b dur:2 cpbdur:2 q:33.76 aq:34.24 tex:1378 mv:3161 misc:1101 imb:12 pmb:275 smb:1753 d:- ref:0 ;
in:4421 out:4422 type:b dur:2 cpbdur:2 q:33.76 aq:31.29 tex:1898 mv:3168 misc:1142 imb:15 pmb:281 smb:1744 d:- ref:0 ;
in:4426 out:4423 type:P dur:2 cpbdur:2 q:33.74 aq:29.03 tex:32006 mv:11939 misc:1463 imb:413 pmb:839 smb:788 d:- ref:0 ;
in:4424 out:4424 type:B dur:2 cpbdur:2 q:33.75 aq:31.07 tex:6396 mv:7346 misc:1586 imb:49 pmb:548 smb:1443 d:- ref:0 ;
in:4423 out:4425 type:b dur:2 cpbdur:2 q:33.75 aq:32.82 tex:1623 mv:3763 misc:1198 imb:27 pmb:290 smb:1723 d:- ref:0 ;
in:4425 out:4426 type:b dur:2 cpbdur:2 q:33.74 aq:32.35 tex:1877 mv:3841 misc:1298 imb:15 pmb:333 smb:1692 d:- ref:0 ;
in:4430 out:4427 type:P dur:2 cpbdur:2 q:33.72 aq:29.00 tex:45558 mv:11931 misc:1399 imb:613 pmb:683 smb:744 d:- ref:0 ;
in:4428 out:4428 type:B dur:2 cpbdur:2 q:33.73 aq:31.12 tex:8593 mv:8385 misc:1686 imb:68 pmb:635 smb:1337 d:- ref:0 ;
in:4427 out:4429 type:b dur:2 cpbdur:2 q:33.74 aq:33.67 tex:3120 mv:4572 misc:1396 imb:16 pmb:409 smb:1615 d:- ref:0 ;
in:4429 out:4430 type:b dur:2 cpbdur:2 q:33.73 aq:31.32 tex:2185 mv:4010 misc:1309 imb:20 pmb:338 smb:1682 d:- ref:0 ;
in:4434 out:4431 type:P dur:2 cpbdur:2 q:33.72 aq:29.21 tex:40972 mv:12387 misc:1425 imb:571 pmb:733 smb:736 d:- ref:0 ;
in:4432 out:4432 type:B dur:2 cpbdur:2 q:33.72 aq:31.22 tex:11053 mv:9617 misc:1730 imb:70 pmb:668 smb:1302 d:- ref:0 ;
in:4431 out:4433 type:b dur:2 cpbdur:2 q:33.72 aq:33.61 tex:2958 mv:4346 misc:1320 imb:20 pmb:355 smb:1665 d:- ref:0 ;
in:4433 out:4434 type:b dur:2 cpbdur:2 q:33.72 aq:32.12 tex:5421 mv:5058 misc:1401 imb:28 pmb:429 smb:1583 d:- ref:0 ;
in:4438 out:4435 type:P dur:2 cpbdur:2 q:33.72 aq:29.89 tex:46577 mv:12248 misc:1407 imb:687 pmb:633 smb:720 d:- ref:0 ;
in:4436 out:4436 type:B dur:2 cpbdur:2 q:33.72 aq:30.77 tex:12043 mv:10168 misc:1693 imb:98 pmb:677 smb:1265 d:- ref:0 ;
in:4435 out:4437 type:b dur:2 cpbdur:2 q:33.72 aq:32.21 tex:3393 mv:5712 misc:1439 imb:22 pmb:419 smb:1599 d:- ref:0 ;
in:4437 out:4438 type:b dur:2 cpbdur:2 q:33.72 aq:32.61 tex:4614 mv:6269 misc:1429 imb:32 pmb:462 smb:1546 d:- ref:0 ;
in:4442 out:4439 type:P dur:2 cpbdur:2 q:33.72 aq:30.44 tex:54765 mv:12855 misc:1180 imb:954 pmb:494 smb:592 d:- ref:0 ;
in:4440 out:4440 type:B dur:2 cpbdur:2 q:33.72 aq:30.90 tex:21208 mv:12637 misc:1643 imb:226 pmb:760 smb:1054 d:- ref:0 ;
in:4439 out:4441 type:b dur:2 cpbdur:2 q:33.72 aq:32.22 tex:5523 mv:6979 misc:1506 imb:62 pmb:482 smb:1496 d:- ref:0 ;
in:4441 out:4442 type:b dur:2 cpbdur:2 q:33.72 aq:32.62 tex:9369 mv:8595 misc:1612 imb:96 pmb:575 smb:1369 d:- ref:0 ;
in:4444 out:4443 type:P dur:2 cpbdur:2 q:33.73 aq:30.56 tex:48222 mv:12137 misc:1129 imb:890 pmb:527 smb:623 d:- ref:0 ;
in:4443 out:4444 type:b dur:2 cpbdur:2 q:33.72 aq:31.84 tex:12806 mv:10692 misc:1590 imb:245 pmb:560 smb:1235 d:- ref:0 ;
in:4445 out:4445 type:P dur:2 cpbdur:2 q:33.75 aq:30.04 tex:41623 mv:11081 misc:1208 imb:765 pmb:550 smb:725 d:- ref:0 ;
in:4446 out:4446 type:P dur:2 cpbdur:2 q:33.77 aq:29.45 tex:43416 mv:10073 misc:1335 imb:651 pmb:538 smb:851 d:- ref:0 ;
in:4450 out:4447 type:P dur:2 cpbdur:2 q:33.79 aq:28.97 tex:37023 mv:10805 misc:1396 imb:654 pmb:603 smb:783 d:- ref:0 ;
in:4448 out:4448 type:B dur:2 cpbdur:2 q:33.78 aq:28.94 tex:7417 mv:7767 misc:1696 imb:115 pmb:569 smb:1356 d:- ref:0 ;
in:4447 out:4449 type:b dur:2 cpbdur:2 q:33.78 aq:31.88 tex:6476 mv:5799 misc:1461 imb:123 pmb:422 smb:1495 d:- ref:0 ;
in:4449 out:4450 type:b dur:2 cpbdur:2 q:33.79 aq:30.44 tex:2961 mv:4490 misc:1341 imb:39 pmb:359 smb:1642 d:- ref:0 ;
in:4454 out:4451 type:P dur:2 cpbdur:2 q:33.82 aq:28.89 tex:29414 mv:10245 misc:1501 imb:542 pmb:648 smb:850 d:- ref:0 ;
in:4452 out:4452 type:B dur:2 cpbdur:2 q:33.80 aq:29.72 tex:8251 mv:7852 misc:1697 imb:108 pmb:536 smb:1396 d:- ref:0 ;
in:4451 out:4453 type:b dur:2 cpbdur:2 q:33.80 aq:31.89 tex:2992 mv:4603 misc:1397 imb:37 pmb:383 smb:1620 d:- ref:0 ;
in:4453 out:4454 type:b dur:2 cpbdur:2 q:33.81 aq:31.56 tex:3237 mv:4775 misc:1452 imb:51 pmb:384 smb:1605 d:- ref:0 ;
in:4458 out:4455 type:P dur:2 cpbdur:2 q:33.82 aq:29.87 tex:31628 mv:11413 misc:1423 imb:657 pmb:616 smb:767 d:- ref:0 ;
in:4456 out:4456 type:B dur:2 cpbdur:2 q:33.82 aq:29.93 tex:11092 mv:8867 misc:1649 imb:132 pmb:580 smb:1328 d:- ref:0 ;
in:4455 out:4457 type:b dur:2 cpbdur:2 q:33.82 aq:31.84 tex:4104 mv:5116 misc:1412 imb:52 pmb:390 smb:1598 d:- ref:0 ;
in:4457 out:4458 type:b dur:2 cpbdur:2 q:33.82 aq:30.83 tex:4084 mv:5431 misc:1493 imb:49 pmb:428 smb:1563 d:- ref:0 ;
in:4461 out:4459 type:P dur:2 cpbdur:2 q:33.80 aq:30.51 tex:31010 mv:12533 misc:1377 imb:725 pmb:646 smb:669 d:- ref:0 ;
in:4459 out:4460 type:B dur:2 cpbdur:2 q:33.81 aq:31.96 tex:7670 mv:7741 misc:1613 imb:103 pmb:523 smb:1414 d:- ref:0 ;
in:4460 out:4461 type:b dur:2 cpbdur:2 q:33.81 aq:31.92 tex:6569 mv:7748 misc:1603 imb:66 pmb:538 smb:1436 d:- ref:0 ;
in:4465 out:4462 type:P dur:2 cpbdur:2 q:33.80 aq:30.72 tex:41472 mv:11435 misc:1109 imb:1035 pmb:344 smb:661 d:- ref:0 ;
in:4463 out:4463 type:B dur:2 cpbdur:2 q:33.80 aq:30.87 tex:22749 mv:14987 misc:1592 imb:376 pmb:779 smb:885 d:- ref:0 ;
in:4462 out:4464 type:b dur:2 cpbdur:2 q:33.80 aq:31.76 tex:9515 mv:9010 misc:1707 imb:137 pmb:593 smb:1310 d:- ref:0 ;
in:4464 out:4465 type:b dur:2 cpbdur:2 q:33.80 aq:32.20 tex:13411 mv:11374 misc:1727 imb:182 pmb:714 smb:1144 d:- ref:0 ;
in:4466 out:4466 type:P dur:2 cpbdur:2 q:33.79 aq:29.98 tex:39159 mv:10866 misc:1159 imb:1068 pmb:360 smb:612 d:- ref:0 ;
in:4469 out:4467 type:P dur:2 cpbdur:2 q:33.80 aq:28.65 tex:37696 mv:10736 misc:1080 imb:1184 pmb:322 smb:534 d:- ref:0 ;
in:4467 out:4468 type:B dur:2 cpbdur:2 q:33.79 aq:30.42 tex:16191 mv:10380 misc:1573 imb:327 pmb:616 smb:1097 d:- ref:0 ;
in:4468 out:4469 type:b dur:2 cpbdur:2 q:33.79 aq:31.56 tex:7060 mv:6944 misc:1484 imb:152 pmb:467 smb:1421 d:- ref:0 ;
in:4470 out:4470 type:P dur:2 cpbdur:2 q:33.83 aq:28.69 tex:20367 mv:8346 misc:1223 imb:740 pmb:358 smb:942 d:- ref:0 ;
in:4472 out:4471 type:P dur:2 cpbdur:2 q:33.84 aq:27.20 tex:18523 mv:8603 misc:1338 imb:750 pmb:402 smb:888 d:- ref:0 ;
in:4471 out:4472 type:b dur:2 cpbdur:2 q:33.83 aq:30.05 tex:4686 mv:4940 misc:1478 imb:86 pmb:442 smb:1512 d:- ref:0 ;
in:4474 out:4473 type:P dur:2 cpbdur:2 q:33.85 aq:27.52 tex:13600 mv:7246 misc:1106 imb:496 pmb:352 smb:1192 d:- ref:0 ;
in:4473 out:4474 type:b dur:2 cpbdur:2 q:33.85 aq:29.86 tex:3362 mv:4540 misc:1258 imb:59 pmb:355 smb:1626 d:- ref:0 ;
in:4475 out:4475 type:P dur:2 cpbdur:2 q:33.86 aq:27.87 tex:9653 mv:6185 misc:1322 imb:312 pmb:383 smb:1345 d:- ref:0 ;
in:4477 out:4476 type:P dur:2 cpbdur:2 q:33.86 aq:27.99 tex:15179 mv:7709 misc:1152 imb:556 pmb:353 smb:1131 d:- ref:0 ;
in:4476 out:4477 type:b dur:2 cpbdur:2 q:33.86 aq:29.72 tex:4604 mv:5636 misc:1336 imb:96 pmb:406 smb:1538 d:- ref:0 ;
in:4478 out:4478 type:P dur:2 cpbdur:2 q:33.85 aq:28.79 tex:36866 mv:9338 misc:1348 imb:637 pmb:432 smb:971 d:- ref:0 ;
in:4479 out:4479 type:I dur:2 cpbdur:2 q:30.90 aq:25.21 tex:74246 mv:20630 misc:484 imb:2040 pmb:0 smb:0 d:- ref:;
in:4482 out:4480 type:P dur:2 cpbdur:2 q:33.88 aq:29.60 tex:22333 mv:8459 misc:1120 imb:824 pmb:296 smb:920 d:- ref:0 ;
in:4480 out:4481 type:B dur:2 cpbdur:2 q:33.88 aq:30.46 tex:7957 mv:6838 misc:1493 imb:158 pmb:470 smb:1412 d:- ref:0 ;
in:4481 out:4482 type:b dur:2 cpbdur:2 q:33.88 aq:29.39 tex:5075 mv:6402 misc:1483 imb:129 pmb:443 smb:1468 d:- ref:0 ;
in:4485 out:4483 type:P dur:2 cpbdur:2 q:33.86 aq:28.13 tex:26129 mv:9987 misc:940 imb:1355 pmb:217 smb:468 d:- ref:0 ;
in:4483 out:4484 type:B dur:2 cpbdur:2 q:33.87 aq:29.03 tex:7700 mv:7106 misc:1570 imb:230 pmb:467 smb:1343 d:- ref:0 ;
in:4484 out:4485 type:b dur:2 cpbdur:2 q:33.86 aq:29.99 tex:8681 mv:7652 misc:1499 imb:263 pmb:462 smb:1315 d:- ref:0 ;
in:4488 out:4486 type:P dur:2 cpbdur:2 q:33.87 aq:27.48 tex:95666 mv:11860 misc:522 imb:1773 pmb:145 smb:122 d:- ref:0 ;
in:4486 out:4487 type:B dur:2 cpbdur:2 q:33.86 aq:28.18 tex:18610 mv:9849 misc:1517 imb:566 pmb:474 smb:1000 d:- ref:0 ;
in:4487 out:4488 type:b dur:2 cpbdur:2 q:33.86 aq:29.10 tex:6380 mv:3052 misc:1280 imb:112 pmb:268 smb:1660 d:- ref:0 ;
in:4489 out:4489 type:P dur:2 cpbdur:2 q:33.89 aq:26.65 tex:35209 mv:6430 misc:1625 imb:465 pmb:603 smb:972 d:- ref:0 w:5,37,-2,6,75,-23,74,-19 ;
in:4491 out:4490 type:P dur:2 cpbdur:2 q:33.90 aq:25.85 tex:44681 mv:8044 misc:1531 imb:688 pmb:655 smb:697 d:- ref:0 w:6,71,0,6,73,-19,74,-19 ;
in:4490 out:4491 type:b dur:2 cpbdur:2 q:33.90 aq:25.43 tex:1484 mv:868 misc:792 imb:41 pmb:103 smb:1896 d:- ref:0 ;
in:4493 out:4492 type:P dur:2 cpbdur:2 q:33.93 aq:24.85 tex:24626 mv:7040 misc:1862 imb:475 pmb:718 smb:847 d:- ref:0 w:6,65,0,5,32,0,33,-4 ;
in:4492 out:4493 type:b dur:2 cpbdur:2 q:33.91 aq:23.29 tex:299 mv:269 misc:400 imb:9 pmb:29 smb:2002 d:- ref:0 ;
in:4495 out:4494 type:P dur:2 cpbdur:2 q:33.93 aq:23.87 tex:26423 mv:4988 misc:1509 imb:257 pmb:608 smb:1175 d:- ref:0 ;
in:4494 out:4495 type:b dur:2 cpbdur:2 q:33.93 aq:23.94 tex:196 mv:391 misc:645 imb:1 pmb:120 smb:1919 d:- ref:0 ;
in:4497 out:4496 type:P dur:2 cpbdur:2 q:33.94 aq:24.88 tex:7516 mv:1506 misc:1258 imb:40 pmb:307 smb:1693 d:- ref:0 ;
in:4496 out:4497 type:b dur:2 cpbdur:2 q:33.94 aq:21.42 tex:65 mv:18 misc:197 imb:0 pmb:5 smb:2035 d:- ref:0 ;
in:4499 out:4498 type:P dur:2 cpbdur:2 q:33.93 aq:24.71 tex:12252 mv:2030 misc:1390 imb:65 pmb:369 smb:1606 d:- ref:0 ;
in:4498 out:4499 type:b dur:2 cpbdur:2 q:33.94 aq:21.39 tex:72 mv:17 misc:199 imb:0 pmb:6 smb:2034 d:- ref:0 ;
in:4501 out:4500 type:P dur:2 cpbdur:2 q:33.91 aq:25.73 tex:6310 mv:1292 misc:1206 imb:44 pmb:251 smb:1745 d:- ref:0 ;
in:4500 out:4501 type:b dur:2 cpbdur:2 q:33.92 aq:20.06 tex:46 mv:14 misc:196 imb:0 pmb:4 smb:2036 d:- ref:0 ;
in:4503 out:4502 type:P dur:2 cpbdur:2 q:33.89 aq:26.29 tex:11872 mv:1782 misc:1322 imb:44 pmb:355 smb:1641 d:- ref:0 ;
in:4502 out:4503 type:b dur:2 cpbdur:2 q:33.90 aq:22.18 tex:40 mv:10 misc:182 imb:0 pmb:3 smb:2037 d:- ref:0 ;
in:4505 out:4504 type:P dur:2 cpbdur:2 q:33.87 aq:25.57 tex:5999 mv:1362 misc:1239 imb:38 pmb:251 smb:1751 d:- ref:0 ;
in:4504 out:4505 type:b dur:2 cpbdur:2 q:33.88 aq:24.16 tex:22 mv:4 misc:174 imb:0 pmb:1 smb:2039 d:- ref:0 ;
in:4507 out:4506 type:P dur:2 cpbdur:2 q:33.84 aq:25.96 tex:12009 mv:1842 misc:1285 imb:42 pmb:366 smb:1632 d:- ref:0 ;
in:4506 out:4507 type:b dur:2 cpbdur:2 q:33.85 aq:23.13 tex:34 mv:7 misc:175 imb:0 pmb:2 smb:2038 d:- ref:0 ;
in:4509 out:4508 type:P dur:2 cpbdur:2 q:33.82 aq:25.51 tex:9719 mv:1713 misc:1384 imb:47 pmb:330 smb:1663 d:- ref:0 ;
in:4508 out:4509 type:b dur:2 cpbdur:2 q:33.83 aq:22.15 tex:45 mv:15 misc:196 imb:0 pmb:4 smb:2036 d:- ref:0 ;
in:4513 out:4510 type:P dur:2 cpbdur:2 q:33.80 aq:24.99 tex:14035 mv:2404 misc:1433 imb:71 pmb:380 smb:1589 d:- ref:0 ;
in:4511 out:4511 type:B dur:2 cpbdur:2 q:33.81 aq:21.99 tex:128 mv:55 misc:265 imb:1 pmb:11 smb:2028 d:- ref:0 ;
in:4510 out:4512 type:b dur:2 cpbdur:2 q:33.81 aq:22.09 tex:63 mv:19 misc:190 imb:1 pmb:2 smb:2037 d:- ref:0 ;
in:4512 out:4513 type:b dur:2 cpbdur:2 q:33.80 aq:21.65 tex:23 mv:5 misc:172 imb:0 pmb:1 smb:2039 d:- ref:0 ;
in:4515 out:4514 type:P dur:2 cpbdur:2 q:33.76 aq:25.21 tex:14508 mv:2530 misc:1450 imb:67 pmb:430 smb:1543 d:- ref:0 ;
in:4514 out:4515 type:b dur:2 cpbdur:2 q:33.78 aq:22.95 tex:91 mv:144 misc:421 imb:2 pmb:62 smb:1976 d:- ref:0 ;
in:4517 out:4516 type:P dur:2 cpbdur:2 q:33.74 aq:23.76 tex:7142 mv:1567 misc:1315 imb:44 pmb:281 smb:1715 d:- ref:0 ;
in:4516 out:4517 type:b dur:2 cpbdur:2 q:33.75 aq:19.43 tex:32 mv:8 misc:176 imb:0 pmb:2 smb:2038 d:- ref:0 ;
in:4521 out:4518 type:P dur:2 cpbdur:2 q:33.71 aq:25.09 tex:11062 mv:2727 misc:1507 imb:78 pmb:422 smb:1540 d:- ref:0 ;
in:4519 out:4519 type:B dur:2 cpbdur:2 q:33.73 aq:22.78 tex:212 mv:528 misc:588 imb:3 pmb:82 smb:1955 d:- ref:0 ;
in:4518 out:4520 type:b dur:2 cpbdur:2 q:33.73 aq:24.71 tex:53 mv:38 misc:189 imb:0 pmb:4 smb:2036 d:- ref:0 ;
in:4520 out:4521 type:b dur:2 cpbdur:2 q:33.72 aq:23.56 tex:142 mv:438 misc:596 imb:4 pmb:89 smb:1947 d:- ref:0 ;
in:4525 out:4522 type:P dur:2 cpbdur:2 q:33.68 aq:26.28 tex:20810 mv:2590 misc:1504 imb:105 pmb:380 smb:1555 d:- ref:0 ;
in:4523 out:4523 type:B dur:2 cpbdur:2 q:33.70 aq:23.36 tex:230 mv:325 misc:389 imb:12 pmb:44 smb:1984 d:- ref:0 ;
in:4522 out:4524 type:b dur:2 cpbdur:2 q:33.70 aq:25.17 tex:73 mv:33 misc:214 imb:1 pmb:6 smb:2033 d:- ref:0 ;
in:4524 out:4525 type:b dur:2 cpbdur:2 q:33.69 aq:22.15 tex:88 mv:173 misc:251 imb:9 pmb:27 smb:2004 d:- ref:0 ;
in:4526 out:4526 type:P dur:2 cpbdur:2 q:33.63 aq:25.94 tex:28148 mv:1344 misc:1236 imb:41 pmb:271 smb:1728 d:- ref:0 ;
in:4527 out:4527 type:P dur:2 cpbdur:2 q:33.63 aq:25.90 tex:30088 mv:1229 misc:1219 imb:38 pmb:272 smb:1730 d:- ref:0 ;
in:4529 out:4528 type:P dur:2 cpbdur:2 q:33.63 aq:25.34 tex:20658 mv:1619 misc:1323 imb:60 pmb:327 smb:1653 d:- ref:0 ;
in:4528 out:4529 type:b dur:2 cpbdur:2 q:33.63 aq:24.00 tex:11 mv:4 misc:169 imb:0 pmb:1 smb:2039 d:- ref:0 ;
in:4533 out:4530 type:P dur:2 cpbdur:2 q:33.61 aq:26.41 tex:6156 mv:2126 misc:1398 imb:62 pmb:328 smb:1650 d:- ref:0 ;
in:4531 out:4531 type:B dur:2 cpbdur:2 q:33.62 aq:23.41 tex:95 mv:53 misc:260 imb:2 pmb:9 smb:2029 d:- ref:0 ;
in:4530 out:4532 type:b dur:2 cpbdur:2 q:33.62 aq:24.81 tex:24 mv:16 misc:192 imb:0 pmb:4 smb:2036 d:- ref:0 ;
in:4532 out:4533 type:b dur:2 cpbdur:2 q:33.61 aq:20.74 tex:28 mv:17 misc:179 imb:1 pmb:1 smb:2038 d:- ref:0 ;
in:4535 out:4534 type:P dur:2 cpbdur:2 q:33.58 aq:27.27 tex:5044 mv:1350 misc:1190 imb:37 pmb:226 smb:1777 d:- ref:0 ;
in:4534 out:4535 type:b dur:2 cpbdur:2 q:33.60 aq:20.47 tex:23 mv:4 misc:173 imb:0 pmb:1 smb:2039 d:- ref:0 ;
in:4536 out:4536 type:P dur:2 cpbdur:2 q:33.56 aq:26.44 tex:3802 mv:855 misc:1055 imb:30 pmb:172 smb:1838 d:- ref:0 ;
in:4537 out:4537 type:P dur:2 cpbdur:2 q:33.55 aq:28.34 tex:3392 mv:651 misc:821 imb:13 pmb:134 smb:1893 d:- ref:0 ;
in:4539 out:4538 type:P dur:2 cpbdur:2 q:33.54 aq:27.78 tex:2360 mv:803 misc:901 imb:9 pmb:169 smb:1862 d:- ref:0 ;
in:4538 out:4539 type:b dur:2 cpbdur:2 q:33.54 aq:24.00 tex:0 mv:0 misc:160 imb:0 pmb:0 smb:2040 d:- ref:0 ;
in:4541 out:4540 type:P dur:2 cpbdur:2 q:33.51 aq:27.39 tex:4691 mv:2187 misc:1394 imb:104 pmb:283 smb:1653 d:- ref:0 w:7,127,0 ;
in:4540 out:4541 type:b dur:2 cpbdur:2 q:33.52 aq:19.38 tex:68 mv:189 misc:271 imb:3 pmb:15 smb:2022 d:- ref:0 ;
in:4542 out:4542 type:P dur:2 cpbdur:2 q:33.49 aq:27.90 tex:3234 mv:896 misc:950 imb:32 pmb:156 smb:1852 d:- ref:0 w:6,63,0 ;
in:4544 out:4543 type:P dur:2 cpbdur:2 q:33.48 aq:26.67 tex:13581 mv:4875 misc:1880 imb:350 pmb:468 smb:1222 d:- ref:0 w:7,123,1,7,123,5,124,4 ;
in:4543 out:4544 type:b dur:2 cpbdur:2 q:33.48 aq:22.74 tex:281 mv:240 misc:375 imb:10 pmb:28 smb:2002 d:- ref:0 ;
in:4545 out:4545 type:P dur:2 cpbdur:2 q:33.46 aq:27.52 tex:17764 mv:6255 misc:1901 imb:541 pmb:677 smb:822 d:- ref:0 w:7,123,1,6,61,5,64,0 ;
in:4546 out:4546 type:P dur:2 cpbdur:2 q:33.45 aq:27.98 tex:24065 mv:5809 misc:1870 imb:344 pmb:722 smb:974 d:- ref:0 w:7,121,1,4,15,8,16,0 ;
in:4547 out:4547 type:P dur:2 cpbdur:2 q:33.44 aq:27.81 tex:37617 mv:8593 misc:1318 imb:653 pmb:1047 smb:340 d:- ref:0 w:6,59,1,6,59,9,64,0 ;
in:4551 out:4548 type:P dur:2 cpbdur:2 q:33.43 aq:28.55 tex:137408 mv:12511 misc:481 imb:1586 pmb:337 smb:117 d:- ref:0 ;
in:4549 out:4549 type:B dur:2 cpbdur:2 q:33.44 aq:29.28 tex:15049 mv:5576 misc:1727 imb:75 pmb:484 smb:1481 d:- ref:0 ;
in:4548 out:4550 type:b dur:2 cpbdur:2 q:33.44 aq:29.20 tex:2888 mv:1511 misc:1009 imb:18 pmb:169 smb:1853 d:- ref:0 ;
in:4550 out:4551 type:b dur:2 cpbdur:2 q:33.44 aq:29.23 tex:4172 mv:3268 misc:1328 imb:66 pmb:245 smb:1729 d:- ref:0 ;
in:4552 out:4552 type:P dur:2 cpbdur:2 q:33.46 aq:28.36 tex:52403 mv:8818 misc:1443 imb:446 pmb:963 smb:631 d:- ref:0 w:6,61,0,6,67,-6,68,-8 ;
in:4554 out:4553 type:P dur:2 cpbdur:2 q:33.48 aq:27.80 tex:92882 mv:12506 misc:700 imb:1038 pmb:786 smb:216 d:- ref:0 ;
in:4553 out:4554 type:b dur:2 cpbdur:2 q:33.47 aq:30.89 tex:3489 mv:3105 misc:1302 imb:44 pmb:255 smb:1741 d:- ref:0 ;
in:4556 out:4555 type:P dur:2 cpbdur:2 q:33.57 aq:27.87 tex:62897 mv:10784 misc:1143 imb:514 pmb:919 smb:607 d:- ref:0 w:0,1,-1,6,64,0,67,-6 ;
in:4555 out:4556 type:b dur:2 cpbdur:2 q:33.53 aq:30.05 tex:2165 mv:2820 misc:1159 imb:15 pmb:242 smb:1783 d:- ref:0 ;
in:4560 out:4557 type:P dur:2 cpbdur:2 q:33.58 aq:26.79 tex:65844 mv:13203 misc:1137 imb:613 pmb:985 smb:442 d:- ref:0 ;
in:4558 out:4558 type:B dur:2 cpbdur:2 q:33.58 aq:30.84 tex:8375 mv:8055 misc:1898 imb:64 pmb:670 smb:1306 d:- ref:0 ;
in:4557 out:4559 type:b dur:2 cpbdur:2 q:33.57 aq:30.45 tex:2575 mv:3614 misc:1315 imb:54 pmb:284 smb:1702 d:- ref:0 ;
in:4559 out:4560 type:b dur:2 cpbdur:2 q:33.58 aq:33.90 tex:1739 mv:2767 misc:1110 imb:2 pmb:246 smb:1792 d:- ref:0 ;
in:4564 out:4561 type:P dur:2 cpbdur:2 q:33.62 aq:27.49 tex:54319 mv:11084 misc:1261 imb:253 pmb:989 smb:798 d:- ref:0 ;
in:4562 out:4562 type:B dur:2 cpbdur:2 q:33.60 aq:31.94 tex:7553 mv:7052 misc:1707 imb:23 pmb:600 smb:1417 d:- ref:0 ;
in:4561 out:4563 type:b dur:2 cpbdur:2 q:33.59 aq:34.23 tex:2122 mv:2444 misc:1018 imb:3 pmb:218 smb:1819 d:- ref:0 ;
in:4563 out:4564 type:b dur:2 cpbdur:2 q:33.61 aq:33.66 tex:2132 mv:2795 misc:1153 imb:5 pmb:261 smb:1774 d:- ref:0 ;
in:4568 out:4565 type:P dur:2 cpbdur:2 q:33.63 aq:27.68 tex:52382 mv:11205 misc:1253 imb:237 pmb:1004 smb:799 d:- ref:0 ;
in:4566 out:4566 type:B dur:2 cpbdur:2 q:33.62 aq:31.46 tex:8073 mv:7283 misc:1724 imb:28 pmb:628 smb:1384 d:- ref:0 ;
in:4565 out:4567 type:b dur:2 cpbdur:2 q:33.62 aq:33.66 tex:2111 mv:2630 misc:1083 imb:6 pmb:239 smb:1795 d:- ref:0 ;
in:4567 out:4568 type:b dur:2 cpbdur:2 q:33.62 aq:33.83 tex:2652 mv:2831 misc:1141 imb:7 pmb:256 smb:1777 d:- ref:0 ;
in:4572 out:4569 type:P dur:2 cpbdur:2 q:33.62 aq:28.42 tex:53711 mv:11995 misc:1222 imb:271 pmb:981 smb:788 d:- ref:0 ;
in:4570 out:4570 type:B dur:2 cpbdur:2 q:33.62 aq:30.84 tex:8280 mv:7924 misc:1732 imb:37 pmb:641 smb:1362 d:- ref:0 ;
in:4569 out:4571 type:b dur:2 cpbdur:2 q:33.63 aq:33.00 tex:2457 mv:2628 misc:1027 imb:10 pmb:236 smb:1794 d:- ref:0 ;
in:4571 out:4572 type:b dur:2 cpbdur:2 q:33.62 aq:34.15 tex:2474 mv:2830 misc:1184 imb:7 pmb:271 smb:1762 d:- ref:0 ;
in:4576 out:4573 type:P dur:2 cpbdur:2 q:33.63 aq:27.50 tex:56651 mv:12471 misc:1214 imb:281 pmb:1028 smb:731 d:- ref:0 ;
in:4574 out:4574 type:B dur:2 cpbdur:2 q:33.63 aq:32.33 tex:8362 mv:7793 misc:1725 imb:25 pmb:634 smb:1381 d:- ref:0 ;
in:4573 out:4575 type:b dur:2 cpbdur:2 q:33.62 aq:33.08 tex:2399 mv:3072 misc:1113 imb:10 pmb:259 smb:1771 d:- ref:0 ;
in:4575 out:4576 type:b dur:2 cpbdur:2 q:33.63 aq:34.52 tex:2230 mv:3065 misc:1185 imb:11 pmb:278 smb:1751 d:- ref:0 ;
in:4580 out:4577 type:P dur:2 cpbdur:2 q:33.62 aq:27.57 tex:58946 mv:12515 misc:1123 imb:286 pmb:1032 smb:722 d:- ref:0 ;
in:4578 out:4578 type:B dur:2 cpbdur:2 q:33.63 aq:31.71 tex:8996 mv:8536 misc:1724 imb:38 pmb:670 smb:1332 d:- ref:0 ;
in:4577 out:4579 type:b dur:2 cpbdur:2 q:33.63 aq:31.45 tex:2761 mv:3262 misc:1233 imb:10 pmb:297 smb:1733 d:- ref:0 ;
in:4579 out:4580 type:b dur:2 cpbdur:2 q:33.62 aq:33.49 tex:2516 mv:3387 misc:1185 imb:11 pmb:293 smb:1736 d:- ref:0 ;
in:4584 out:4581 type:P dur:2 cpbdur:2 q:33.63 aq:27.42 tex:65187 mv:13410 misc:1211 imb:363 pmb:1039 smb:638 d:- ref:0 ;
in:4582 out:4582 type:B dur:2 cpbdur:2 q:33.63 aq:31.91 tex:9696 mv:8722 misc:1774 imb:30 pmb:729 smb:1281 d:- ref:0 ;
in:4581 out:4583 type:b dur:2 cpbdur:2 q:33.62 aq:33.20 tex:2593 mv:3458 misc:1229 imb:9 pmb:310 smb:1721 d:- ref:0 ;
in:4583 out:4584 type:b dur:2 cpbdur:2 q:33.63 aq:33.79 tex:2935 mv:3483 misc:1278 imb:8 pmb:331 smb:1701 d:- ref:0 ;
in:4588 out:4585 type:P dur:2 cpbdur:2 q:33.64 aq:28.32 tex:59604 mv:13464 misc:1156 imb:298 pmb:1092 smb:650 d:- ref:0 ;
in:4586 out:4586 type:B dur:2 cpbdur:2 q:33.63 aq:31.72 tex:9127 mv:9009 misc:1712 imb:20 pmb:745 smb:1275 d:- ref:0 ;
in:4585 out:4587 type:b dur:2 cpbdur:2 q:33.63 aq:33.12 tex:1881 mv:3570 misc:1157 imb:7 pmb:296 smb:1737 d:- ref:0 ;
in:4587 out:4588 type:b dur:2 cpbdur:2 q:33.64 aq:33.10 tex:2190 mv:3867 misc:1287 imb:9 pmb:327 smb:1704 d:- ref:0 ;
in:4592 out:4589 type:P dur:2 cpbdur:2 q:33.65 aq:27.79 tex:59670 mv:13948 misc:1174 imb:323 pmb:1081 smb:636 d:- ref:0 ;
in:4590 out:4590 type:B dur:2 cpbdur:2 q:33.65 aq:31.57 tex:10318 mv:9188 misc:1774 imb:41 pmb:751 smb:1248 d:- ref:0 ;
in:4589 out:4591 type:b dur:2 cpbdur:2 q:33.64 aq:33.01 tex:2453 mv:3818 misc:1241 imb:11 pmb:322 smb:1707 d:- ref:0 ;
in:4591 out:4592 type:b dur:2 cpbdur:2 q:33.65 aq:33.89 tex:2546 mv:3815 misc:1327 imb:7 pmb:348 smb:1685 d:- ref:0 ;
in:4596 out:4593 type:P dur:2 cpbdur:2 q:33.66 aq:28.44 tex:61139 mv:14459 misc:1130 imb:337 pmb:1078 smb:625 d:- ref:0 ;
in:4594 out:4594 type:B dur:2 cpbdur:2 q:33.66 aq:30.99 tex:8587 mv:8963 misc:1810 imb:34 pmb:706 smb:1300 d:- ref:0 ;
in:4593 out:4595 type:b dur:2 cpbdur:2 q:33.66 aq:32.86 tex:2715 mv:3575 misc:1270 imb:14 pmb:315 smb:1711 d:- ref:0 ;
in:4595 out:4596 type:b dur:2 cpbdur:2 q:33.66 aq:33.44 tex:3079 mv:3864 misc:1361 imb:9 pmb:360 smb:1671 d:- ref:0 ;
in:4600 out:4597 type:P dur:2 cpbdur:2 q:33.67 aq:28.78 tex:59076 mv:14595 misc:1177 imb:298 pmb:1134 smb:608 d:- ref:0 ;
in:4598 out:4598 type:B dur:2 cpbdur:2 q:33.66 aq:31.34 tex:8758 mv:9226 misc:1760 imb:30 pmb:742 smb:1268 d:- ref:0 ;
in:4597 out:4599 type:b dur:2 cpbdur:2 q:33.66 aq:34.63 tex:2669 mv:3759 misc:1284 imb:10 pmb:335 smb:1695 d:- ref:0 ;
in:4599 out:4600 type:b dur:2 cpbdur:2 q:33.66 aq:34.83 tex:3156 mv:3708 misc:1304 imb:10 pmb:337 smb:1693 d:- ref:0 ;
in:4604 out:4601 type:P dur:2 cpbdur:2 q:33.68 aq:28.41 tex:58473 mv:14151 misc:1208 imb:273 pmb:1111 smb:656 d:- ref:0 ;
in:4602 out:4602 type:B dur:2 cpbdur:2 q:33.67 aq:31.64 tex:8968 mv:9479 misc:1785 imb:31 pmb:751 smb:1258 d:- ref:0 ;
in:4601 out:4603 type:b dur:2 cpbdur:2 q:33.67 aq:33.45 tex:2490 mv:3569 misc:1301 imb:4 pmb:338 smb:1698 d:- ref:0 ;
in:4603 out:4604 type:b dur:2 cpbdur:2 q:33.67 aq:33.70 tex:3194 mv:3995 misc:1355 imb:13 pmb:361 smb:1666 d:- ref:0 ;
in:4608 out:4605 type:P dur:2 cpbdur:2 q:33.69 aq:28.11 tex:61310 mv:14678 misc:1228 imb:366 pmb:1126 smb:548 d:- ref:0 ;
in:4606 out:4606 type:B dur:2 cpbdur:2 q:33.68 aq:31.09 tex:9960 mv:9550 misc:1842 imb:34 pmb:774 smb:1232 d:- ref:0 ;
in:4605 out:4607 type:b dur:2 cpbdur:2 q:33.68 aq:35.33 tex:2562 mv:4254 misc:1376 imb:11 pmb:375 smb:1654 d:- ref:0 ;
in:4607 out:4608 type:b dur:2 cpbdur:2 q:33.69 aq:33.75 tex:3105 mv:4268 misc:1347 imb:13 pmb:369 smb:1658 d:- ref:0 ;
in:4612 out:4609 type:P dur:2 cpbdur:2 q:33.69 aq:27.98 tex:59705 mv:13858 misc:1269 imb:295 pmb:1106 smb:639 d:- ref:0 ;
in:4610 out:4610 type:B dur:2 cpbdur:2 q:33.69 aq:32.79 tex:9375 mv:9297 misc:1784 imb:27 pmb:739 smb:1274 d:- ref:0 ;
in:4609 out:4611 type:b dur:2 cpbdur:2 q:33.69 aq:34.66 tex:2565 mv:4037 misc:1342 imb:4 pmb:350 smb:1686 d:- ref:0 ;
in:4611 out:4612 type:b dur:2 cpbdur:2 q:33.69 aq:34.01 tex:3156 mv:3768 misc:1332 imb:3 pmb:354 smb:1683 d:- ref:0 ;
in:4616 out:4613 type:P dur:2 cpbdur:2 q:33.70 aq:28.49 tex:62305 mv:14451 misc:1260 imb:349 pmb:1091 smb:600 d:- ref:0 ;
in:4614 out:4614 type:B dur:2 cpbdur:2 q:33.70 aq:31.86 tex:9226 mv:9340 misc:1834 imb:37 pmb:709 smb:1294 d:- ref:0 ;
in:4613 out:4615 type:b dur:2 cpbdur:2 q:33.70 aq:33.98 tex:2734 mv:3893 misc:1333 imb:11 pmb:338 smb:1691 d:- ref:0 ;
in:4615 out:4616 type:b dur:2 cpbdur:2 q:33.70 aq:34.12 tex:2460 mv:4005 misc:1367 imb:9 pmb:356 smb:1675 d:- ref:0 ;
in:4620 out:4617 type:P dur:2 cpbdur:2 q:33.72 aq:28.55 tex:58490 mv:14450 misc:1212 imb:331 pmb:1126 smb:583 d:- ref:0 ;
in:4618 out:4618 type:B dur:2 cpbdur:2 q:33.71 aq:32.62 tex:9577 mv:9341 misc:1826 imb:36 pmb:729 smb:1275 d:- ref:0 ;
in:4617 out:4619 type:b dur:2 cpbdur:2 q:33.71 aq:34.95 tex:2609 mv:4065 misc:1390 imb:4 pmb:387 smb:1649 d:- ref:0 ;
in:4619 out:4620 type:b dur:2 cpbdur:2 q:33.71 aq:34.83 tex:2756 mv:3963 misc:1401 imb:13 pmb:366 smb:1661 d:- ref:0 ;
in:4624 out:4621 type:P dur:2 cpbdur:2 q:33.73 aq:28.62 tex:61313 mv:13981 misc:1306 imb:339 pmb:1067 smb:634 d:- ref:0 ;
in:4622 out:4622 type:B dur:2 cpbdur:2 q:33.73 aq:32.41 tex:9373 mv:9215 misc:1828 imb:47 pmb:739 smb:1254 d:- ref:0 ;
in:4621 out:4623 type:b dur:2 cpbdur:2 q:33.72 aq:34.44 tex:3052 mv:4016 misc:1364 imb:11 pmb:360 smb:1669 d:- ref:0 ;
in:4623 out:4624 type:b dur:2 cpbdur:2 q:33.73 aq:34.10 tex:2615 mv:3985 misc:1384 imb:11 pmb:360 smb:1669 d:- ref:0 ;
in:4628 out:4625 type:P dur:2 cpbdur:2 q:33.74 aq:28.35 tex:58287 mv:14182 misc:1259 imb:348 pmb:1075 smb:617 d:- ref:0 ;
in:4626 out:4626 type:B dur:2 cpbdur:2 q:33.74 aq:31.46 tex:9779 mv:9030 misc:1847 imb:36 pmb:724 smb:1280 d:- ref:0 ;
in:4625 out:4627 type:b dur:2 cpbdur:2 q:33.73 aq:32.57 tex:2486 mv:3867 misc:1367 imb:16 pmb:359 smb:1665 d:- ref:0 ;
in:4627 out:4628 type:b dur:2 cpbdur:2 q:33.74 aq:32.87 tex:2519 mv:3662 misc:1331 imb:11 pmb:340 smb:1689 d:- ref:0 ;
in:4632 out:4629 type:P dur:2 cpbdur:2 q:33.74 aq:28.36 tex:58068 mv:14442 misc:1322 imb:409 pmb:1081 smb:550 d:- ref:0 ;
in:4630 out:4630 type:B dur:2 cpbdur:2 q:33.74 aq:31.28 tex:10393 mv:9114 misc:1837 imb:41 pmb:720 smb:1279 d:- ref:0 ;
in:4629 out:4631 type:b dur:2 cpbdur:2 q:33.74 aq:33.12 tex:2648 mv:3914 misc:1350 imb:13 pmb:352 smb:1675 d:- ref:0 ;
in:4631 out:4632 type:b dur:2 cpbdur:2 q:33.74 aq:32.87 tex:2089 mv:3694 misc:1289 imb:8 pmb:341 smb:1691 d:- ref:0 ;
in:4636 out:4633 type:P dur:2 cpbdur:2 q:33.75 aq:28.62 tex:59878 mv:13756 misc:1374 imb:356 pmb:1043 smb:641 d:- ref:0 ;
in:4634 out:4634 type:B dur:2 cpbdur:2 q:33.75 aq:33.30 tex:9095 mv:8786 misc:1815 imb:29 pmb:706 smb:1305 d:- ref:0 ;
in:4633 out:4635 type:b dur:2 cpbdur:2 q:33.75 aq:35.43 tex:2097 mv:3607 misc:1200 imb:10 pmb:311 smb:1719 d:- ref:0 ;
in:4635 out:4636 type:b dur:2 cpbdur:2 q:33.75 aq:33.27 tex:2143 mv:3954 misc:1335 imb:7 pmb:364 smb:1669 d:- ref:0 ;
in:4640 out:4637 type:P dur:2 cpbdur:2 q:33.77 aq:28.44 tex:64839 mv:14187 misc:1262 imb:510 pmb:983 smb:547 d:- ref:0 ;
in:4638 out:4638 type:B dur:2 cpbdur:2 q:33.76 aq:31.72 tex:10178 mv:9365 misc:1833 imb:51 pmb:716 smb:1273 d:- ref:0 ;
in:4637 out:4639 type:b dur:2 cpbdur:2 q:33.76 aq:33.25 tex:2732 mv:3921 misc:1275 imb:14 pmb:338 smb:1688 d:- ref:0 ;
in:4639 out:4640 type:b dur:2 cpbdur:2 q:33.77 aq:33.52 tex:3318 mv:4326 misc:1452 imb:9 pmb:412 smb:1619 d:- ref:0 ;
in:4644 out:4641 type:P dur:2 cpbdur:2 q:33.77 aq:28.64 tex:72978 mv:14297 misc:1213 imb:544 pmb:983 smb:513 d:- ref:0 ;
in:4642 out:4642 type:B dur:2 cpbdur:2 q:33.77 aq:32.01 tex:11270 mv:9664 misc:1842 imb:51 pmb:735 smb:1254 d:- ref:0 ;
in:4641 out:4643 type:b dur:2 cpbdur:2 q:33.77 aq:32.69 tex:3507 mv:4213 misc:1368 imb:13 pmb:385 smb:1642 d:- ref:0 ;
in:4643 out:4644 type:b dur:2 cpbdur:2 q:33.77 aq:33.89 tex:4393 mv:4656 misc:1431 imb:19 pmb:413 smb:1608 d:- ref:0 ;
in:4648 out:4645 type:P dur:2 cpbdur:2 q:33.79 aq:28.51 tex:69918 mv:14451 misc:1159 imb:516 pmb:1021 smb:503 d:- ref:0 ;
in:4646 out:4646 type:B dur:2 cpbdur:2 q:33.78 aq:32.23 tex:12094 mv:8966 misc:1820 imb:51 pmb:725 smb:1264 d:- ref:0 ;
in:4645 out:4647 type:b dur:2 cpbdur:2 q:33.78 aq:33.51 tex:4333 mv:4200 misc:1371 imb:21 pmb:372 smb:1647 d:- ref:0 ;
in:4647 out:4648 type:b dur:2 cpbdur:2 q:33.78 aq:34.57 tex:3571 mv:3998 misc:1335 imb:12 pmb:377 smb:1651 d:- ref:0 ;
in:4652 out:4649 type:P dur:2 cpbdur:2 q:33.81 aq:28.90 tex:63939 mv:14253 misc:1280 imb:460 pmb:1031 smb:549 d:- ref:0 ;
in:4650 out:4650 type:B dur:2 cpbdur:2 q:33.80 aq:31.90 tex:10352 mv:8760 misc:1824 imb:61 pmb:674 smb:1305 d:- ref:0 ;
in:4649 out:4651 type:b dur:2 cpbdur:2 q:33.79 aq:33.12 tex:3685 mv:4054 misc:1357 imb:15 pmb:379 smb:1646 d:- ref:0 ;
in:4651 out:4652 type:b dur:2 cpbdur:2 q:33.80 aq:34.55 tex:3174 mv:4018 misc:1376 imb:17 pmb:384 smb:1639 d:- ref:0 ;
in:4656 out:4653 type:P dur:2 cpbdur:2 q:33.83 aq:28.31 tex:66128 mv:13908 misc:1396 imb:453 pmb:1029 smb:558 d:- ref:0 ;
in:4654 out:4654 type:B dur:2 cpbdur:2 q:33.82 aq:31.62 tex:11699 mv:9055 misc:1814 imb:72 pmb:700 smb:1268 d:- ref:0 ;
in:4653 out:4655 type:b dur:2 cpbdur:2 q:33.81 aq:34.82 tex:3342 mv:4028 misc:1326 imb:16 pmb:371 smb:1653 d:- ref:0 ;
in:4655 out:4656 type:b dur:2 cpbdur:2 q:33.83 aq:34.15 tex:4141 mv:4104 misc:1379 imb:14 pmb:385 smb:1641 d:- ref:0 ;
in:4660 out:4657 type:P dur:2 cpbdur:2 q:33.84 aq:28.39 tex:66947 mv:13647 misc:1310 imb:459 pmb:1016 smb:565 d:- ref:0 ;
in:4658 out:4658 type:B dur:2 cpbdur:2 q:33.84 aq:33.31 tex:10858 mv:8565 misc:1769 imb:51 pmb:701 smb:1288 d:- ref:0 ;
in:4657 out:4659 type:b dur:2 cpbdur:2 q:33.83 aq:33.98 tex:3798 mv:3987 misc:1383 imb:31 pmb:359 smb:1650 d:- ref:0 ;
in:4659 out:4660 type:b dur:2 cpbdur:2 q:33.84 aq:35.22 tex:2971 mv:3766 misc:1367 imb:15 pmb:370 smb:1655 d:- ref:0 ;
in:4664 out:4661 type:P dur:2 cpbdur:2 q:33.85 aq:28.41 tex:63022 mv:13743 misc:1219 imb:399 pmb:1091 smb:550 d:- ref:0 ;
in:4662 out:4662 type:B dur:2 cpbdur:2 q:33.85 aq:32.97 tex:11270 mv:8534 misc:1740 imb:56 pmb:677 smb:1307 d:- ref:0 ;
in:4661 out:4663 type:b dur:2 cpbdur:2 q:33.84 aq:34.58 tex:3826 mv:3645 misc:1297 imb:20 pmb:342 smb:1678 d:- ref:0 ;
in:4663 out:4664 type:b dur:2 cpbdur:2 q:33.85 aq:33.54 tex:3710 mv:3603 misc:1319 imb:19 pmb:354 smb:1667 d:- ref:0 ;
in:4668 out:4665 type:P dur:2 cpbdur:2 q:33.87 aq:29.28 tex:59204 mv:13201 misc:1315 imb:342 pmb:1085 smb:613 d:- ref:0 ;
in:4666 out:4666 type:B dur:2 cpbdur:2 q:33.86 aq:33.42 tex:10536 mv:7943 misc:1729 imb:46 pmb:636 smb:1358 d:- ref:0 ;
in:4665 out:4667 type:b dur:2 cpbdur:2 q:33.86 aq:32.69 tex:3900 mv:3597 misc:1271 imb:20 pmb:339 smb:1681 d:- ref:0 ;
in:4667 out:4668 type:b dur:2 cpbdur:2 q:33.87 aq:34.29 tex:3362 mv:3641 misc:1381 imb:18 pmb:355 smb:1667 d:- ref:0 ;
in:4672 out:4669 type:P dur:2 cpbdur:2 q:33.89 aq:29.16 tex:54493 mv:12775 misc:1372 imb:301 pmb:1066 smb:673 d:- ref:0 ;
in:4670 out:4670 type:B dur:2 cpbdur:2 q:33.88 aq:32.53 tex:10311 mv:7921 misc:1768 imb:39 pmb:660 smb:1341 d:- ref:0 ;
in:4669 out:4671 type:b dur:2 cpbdur:2 q:33.87 aq:36.27 tex:2571 mv:3302 misc:1199 imb:8 pmb:314 smb:1718 d:- ref:0 ;
in:4671 out:4672 type:b dur:2 cpbdur:2 q:33.88 aq:35.93 tex:2580 mv:3165 misc:1231 imb:3 pmb:321 smb:1716 d:- ref:0 ;
in:4676 out:4673 type:P dur:2 cpbdur:2 q:33.89 aq:30.83 tex:45288 mv:12156 misc:1444 imb:309 pmb:995 smb:736 d:- ref:0 ;
in:4674 out:4674 type:B dur:2 cpbdur:2 q:33.89 aq:32.28 tex:12224 mv:8468 misc:1852 imb:52 pmb:717 smb:1271 d:- ref:0 ;
in:4673 out:4675 type:b dur:2 cpbdur:2 q:33.89 aq:33.83 tex:2972 mv:3540 misc:1304 imb:11 pmb:342 smb:1687 d:- ref:0 ;
in:4675 out:4676 type:b dur:2 cpbdur:2 q:33.89 aq:32.87 tex:3317 mv:3623 misc:1324 imb:18 pmb:368 smb:1654 d:- ref:0 ;
in:4678 out:4677 type:P dur:2 cpbdur:2 q:33.89 aq:30.34 tex:36022 mv:11556 misc:1470 imb:578 pmb:889 smb:573 d:- ref:0 ;
in:4677 out:4678 type:b dur:2 cpbdur:2 q:33.89 aq:32.50 tex:2865 mv:3781 misc:1266 imb:31 pmb:328 smb:1681 d:- ref:0 ;
in:4682 out:4679 type:P dur:2 cpbdur:2 q:33.89 aq:29.14 tex:94534 mv:11927 misc:387 imb:1871 pmb:134 smb:35 d:- ref:0 ;
in:4680 out:4680 type:B dur:2 cpbdur:2 q:33.89 aq:30.48 tex:38733 mv:14376 misc:1619 imb:554 pmb:768 smb:718 d:- ref:0 ;
in:4679 out:4681 type:b dur:2 cpbdur:2 q:33.89 aq:32.11 tex:6768 mv:5083 misc:1629 imb:111 pmb:383 smb:1546 d:- ref:0 ;
in:4681 out:4682 type:b dur:2 cpbdur:2 q:33.89 aq:30.89 tex:3299 mv:2433 misc:1196 imb:24 pmb:223 smb:1793 d:- ref:0 ;
in:4684 out:4683 type:P dur:2 cpbdur:2 q:33.92 aq:26.87 tex:58446 mv:11159 misc:1059 imb:1205 pmb:556 smb:279 d:- ref:0 w:6,75,-3,6,64,0,51,25 ;
in:4683 out:4684 type:b dur:2 cpbdur:2 q:33.90 aq:26.53 tex:2114 mv:1499 misc:779 imb:70 pmb:103 smb:1867 d:- ref:0 ;
in:4686 out:4685 type:P dur:2 cpbdur:2 q:33.94 aq:25.30 tex:26340 mv:7301 misc:1759 imb:530 pmb:639 smb:871 d:- ref:0 w:6,67,0,5,32,0,33,-4 ;
in:4685 out:4686 type:b dur:2 cpbdur:2 q:33.93 aq:24.61 tex:490 mv:375 misc:527 imb:11 pmb:53 smb:1976 d:- ref:0 ;
in:4688 out:4687 type:P dur:2 cpbdur:2 q:33.96 aq:23.16 tex:18749 mv:6270 misc:2069 imb:474 pmb:644 smb:922 d:- ref:0 w:0,1,1 ;
in:4687 out:4688 type:b dur:2 cpbdur:2 q:33.95 aq:22.02 tex:133 mv:67 misc:296 imb:0 pmb:20 smb:2020 d:- ref:0 ;
in:4690 out:4689 type:P dur:2 cpbdur:2 q:33.95 aq:24.28 tex:7046 mv:1670 misc:1396 imb:54 pmb:293 smb:1693 d:- ref:0 ;
in:4689 out:4690 type:b dur:2 cpbdur:2 q:33.96 aq:19.69 tex:30 mv:7 misc:179 imb:0 pmb:2 smb:2038 d:- ref:0 ;
in:4692 out:4691 type:P dur:2 cpbdur:2 q:33.93 aq:23.71 tex:8600 mv:1531 misc:1389 imb:54 pmb:288 smb:1698 d:- ref:0 ;
in:4691 out:4692 type:b dur:2 cpbdur:2 q:33.94 aq:20.01 tex:74 mv:20 misc:210 imb:0 pmb:6 smb:2034 d:- ref:0 ;
in:4694 out:4693 type:P dur:2 cpbdur:2 q:33.91 aq:23.89 tex:6016 mv:1248 misc:1168 imb:40 pmb:217 smb:1783 d:- ref:0 ;
in:4693 out:4694 type:b dur:2 cpbdur:2 q:33.92 aq:20.41 tex:31 mv:10 misc:183 imb:0 pmb:3 smb:2037 d:- ref:0 ;
in:4696 out:4695 type:P dur:2 cpbdur:2 q:33.89 aq:23.76 tex:6516 mv:1555 misc:1257 imb:39 pmb:269 smb:1732 d:- ref:0 ;
in:4695 out:4696 type:b dur:2 cpbdur:2 q:33.90 aq:20.41 tex:30 mv:23 misc:187 imb:0 pmb:3 smb:2037 d:- ref:0 ;
in:4700 out:4697 type:P dur:2 cpbdur:2 q:33.87 aq:23.94 tex:10133 mv:2655 misc:1420 imb:56 pmb:410 smb:1574 d:- ref:0 ;
in:4698 out:4698 type:B dur:2 cpbdur:2 q:33.88 aq:25.79 tex:183 mv:351 misc:514 imb:1 pmb:66 smb:1973 d:- ref:0 ;
in:4697 out:4699 type:b dur:2 cpbdur:2 q:33.89 aq:22.64 tex:115 mv:341 misc:496 imb:1 pmb:80 smb:1959 d:- ref:0 ;
in:4699 out:4700 type:b dur:2 cpbdur:2 q:33.88 aq:20.41 tex:38 mv:12 misc:182 imb:0 pmb:3 smb:2037 d:- ref:0 ;
in:4702 out:4701 type:P dur:2 cpbdur:2 q:33.83 aq:23.22 tex:4001 mv:1094 misc:1129 imb:31 pmb:189 smb:1820 d:- ref:0 ;
in:4701 out:4702 type:b dur:2 cpbdur:2 q:33.85 aq:20.41 tex:22 mv:4 misc:166 imb:0 pmb:1 smb:2039 d:- ref:0 ;
in:4704 out:4703 type:P dur:2 cpbdur:2 q:33.80 aq:23.12 tex:5881 mv:1726 misc:1345 imb:57 pmb:279 smb:1704 d:- ref:0 ;
in:4703 out:4704 type:b dur:2 cpbdur:2 q:33.81 aq:24.26 tex:39 mv:12 misc:181 imb:0 pmb:3 smb:2037 d:- ref:0 ;
in:4708 out:4705 type:P dur:2 cpbdur:2 q:33.78 aq:24.01 tex:7350 mv:2401 misc:1393 imb:72 pmb:333 smb:1635 d:- ref:0 ;
in:4706 out:4706 type:B dur:2 cpbdur:2 q:33.79 aq:22.66 tex:129 mv:330 misc:405 imb:1 pmb:47 smb:1992 d:- ref:0 ;
in:4705 out:4707 type:b dur:2 cpbdur:2 q:33.80 aq:21.28 tex:38 mv:10 misc:184 imb:0 pmb:3 smb:2037 d:- ref:0 ;
in:4707 out:4708 type:b dur:2 cpbdur:2 q:33.79 aq:24.95 tex:107 mv:241 misc:436 imb:2 pmb:62 smb:1976 d:- ref:0 ;
in:4710 out:4709 type:P dur:2 cpbdur:2 q:33.74 aq:23.72 tex:3036 mv:1073 misc:1027 imb:34 pmb:163 smb:1843 d:- ref:0 ;
in:4709 out:4710 type:b dur:2 cpbdur:2 q:33.76 aq:21.11 tex:22 mv:5 misc:173 imb:0 pmb:1 smb:2039 d:- ref:0 ;
in:4712 out:4711 type:P dur:2 cpbdur:2 q:33.72 aq:23.53 tex:4491 mv:1290 misc:1211 imb:29 pmb:223 smb:1788 d:- ref:0 ;
in:4711 out:4712 type:b dur:2 cpbdur:2 q:33.73 aq:21.11 tex:22 mv:4 misc:166 imb:0 pmb:1 smb:2039 d:- ref:0 ;
in:4714 out:4713 type:P dur:2 cpbdur:2 q:33.69 aq:23.78 tex:3330 mv:1292 misc:1122 imb:39 pmb:176 smb:1825 d:- ref:0 ;
in:4713 out:4714 type:b dur:2 cpbdur:2 q:33.70 aq:22.79 tex:22 mv:4 misc:174 imb:0 pmb:1 smb:2039 d:- ref:0 ;
in:4716 out:4715 type:P dur:2 cpbdur:2 q:33.66 aq:24.30 tex:3823 mv:1397 misc:1212 imb:36 pmb:210 smb:1794 d:- ref:0 ;
in:4715 out:4716 type:b dur:2 cpbdur:2 q:33.67 aq:24.00 tex:0 mv:0 misc:160 imb:0 pmb:0 smb:2040 d:- ref:0 ;
in:4717 out:4717 type:P dur:2 cpbdur:2 q:33.64 aq:24.43 tex:4636 mv:1158 misc:1030 imb:30 pmb:215 smb:1795 d:- ref:0 ;
in:4719 out:4718 type:P dur:2 cpbdur:2 q:33.63 aq:25.08 tex:11843 mv:2038 misc:1167 imb:104 pmb:222 smb:1714 d:- ref:0 ;
in:4718 out:4719 type:b dur:2 cpbdur:2 q:33.63 aq:24.00 tex:0 mv:0 misc:160 imb:0 pmb:0 smb:2040 d:- ref:0 ;
in:4723 out:4720 type:P dur:2 cpbdur:2 q:33.61 aq:24.16 tex:36036 mv:3369 misc:1491 imb:110 pmb:375 smb:1555 d:- ref:0 ;
in:4721 out:4721 type:B dur:2 cpbdur:2 q:33.62 aq:22.99 tex:507 mv:875 misc:546 imb:61 pmb:50 smb:1929 d:- ref:0 ;
in:4720 out:4722 type:b dur:2 cpbdur:2 q:33.62 aq:25.89 tex:34 mv:93 misc:257 imb:1 pmb:32 smb:2007 d:- ref:0 ;
in:4722 out:4723 type:b dur:2 cpbdur:2 q:33.61 aq:24.00 tex:22 mv:221 misc:477 imb:0 pmb:94 smb:1946 d:- ref:0 ;
in:4727 out:4724 type:P dur:2 cpbdur:2 q:33.58 aq:24.82 tex:4597 mv:1414 misc:1165 imb:39 pmb:208 smb:1793 d:- ref:0 ;
in:4725 out:4725 type:B dur:2 cpbdur:2 q:33.59 aq:20.99 tex:125 mv:75 misc:288 imb:2 pmb:14 smb:2024 d:- ref:0 ;
in:4724 out:4726 type:b dur:2 cpbdur:2 q:33.60 aq:20.61 tex:40 mv:23 misc:193 imb:1 pmb:3 smb:2036 d:- ref:0 ;
in:4726 out:4727 type:b dur:2 cpbdur:2 q:33.59 aq:20.62 tex:38 mv:10 misc:184 imb:0 pmb:3 smb:2037 d:- ref:0 ;
in:4728 out:4728 type:P dur:2 cpbdur:2 q:33.54 aq:21.35 tex:63 mv:65 misc:248 imb:5 pmb:3 smb:2032 d:- ref:0 ;
in:4729 out:4729 type:I dur:2 cpbdur:2 q:30.80 aq:22.01 tex:118713 mv:27922 misc:517 imb:2040 pmb:0 smb:0 d:- ref:;
in:4731 out:4730 type:P dur:2 cpbdur:2 q:33.60 aq:23.24 tex:1052 mv:240 misc:452 imb:5 pmb:44 smb:1991 d:- ref:0 ;
in:4730 out:4731 type:b dur:2 cpbdur:2 q:33.60 aq:21.99 tex:55 mv:17 misc:184 imb:0 pmb:3 smb:2037 d:- ref:0 ;
in:4733 out:4732 type:P dur:2 cpbdur:2 q:33.57 aq:27.46 tex:875 mv:240 misc:453 imb:5 pmb:46 smb:1989 d:- ref:0 ;
in:4732 out:4733 type:b dur:2 cpbdur:2 q:33.58 aq:25.07 tex:41 mv:7 misc:176 imb:0 pmb:2 smb:2038 d:- ref:0 ;
in:4735 out:4734 type:P dur:2 cpbdur:2 q:33.54 aq:22.20 tex:1663 mv:1312 misc:993 imb:62 pmb:131 smb:1847 d:- ref:0 w:7,127,0 ;
in:4734 out:4735 type:b dur:2 cpbdur:2 q:33.56 aq:23.99 tex:104 mv:239 misc:345 imb:6 pmb:21 smb:2013 d:- ref:0 ;
in:4737 out:4736 type:P dur:2 cpbdur:2 q:33.51 aq:26.30 tex:7529 mv:4777 misc:1654 imb:305 pmb:349 smb:1386 d:- ref:0 ;
in:4736 out:4737 type:b dur:2 cpbdur:2 q:33.53 aq:23.78 tex:229 mv:132 misc:311 imb:3 pmb:20 smb:2017 d:- ref:0 ;
in:4738 out:4738 type:P dur:2 cpbdur:2 q:33.49 aq:26.80 tex:13320 mv:7145 misc:1927 imb:475 pmb:581 smb:984 d:- ref:0 w:7,125,1 ;
in:4740 out:4739 type:P dur:2 cpbdur:2 q:33.49 aq:27.59 tex:41751 mv:11889 misc:1288 imb:920 pmb:764 smb:356 d:- ref:0 w:7,119,2 ;
in:4739 out:4740 type:b dur:2 cpbdur:2 q:33.49 aq:24.56 tex:634 mv:432 misc:550 imb:12 pmb:65 smb:1963 d:- ref:0 ;
in:4744 out:4741 type:P dur:2 cpbdur:2 q:33.47 aq:28.81 tex:139806 mv:14823 misc:483 imb:1487 pmb:449 smb:104 d:- ref:0 ;
in:4742 out:4742 type:B dur:2 cpbdur:2 q:33.48 aq:28.78 tex:16317 mv:7598 misc:1789 imb:195 pmb:541 smb:1304 d:- ref:0 ;
in:4741 out:4743 type:b dur:2 cpbdur:2 q:33.48 aq:28.54 tex:2310 mv:1750 misc:932 imb:47 pmb:139 smb:1854 d:- ref:0 ;
in:4743 out:4744 type:b dur:2 cpbdur:2 q:33.47 aq:30.06 tex:2544 mv:2610 misc:1094 imb:22 pmb:199 smb:1819 d:- ref:0 ;
in:4746 out:4745 type:P dur:2 cpbdur:2 q:33.50 aq:28.48 tex:105548 mv:14798 misc:814 imb:942 pmb:872 smb:226 d:- ref:0 ;
in:4745 out:4746 type:b dur:2 cpbdur:2 q:33.48 aq:29.94 tex:4010 mv:4023 misc:1487 imb:63 pmb:320 smb:1657 d:- ref:0 ;
in:4748 out:4747 type:P dur:2 cpbdur:2 q:33.57 aq:27.90 tex:93125 mv:13875 misc:936 imb:731 pmb:1038 smb:271 d:- ref:0 w:4,17,-2,3,9,-17,9,-16 ;
in:4747 out:4748 type:b dur:2 cpbdur:2 q:33.54 aq:30.55 tex:2928 mv:3809 misc:1407 imb:43 pmb:320 smb:1677 d:- ref:0 ;
in:4750 out:4749 type:P dur:2 cpbdur:2 q:33.60 aq:27.47 tex:69025 mv:13220 misc:1123 imb:533 pmb:1112 smb:395 d:- ref:0 ;
in:4749 out:4750 type:b dur:2 cpbdur:2 q:33.59 aq:31.35 tex:2549 mv:3365 misc:1414 imb:16 pmb:348 smb:1676 d:- ref:0 ;
in:4754 out:4751 type:P dur:2 cpbdur:2 q:33.64 aq:26.98 tex:70951 mv:14108 misc:1141 imb:476 pmb:1130 smb:434 d:- ref:0 ;
in:4752 out:4752 type:B dur:2 cpbdur:2 q:33.62 aq:29.65 tex:9617 mv:8450 misc:2037 imb:84 pmb:744 smb:1212 d:- ref:0 ;
in:4751 out:4753 type:b dur:2 cpbdur:2 q:33.61 aq:30.66 tex:2953 mv:4254 misc:1521 imb:38 pmb:414 smb:1588 d:- ref:0 ;
in:4753 out:4754 type:b dur:2 cpbdur:2 q:33.63 aq:32.23 tex:2485 mv:3558 misc:1373 imb:14 pmb:354 smb:1672 d:- ref:0 ;
in:4758 out:4755 type:P dur:2 cpbdur:2 q:33.68 aq:27.17 tex:64474 mv:13046 misc:1352 imb:371 pmb:1102 smb:567 d:- ref:0 ;
in:4756 out:4756 type:B dur:2 cpbdur:2 q:33.66 aq:30.04 tex:9230 mv:8419 misc:1927 imb:57 pmb:720 smb:1263 d:- ref:0 ;
in:4755 out:4757 type:b dur:2 cpbdur:2 q:33.65 aq:32.12 tex:2369 mv:3937 misc:1446 imb:15 pmb:383 smb:1642 d:- ref:0 ;
in:4757 out:4758 type:b dur:2 cpbdur:2 q:33.67 aq:33.11 tex:2362 mv:3759 misc:1479 imb:13 pmb:381 smb:1646 d:- ref:0 ;
in:4762 out:4759 type:P dur:2 cpbdur:2 q:33.69 aq:26.84 tex:65411 mv:12914 misc:1363 imb:362 pmb:1104 smb:574 d:- ref:0 ;
in:4760 out:4760 type:B dur:2 cpbdur:2 q:33.69 aq:30.91 tex:8219 mv:7675 misc:1818 imb:44 pmb:684 smb:1312 d:- ref:0 ;
in:4759 out:4761 type:b dur:2 cpbdur:2 q:33.68 aq:32.26 tex:1982 mv:3876 misc:1430 imb:15 pmb:373 smb:1652 d:- ref:0 ;
in:4761 out:4762 type:b dur:2 cpbdur:2 q:33.69 aq:34.60 tex:1929 mv:3820 misc:1427 imb:11 pmb:377 smb:1652 d:- ref:0 ;
in:4766 out:4763 type:P dur:2 cpbdur:2 q:33.70 aq:27.25 tex:62117 mv:12758 misc:1293 imb:354 pmb:1082 smb:604 d:- ref:0 ;
in:4764 out:4764 type:B dur:2 cpbdur:2 q:33.69 aq:32.40 tex:8475 mv:7816 misc:1813 imb:33 pmb:673 smb:1334 d:- ref:0 ;
in:4763 out:4765 type:b dur:2 cpbdur:2 q:33.69 aq:34.40 tex:2430 mv:4764 misc:1534 imb:14 pmb:444 smb:1582 d:- ref:0 ;
in:4765 out:4766 type:b dur:2 cpbdur:2 q:33.69 aq:34.77 tex:2666 mv:4120 misc:1438 imb:11 pmb:408 smb:1621 d:- ref:0 ;
in:4770 out:4767 type:P dur:2 cpbdur:2 q:33.71 aq:27.56 tex:59032 mv:12820 misc:1228 imb:324 pmb:1098 smb:618 d:- ref:0 ;
in:4768 out:4768 type:B dur:2 cpbdur:2 q:33.70 aq:31.18 tex:8960 mv:7414 misc:1826 imb:33 pmb:669 smb:1338 d:- ref:0 ;
in:4767 out:4769 type:b dur:2 cpbdur:2 q:33.70 aq:35.31 tex:2739 mv:3923 misc:1442 imb:12 pmb:369 smb:1659 d:- ref:0 ;
in:4769 out:4770 type:b dur:2 cpbdur:2 q:33.71 aq:32.86 tex:3016 mv:4193 misc:1543 imb:19 pmb:415 smb:1606 d:- ref:0 ;
in:4774 out:4771 type:P dur:2 cpbdur:2 q:33.72 aq:27.10 tex:59668 mv:12730 misc:1306 imb:331 pmb:1106 smb:603 d:- ref:0 ;
in:4772 out:4772 type:B dur:2 cpbdur:2 q:33.72 aq:31.63 tex:8579 mv:7206 misc:1815 imb:49 pmb:643 smb:1348 d:- ref:0 ;
in:4771 out:4773 type:b dur:2 cpbdur:2 q:33.71 aq:33.24 tex:2641 mv:4395 misc:1476 imb:14 pmb:403 smb:1623 d:- ref:0 ;
in:4773 out:4774 type:b dur:2 cpbdur:2 q:33.72 aq:33.45 tex:2088 mv:3820 misc:1412 imb:12 pmb:382 smb:1646 d:- ref:0 ;
in:4778 out:4775 type:P dur:2 cpbdur:2 q:33.72 aq:27.88 tex:63731 mv:12647 misc:1350 imb:330 pmb:1093 smb:617 d:- ref:0 ;
in:4776 out:4776 type:B dur:2 cpbdur:2 q:33.72 aq:30.84 tex:9299 mv:7598 misc:1935 imb:60 pmb:680 smb:1300 d:- ref:0 ;
in:4775 out:4777 type:b dur:2 cpbdur:2 q:33.72 aq:33.64 tex:2692 mv:4218 misc:1490 imb:10 pmb:403 smb:1627 d:- ref:0 ;
in:4777 out:4778 type:b dur:2 cpbdur:2 q:33.72 aq:33.38 tex:2379 mv:4040 misc:1469 imb:6 pmb:400 smb:1634 d:- ref:0 ;
in:4782 out:4779 type:P dur:2 cpbdur:2 q:33.73 aq:27.50 tex:60561 mv:13051 misc:1268 imb:335 pmb:1114 smb:591 d:- ref:0 ;
in:4780 out:4780 type:B dur:2 cpbdur:2 q:33.72 aq:31.60 tex:8381 mv:7645 misc:1846 imb:48 pmb:654 smb:1338 d:- ref:0 ;
in:4779 out:4781 type:b dur:2 cpbdur:2 q:33.72 aq:32.19 tex:2128 mv:4424 misc:1512 imb:14 pmb:423 smb:1603 d:- ref:0 ;
in:4781 out:4782 type:b dur:2 cpbdur:2 q:33.72 aq:32.47 tex:2558 mv:4061 misc:1445 imb:15 pmb:368 smb:1657 d:- ref:0 ;
in:4786 out:4783 type:P dur:2 cpbdur:2 q:33.74 aq:27.63 tex:60197 mv:13128 misc:1339 imb:352 pmb:1096 smb:592 d:- ref:0 ;
in:4784 out:4784 type:B dur:2 cpbdur:2 q:33.73 aq:31.68 tex:7896 mv:7350 misc:1826 imb:34 pmb:646 smb:1360 d:- ref:0 ;
in:4783 out:4785 type:b dur:2 cpbdur:2 q:33.73 aq:34.10 tex:2681 mv:4526 misc:1489 imb:10 pmb:406 smb:1624 d:- ref:0 ;
in:4785 out:4786 type:b dur:2 cpbdur:2 q:33.74 aq:33.38 tex:2560 mv:4321 misc:1471 imb:13 pmb:403 smb:1624 d:- ref:0 ;
in:4790 out:4787 type:P dur:2 cpbdur:2 q:33.75 aq:27.68 tex:61189 mv:13430 misc:1293 imb:360 pmb:1089 smb:591 d:- ref:0 ;
in:4788 out:4788 type:B dur:2 cpbdur:2 q:33.75 aq:32.12 tex:7974 mv:7323 misc:1783 imb:32 pmb:656 smb:1352 d:- ref:0 ;
in:4787 out:4789 type:b dur:2 cpbdur:2 q:33.74 aq:33.35 tex:2529 mv:4633 misc:1526 imb:16 pmb:425 smb:1599 d:- ref:0 ;
in:4789 out:4790 type:b dur:2 cpbdur:2 q:33.75 aq:34.16 tex:2261 mv:3972 misc:1431 imb:11 pmb:372 smb:1657 d:- ref:0 ;
in:4794 out:4791 type:P dur:2 cpbdur:2 q:33.75 aq:27.60 tex:62189 mv:13252 misc:1383 imb:378 pmb:1060 smb:602 d:- ref:0 ;
in:4792 out:4792 type:B dur:2 cpbdur:2 q:33.75 aq:31.35 tex:8054 mv:8159 misc:1827 imb:48 pmb:681 smb:1311 d:- ref:0 ;
in:4791 out:4793 type:b dur:2 cpbdur:2 q:33.75 aq:32.85 tex:2293 mv:4185 misc:1482 imb:18 pmb:391 smb:1631 d:- ref:0 ;
in:4793 out:4794 type:b dur:2 cpbdur:2 q:33.75 aq:34.54 tex:1721 mv:3802 misc:1381 imb:7 pmb:366 smb:1667 d:- ref:0 ;
in:4798 out:4795 type:P dur:2 cpbdur:2 q:33.76 aq:27.23 tex:60737 mv:13105 misc:1494 imb:323 pmb:1094 smb:623 d:- ref:0 ;
in:4796 out:4796 type:B dur:2 cpbdur:2 q:33.75 aq:31.02 tex:7505 mv:7636 misc:1819 imb:31 pmb:655 smb:1354 d:- ref:0 ;
in:4795 out:4797 type:b dur:2 cpbdur:2 q:33.75 aq:32.94 tex:2376 mv:4066 misc:1422 imb:10 pmb:396 smb:1634 d:- ref:0 ;
in:4797 out:4798 type:b dur:2 cpbdur:2 q:33.76 aq:34.25 tex:2318 mv:3535 misc:1339 imb:12 pmb:336 smb:1692 d:- ref:0 ;
in:4802 out:4799 type:P dur:2 cpbdur:2 q:33.77 aq:27.67 tex:59082 mv:13589 misc:1305 imb:349 pmb:1120 smb:571 d:- ref:0 ;
in:4800 out:4800 type:B dur:2 cpbdur:2 q:33.77 aq:30.84 tex:8681 mv:8363 misc:1924 imb:48 pmb:714 smb:1278 d:- ref:0 ;
in:4799 out:4801 type:b dur:2 cpbdur:2 q:33.76 aq:32.69 tex:2490 mv:4093 misc:1457 imb:14 pmb:398 smb:1628 d:- ref:0 ;
in:4801 out:4802 type:b dur:2 cpbdur:2 q:33.77 aq:32.02 tex:2087 mv:3478 misc:1347 imb:12 pmb:341 smb:1687 d:- ref:0 ;
in:4806 out:4803 type:P dur:2 cpbdur:2 q:33.79 aq:27.42 tex:61002 mv:13414 misc:1312 imb:379 pmb:1066 smb:595 d:- ref:0 ;
in:4804 out:4804 type:B dur:2 cpbdur:2 q:33.78 aq:30.52 tex:8521 mv:8076 misc:1779 imb:43 pmb:669 smb:1328 d:- ref:0 ;
in:4803 out:4805 type:b dur:2 cpbdur:2 q:33.78 aq:32.17 tex:2170 mv:4263 misc:1415 imb:23 pmb:380 smb:1637 d:- ref:0 ;
in:4805 out:4806 type:b dur:2 cpbdur:2 q:33.78 aq:31.37 tex:1793 mv:3778 misc:1413 imb:17 pmb:361 smb:1662 d:- ref:0 ;
in:4810 out:4807 type:P dur:2 cpbdur:2 q:33.78 aq:27.83 tex:62973 mv:12896 misc:1323 imb:360 pmb:1041 smb:639 d:- ref:0 ;
in:4808 out:4808 type:B dur:2 cpbdur:2 q:33.78 aq:29.60 tex:6489 mv:7473 misc:1734 imb:50 pmb:604 smb:1386 d:- ref:0 ;
in:4807 out:4809 type:b dur:2 cpbdur:2 q:33.78 aq:32.82 tex:1605 mv:3925 misc:1382 imb:11 pmb:363 smb:1666 d:- ref:0 ;
in:4809 out:4810 type:b dur:2 cpbdur:2 q:33.78 aq:33.42 tex:1629 mv:3439 misc:1300 imb:7 pmb:326 smb:1707 d:- ref:0 ;
in:4814 out:4811 type:P dur:2 cpbdur:2 q:33.79 aq:27.29 tex:58547 mv:13190 misc:1287 imb:352 pmb:1067 smb:621 d:- ref:0 ;
in:4812 out:4812 type:B dur:2 cpbdur:2 q:33.79 aq:30.57 tex:7294 mv:7234 misc:1800 imb:32 pmb:623 smb:1385 d:- ref:0 ;
in:4811 out:4813 type:b dur:2 cpbdur:2 q:33.78 aq:31.33 tex:1723 mv:3862 misc:1439 imb:13 pmb:378 smb:1649 d:- ref:0 ;
in:4813 out:4814 type:b dur:2 cpbdur:2 q:33.79 aq:32.98 tex:1686 mv:3682 misc:1312 imb:6 pmb:350 smb:1684 d:- ref:0 ;
in:4818 out:4815 type:P dur:2 cpbdur:2 q:33.80 aq:27.39 tex:58207 mv:12811 misc:1310 imb:366 pmb:1059 smb:615 d:- ref:0 ;
in:4816 out:4816 type:B dur:2 cpbdur:2 q:33.80 aq:30.42 tex:6740 mv:7947 misc:1777 imb:28 pmb:649 smb:1363 d:- ref:0 ;
in:4815 out:4817 type:b dur:2 cpbdur:2 q:33.79 aq:32.08 tex:1593 mv:3281 misc:1302 imb:8 pmb:329 smb:1703 d:- ref:0 ;
in:4817 out:4818 type:b dur:2 cpbdur:2 q:33.80 aq:30.22 tex:1506 mv:3360 misc:1318 imb:14 pmb:321 smb:1705 d:- ref:0 ;
in:4822 out:4819 type:P dur:2 cpbdur:2 q:33.81 aq:27.82 tex:61013 mv:13081 misc:1258 imb:362 pmb:1037 smb:641 d:- ref:0 ;
in:4820 out:4820 type:B dur:2 cpbdur:2 q:33.81 aq:32.79 tex:6958 mv:7304 misc:1682 imb:34 pmb:604 smb:1402 d:- ref:0 ;
in:4819 out:4821 type:b dur:2 cpbdur:2 q:33.80 aq:30.73 tex:1350 mv:3832 misc:1402 imb:13 pmb:372 smb:1655 d:- ref:0 ;
in:4821 out:4822 type:b dur:2 cpbdur:2 q:33.81 aq:33.54 tex:1474 mv:3197 misc:1249 imb:9 pmb:299 smb:1732 d:- ref:0 ;
in:4826 out:4823 type:P dur:2 cpbdur:2 q:33.80 aq:27.83 tex:58698 mv:12912 misc:1278 imb:401 pmb:1024 smb:615 d:- ref:0 ;
in:4824 out:4824 type:B dur:2 cpbdur:2 q:33.81 aq:31.18 tex:7700 mv:7557 misc:1815 imb:41 pmb:629 smb:1370 d:- ref:0 ;
in:4823 out:4825 type:b dur:2 cpbdur:2 q:33.81 aq:33.85 tex:1672 mv:2832 misc:1184 imb:10 pmb:280 smb:1750 d:- ref:0 ;
in:4825 out:4826 type:b dur:2 cpbdur:2 q:33.80 aq:32.08 tex:1714 mv:2886 misc:1232 imb:11 pmb:282 smb:1747 d:- ref:0 ;
in:4830 out:4827 type:P dur:2 cpbdur:2 q:33.81 aq:27.62 tex:58031 mv:12971 misc:1390 imb:398 pmb:1023 smb:619 d:- ref:0 ;
in:4828 out:4828 type:B dur:2 cpbdur:2 q:33.81 aq:31.15 tex:7446 mv:7100 misc:1726 imb:42 pmb:588 smb:1410 d:- ref:0 ;
in:4827 out:4829 type:b dur:2 cpbdur:2 q:33.80 aq:32.33 tex:1529 mv:3282 misc:1213 imb:10 pmb:287 smb:1743 d:- ref:0 ;
in:4829 out:4830 type:b dur:2 cpbdur:2 q:33.81 aq:32.06 tex:1310 mv:2344 misc:1090 imb:10 pmb:227 smb:1803 d:- ref:0 ;
in:4834 out:4831 type:P dur:2 cpbdur:2 q:33.82 aq:28.17 tex:57566 mv:12565 misc:1357 imb:353 pmb:992 smb:695 d:- ref:0 ;
in:4832 out:4832 type:B dur:2 cpbdur:2 q:33.81 aq:31.06 tex:8331 mv:6926 misc:1735 imb:38 pmb:595 smb:1407 d:- ref:0 ;
in:4831 out:4833 type:b dur:2 cpbdur:2 q:33.81 aq:32.68 tex:1508 mv:2693 misc:1151 imb:10 pmb:251 smb:1779 d:- ref:0 ;
in:4833 out:4834 type:b dur:2 cpbdur:2 q:33.81 aq:32.53 tex:1441 mv:2492 misc:1075 imb:10 pmb:234 smb:1796 d:- ref:0 ;
in:4838 out:4835 type:P dur:2 cpbdur:2 q:33.83 aq:27.82 tex:58256 mv:12789 misc:1307 imb:404 pmb:1005 smb:631 d:- ref:0 ;
in:4836 out:4836 type:B dur:2 cpbdur:2 q:33.82 aq:31.60 tex:8708 mv:6777 misc:1707 imb:31 pmb:613 smb:1396 d:- ref:0 ;
in:4835 out:4837 type:b dur:2 cpbdur:2 q:33.82 aq:30.86 tex:1595 mv:2402 misc:1099 imb:13 pmb:223 smb:1804 d:- ref:0 ;
in:4837 out:4838 type:b dur:2 cpbdur:2 q:33.82 aq:32.07 tex:2009 mv:2194 misc:1093 imb:4 pmb:234 smb:1802 d:- ref:0 ;
in:4842 out:4839 type:P dur:2 cpbdur:2 q:33.82 aq:28.34 tex:59830 mv:12325 misc:1277 imb:370 pmb:984 smb:686 d:- ref:0 ;
in:4840 out:4840 type:B dur:2 cpbdur:2 q:33.82 aq:31.90 tex:8385 mv:6894 misc:1665 imb:39 pmb:601 smb:1400 d:- ref:0 ;
in:4839 out:4841 type:b dur:2 cpbdur:2 q:33.82 aq:31.00 tex:1670 mv:2409 misc:1129 imb:7 pmb:241 smb:1792 d:- ref:0 ;
in:4841 out:4842 type:b dur:2 cpbdur:2 q:33.82 aq:33.13 tex:2304 mv:2064 misc:992 imb:14 pmb:193 smb:1833 d:- ref:0 ;
in:4846 out:4843 type:P dur:2 cpbdur:2 q:33.82 aq:28.32 tex:58824 mv:12264 misc:1344 imb:362 pmb:981 smb:697 d:- ref:0 ;
in:4844 out:4844 type:B dur:2 cpbdur:2 q:33.82 aq:31.97 tex:8102 mv:6455 misc:1595 imb:27 pmb:558 smb:1455 d:- ref:0 ;
in:4843 out:4845 type:b dur:2 cpbdur:2 q:33.82 aq:31.82 tex:1750 mv:2544 misc:1114 imb:10 pmb:248 smb:1782 d:- ref:0 ;
in:4845 out:4846 type:b dur:2 cpbdur:2 q:33.82 aq:32.40 tex:1663 mv:2246 misc:1075 imb:7 pmb:242 smb:1791 d:- ref:0 ;
in:4850 out:4847 type:P dur:2 cpbdur:2 q:33.83 aq:28.11 tex:55366 mv:12516 misc:1206 imb:374 pmb:950 smb:716 d:- ref:0 ;
in:4848 out:4848 type:B dur:2 cpbdur:2 q:33.83 aq:30.11 tex:9505 mv:7429 misc:1826 imb:58 pmb:659 smb:1323 d:- ref:0 ;
in:4847 out:4849 type:b dur:2 cpbdur:2 q:33.82 aq:31.72 tex:2002 mv:3179 misc:1123 imb:7 pmb:291 smb:1742 d:- ref:0 ;
in:4849 out:4850 type:b dur:2 cpbdur:2 q:33.83 aq:33.94 tex:2096 mv:2649 misc:1135 imb:6 pmb:275 smb:1759 d:- ref:0 ;
in:4854 out:4851 type:P dur:2 cpbdur:2 q:33.84 aq:27.26 tex:56911 mv:12577 misc:1200 imb:354 pmb:973 smb:713 d:- ref:0 ;
in:4852 out:4852 type:B dur:2 cpbdur:2 q:33.83 aq:30.40 tex:8766 mv:7447 misc:1675 imb:42 pmb:647 smb:1351 d:- ref:0 ;
in:4851 out:4853 type:b dur:2 cpbdur:2 q:33.83 aq:31.53 tex:2086 mv:3331 misc:1159 imb:29 pmb:288 smb:1723 d:- ref:0 ;
in:4853 out:4854 type:b dur:2 cpbdur:2 q:33.84 aq:33.44 tex:2225 mv:3265 misc:1182 imb:12 pmb:316 smb:1712 d:- ref:0 ;
in:4858 out:4855 type:P dur:2 cpbdur:2 q:33.83 aq:27.68 tex:54869 mv:12300 misc:1271 imb:342 pmb:952 smb:746 d:- ref:0 ;
in:4856 out:4856 type:B dur:2 cpbdur:2 q:33.83 aq:30.61 tex:10083 mv:8147 misc:1714 imb:60 pmb:660 smb:1320 d:- ref:0 ;
in:4855 out:4857 type:b dur:2 cpbdur:2 q:33.84 aq:30.44 tex:2105 mv:3290 misc:1197 imb:15 pmb:308 smb:1717 d:- ref:0 ;
in:4857 out:4858 type:b dur:2 cpbdur:2 q:33.83 aq:31.50 tex:2505 mv:3435 misc:1236 imb:15 pmb:334 smb:1691 d:- ref:0 ;
in:4862 out:4859 type:P dur:2 cpbdur:2 q:33.83 aq:27.86 tex:57900 mv:12634 misc:1218 imb:362 pmb:962 smb:716 d:- ref:0 ;
in:4860 out:4860 type:B dur:2 cpbdur:2 q:33.83 aq:31.13 tex:10269 mv:8851 misc:1632 imb:69 pmb:657 smb:1314 d:- ref:0 ;
in:4859 out:4861 type:b dur:2 cpbdur:2 q:33.83 aq:30.45 tex:2425 mv:3682 misc:1261 imb:26 pmb:310 smb:1704 d:- ref:0 ;
in:4861 out:4862 type:b dur:2 cpbdur:2 q:33.83 aq:34.96 tex:2349 mv:3939 misc:1312 imb:13 pmb:365 smb:1662 d:- ref:0 ;
in:4866 out:4863 type:P dur:2 cpbdur:2 q:33.84 aq:28.26 tex:55546 mv:12850 misc:1204 imb:419 pmb:915 smb:706 d:- ref:0 ;
in:4864 out:4864 type:B dur:2 cpbdur:2 q:33.84 aq:31.84 tex:11955 mv:9068 misc:1641 imb:72 pmb:728 smb:1240 d:- ref:0 ;
in:4863 out:4865 type:b dur:2 cpbdur:2 q:33.83 aq:32.34 tex:2574 mv:4705 misc:1401 imb:30 pmb:398 smb:1612 d:- ref:0 ;
in:4865 out:4866 type:b dur:2 cpbdur:2 q:33.84 aq:34.16 tex:3158 mv:4574 misc:1420 imb:30 pmb:402 smb:1608 d:- ref:0 ;
in:4870 out:4867 type:P dur:2 cpbdur:2 q:33.85 aq:28.66 tex:56434 mv:13094 misc:1200 imb:423 pmb:923 smb:694 d:- ref:0 ;
in:4868 out:4868 type:B dur:2 cpbdur:2 q:33.85 aq:32.56 tex:10078 mv:8784 misc:1602 imb:71 pmb:675 smb:1294 d:- ref:0 ;
in:4867 out:4869 type:b dur:2 cpbdur:2 q:33.85 aq:34.60 tex:2460 mv:4759 misc:1461 imb:35 pmb:403 smb:1602 d:- ref:0 ;
in:4869 out:4870 type:b dur:2 cpbdur:2 q:33.85 aq:33.54 tex:2667 mv:5093 misc:1488 imb:22 pmb:457 smb:1561 d:- ref:0 ;
in:4874 out:4871 type:P dur:2 cpbdur:2 q:33.85 aq:28.42 tex:55673 mv:12871 misc:1248 imb:412 pmb:913 smb:715 d:- ref:0 ;
in:4872 out:4872 type:B dur:2 cpbdur:2 q:33.85 aq:30.00 tex:11884 mv:10197 misc:1775 imb:117 pmb:740 smb:1183 d:- ref:0 ;
in:4871 out:4873 type:b dur:2 cpbdur:2 q:33.85 aq:33.92 tex:2869 mv:4556 misc:1375 imb:23 pmb:396 smb:1621 d:- ref:0 ;
in:4873 out:4874 type:b dur:2 cpbdur:2 q:33.85 aq:32.47 tex:3441 mv:5060 misc:1467 imb:32 pmb:442 smb:1566 d:- ref:0 ;
in:4878 out:4875 type:P dur:2 cpbdur:2 q:33.86 aq:28.88 tex:48892 mv:12975 misc:1349 imb:455 pmb:866 smb:719 d:- ref:0 ;
in:4876 out:4876 type:B dur:2 cpbdur:2 q:33.85 aq:32.33 tex:14447 mv:9752 misc:1673 imb:102 pmb:748 smb:1190 d:- ref:0 ;
in:4875 out:4877 type:b dur:2 cpbdur:2 q:33.85 aq:33.62 tex:3781 mv:5299 misc:1472 imb:41 pmb:444 smb:1555 d:- ref:0 ;
in:4877 out:4878 type:b dur:2 cpbdur:2 q:33.86 aq:34.69 tex:2948 mv:5245 misc:1479 imb:33 pmb:450 smb:1557 d:- ref:0 ;
in:4882 out:4879 type:P dur:2 cpbdur:2 q:33.87 aq:28.85 tex:54434 mv:13006 misc:1192 imb:487 pmb:837 smb:716 d:- ref:0 ;
in:4880 out:4880 type:B dur:2 cpbdur:2 q:33.86 aq:30.10 tex:14798 mv:10181 misc:1693 imb:132 pmb:755 smb:1153 d:- ref:0 ;
in:4879 out:4881 type:b dur:2 cpbdur:2 q:33.86 aq:32.39 tex:4938 mv:6239 misc:1559 imb:61 pmb:515 smb:1464 d:- ref:0 ;
in:4881 out:4882 type:b dur:2 cpbdur:2 q:33.87 aq:31.38 tex:3172 mv:5313 misc:1555 imb:24 pmb:477 smb:1539 d:- ref:0 ;
in:4886 out:4883 type:P dur:2 cpbdur:2 q:33.89 aq:29.57 tex:48341 mv:12535 misc:1348 imb:481 pmb:819 smb:740 d:- ref:0 ;
in:4884 out:4884 type:B dur:2 cpbdur:2 q:33.88 aq:30.52 tex:14990 mv:10402 misc:1672 imb:116 pmb:783 smb:1141 d:- ref:0 ;
in:4883 out:4885 type:b dur:2 cpbdur:2 q:33.87 aq:33.31 tex:4627 mv:6385 misc:1564 imb:38 pmb:528 smb:1474 d:- ref:0 ;
in:4885 out:4886 type:b dur:2 cpbdur:2 q:33.88 aq:32.62 tex:4591 mv:5589 misc:1564 imb:38 pmb:500 smb:1502 d:- ref:0 ;
in:4888 out:4887 type:P dur:2 cpbdur:2 q:33.89 aq:29.79 tex:37861 mv:10421 misc:1470 imb:369 pmb:809 smb:862 d:- ref:0 ;
in:4887 out:4888 type:b dur:2 cpbdur:2 q:33.89 aq:32.95 tex:5169 mv:6347 misc:1596 imb:41 pmb:553 smb:1446 d:- ref:0 ;
in:4890 out:4889 type:P dur:2 cpbdur:2 q:33.89 aq:28.97 tex:36838 mv:11245 misc:1429 imb:377 pmb:807 smb:856 d:- ref:0 ;
in:4889 out:4890 type:b dur:2 cpbdur:2 q:33.89 aq:30.98 tex:7681 mv:7350 misc:1617 imb:72 pmb:576 smb:1392 d:- ref:0 ;
in:4891 out:4891 type:P dur:2 cpbdur:2 q:33.91 aq:30.21 tex:29820 mv:9652 misc:1616 imb:305 pmb:779 smb:956 d:- ref:0 ;
in:4894 out:4892 type:P dur:2 cpbdur:2 q:33.92 aq:30.01 tex:51839 mv:12892 misc:1173 imb:640 pmb:698 smb:702 d:- ref:0 ;
in:4892 out:4893 type:B dur:2 cpbdur:2 q:33.92 aq:31.96 tex:14921 mv:10293 misc:1682 imb:102 pmb:762 smb:1176 d:- ref:0 ;
in:4893 out:4894 type:b dur:2 cpbdur:2 q:33.92 aq:32.33 tex:8847 mv:8289 misc:1648 imb:59 pmb:642 smb:1339 d:- ref:0 ;
in:4895 out:4895 type:P dur:2 cpbdur:2 q:33.93 aq:30.86 tex:27163 mv:9319 misc:1510 imb:265 pmb:752 smb:1023 d:- ref:0 ;
in:4896 out:4896 type:P dur:2 cpbdur:2 q:33.95 aq:29.00 tex:28440 mv:9489 misc:1615 imb:338 pmb:743 smb:959 d:- ref:0 ;
in:4897 out:4897 type:P dur:2 cpbdur:2 q:33.95 aq:30.18 tex:24760 mv:9978 misc:1526 imb:292 pmb:772 smb:976 d:- ref:0 ;
in:4898 out:4898 type:P dur:2 cpbdur:2 q:33.96 aq:30.63 tex:25888 mv:9401 misc:1495 imb:289 pmb:762 smb:989 d:- ref:0 ;
in:4899 out:4899 type:P dur:2 cpbdur:2 q:33.98 aq:29.32 tex:23447 mv:9953 misc:1520 imb:313 pmb:753 smb:974 d:- ref:0 ;
in:4902 out:4900 type:P dur:2 cpbdur:2 q:33.99 aq:30.32 tex:42232 mv:12758 misc:1242 imb:592 pmb:655 smb:793 d:- ref:0 ;
in:4900 out:4901 type:B dur:2 cpbdur:2 q:33.98 aq:31.11 tex:12571 mv:10655 misc:1718 imb:131 pmb:752 smb:1157 d:- ref:0 ;
in:4901 out:4902 type:b dur:2 cpbdur:2 q:33.99 aq:31.91 tex:8117 mv:9083 misc:1600 imb:93 pmb:677 smb:1270 d:- ref:0 ;
in:4904 out:4903 type:P dur:2 cpbdur:2 q:34.00 aq:30.47 tex:30963 mv:10955 misc:1434 imb:466 pmb:656 smb:918 d:- ref:0 ;
in:4903 out:4904 type:b dur:2 cpbdur:2 q:33.99 aq:31.44 tex:8184 mv:8580 misc:1644 imb:92 pmb:628 smb:1320 d:- ref:0 ;
in:4905 out:4905 type:P dur:2 cpbdur:2 q:33.99 aq:30.23 tex:19228 mv:8986 misc:1530 imb:294 pmb:637 smb:1109 d:- ref:0 ;
in:4906 out:4906 type:P dur:2 cpbdur:2 q:34.00 aq:29.80 tex:21388 mv:9236 misc:1464 imb:366 pmb:608 smb:1066 d:- ref:0 ;
in:4908 out:4907 type:P dur:2 cpbdur:2 q:34.01 aq:29.87 tex:29090 mv:10850 misc:1356 imb:467 pmb:584 smb:989 d:- ref:0 ;
in:4907 out:4908 type:b dur:2 cpbdur:2 q:34.01 aq:31.31 tex:7524 mv:8428 misc:1560 imb:88 pmb:618 smb:1334 d:- ref:0 ;
in:4909 out:4909 type:P dur:2 cpbdur:2 q:34.02 aq:30.04 tex:18981 mv:8735 misc:1444 imb:322 pmb:573 smb:1145 d:- ref:0 ;
in:4910 out:4910 type:P dur:2 cpbdur:2 q:34.03 aq:29.31 tex:18551 mv:8582 misc:1427 imb:318 pmb:561 smb:1161 d:- ref:0 ;
in:4911 out:4911 type:P dur:2 cpbdur:2 q:34.03 aq:29.40 tex:18229 mv:8898 misc:1457 imb:355 pmb:553 smb:1132 d:- ref:0 ;
in:4912 out:4912 type:P dur:2 cpbdur:2 q:34.03 aq:28.98 tex:16983 mv:8386 misc:1415 imb:332 pmb:519 smb:1189 d:- ref:0 ;
in:4913 out:4913 type:P dur:2 cpbdur:2 q:34.04 aq:30.18 tex:18284 mv:8112 misc:1404 imb:370 pmb:488 smb:1182 d:- ref:0 ;
in:4914 out:4914 type:P dur:2 cpbdur:2 q:34.04 aq:28.78 tex:16763 mv:7948 misc:1433 imb:346 pmb:481 smb:1213 d:- ref:0 ;
in:4915 out:4915 type:P dur:2 cpbdur:2 q:34.04 aq:29.84 tex:15819 mv:7202 misc:1451 imb:309 pmb:443 smb:1288 d:- ref:0 ;
in:4916 out:4916 type:P dur:2 cpbdur:2 q:34.04 aq:29.41 tex:15080 mv:7174 misc:1410 imb:363 pmb:412 smb:1265 d:- ref:0 ;
in:4917 out:4917 type:P dur:2 cpbdur:2 q:34.04 aq:29.13 tex:12813 mv:6752 misc:1363 imb:318 pmb:413 smb:1309 d:- ref:0 ;
in:4920 out:4918 type:P dur:2 cpbdur:2 q:34.04 aq:27.63 tex:24329 mv:8227 misc:1564 imb:716 pmb:321 smb:1003 d:- ref:0 ;
in:4918 out:4919 type:B dur:2 cpbdur:2 q:34.04 aq:29.32 tex:7061 mv:7088 misc:1603 imb:113 pmb:512 smb:1415 d:- ref:0 ;
in:4919 out:4920 type:b dur:2 cpbdur:2 q:34.04 aq:31.85 tex:6303 mv:5888 misc:1409 imb:79 pmb:458 smb:1503 d:- ref:0 ;
in:4924 out:4921 type:P dur:2 cpbdur:2 q:34.03 aq:28.79 tex:21764 mv:6619 misc:1329 imb:589 pmb:254 smb:1197 d:- ref:0 ;
in:4922 out:4922 type:B dur:2 cpbdur:2 q:34.04 aq:29.46 tex:13773 mv:6597 misc:1582 imb:161 pmb:501 smb:1378 d:- ref:0 ;
in:4921 out:4923 type:b dur:2 cpbdur:2 q:34.04 aq:31.05 tex:6267 mv:5524 misc:1369 imb:87 pmb:438 smb:1515 d:- ref:0 ;
in:4923 out:4924 type:b dur:2 cpbdur:2 q:34.03 aq:31.10 tex:8511 mv:4850 misc:1351 imb:90 pmb:411 smb:1539 d:- ref:0 ;
in:4928 out:4925 type:P dur:2 cpbdur:2 q:34.01 aq:28.28 tex:15386 mv:4998 misc:1328 imb:582 pmb:162 smb:1296 d:- ref:0 ;
in:4926 out:4926 type:B dur:2 cpbdur:2 q:34.02 aq:28.12 tex:9808 mv:5393 misc:1519 imb:156 pmb:419 smb:1465 d:- ref:0 ;
in:4925 out:4927 type:b dur:2 cpbdur:2 q:34.03 aq:31.22 tex:6858 mv:4892 misc:1298 imb:84 pmb:405 smb:1551 d:- ref:0 ;
in:4927 out:4928 type:b dur:2 cpbdur:2 q:34.02 aq:31.16 tex:5121 mv:4292 misc:1259 imb:74 pmb:371 smb:1595 d:- ref:0 ;
in:4929 out:4929 type:P dur:2 cpbdur:2 q:34.00 aq:28.25 tex:8305 mv:4175 misc:1464 imb:417 pmb:177 smb:1446 d:- ref:0 ;
in:4930 out:4930 type:P dur:2 cpbdur:2 q:34.00 aq:28.73 tex:8737 mv:4130 misc:1373 imb:495 pmb:151 smb:1394 d:- ref:0 ;
in:4931 out:4931 type:P dur:2 cpbdur:2 q:34.00 aq:27.89 tex:16004 mv:5044 misc:1520 imb:614 pmb:183 smb:1243 d:- ref:0 ;
in:4932 out:4932 type:I dur:2 cpbdur:2 q:31.08 aq:24.48 tex:44819 mv:15615 misc:462 imb:2040 pmb:0 smb:0 d:- ref:;
in:4933 out:4933 type:P dur:2 cpbdur:2 q:34.02 aq:29.94 tex:11456 mv:3736 misc:1160 imb:248 pmb:239 smb:1553 d:- ref:0 ;
in:4934 out:4934 type:P dur:2 cpbdur:2 q:34.02 aq:28.40 tex:13140 mv:4674 misc:1362 imb:388 pmb:229 smb:1423 d:- ref:0 ;
in:4935 out:4935 type:P dur:2 cpbdur:2 q:34.01 aq:27.80 tex:13111 mv:4605 misc:1348 imb:404 pmb:225 smb:1411 d:- ref:0 ;
in:4936 out:4936 type:P dur:2 cpbdur:2 q:34.01 aq:28.52 tex:14215 mv:4577 misc:1328 imb:434 pmb:217 smb:1389 d:- ref:0 ;
in:4937 out:4937 type:P dur:2 cpbdur:2 q:34.00 aq:28.05 tex:14478 mv:5050 misc:1344 imb:457 pmb:252 smb:1331 d:- ref:0 ;
in:4938 out:4938 type:P dur:2 cpbdur:2 q:34.00 aq:28.06 tex:15320 mv:5278 misc:1322 imb:414 pmb:278 smb:1348 d:- ref:0 ;
in:4939 out:4939 type:P dur:2 cpbdur:2 q:33.99 aq:28.02 tex:14799 mv:5381 misc:1436 imb:389 pmb:312 smb:1339 d:- ref:0 ;
in:4941 out:4940 type:P dur:2 cpbdur:2 q:33.99 aq:29.18 tex:20441 mv:6863 misc:1264 imb:589 pmb:325 smb:1126 d:- ref:0 ;
in:4940 out:4941 type:b dur:2 cpbdur:2 q:33.99 aq:30.35 tex:2977 mv:3306 misc:1277 imb:61 pmb:273 smb:1706 d:- ref:0 ;
in:4942 out:4942 type:P dur:2 cpbdur:2 q:33.99 aq:29.66 tex:13056 mv:4983 misc:1417 imb:292 pmb:371 smb:1377 d:- ref:0 ;
in:4943 out:4943 type:P dur:2 cpbdur:2 q:33.98 aq:29.72 tex:12948 mv:4526 misc:1294 imb:229 pmb:365 smb:1446 d:- ref:0 ;
in:4944 out:4944 type:P dur:2 cpbdur:2 q:33.98 aq:28.31 tex:14969 mv:5670 misc:1721 imb:365 pmb:422 smb:1253 d:- ref:0 ;
in:4946 out:4945 type:P dur:2 cpbdur:2 q:33.99 aq:29.04 tex:79813 mv:10528 misc:1459 imb:859 pmb:697 smb:484 d:- ref:0 w:6,61,2,7,117,13,118,9 ;
in:4945 out:4946 type:b dur:2 cpbdur:2 q:33.98 aq:30.80 tex:4442 mv:3874 misc:1412 imb:49 pmb:353 smb:1638 d:- ref:0 ;
in:4947 out:4947 type:P dur:2 cpbdur:2 q:34.00 aq:28.90 tex:102088 mv:9656 misc:1056 imb:537 pmb:1027 smb:476 d:- ref:0 ;
in:4948 out:4948 type:P dur:2 cpbdur:2 q:34.02 aq:28.31 tex:149548 mv:11725 misc:847 imb:963 pmb:895 smb:182 d:- ref:0 w:6,69,1,7,110,20,109,17 ;
in:4949 out:4949 type:P dur:2 cpbdur:2 q:34.04 aq:27.50 tex:155796 mv:11326 misc:702 imb:993 pmb:935 smb:112 d:- ref:0 w:6,77,-4,6,66,-3,57,12 ;
in:4953 out:4950 type:P dur:2 cpbdur:2 q:34.05 aq:25.25 tex:138711 mv:12017 misc:480 imb:1150 pmb:850 smb:40 d:- ref:0 w:5,41,-6,5,44,-50,37,-19 ;
in:4951 out:4951 type:B dur:2 cpbdur:2 q:34.04 aq:27.90 tex:16242 mv:7344 misc:1950 imb:220 pmb:763 smb:1057 d:- ref:0 ;
in:4950 out:4952 type:b dur:2 cpbdur:2 q:34.04 aq:26.03 tex:5851 mv:4345 misc:1580 imb:105 pmb:441 smb:1494 d:- ref:0 ;
in:4952 out:4953 type:b dur:2 cpbdur:2 q:34.05 aq:23.89 tex:2799 mv:2863 misc:1498 imb:56 pmb:314 smb:1670 d:- ref:0 ;
in:4957 out:4954 type:P dur:2 cpbdur:2 q:34.15 aq:23.69 tex:102846 mv:11288 misc:986 imb:756 pmb:981 smb:303 d:- ref:0 ;
in:4955 out:4955 type:B dur:2 cpbdur:2 q:34.10 aq:24.24 tex:6569 mv:4865 misc:1678 imb:113 pmb:448 smb:1479 d:- ref:0 ;
in:4954 out:4956 type:b dur:2 cpbdur:2 q:34.07 aq:25.24 tex:3321 mv:2687 misc:1296 imb:40 pmb:314 smb:1686 d:- ref:0 ;
in:4956 out:4957 type:b dur:2 cpbdur:2 q:34.13 aq:21.42 tex:379 mv:1283 misc:1090 imb:11 pmb:238 smb:1791 d:- ref:0 ;
in:4961 out:4958 type:P dur:2 cpbdur:2 q:34.29 aq:26.16 tex:91674 mv:8816 misc:1198 imb:247 pmb:906 smb:887 d:- ref:0 ;
in:4959 out:4959 type:B dur:2 cpbdur:2 q:34.22 aq:30.06 tex:7949 mv:5569 misc:1562 imb:25 pmb:493 smb:1522 d:- ref:0 ;
in:4958 out:4960 type:b dur:2 cpbdur:2 q:34.19 aq:29.08 tex:2512 mv:2621 misc:995 imb:17 pmb:223 smb:1800 d:- ref:0 ;
in:4960 out:4961 type:b dur:2 cpbdur:2 q:34.26 aq:28.24 tex:2668 mv:2641 misc:1075 imb:11 pmb:241 smb:1788 d:- ref:0 ;
in:4965 out:4962 type:P dur:2 cpbdur:2 q:34.32 aq:25.63 tex:85766 mv:8489 misc:1185 imb:242 pmb:920 smb:878 d:- ref:0 ;
in:4963 out:4963 type:B dur:2 cpbdur:2 q:34.31 aq:33.34 tex:9149 mv:5374 misc:1525 imb:25 pmb:503 smb:1512 d:- ref:0 ;
in:4962 out:4964 type:b dur:2 cpbdur:2 q:34.30 aq:27.31 tex:763 mv:2110 misc:1175 imb:8 pmb:283 smb:1749 d:- ref:0 ;
in:4964 out:4965 type:b dur:2 cpbdur:2 q:34.32 aq:27.18 tex:2394 mv:3301 misc:1177 imb:16 pmb:291 smb:1733 d:- ref:0 ;
in:4969 out:4966 type:P dur:2 cpbdur:2 q:34.34 aq:25.44 tex:101668 mv:8566 misc:1182 imb:254 pmb:898 smb:888 d:- ref:0 ;
in:4967 out:4967 type:B dur:2 cpbdur:2 q:34.33 aq:29.93 tex:5484 mv:5578 misc:1530 imb:23 pmb:463 smb:1554 d:- ref:0 ;
in:4966 out:4968 type:b dur:2 cpbdur:2 q:34.33 aq:28.71 tex:3449 mv:3775 misc:1296 imb:15 pmb:329 smb:1696 d:- ref:0 ;
in:4968 out:4969 type:b dur:2 cpbdur:2 q:34.34 aq:29.35 tex:303 mv:1229 misc:1004 imb:3 pmb:230 smb:1807 d:- ref:0 ;
in:4973 out:4970 type:P dur:2 cpbdur:2 q:34.35 aq:26.73 tex:122665 mv:10319 misc:1152 imb:269 pmb:943 smb:828 d:- ref:0 ;
in:4971 out:4971 type:B dur:2 cpbdur:2 q:34.35 aq:32.00 tex:9497 mv:7400 misc:1647 imb:45 pmb:574 smb:1421 d:- ref:0 ;
in:4970 out:4972 type:b dur:2 cpbdur:2 q:34.34 aq:29.94 tex:3651 mv:4190 misc:1287 imb:16 pmb:341 smb:1683 d:- ref:0 ;
in:4972 out:4973 type:b dur:2 cpbdur:2 q:34.35 aq:33.57 tex:3598 mv:4266 misc:1248 imb:12 pmb:344 smb:1684 d:- ref:0 ;
in:4977 out:4974 type:P dur:2 cpbdur:2 q:34.39 aq:26.62 tex:104930 mv:9271 misc:1175 imb:209 pmb:929 smb:902 d:- ref:0 ;
in:4975 out:4975 type:B dur:2 cpbdur:2 q:34.37 aq:30.66 tex:10072 mv:7362 misc:1606 imb:34 pmb:573 smb:1433 d:- ref:0 ;
in:4974 out:4976 type:b dur:2 cpbdur:2 q:34.36 aq:25.73 tex:826 mv:1881 misc:1189 imb:6 pmb:301 smb:1733 d:- ref:0 ;
in:4976 out:4977 type:b dur:2 cpbdur:2 q:34.38 aq:28.50 tex:3777 mv:4539 misc:1316 imb:20 pmb:361 smb:1659 d:- ref:0 ;
in:4979 out:4978 type:P dur:2 cpbdur:2 q:34.42 aq:27.08 tex:95757 mv:8530 misc:1161 imb:201 pmb:909 smb:930 d:- ref:0 ;
in:4978 out:4979 type:b dur:2 cpbdur:2 q:34.40 aq:29.11 tex:3966 mv:4421 misc:1285 imb:17 pmb:343 smb:1680 d:- ref:0 ;
in:4983 out:4980 type:P dur:2 cpbdur:2 q:34.45 aq:27.06 tex:100985 mv:9228 misc:1099 imb:222 pmb:894 smb:924 d:- ref:0 ;
in:4981 out:4981 type:B dur:2 cpbdur:2 q:34.43 aq:31.09 tex:12585 mv:7438 misc:1601 imb:35 pmb:609 smb:1396 d:- ref:0 ;
in:4980 out:4982 type:b dur:2 cpbdur:2 q:34.42 aq:26.84 tex:900 mv:1964 misc:1176 imb:5 pmb:310 smb:1725 d:- ref:0 ;
in:4982 out:4983 type:b dur:2 cpbdur:2 q:34.44 aq:30.76 tex:5331 mv:4730 misc:1371 imb:13 pmb:410 smb:1617 d:- ref:0 ;
in:4987 out:4984 type:P dur:2 cpbdur:2 q:34.48 aq:27.27 tex:130340 mv:9587 misc:1137 imb:269 pmb:898 smb:873 d:- ref:0 ;
in:4985 out:4985 type:B dur:2 cpbdur:2 q:34.46 aq:31.27 tex:10342 mv:7385 misc:1641 imb:48 pmb:637 smb:1355 d:- ref:0 ;
in:4984 out:4986 type:b dur:2 cpbdur:2 q:34.46 aq:35.04 tex:5842 mv:4888 misc:1374 imb:23 pmb:412 smb:1605 d:- ref:0 ;
in:4986 out:4987 type:b dur:2 cpbdur:2 q:34.47 aq:27.73 tex:2355 mv:1562 misc:1131 imb:7 pmb:282 smb:1751 d:- ref:0 ;
in:4991 out:4988 type:P dur:2 cpbdur:2 q:34.53 aq:27.05 tex:149405 mv:10892 misc:1087 imb:280 pmb:958 smb:802 d:- ref:0 ;
in:4989 out:4989 type:B dur:2 cpbdur:2 q:34.51 aq:32.90 tex:13563 mv:8676 misc:1561 imb:41 pmb:675 smb:1324 d:- ref:0 ;
in:4988 out:4990 type:b dur:2 cpbdur:2 q:34.49 aq:30.88 tex:6693 mv:5034 misc:1417 imb:16 pmb:420 smb:1604 d:- ref:0 ;
in:4990 out:4991 type:b dur:2 cpbdur:2 q:34.52 aq:35.03 tex:6292 mv:4937 misc:1371 imb:14 pmb:429 smb:1597 d:- ref:0 ;
in:4995 out:4992 type:P dur:2 cpbdur:2 q:34.59 aq:27.82 tex:108958 mv:8873 misc:1049 imb:224 pmb:877 smb:939 d:- ref:0 ;
in:4993 out:4993 type:B dur:2 cpbdur:2 q:34.56 aq:32.89 tex:13632 mv:7592 misc:1536 imb:29 pmb:636 smb:1375 d:- ref:0 ;
in:4992 out:4994 type:b dur:2 cpbdur:2 q:34.55 aq:27.07 tex:912 mv:1814 misc:1178 imb:6 pmb:300 smb:1734 d:- ref:0 ;
in:4994 out:4995 type:b dur:2 cpbdur:2 q:34.57 aq:34.46 tex:4489 mv:4189 misc:1290 imb:12 pmb:357 smb:1671 d:- ref:0 ;
in:4999 out:4996 type:P dur:2 cpbdur:2 q:34.62 aq:27.98 tex:115695 mv:8736 misc:1097 imb:224 pmb:896 smb:920 d:- ref:0 ;
in:4997 out:4997 type:B dur:2 cpbdur:2 q:34.60 aq:30.73 tex:7219 mv:5876 misc:1537 imb:24 pmb:500 smb:1516 d:- ref:0 ;
in:4996 out:4998 type:b dur:2 cpbdur:2 q:34.59 aq:33.97 tex:5237 mv:4883 misc:1352 imb:20 pmb:387 smb:1633 d:- ref:0 ;
in:4998 out:4999 type:b dur:2 cpbdur:2 q:34.61 aq:25.27 tex:362 mv:1373 misc:1161 imb:6 pmb:280 smb:1754 d:- ref:0 ;
in:5002 out:5000 type:P dur:2 cpbdur:2 q:34.64 aq:27.48 tex:110880 mv:8362 misc:1214 imb:206 pmb:909 smb:925 d:- ref:0 ;
in:5000 out:5001 type:B dur:2 cpbdur:2 q:34.62 aq:31.97 tex:5416 mv:4737 misc:1407 imb:17 pmb:402 smb:1621 d:- ref:0 ;
in:5001 out:5002 type:b dur:2 cpbdur:2 q:34.63 aq:30.91 tex:4409 mv:3622 misc:1233 imb:12 pmb:320 smb:1708 d:- ref:0 ;
in:5006 out:5003 type:P dur:2 cpbdur:2 q:34.68 aq:28.19 tex:95633 mv:8157 misc:1106 imb:207 pmb:874 smb:959 d:- ref:0 ;
in:5004 out:5004 type:B dur:2 cpbdur:2 q:34.66 aq:30.93 tex:9113 mv:5752 misc:1559 imb:17 pmb:550 smb:1473 d:- ref:0 ;
in:5003 out:5005 type:b dur:2 cpbdur:2 q:34.65 aq:31.50 tex:3346 mv:3556 misc:1146 imb:13 pmb:303 smb:1724 d:- ref:0 ;
in:5005 out:5006 type:b dur:2 cpbdur:2 q:34.67 aq:27.53 tex:577 mv:1320 misc:1095 imb:4 pmb:248 smb:1788 d:- ref:0 ;
in:5010 out:5007 type:P dur:2 cpbdur:2 q:34.71 aq:27.60 tex:97033 mv:8460 misc:1115 imb:218 pmb:876 smb:946 d:- ref:0 ;
in:5008 out:5008 type:B dur:2 cpbdur:2 q:34.70 aq:30.51 tex:6056 mv:5809 misc:1423 imb:23 pmb:468 smb:1549 d:- ref:0 ;
in:5007 out:5009 type:b dur:2 cpbdur:2 q:34.69 aq:28.97 tex:3101 mv:3573 misc:1222 imb:14 pmb:323 smb:1703 d:- ref:0 ;
in:5009 out:5010 type:b dur:2 cpbdur:2 q:34.70 aq:31.22 tex:3010 mv:3074 misc:1124 imb:14 pmb:274 smb:1752 d:- ref:0 ;
in:5014 out:5011 type:P dur:2 cpbdur:2 q:34.74 aq:28.73 tex:83914 mv:6433 misc:1045 imb:130 pmb:839 smb:1071 d:- ref:0 ;
in:5012 out:5012 type:B dur:2 cpbdur:2 q:34.73 aq:30.60 tex:3835 mv:3985 misc:1276 imb:11 pmb:360 smb:1669 d:- ref:0 ;
in:5011 out:5013 type:b dur:2 cpbdur:2 q:34.72 aq:23.06 tex:350 mv:1620 misc:1046 imb:2 pmb:258 smb:1780 d:- ref:0 ;
in:5013 out:5014 type:b dur:2 cpbdur:2 q:34.73 aq:31.53 tex:2524 mv:2749 misc:1047 imb:8 pmb:249 smb:1783 d:- ref:0 ;
in:5018 out:5015 type:P dur:2 cpbdur:2 q:34.75 aq:28.47 tex:65717 mv:6182 misc:1205 imb:129 pmb:840 smb:1071 d:- ref:0 ;
in:5016 out:5016 type:B dur:2 cpbdur:2 q:34.74 aq:34.30 tex:6501 mv:4524 misc:1367 imb:8 pmb:460 smb:1572 d:- ref:0 ;
in:5015 out:5017 type:b dur:2 cpbdur:2 q:34.74 aq:31.10 tex:1672 mv:2284 misc:956 imb:3 pmb:228 smb:1809 d:- ref:0 ;
in:5017 out:5018 type:b dur:2 cpbdur:2 q:34.75 aq:25.81 tex:511 mv:1660 misc:1021 imb:4 pmb:243 smb:1793 d:- ref:0 ;
in:5022 out:5019 type:P dur:2 cpbdur:2 q:34.75 aq:29.44 tex:64637 mv:6259 misc:1104 imb:134 pmb:812 smb:1094 d:- ref:0 ;
in:5020 out:5020 type:B dur:2 cpbdur:2 q:34.75 aq:32.85 tex:4313 mv:4491 misc:1300 imb:14 pmb:389 smb:1637 d:- ref:0 ;
in:5019 out:5021 type:b dur:2 cpbdur:2 q:34.75 aq:30.17 tex:1190 mv:2101 misc:933 imb:4 pmb:208 smb:1828 d:- ref:0 ;
in:5021 out:5022 type:b dur:2 cpbdur:2 q:34.75 aq:32.06 tex:1350 mv:2406 misc:988 imb:10 pmb:224 smb:1806 d:- ref:0 ;
in:5026 out:5023 type:P dur:2 cpbdur:2 q:34.75 aq:27.33 tex:49884 mv:6514 misc:1578 imb:282 pmb:823 smb:935 d:- ref:0 ;
in:5024 out:5024 type:B dur:2 cpbdur:2 q:34.75 aq:26.05 tex:2289 mv:3091 misc:1300 imb:17 pmb:331 smb:1692 d:- ref:0 ;
in:5023 out:5025 type:b dur:2 cpbdur:2 q:34.75 aq:29.97 tex:226 mv:1201 misc:917 imb:1 pmb:209 smb:1830 d:- ref:0 ;
in:5025 out:5026 type:b dur:2 cpbdur:2 q:34.75 aq:26.16 tex:1066 mv:1945 misc:1037 imb:6 pmb:213 smb:1821 d:- ref:0 ;
in:5030 out:5027 type:P dur:2 cpbdur:2 q:34.74 aq:29.22 tex:46215 mv:10116 misc:1157 imb:933 pmb:900 smb:207 d:- ref:0 w:6,59,3,5,29,11,32,0 ;
in:5028 out:5028 type:B dur:2 cpbdur:2 q:34.74 aq:28.57 tex:7017 mv:4857 misc:1782 imb:62 pmb:521 smb:1457 d:- ref:0 ;
in:5027 out:5029 type:b dur:2 cpbdur:2 q:34.74 aq:24.17 tex:1519 mv:2285 misc:1220 imb:28 pmb:250 smb:1762 d:- ref:0 ;
in:5029 out:5030 type:b dur:2 cpbdur:2 q:34.74 aq:26.05 tex:1225 mv:1834 misc:1141 imb:21 pmb:224 smb:1795 d:- ref:0 ;
in:5032 out:5031 type:P dur:2 cpbdur:2 q:34.73 aq:30.85 tex:57366 mv:8904 misc:1498 imb:518 pmb:1064 smb:458 d:- ref:0 w:7,117,3,7,117,11,122,6 ;
in:5031 out:5032 type:b dur:2 cpbdur:2 q:34.74 aq:29.28 tex:1959 mv:2372 misc:1125 imb:14 pmb:231 smb:1795 d:- ref:0 ;
in:5033 out:5033 type:P dur:2 cpbdur:2 q:34.74 aq:31.46 tex:63158 mv:9034 misc:1368 imb:441 pmb:1182 smb:417 d:- ref:0 w:7,121,2,4,15,8,16,0 ;
in:5034 out:5034 type:P dur:2 cpbdur:2 q:34.76 aq:31.05 tex:88491 mv:11122 misc:1027 imb:467 pmb:1339 smb:234 d:- ref:0 w:6,61,2,5,31,3,32,0 ;
in:5038 out:5035 type:P dur:2 cpbdur:2 q:34.77 aq:30.26 tex:170012 mv:15754 misc:426 imb:1134 pmb:878 smb:28 d:- ref:0 w:6,69,-1,6,75,-27,90,-47 ;
in:5036 out:5036 type:B dur:2 cpbdur:2 q:34.76 aq:32.73 tex:30337 mv:10537 misc:1814 imb:31 pmb:987 smb:1022 d:- ref:0 ;
in:5035 out:5037 type:b dur:2 cpbdur:2 q:34.76 aq:34.51 tex:8834 mv:5719 misc:1551 imb:22 pmb:460 smb:1558 d:- ref:0 ;
in:5037 out:5038 type:b dur:2 cpbdur:2 q:34.77 aq:34.62 tex:5975 mv:5452 misc:1533 imb:13 pmb:431 smb:1596 d:- ref:0 ;
in:5042 out:5039 type:P dur:2 cpbdur:2 q:34.81 aq:29.52 tex:94816 mv:15102 misc:1082 imb:508 pmb:1195 smb:337 d:- ref:0 ;
in:5040 out:5040 type:B dur:2 cpbdur:2 q:34.79 aq:33.80 tex:11506 mv:9525 misc:1761 imb:45 pmb:713 smb:1282 d:- ref:0 ;
in:5039 out:5041 type:b dur:2 cpbdur:2 q:34.78 aq:34.91 tex:3970 mv:4938 misc:1444 imb:15 pmb:395 smb:1630 d:- ref:0 ;
in:5041 out:5042 type:b dur:2 cpbdur:2 q:34.80 aq:36.00 tex:3012 mv:4425 misc:1371 imb:7 pmb:365 smb:1668 d:- ref:0 ;
in:5046 out:5043 type:P dur:2 cpbdur:2 q:34.90 aq:29.46 tex:65996 mv:13500 misc:1312 imb:257 pmb:1177 smb:606 d:- ref:0 ;
in:5044 out:5044 type:B dur:2 cpbdur:2 q:34.86 aq:33.37 tex:9773 mv:8295 misc:1732 imb:25 pmb:630 smb:1385 d:- ref:0 ;
in:5043 out:5045 type:b dur:2 cpbdur:2 q:34.84 aq:35.47 tex:3271 mv:4282 misc:1343 imb:3 pmb:354 smb:1683 d:- ref:0 ;
in:5045 out:5046 type:b dur:2 cpbdur:2 q:34.88 aq:36.60 tex:2614 mv:3643 misc:1271 imb:5 pmb:311 smb:1724 d:- ref:0 ;
in:5050 out:5047 type:P dur:2 cpbdur:2 q:34.93 aq:29.63 tex:68738 mv:13175 misc:1223 imb:268 pmb:1160 smb:612 d:- ref:0 ;
in:5048 out:5048 type:B dur:2 cpbdur:2 q:34.91 aq:32.44 tex:8901 mv:8129 misc:1706 imb:30 pmb:616 smb:1394 d:- ref:0 ;
in:5047 out:5049 type:b dur:2 cpbdur:2 q:34.91 aq:35.70 tex:2839 mv:4156 misc:1317 imb:5 pmb:345 smb:1690 d:- ref:0 ;
in:5049 out:5050 type:b dur:2 cpbdur:2 q:34.92 aq:37.00 tex:2484 mv:4141 misc:1287 imb:6 pmb:340 smb:1694 d:- ref:0 ;
in:5054 out:5051 type:P dur:2 cpbdur:2 q:34.94 aq:29.46 tex:64260 mv:12984 misc:1316 imb:259 pmb:1162 smb:619 d:- ref:0 ;
in:5052 out:5052 type:B dur:2 cpbdur:2 q:34.93 aq:33.30 tex:7744 mv:7558 misc:1706 imb:27 pmb:594 smb:1419 d:- ref:0 ;
in:5051 out:5053 type:b dur:2 cpbdur:2 q:34.93 aq:35.21 tex:1984 mv:4050 misc:1254 imb:6 pmb:324 smb:1710 d:- ref:0 ;
in:5053 out:5054 type:b dur:2 cpbdur:2 q:34.94 aq:36.70 tex:2416 mv:3812 misc:1244 imb:8 pmb:310 smb:1722 d:- ref:0 ;
in:5058 out:5055 type:P dur:2 cpbdur:2 q:34.95 aq:29.41 tex:60265 mv:12216 misc:1479 imb:245 pmb:1157 smb:638 d:- ref:0 ;
in:5056 out:5056 type:B dur:2 cpbdur:2 q:34.94 aq:33.62 tex:7471 mv:7534 misc:1643 imb:25 pmb:579 smb:1436 d:- ref:0 ;
in:5055 out:5057 type:b dur:2 cpbdur:2 q:34.94 aq:37.01 tex:2681 mv:3866 misc:1253 imb:7 pmb:314 smb:1719 d:- ref:0 ;
in:5057 out:5058 type:b dur:2 cpbdur:2 q:34.94 aq:34.34 tex:2214 mv:3631 misc:1251 imb:6 pmb:300 smb:1734 d:- ref:0 ;
in:5062 out:5059 type:P dur:2 cpbdur:2 q:34.95 aq:29.53 tex:59394 mv:11731 misc:1435 imb:204 pmb:1136 smb:700 d:- ref:0 ;
in:5060 out:5060 type:B dur:2 cpbdur:2 q:34.95 aq:33.88 tex:6918 mv:7416 misc:1722 imb:26 pmb:571 smb:1443 d:- ref:0 ;
in:5059 out:5061 type:b dur:2 cpbdur:2 q:34.95 aq:34.93 tex:2118 mv:3525 misc:1221 imb:10 pmb:289 smb:1741 d:- ref:0 ;
in:5061 out:5062 type:b dur:2 cpbdur:2 q:34.95 aq:35.02 tex:2110 mv:3417 misc:1185 imb:8 pmb:289 smb:1743 d:- ref:0 ;
in:5066 out:5063 type:P dur:2 cpbdur:2 q:34.96 aq:29.50 tex:59849 mv:12125 misc:1410 imb:288 pmb:1102 smb:650 d:- ref:0 ;
in:5064 out:5064 type:B dur:2 cpbdur:2 q:34.95 aq:33.24 tex:6452 mv:7170 misc:1690 imb:30 pmb:554 smb:1456 d:- ref:0 ;
in:5063 out:5065 type:b dur:2 cpbdur:2 q:34.95 aq:35.48 tex:1977 mv:3602 misc:1173 imb:4 pmb:304 smb:1732 d:- ref:0 ;
in:5065 out:5066 type:b dur:2 cpbdur:2 q:34.95 aq:36.19 tex:1807 mv:3309 misc:1180 imb:4 pmb:285 smb:1751 d:- ref:0 ;
in:5070 out:5067 type:P dur:2 cpbdur:2 q:34.96 aq:29.77 tex:57393 mv:11721 misc:1446 imb:235 pmb:1085 smb:720 d:- ref:0 ;
in:5068 out:5068 type:B dur:2 cpbdur:2 q:34.96 aq:33.79 tex:7065 mv:7044 misc:1635 imb:23 pmb:547 smb:1470 d:- ref:0 ;
in:5067 out:5069 type:b dur:2 cpbdur:2 q:34.96 aq:36.06 tex:2089 mv:3326 misc:1153 imb:7 pmb:281 smb:1752 d:- ref:0 ;
in:5069 out:5070 type:b dur:2 cpbdur:2 q:34.96 aq:35.50 tex:1889 mv:3104 misc:1143 imb:3 pmb:277 smb:1760 d:- ref:0 ;
in:5074 out:5071 type:P dur:2 cpbdur:2 q:34.96 aq:29.60 tex:61517 mv:11613 misc:1454 imb:268 pmb:1061 smb:711 d:- ref:0 ;
in:5072 out:5072 type:B dur:2 cpbdur:2 q:34.96 aq:32.49 tex:7522 mv:7044 misc:1674 imb:28 pmb:543 smb:1469 d:- ref:0 ;
in:5071 out:5073 type:b dur:2 cpbdur:2 q:34.96 aq:35.59 tex:2624 mv:3023 misc:1169 imb:4 pmb:269 smb:1767 d:- ref:0 ;
in:5073 out:5074 type:b dur:2 cpbdur:2 q:34.96 aq:34.85 tex:2295 mv:3163 misc:1190 imb:10 pmb:282 smb:1748 d:- ref:0 ;
in:5078 out:5075 type:P dur:2 cpbdur:2 q:34.96 aq:29.54 tex:61523 mv:11673 misc:1436 imb:250 pmb:1083 smb:707 d:- ref:0 ;
in:5076 out:5076 type:B dur:2 cpbdur:2 q:34.96 aq:33.19 tex:7460 mv:7113 misc:1651 imb:21 pmb:563 smb:1456 d:- ref:0 ;
in:5075 out:5077 type:b dur:2 cpbdur:2 q:34.96 aq:35.77 tex:2315 mv:3008 misc:1133 imb:10 pmb:256 smb:1774 d:- ref:0 ;
in:5077 out:5078 type:b dur:2 cpbdur:2 q:34.96 aq:34.55 tex:1486 mv:2901 misc:1077 imb:8 pmb:226 smb:1806 d:- ref:0 ;
in:5082 out:5079 type:P dur:2 cpbdur:2 q:34.97 aq:29.66 tex:57122 mv:11271 misc:1423 imb:235 pmb:1081 smb:724 d:- ref:0 ;
in:5080 out:5080 type:B dur:2 cpbdur:2 q:34.97 aq:32.96 tex:7008 mv:6688 misc:1624 imb:22 pmb:529 smb:1489 d:- ref:0 ;
in:5079 out:5081 type:b dur:2 cpbdur:2 q:34.96 aq:35.70 tex:2031 mv:3042 misc:1119 imb:6 pmb:252 smb:1782 d:- ref:0 ;
in:5081 out:5082 type:b dur:2 cpbdur:2 q:34.97 aq:34.31 tex:1807 mv:3013 misc:1148 imb:14 pmb:249 smb:1777 d:- ref:0 ;
in:5086 out:5083 type:P dur:2 cpbdur:2 q:34.97 aq:29.53 tex:60765 mv:11352 misc:1419 imb:258 pmb:1072 smb:710 d:- ref:0 ;
in:5084 out:5084 type:B dur:2 cpbdur:2 q:34.97 aq:33.41 tex:6863 mv:6614 misc:1539 imb:21 pmb:515 smb:1504 d:- ref:0 ;
in:5083 out:5085 type:b dur:2 cpbdur:2 q:34.97 aq:34.96 tex:2234 mv:2943 misc:1079 imb:9 pmb:252 smb:1779 d:- ref:0 ;
in:5085 out:5086 type:b dur:2 cpbdur:2 q:34.97 aq:36.59 tex:1548 mv:2750 misc:1038 imb:4 pmb:230 smb:1806 d:- ref:0 ;
in:5090 out:5087 type:P dur:2 cpbdur:2 q:34.97 aq:29.31 tex:59141 mv:10797 misc:1390 imb:248 pmb:1037 smb:755 d:- ref:0 ;
in:5088 out:5088 type:B dur:2 cpbdur:2 q:34.97 aq:33.21 tex:6997 mv:6588 misc:1567 imb:36 pmb:497 smb:1507 d:- ref:0 ;
in:5087 out:5089 type:b dur:2 cpbdur:2 q:34.97 aq:35.18 tex:2226 mv:2876 misc:1082 imb:7 pmb:255 smb:1778 d:- ref:0 ;
in:5089 out:5090 type:b dur:2 cpbdur:2 q:34.97 aq:34.11 tex:1930 mv:2670 misc:1080 imb:8 pmb:240 smb:1792 d:- ref:0 ;
in:5094 out:5091 type:P dur:2 cpbdur:2 q:34.97 aq:29.46 tex:58753 mv:10792 misc:1447 imb:250 pmb:1002 smb:788 d:- ref:0 ;
in:5092 out:5092 type:B dur:2 cpbdur:2 q:34.97 aq:33.76 tex:7393 mv:5952 misc:1607 imb:20 pmb:510 smb:1510 d:- ref:0 ;
in:5091 out:5093 type:b dur:2 cpbdur:2 q:34.97 aq:35.65 tex:1697 mv:2859 misc:996 imb:7 pmb:228 smb:1805 d:- ref:0 ;
in:5093 out:5094 type:b dur:2 cpbdur:2 q:34.97 aq:35.64 tex:2294 mv:2831 misc:1091 imb:7 pmb:244 smb:1789 d:- ref:0 ;
in:5098 out:5095 type:P dur:2 cpbdur:2 q:34.98 aq:29.72 tex:59104 mv:10355 misc:1341 imb:219 pmb:1028 smb:793 d:- ref:0 ;
in:5096 out:5096 type:B dur:2 cpbdur:2 q:34.98 aq:33.37 tex:6727 mv:5921 misc:1592 imb:26 pmb:488 smb:1526 d:- ref:0 ;
in:5095 out:5097 type:b dur:2 cpbdur:2 q:34.98 aq:36.17 tex:1815 mv:2626 misc:991 imb:7 pmb:216 smb:1817 d:- ref:0 ;
in:5097 out:5098 type:b dur:2 cpbdur:2 q:34.98 aq:35.88 tex:1665 mv:2292 misc:971 imb:5 pmb:199 smb:1836 d:- ref:0 ;
in:5102 out:5099 type:P dur:2 cpbdur:2 q:34.98 aq:29.34 tex:60851 mv:10204 misc:1441 imb:281 pmb:965 smb:794 d:- ref:0 ;
in:5100 out:5100 type:B dur:2 cpbdur:2 q:34.98 aq:34.29 tex:6267 mv:5652 misc:1553 imb:11 pmb:474 smb:1555 d:- ref:0 ;
in:5099 out:5101 type:b dur:2 cpbdur:2 q:34.98 aq:35.69 tex:2124 mv:2210 misc:954 imb:4 pmb:203 smb:1833 d:- ref:0 ;
in:5101 out:5102 type:b dur:2 cpbdur:2 q:34.98 aq:36.41 tex:1987 mv:2580 misc:1033 imb:7 pmb:233 smb:1800 d:- ref:0 ;
in:5106 out:5103 type:P dur:2 cpbdur:2 q:34.98 aq:29.86 tex:63485 mv:10218 misc:1281 imb:273 pmb:1000 smb:767 d:- ref:0 ;
in:5104 out:5104 type:B dur:2 cpbdur:2 q:34.98 aq:34.45 tex:7208 mv:5883 misc:1557 imb:23 pmb:482 smb:1535 d:- ref:0 ;
in:5103 out:5105 type:b dur:2 cpbdur:2 q:34.98 aq:35.82 tex:2033 mv:2597 misc:994 imb:7 pmb:217 smb:1816 d:- ref:0 ;
in:5105 out:5106 type:b dur:2 cpbdur:2 q:34.98 aq:36.47 tex:2096 mv:2227 misc:957 imb:8 pmb:200 smb:1832 d:- ref:0 ;
in:5110 out:5107 type:P dur:2 cpbdur:2 q:34.98 aq:29.19 tex:64740 mv:10647 misc:1389 imb:318 pmb:994 smb:728 d:- ref:0 ;
in:5108 out:5108 type:B dur:2 cpbdur:2 q:34.98 aq:34.36 tex:7257 mv:5936 misc:1615 imb:26 pmb:500 smb:1514 d:- ref:0 ;
in:5107 out:5109 type:b dur:2 cpbdur:2 q:34.98 aq:35.20 tex:1799 mv:2359 misc:1002 imb:11 pmb:207 smb:1822 d:- ref:0 ;
in:5109 out:5110 type:b dur:2 cpbdur:2 q:34.98 aq:37.70 tex:1896 mv:2412 misc:892 imb:4 pmb:199 smb:1837 d:- ref:0 ;
in:5114 out:5111 type:P dur:2 cpbdur:2 q:34.99 aq:29.63 tex:63442 mv:10380 misc:1386 imb:303 pmb:982 smb:755 d:- ref:0 ;
in:5112 out:5112 type:B dur:2 cpbdur:2 q:34.99 aq:32.90 tex:7248 mv:5846 misc:1626 imb:45 pmb:463 smb:1532 d:- ref:0 ;
in:5111 out:5113 type:b dur:2 cpbdur:2 q:34.98 aq:36.89 tex:1674 mv:2455 misc:959 imb:5 pmb:220 smb:1815 d:- ref:0 ;
in:5113 out:5114 type:b dur:2 cpbdur:2 q:34.99 aq:37.99 tex:1508 mv:2618 misc:970 imb:3 pmb:223 smb:1814 d:- ref:0 ;
in:5118 out:5115 type:P dur:2 cpbdur:2 q:34.99 aq:29.65 tex:59058 mv:9704 misc:1430 imb:255 pmb:966 smb:819 d:- ref:0 ;
in:5116 out:5116 type:B dur:2 cpbdur:2 q:34.99 aq:34.10 tex:6446 mv:5605 misc:1549 imb:25 pmb:474 smb:1541 d:- ref:0 ;
in:5115 out:5117 type:b dur:2 cpbdur:2 q:34.99 aq:36.99 tex:1553 mv:2477 misc:994 imb:4 pmb:214 smb:1822 d:- ref:0 ;
in:5117 out:5118 type:b dur:2 cpbdur:2 q:34.99 aq:36.25 tex:1148 mv:2285 misc:951 imb:6 pmb:202 smb:1832 d:- ref:0 ;
in:5122 out:5119 type:P dur:2 cpbdur:2 q:34.99 aq:29.61 tex:56731 mv:9502 misc:1431 imb:237 pmb:932 smb:871 d:- ref:0 ;
in:5120 out:5120 type:B dur:2 cpbdur:2 q:34.99 aq:34.52 tex:5942 mv:4912 misc:1466 imb:15 pmb:418 smb:1607 d:- ref:0 ;
in:5119 out:5121 type:b dur:2 cpbdur:2 q:34.99 aq:36.60 tex:2085 mv:2196 misc:943 imb:4 pmb:192 smb:1844 d:- ref:0 ;
in:5121 out:5122 type:b dur:2 cpbdur:2 q:34.99 aq:35.04 tex:1844 mv:2587 misc:985 imb:9 pmb:210 smb:1821 d:- ref:0 ;
in:5126 out:5123 type:P dur:2 cpbdur:2 q:34.99 aq:29.66 tex:57168 mv:9408 misc:1440 imb:233 pmb:929 smb:878 d:- ref:0 ;
in:5124 out:5124 type:B dur:2 cpbdur:2 q:34.99 aq:33.68 tex:6743 mv:5111 misc:1490 imb:19 pmb:430 smb:1591 d:- ref:0 ;
in:5123 out:5125 type:b dur:2 cpbdur:2 q:34.99 aq:35.82 tex:1849 mv:2318 misc:1009 imb:8 pmb:211 smb:1821 d:- ref:0 ;
in:5125 out:5126 type:b dur:2 cpbdur:2 q:34.99 aq:35.68 tex:1726 mv:2466 misc:1064 imb:7 pmb:229 smb:1804 d:- ref:0 ;
in:5130 out:5127 type:P dur:2 cpbdur:2 q:34.99 aq:29.81 tex:56089 mv:9368 misc:1399 imb:265 pmb:886 smb:889 d:- ref:0 ;
in:5128 out:5128 type:B dur:2 cpbdur:2 q:34.99 aq:34.91 tex:6198 mv:5017 misc:1465 imb:16 pmb:415 smb:1609 d:- ref:0 ;
in:5127 out:5129 type:b dur:2 cpbdur:2 q:34.99 aq:34.27 tex:1449 mv:2527 misc:1016 imb:7 pmb:217 smb:1816 d:- ref:0 ;
in:5129 out:5130 type:b dur:2 cpbdur:2 q:34.99 aq:35.46 tex:1310 mv:2420 misc:966 imb:4 pmb:214 smb:1822 d:- ref:0 ;
in:5134 out:5131 type:P dur:2 cpbdur:2 q:34.99 aq:29.24 tex:57470 mv:9512 misc:1386 imb:267 pmb:900 smb:873 d:- ref:0 ;
in:5132 out:5132 type:B dur:2 cpbdur:2 q:34.99 aq:33.43 tex:5963 mv:5116 misc:1465 imb:19 pmb:434 smb:1587 d:- ref:0 ;
in:5131 out:5133 type:b dur:2 cpbdur:2 q:34.99 aq:36.24 tex:1796 mv:2575 misc:1069 imb:6 pmb:229 smb:1805 d:- ref:0 ;
in:5133 out:5134 type:b dur:2 cpbdur:2 q:34.99 aq:36.26 tex:1772 mv:2188 misc:1000 imb:5 pmb:210 smb:1825 d:- ref:0 ;
in:5138 out:5135 type:P dur:2 cpbdur:2 q:34.99 aq:30.35 tex:54132 mv:9190 misc:1406 imb:257 pmb:869 smb:914 d:- ref:0 ;
in:5136 out:5136 type:B dur:2 cpbdur:2 q:34.99 aq:32.54 tex:6202 mv:5236 misc:1538 imb:31 pmb:443 smb:1566 d:- ref:0 ;
in:5135 out:5137 type:b dur:2 cpbdur:2 q:34.99 aq:35.42 tex:1993 mv:2564 misc:1091 imb:4 pmb:244 smb:1792 d:- ref:0 ;
in:5137 out:5138 type:b dur:2 cpbdur:2 q:34.99 aq:35.34 tex:1631 mv:2334 misc:971 imb:3 pmb:212 smb:1825 d:- ref:0 ;
in:5142 out:5139 type:P dur:2 cpbdur:2 q:34.98 aq:29.70 tex:54154 mv:9165 misc:1449 imb:275 pmb:865 smb:900 d:- ref:0 ;
in:5140 out:5140 type:B dur:2 cpbdur:2 q:34.99 aq:33.00 tex:5831 mv:4811 misc:1510 imb:9 pmb:434 smb:1597 d:- ref:0 ;
in:5139 out:5141 type:b dur:2 cpbdur:2 q:34.99 aq:34.88 tex:1908 mv:2709 misc:1087 imb:5 pmb:257 smb:1778 d:- ref:0 ;
in:5141 out:5142 type:b dur:2 cpbdur:2 q:34.99 aq:35.33 tex:1431 mv:2168 misc:929 imb:1 pmb:207 smb:1832 d:- ref:0 ;
in:5146 out:5143 type:P dur:2 cpbdur:2 q:34.98 aq:29.72 tex:52966 mv:8910 misc:1428 imb:269 pmb:837 smb:934 d:- ref:0 ;
in:5144 out:5144 type:B dur:2 cpbdur:2 q:34.98 aq:31.95 tex:5919 mv:4890 misc:1487 imb:22 pmb:416 smb:1602 d:- ref:0 ;
in:5143 out:5145 type:b dur:2 cpbdur:2 q:34.98 aq:35.00 tex:1827 mv:2408 misc:997 imb:3 pmb:224 smb:1813 d:- ref:0 ;
in:5145 out:5146 type:b dur:2 cpbdur:2 q:34.98 aq:35.50 tex:1489 mv:2076 misc:947 imb:2 pmb:201 smb:1837 d:- ref:0 ;
in:5150 out:5147 type:P dur:2 cpbdur:2 q:34.98 aq:30.42 tex:50834 mv:8674 misc:1452 imb:273 pmb:801 smb:966 d:- ref:0 ;
in:5148 out:5148 type:B dur:2 cpbdur:2 q:34.98 aq:33.76 tex:5961 mv:5405 misc:1570 imb:17 pmb:473 smb:1550 d:- ref:0 ;
in:5147 out:5149 type:b dur:2 cpbdur:2 q:34.98 aq:35.46 tex:1811 mv:2822 misc:1087 imb:7 pmb:255 smb:1778 d:- ref:0 ;
in:5149 out:5150 type:b dur:2 cpbdur:2 q:34.98 aq:35.95 tex:1710 mv:2563 misc:999 imb:4 pmb:234 smb:1802 d:- ref:0 ;
in:5154 out:5151 type:P dur:2 cpbdur:2 q:34.97 aq:30.24 tex:59101 mv:8416 misc:1419 imb:287 pmb:773 smb:980 d:- ref:0 ;
in:5152 out:5152 type:B dur:2 cpbdur:2 q:34.98 aq:34.01 tex:6924 mv:5045 misc:1511 imb:18 pmb:462 smb:1560 d:- ref:0 ;
in:5151 out:5153 type:b dur:2 cpbdur:2 q:34.98 aq:36.70 tex:1751 mv:2535 misc:1034 imb:3 pmb:245 smb:1792 d:- ref:0 ;
in:5153 out:5154 type:b dur:2 cpbdur:2 q:34.97 aq:37.22 tex:1560 mv:2651 misc:1109 imb:5 pmb:269 smb:1766 d:- ref:0 ;
in:5156 out:5155 type:P dur:2 cpbdur:2 q:34.97 aq:29.50 tex:66941 mv:8648 misc:1331 imb:348 pmb:764 smb:928 d:- ref:0 ;
in:5155 out:5156 type:b dur:2 cpbdur:2 q:34.97 aq:33.94 tex:1661 mv:2725 misc:1086 imb:7 pmb:260 smb:1773 d:- ref:0 ;
in:5160 out:5157 type:P dur:2 cpbdur:2 q:34.98 aq:29.42 tex:56089 mv:9042 misc:1469 imb:294 pmb:846 smb:900 d:- ref:0 ;
in:5158 out:5158 type:B dur:2 cpbdur:2 q:34.98 aq:32.86 tex:6666 mv:5274 misc:1484 imb:16 pmb:453 smb:1571 d:- ref:0 ;
in:5157 out:5159 type:b dur:2 cpbdur:2 q:34.97 aq:34.66 tex:1846 mv:2560 misc:1034 imb:4 pmb:242 smb:1794 d:- ref:0 ;
in:5159 out:5160 type:b dur:2 cpbdur:2 q:34.98 aq:35.37 tex:1636 mv:2474 misc:1010 imb:6 pmb:231 smb:1803 d:- ref:0 ;
in:5164 out:5161 type:P dur:2 cpbdur:2 q:34.99 aq:29.10 tex:54329 mv:9164 misc:1347 imb:270 pmb:892 smb:878 d:- ref:0 ;
in:5162 out:5162 type:B dur:2 cpbdur:2 q:34.99 aq:34.41 tex:7052 mv:5179 misc:1441 imb:22 pmb:457 smb:1561 d:- ref:0 ;
in:5161 out:5163 type:b dur:2 cpbdur:2 q:34.98 aq:35.51 tex:1958 mv:2747 misc:1007 imb:6 pmb:245 smb:1789 d:- ref:0 ;
in:5163 out:5164 type:b dur:2 cpbdur:2 q:34.99 aq:35.35 tex:2431 mv:2841 misc:1072 imb:3 pmb:260 smb:1777 d:- ref:0 ;
in:5168 out:5165 type:P dur:2 cpbdur:2 q:34.99 aq:29.57 tex:57114 mv:9516 misc:1394 imb:359 pmb:861 smb:820 d:- ref:0 ;
in:5166 out:5166 type:B dur:2 cpbdur:2 q:34.99 aq:32.60 tex:7957 mv:5665 misc:1562 imb:41 pmb:475 smb:1524 d:- ref:0 ;
in:5165 out:5167 type:b dur:2 cpbdur:2 q:34.99 aq:36.92 tex:2411 mv:2883 misc:1058 imb:9 pmb:260 smb:1771 d:- ref:0 ;
in:5167 out:5168 type:b dur:2 cpbdur:2 q:34.99 aq:35.08 tex:3932 mv:2900 misc:1104 imb:8 pmb:295 smb:1737 d:- ref:0 ;
in:5172 out:5169 type:P dur:2 cpbdur:2 q:34.98 aq:29.47 tex:85996 mv:9769 misc:1331 imb:301 pmb:927 smb:812 d:- ref:0 ;
in:5170 out:5170 type:B dur:2 cpbdur:2 q:34.99 aq:34.26 tex:8061 mv:5991 misc:1564 imb:26 pmb:518 smb:1496 d:- ref:0 ;
in:5169 out:5171 type:b dur:2 cpbdur:2 q:34.99 aq:34.06 tex:1987 mv:3185 misc:1140 imb:14 pmb:285 smb:1741 d:- ref:0 ;
in:5171 out:5172 type:b dur:2 cpbdur:2 q:34.99 aq:35.90 tex:2219 mv:2735 misc:1126 imb:10 pmb:259 smb:1771 d:- ref:0 ;
in:5176 out:5173 type:P dur:2 cpbdur:2 q:35.00 aq:29.03 tex:54031 mv:9431 misc:1482 imb:209 pmb:927 smb:904 d:- ref:0 ;
in:5174 out:5174 type:B dur:2 cpbdur:2 q:34.99 aq:33.52 tex:6977 mv:5501 misc:1554 imb:29 pmb:470 smb:1541 d:- ref:0 ;
in:5173 out:5175 type:b dur:2 cpbdur:2 q:34.99 aq:35.90 tex:2278 mv:3034 misc:1072 imb:3 pmb:269 smb:1768 d:- ref:0 ;
in:5175 out:5176 type:b dur:2 cpbdur:2 q:35.00 aq:35.44 tex:2120 mv:3083 misc:1117 imb:6 pmb:285 smb:1749 d:- ref:0 ;
in:5180 out:5177 type:P dur:2 cpbdur:2 q:35.01 aq:29.27 tex:52724 mv:9855 misc:1397 imb:249 pmb:918 smb:873 d:- ref:0 ;
in:5178 out:5178 type:B dur:2 cpbdur:2 q:35.00 aq:32.63 tex:7953 mv:5762 misc:1557 imb:25 pmb:504 smb:1511 d:- ref:0 ;
in:5177 out:5179 type:b dur:2 cpbdur:2 q:35.00 aq:34.18 tex:2675 mv:3178 misc:1139 imb:7 pmb:284 smb:1749 d:- ref:0 ;
in:5179 out:5180 type:b dur:2 cpbdur:2 q:35.00 aq:34.62 tex:1955 mv:2693 misc:1088 imb:4 pmb:264 smb:1772 d:- ref:0 ;
in:5181 out:5181 type:P dur:2 cpbdur:2 q:35.01 aq:35.30 tex:4440 mv:3276 misc:1420 imb:42 pmb:391 smb:1607 d:- ref:0 ;
in:5182 out:5182 type:I dur:2 cpbdur:2 q:32.08 aq:26.30 tex:261584 mv:42026 misc:478 imb:2040 pmb:0 smb:0 d:- ref:;
in:5186 out:5183 type:P dur:2 cpbdur:2 q:35.10 aq:29.52 tex:44821 mv:9264 misc:1491 imb:187 pmb:922 smb:931 d:- ref:0 ;
in:5184 out:5184 type:B dur:2 cpbdur:2 q:35.10 aq:33.70 tex:5478 mv:5589 misc:1477 imb:19 pmb:448 smb:1573 d:- ref:0 ;
in:5183 out:5185 type:b dur:2 cpbdur:2 q:35.10 aq:34.88 tex:1158 mv:3197 misc:1093 imb:2 pmb:265 smb:1773 d:- ref:0 ;
in:5185 out:5186 type:b dur:2 cpbdur:2 q:35.10 aq:36.48 tex:1834 mv:2909 misc:1041 imb:5 pmb:254 smb:1781 d:- ref:0 ;
in:5190 out:5187 type:P dur:2 cpbdur:2 q:35.08 aq:29.87 tex:53326 mv:10343 misc:1387 imb:229 pmb:997 smb:814 d:- ref:0 ;
in:5188 out:5188 type:B dur:2 cpbdur:2 q:35.09 aq:33.35 tex:7305 mv:6161 misc:1566 imb:24 pmb:478 smb:1538 d:- ref:0 ;
in:5187 out:5189 type:b dur:2 cpbdur:2 q:35.10 aq:33.76 tex:1689 mv:3545 misc:1142 imb:9 pmb:291 smb:1740 d:- ref:0 ;
in:5189 out:5190 type:b dur:2 cpbdur:2 q:35.09 aq:36.09 tex:1475 mv:3126 misc:1087 imb:5 pmb:265 smb:1770 d:- ref:0 ;
in:5194 out:5191 type:P dur:2 cpbdur:2 q:35.12 aq:29.09 tex:55659 mv:10330 misc:1435 imb:233 pmb:997 smb:810 d:- ref:0 ;
in:5192 out:5192 type:B dur:2 cpbdur:2 q:35.10 aq:33.48 tex:5666 mv:6374 misc:1600 imb:25 pmb:508 smb:1507 d:- ref:0 ;
in:5191 out:5193 type:b dur:2 cpbdur:2 q:35.09 aq:34.43 tex:1968 mv:3305 misc:1135 imb:14 pmb:272 smb:1754 d:- ref:0 ;
in:5193 out:5194 type:b dur:2 cpbdur:2 q:35.11 aq:37.23 tex:1757 mv:2881 misc:1114 imb:1 pmb:282 smb:1757 d:- ref:0 ;
in:5198 out:5195 type:P dur:2 cpbdur:2 q:35.11 aq:30.12 tex:55994 mv:10902 misc:1392 imb:249 pmb:1027 smb:764 d:- ref:0 ;
in:5196 out:5196 type:B dur:2 cpbdur:2 q:35.11 aq:31.76 tex:6872 mv:6635 misc:1637 imb:30 pmb:535 smb:1475 d:- ref:0 ;
in:5195 out:5197 type:b dur:2 cpbdur:2 q:35.11 aq:36.12 tex:1877 mv:3227 misc:1120 imb:2 pmb:277 smb:1761 d:- ref:0 ;
in:5197 out:5198 type:b dur:2 cpbdur:2 q:35.11 aq:35.41 tex:2077 mv:2978 misc:1145 imb:6 pmb:268 smb:1766 d:- ref:0 ;
in:5202 out:5199 type:P dur:2 cpbdur:2 q:35.11 aq:29.13 tex:56993 mv:10896 misc:1327 imb:243 pmb:1051 smb:746 d:- ref:0 ;
in:5200 out:5200 type:B dur:2 cpbdur:2 q:35.11 aq:34.91 tex:8059 mv:6249 misc:1580 imb:19 pmb:539 smb:1482 d:- ref:0 ;
in:5199 out:5201 type:b dur:2 cpbdur:2 q:35.11 aq:35.84 tex:2266 mv:3530 misc:1148 imb:5 pmb:297 smb:1738 d:- ref:0 ;
in:5201 out:5202 type:b dur:2 cpbdur:2 q:35.11 aq:33.74 tex:2273 mv:3422 misc:1153 imb:12 pmb:296 smb:1732 d:- ref:0 ;
in:5206 out:5203 type:P dur:2 cpbdur:2 q:35.12 aq:29.68 tex:58626 mv:11066 misc:1388 imb:248 pmb:1071 smb:721 d:- ref:0 ;
in:5204 out:5204 type:B dur:2 cpbdur:2 q:35.12 aq:32.81 tex:7861 mv:6462 misc:1589 imb:21 pmb:541 smb:1478 d:- ref:0 ;
in:5203 out:5205 type:b dur:2 cpbdur:2 q:35.12 aq:34.40 tex:2288 mv:3549 misc:1187 imb:12 pmb:296 smb:1732 d:- ref:0 ;
in:5205 out:5206 type:b dur:2 cpbdur:2 q:35.12 aq:34.67 tex:2171 mv:3275 misc:1162 imb:4 pmb:294 smb:1742 d:- ref:0 ;
in:5210 out:5207 type:P dur:2 cpbdur:2 q:35.12 aq:29.71 tex:57836 mv:11247 misc:1389 imb:247 pmb:1071 smb:722 d:- ref:0 ;
in:5208 out:5208 type:B dur:2 cpbdur:2 q:35.12 aq:33.25 tex:7330 mv:6864 misc:1718 imb:36 pmb:554 smb:1450 d:- ref:0 ;
in:5207 out:5209 type:b dur:2 cpbdur:2 q:35.12 aq:35.88 tex:1982 mv:3725 misc:1221 imb:15 pmb:310 smb:1715 d:- ref:0 ;
in:5209 out:5210 type:b dur:2 cpbdur:2 q:35.12 aq:35.08 tex:1879 mv:3414 misc:1171 imb:3 pmb:300 smb:1737 d:- ref:0 ;
in:5214 out:5211 type:P dur:2 cpbdur:2 q:35.13 aq:29.52 tex:58012 mv:11058 misc:1482 imb:238 pmb:1073 smb:729 d:- ref:0 ;
in:5212 out:5212 type:B dur:2 cpbdur:2 q:35.13 aq:33.78 tex:7921 mv:7120 misc:1679 imb:14 pmb:583 smb:1443 d:- ref:0 ;
in:5211 out:5213 type:b dur:2 cpbdur:2 q:35.13 aq:35.92 tex:2264 mv:3435 misc:1213 imb:3 pmb:309 smb:1728 d:- ref:0 ;
in:5213 out:5214 type:b dur:2 cpbdur:2 q:35.13 aq:34.68 tex:2132 mv:3579 misc:1241 imb:9 pmb:309 smb:1722 d:- ref:0 ;
in:5218 out:5215 type:P dur:2 cpbdur:2 q:35.13 aq:29.96 tex:59749 mv:11393 misc:1466 imb:241 pmb:1094 smb:705 d:- ref:0 ;
in:5216 out:5216 type:B dur:2 cpbdur:2 q:35.13 aq:33.13 tex:8331 mv:7153 misc:1708 imb:28 pmb:581 smb:1431 d:- ref:0 ;
in:5215 out:5217 type:b dur:2 cpbdur:2 q:35.13 aq:35.09 tex:2087 mv:3581 misc:1236 imb:7 pmb:310 smb:1723 d:- ref:0 ;
in:5217 out:5218 type:b dur:2 cpbdur:2 q:35.13 aq:34.51 tex:2076 mv:3522 misc:1226 imb:12 pmb:300 smb:1728 d:- ref:0 ;
in:5222 out:5219 type:P dur:2 cpbdur:2 q:35.13 aq:29.45 tex:59602 mv:12161 misc:1397 imb:266 pmb:1135 smb:639 d:- ref:0 ;
in:5220 out:5220 type:B dur:2 cpbdur:2 q:35.13 aq:34.50 tex:6721 mv:7382 misc:1713 imb:24 pmb:595 smb:1421 d:- ref:0 ;
in:5219 out:5221 type:b dur:2 cpbdur:2 q:35.13 aq:36.29 tex:1956 mv:3644 misc:1320 imb:5 pmb:324 smb:1711 d:- ref:0 ;
in:5221 out:5222 type:b dur:2 cpbdur:2 q:35.13 aq:35.98 tex:2029 mv:3366 misc:1253 imb:10 pmb:304 smb:1726 d:- ref:0 ;
in:5226 out:5223 type:P dur:2 cpbdur:2 q:35.14 aq:30.00 tex:56956 mv:12291 misc:1361 imb:268 pmb:1149 smb:623 d:- ref:0 ;
in:5224 out:5224 type:B dur:2 cpbdur:2 q:35.14 aq:34.18 tex:7550 mv:7536 misc:1746 imb:18 pmb:608 smb:1414 d:- ref:0 ;
in:5223 out:5225 type:b dur:2 cpbdur:2 q:35.14 aq:35.65 tex:2080 mv:3880 misc:1264 imb:8 pmb:323 smb:1709 d:- ref:0 ;
in:5225 out:5226 type:b dur:2 cpbdur:2 q:35.14 aq:35.57 tex:2108 mv:3490 misc:1258 imb:6 pmb:307 smb:1727 d:- ref:0 ;
in:5230 out:5227 type:P dur:2 cpbdur:2 q:35.14 aq:29.45 tex:55465 mv:12512 misc:1415 imb:300 pmb:1187 smb:553 d:- ref:0 ;
in:5228 out:5228 type:B dur:2 cpbdur:2 q:35.14 aq:33.19 tex:6900 mv:7593 misc:1723 imb:27 pmb:583 smb:1430 d:- ref:0 ;
in:5227 out:5229 type:b dur:2 cpbdur:2 q:35.14 aq:36.27 tex:2087 mv:3662 misc:1283 imb:6 pmb:319 smb:1715 d:- ref:0 ;
in:5229 out:5230 type:b dur:2 cpbdur:2 q:35.14 aq:35.01 tex:1813 mv:3694 misc:1269 imb:10 pmb:319 smb:1711 d:- ref:0 ;
in:5234 out:5231 type:P dur:2 cpbdur:2 q:35.15 aq:30.07 tex:57499 mv:12697 misc:1396 imb:260 pmb:1201 smb:579 d:- ref:0 ;
in:5232 out:5232 type:B dur:2 cpbdur:2 q:35.14 aq:33.05 tex:7582 mv:8087 misc:1779 imb:30 pmb:643 smb:1367 d:- ref:0 ;
in:5231 out:5233 type:b dur:2 cpbdur:2 q:35.14 aq:37.03 tex:2004 mv:4083 misc:1305 imb:13 pmb:333 smb:1694 d:- ref:0 ;
in:5233 out:5234 type:b dur:2 cpbdur:2 q:35.15 aq:35.28 tex:1931 mv:4091 misc:1370 imb:7 pmb:347 smb:1686 d:- ref:0 ;
in:5238 out:5235 type:P dur:2 cpbdur:2 q:35.15 aq:30.11 tex:54930 mv:12946 misc:1524 imb:295 pmb:1165 smb:580 d:- ref:0 ;
in:5236 out:5236 type:B dur:2 cpbdur:2 q:35.15 aq:34.56 tex:7876 mv:7816 misc:1796 imb:28 pmb:628 smb:1384 d:- ref:0 ;
in:5235 out:5237 type:b dur:2 cpbdur:2 q:35.15 aq:36.21 tex:1846 mv:4126 misc:1340 imb:13 pmb:334 smb:1693 d:- ref:0 ;
in:5237 out:5238 type:b dur:2 cpbdur:2 q:35.15 aq:33.81 tex:2018 mv:3822 misc:1328 imb:10 pmb:333 smb:1697 d:- ref:0 ;
in:5242 out:5239 type:P dur:2 cpbdur:2 q:35.16 aq:30.60 tex:51937 mv:12933 misc:1426 imb:251 pmb:1198 smb:591 d:- ref:0 ;
in:5240 out:5240 type:B dur:2 cpbdur:2 q:35.15 aq:32.92 tex:7233 mv:8581 misc:1818 imb:37 pmb:662 smb:1341 d:- ref:0 ;
in:5239 out:5241 type:b dur:2 cpbdur:2 q:35.15 aq:36.69 tex:2237 mv:4630 misc:1421 imb:18 pmb:379 smb:1643 d:- ref:0 ;
in:5241 out:5242 type:b dur:2 cpbdur:2 q:35.16 aq:36.41 tex:2079 mv:4463 misc:1418 imb:4 pmb:392 smb:1644 d:- ref:0 ;
in:5244 out:5243 type:P dur:2 cpbdur:2 q:35.16 aq:29.91 tex:38365 mv:10462 misc:1629 imb:163 pmb:1132 smb:745 d:- ref:0 ;
in:5243 out:5244 type:b dur:2 cpbdur:2 q:35.16 aq:35.85 tex:1705 mv:4417 misc:1326 imb:4 pmb:366 smb:1670 d:- ref:0 ;
in:5248 out:5245 type:P dur:2 cpbdur:2 q:35.16 aq:30.25 tex:52231 mv:13735 misc:1386 imb:287 pmb:1232 smb:521 d:- ref:0 ;
in:5246 out:5246 type:B dur:2 cpbdur:2 q:35.16 aq:33.82 tex:7696 mv:8530 misc:1862 imb:27 pmb:688 smb:1325 d:- ref:0 ;
in:5245 out:5247 type:b dur:2 cpbdur:2 q:35.16 aq:35.65 tex:2042 mv:4515 misc:1371 imb:13 pmb:379 smb:1648 d:- ref:0 ;
in:5247 out:5248 type:b dur:2 cpbdur:2 q:35.16 aq:35.69 tex:1867 mv:4354 misc:1363 imb:10 pmb:353 smb:1677 d:- ref:0 ;
in:5252 out:5249 type:P dur:2 cpbdur:2 q:35.17 aq:30.14 tex:53044 mv:13808 misc:1468 imb:264 pmb:1232 smb:544 d:- ref:0 ;
in:5250 out:5250 type:B dur:2 cpbdur:2 q:35.17 aq:33.17 tex:8257 mv:8797 misc:1874 imb:30 pmb:716 smb:1294 d:- ref:0 ;
in:5249 out:5251 type:b dur:2 cpbdur:2 q:35.16 aq:35.91 tex:2140 mv:4594 misc:1402 imb:11 pmb:388 smb:1641 d:- ref:0 ;
in:5251 out:5252 type:b dur:2 cpbdur:2 q:35.17 aq:35.68 tex:1943 mv:4471 misc:1426 imb:10 pmb:390 smb:1640 d:- ref:0 ;
in:5256 out:5253 type:P dur:2 cpbdur:2 q:35.17 aq:30.57 tex:49601 mv:13532 misc:1491 imb:270 pmb:1217 smb:553 d:- ref:0 ;
in:5254 out:5254 type:B dur:2 cpbdur:2 q:35.17 aq:33.05 tex:8292 mv:8802 misc:1882 imb:28 pmb:711 smb:1301 d:- ref:0 ;
in:5253 out:5255 type:b dur:2 cpbdur:2 q:35.17 aq:36.08 tex:1848 mv:4543 misc:1377 imb:7 pmb:383 smb:1650 d:- ref:0 ;
in:5255 out:5256 type:b dur:2 cpbdur:2 q:35.17 aq:34.75 tex:2215 mv:4665 misc:1448 imb:10 pmb:410 smb:1620 d:- ref:0 ;
in:5258 out:5257 type:P dur:2 cpbdur:2 q:35.17 aq:30.49 tex:41729 mv:10582 misc:1641 imb:172 pmb:1141 smb:727 d:- ref:0 ;
in:5257 out:5258 type:b dur:2 cpbdur:2 q:35.17 aq:36.04 tex:2881 mv:4691 misc:1396 imb:8 pmb:401 smb:1631 d:- ref:0 ;
in:5262 out:5259 type:P dur:2 cpbdur:2 q:35.18 aq:30.20 tex:55226 mv:14039 misc:1423 imb:299 pmb:1227 smb:514 d:- ref:0 ;
in:5260 out:5260 type:B dur:2 cpbdur:2 q:35.18 aq:33.91 tex:7578 mv:9520 misc:1902 imb:27 pmb:750 smb:1263 d:- ref:0 ;
in:5259 out:5261 type:b dur:2 cpbdur:2 q:35.17 aq:36.48 tex:2427 mv:4691 misc:1354 imb:8 pmb:394 smb:1638 d:- ref:0 ;
in:5261 out:5262 type:b dur:2 cpbdur:2 q:35.18 aq:36.98 tex:2197 mv:4505 misc:1354 imb:8 pmb:387 smb:1645 d:- ref:0 ;
in:5266 out:5263 type:P dur:2 cpbdur:2 q:35.18 aq:30.31 tex:56134 mv:14561 misc:1497 imb:352 pmb:1198 smb:490 d:- ref:0 ;
in:5264 out:5264 type:B dur:2 cpbdur:2 q:35.18 aq:33.89 tex:7982 mv:9428 misc:1934 imb:33 pmb:738 smb:1269 d:- ref:0 ;
in:5263 out:5265 type:b dur:2 cpbdur:2 q:35.18 aq:36.40 tex:2952 mv:4678 misc:1474 imb:11 pmb:411 smb:1618 d:- ref:0 ;
in:5265 out:5266 type:b dur:2 cpbdur:2 q:35.18 aq:35.80 tex:3155 mv:4722 misc:1507 imb:10 pmb:416 smb:1614 d:- ref:0 ;
in:5270 out:5267 type:P dur:2 cpbdur:2 q:35.19 aq:30.91 tex:59856 mv:14976 misc:1360 imb:341 pmb:1233 smb:466 d:- ref:0 ;
in:5268 out:5268 type:B dur:2 cpbdur:2 q:35.19 aq:33.95 tex:8972 mv:9296 misc:1948 imb:33 pmb:734 smb:1273 d:- ref:0 ;
in:5267 out:5269 type:b dur:2 cpbdur:2 q:35.19 aq:35.40 tex:2953 mv:4644 misc:1483 imb:16 pmb:403 smb:1621 d:- ref:0 ;
in:5269 out:5270 type:b dur:2 cpbdur:2 q:35.19 aq:36.53 tex:3315 mv:4862 misc:1495 imb:13 pmb:408 smb:1619 d:- ref:0 ;
in:5272 out:5271 type:P dur:2 cpbdur:2 q:35.21 aq:30.29 tex:39101 mv:11038 misc:1709 imb:202 pmb:1118 smb:720 d:- ref:0 ;
in:5271 out:5272 type:b dur:2 cpbdur:2 q:35.20 aq:36.89 tex:2715 mv:4320 misc:1461 imb:5 pmb:398 smb:1637 d:- ref:0 ;
in:5276 out:5273 type:P dur:2 cpbdur:2 q:35.22 aq:31.20 tex:47743 mv:15072 misc:1441 imb:274 pmb:1254 smb:512 d:- ref:0 ;
in:5274 out:5274 type:B dur:2 cpbdur:2 q:35.21 aq:33.70 tex:7580 mv:9485 misc:2015 imb:38 pmb:774 smb:1228 d:- ref:0 ;
in:5273 out:5275 type:b dur:2 cpbdur:2 q:35.21 aq:35.51 tex:2622 mv:4807 misc:1507 imb:13 pmb:418 smb:1609 d:- ref:0 ;
in:5275 out:5276 type:b dur:2 cpbdur:2 q:35.21 aq:36.45 tex:2239 mv:4738 misc:1567 imb:11 pmb:420 smb:1609 d:- ref:0 ;
in:5278 out:5277 type:P dur:2 cpbdur:2 q:35.21 aq:31.14 tex:36004 mv:11580 misc:1616 imb:200 pmb:1176 smb:664 d:- ref:0 ;
in:5277 out:5278 type:b dur:2 cpbdur:2 q:35.21 aq:36.20 tex:2276 mv:4682 misc:1530 imb:14 pmb:427 smb:1599 d:- ref:0 ;
in:5280 out:5279 type:P dur:2 cpbdur:2 q:35.22 aq:30.18 tex:32196 mv:11710 misc:1694 imb:237 pmb:1140 smb:663 d:- ref:0 ;
in:5279 out:5280 type:b dur:2 cpbdur:2 q:35.22 aq:35.57 tex:2261 mv:4876 misc:1519 imb:12 pmb:429 smb:1599 d:- ref:0 ;
in:5284 out:5281 type:P dur:2 cpbdur:2 q:35.22 aq:31.00 tex:44782 mv:14832 misc:1498 imb:345 pmb:1175 smb:520 d:- ref:0 ;
in:5282 out:5282 type:B dur:2 cpbdur:2 q:35.22 aq:34.52 tex:7085 mv:9751 misc:1988 imb:38 pmb:771 smb:1231 d:- ref:0 ;
in:5281 out:5283 type:b dur:2 cpbdur:2 q:35.22 aq:35.59 tex:2308 mv:4788 misc:1480 imb:16 pmb:409 smb:1615 d:- ref:0 ;
in:5283 out:5284 type:b dur:2 cpbdur:2 q:35.22 aq:36.47 tex:2402 mv:4607 misc:1527 imb:16 pmb:411 smb:1613 d:- ref:0 ;
in:5286 out:5285 type:P dur:2 cpbdur:2 q:35.22 aq:30.79 tex:33140 mv:11654 misc:1678 imb:251 pmb:1110 smb:679 d:- ref:0 ;
in:5285 out:5286 type:b dur:2 cpbdur:2 q:35.22 aq:37.26 tex:2558 mv:4460 misc:1470 imb:12 pmb:408 smb:1620 d:- ref:0 ;
in:5290 out:5287 type:P dur:2 cpbdur:2 q:35.23 aq:31.09 tex:44493 mv:14268 misc:1423 imb:402 pmb:1116 smb:522 d:- ref:0 ;
in:5288 out:5288 type:B dur:2 cpbdur:2 q:35.22 aq:33.52 tex:7691 mv:9770 misc:2019 imb:42 pmb:763 smb:1235 d:- ref:0 ;
in:5287 out:5289 type:b dur:2 cpbdur:2 q:35.22 aq:34.28 tex:2282 mv:4458 misc:1500 imb:26 pmb:379 smb:1635 d:- ref:0 ;
in:5289 out:5290 type:b dur:2 cpbdur:2 q:35.23 aq:36.15 tex:2391 mv:4426 misc:1487 imb:8 pmb:383 smb:1649 d:- ref:0 ;
in:5292 out:5291 type:P dur:2 cpbdur:2 q:35.23 aq:30.79 tex:30512 mv:11176 misc:1704 imb:242 pmb:1056 smb:742 d:- ref:0 ;
in:5291 out:5292 type:b dur:2 cpbdur:2 q:35.23 aq:35.43 tex:2207 mv:4713 misc:1488 imb:10 pmb:400 smb:1630 d:- ref:0 ;
in:5296 out:5293 type:P dur:2 cpbdur:2 q:35.23 aq:31.21 tex:41159 mv:14037 misc:1524 imb:340 pmb:1090 smb:610 d:- ref:0 ;
in:5294 out:5294 type:B dur:2 cpbdur:2 q:35.23 aq:33.80 tex:8400 mv:9631 misc:1945 imb:37 pmb:786 smb:1217 d:- ref:0 ;
in:5293 out:5295 type:b dur:2 cpbdur:2 q:35.23 aq:34.16 tex:2562 mv:4651 misc:1499 imb:18 pmb:391 smb:1631 d:- ref:0 ;
in:5295 out:5296 type:b dur:2 cpbdur:2 q:35.23 aq:34.81 tex:10114 mv:7084 misc:1530 imb:89 pmb:514 smb:1437 d:- ref:0 ;
in:5297 out:5297 type:P dur:2 cpbdur:2 q:35.23 aq:30.72 tex:20066 mv:8233 misc:1693 imb:148 pmb:891 smb:1001 d:- ref:0 ;
in:5300 out:5298 type:P dur:2 cpbdur:2 q:35.23 aq:30.46 tex:35328 mv:13045 misc:1499 imb:369 pmb:1061 smb:610 d:- ref:0 ;
in:5298 out:5299 type:B dur:2 cpbdur:2 q:35.23 aq:33.82 tex:5090 mv:7250 misc:1860 imb:36 pmb:580 smb:1424 d:- ref:0 ;
in:5299 out:5300 type:b dur:2 cpbdur:2 q:35.23 aq:32.96 tex:2251 mv:4618 misc:1515 imb:14 pmb:393 smb:1633 d:- ref:0 ;
in:5302 out:5301 type:P dur:2 cpbdur:2 q:35.24 aq:31.13 tex:30597 mv:10294 misc:1773 imb:251 pmb:944 smb:845 d:- ref:0 ;
in:5301 out:5302 type:b dur:2 cpbdur:2 q:35.23 aq:35.28 tex:2590 mv:4752 misc:1498 imb:22 pmb:388 smb:1630 d:- ref:0 ;
in:5303 out:5303 type:P dur:2 cpbdur:2 q:35.24 aq:30.82 tex:20308 mv:8609 misc:1763 imb:140 pmb:949 smb:951 d:- ref:0 ;
in:5305 out:5304 type:P dur:2 cpbdur:2 q:35.24 aq:30.65 tex:28561 mv:10797 misc:1674 imb:260 pmb:973 smb:807 d:- ref:0 ;
in:5304 out:5305 type:b dur:2 cpbdur:2 q:35.24 aq:34.62 tex:2625 mv:4973 misc:1522 imb:10 pmb:442 smb:1588 d:- ref:0 ;
in:5308 out:5306 type:P dur:2 cpbdur:2 q:35.24 aq:30.26 tex:33952 mv:12919 misc:1537 imb:358 pmb:1006 smb:676 d:- ref:0 ;
in:5306 out:5307 type:B dur:2 cpbdur:2 q:35.24 aq:34.05 tex:5439 mv:7727 misc:1802 imb:36 pmb:641 smb:1363 d:- ref:0 ;
in:5307 out:5308 type:b dur:2 cpbdur:2 q:35.24 aq:34.71 tex:2796 mv:5038 misc:1550 imb:13 pmb:440 smb:1587 d:- ref:0 ;
in:5311 out:5309 type:P dur:2 cpbdur:2 q:35.24 aq:30.72 tex:33639 mv:13170 misc:1615 imb:390 pmb:966 smb:684 d:- ref:0 ;
in:5309 out:5310 type:B dur:2 cpbdur:2 q:35.24 aq:34.41 tex:5088 mv:7107 misc:1765 imb:24 pmb:597 smb:1419 d:- ref:0 ;
in:5310 out:5311 type:b dur:2 cpbdur:2 q:35.24 aq:34.16 tex:2809 mv:5005 misc:1466 imb:17 pmb:423 smb:1600 d:- ref:0 ;
in:5312 out:5312 type:P dur:2 cpbdur:2 q:35.25 aq:30.86 tex:18320 mv:8014 misc:1834 imb:187 pmb:799 smb:1054 d:- ref:0 ;
in:5313 out:5313 type:P dur:2 cpbdur:2 q:35.25 aq:32.09 tex:15700 mv:8344 misc:1804 imb:167 pmb:828 smb:1045 d:- ref:0 ;
in:5314 out:5314 type:P dur:2 cpbdur:2 q:35.25 aq:31.62 tex:17378 mv:8345 misc:1853 imb:191 pmb:773 smb:1076 d:- ref:0 ;
in:5315 out:5315 type:P dur:2 cpbdur:2 q:35.26 aq:31.02 tex:19086 mv:8768 misc:1778 imb:204 pmb:851 smb:985 d:- ref:0 ;
in:5316 out:5316 type:P dur:2 cpbdur:2 q:35.26 aq:31.36 tex:18418 mv:8690 misc:1796 imb:210 pmb:794 smb:1036 d:- ref:0 ;
in:5317 out:5317 type:P dur:2 cpbdur:2 q:35.26 aq:31.51 tex:17152 mv:9011 misc:1757 imb:217 pmb:804 smb:1019 d:- ref:0 ;
in:5318 out:5318 type:P dur:2 cpbdur:2 q:35.26 aq:32.12 tex:20412 mv:8914 misc:1842 imb:216 pmb:809 smb:1015 d:- ref:0 ;
in:5319 out:5319 type:P dur:2 cpbdur:2 q:35.26 aq:31.96 tex:20948 mv:9433 misc:1795 imb:257 pmb:827 smb:956 d:- ref:0 ;
in:5320 out:5320 type:P dur:2 cpbdur:2 q:35.27 aq:31.95 tex:21969 mv:9579 misc:1812 imb:251 pmb:811 smb:978 d:- ref:0 ;
in:5322 out:5321 type:P dur:2 cpbdur:2 q:35.27 aq:31.57 tex:34706 mv:12340 misc:1674 imb:457 pmb:847 smb:736 d:- ref:0 ;
in:5321 out:5322 type:b dur:2 cpbdur:2 q:35.27 aq:35.26 tex:6324 mv:7865 misc:1667 imb:41 pmb:610 smb:1389 d:- ref:0 ;
in:5323 out:5323 type:P dur:2 cpbdur:2 q:35.27 aq:32.28 tex:22075 mv:9607 misc:1766 imb:273 pmb:791 smb:976 d:- ref:0 ;
in:5324 out:5324 type:P dur:2 cpbdur:2 q:35.27 aq:31.99 tex:21106 mv:9348 misc:1770 imb:248 pmb:793 smb:999 d:- ref:0 ;
in:5325 out:5325 type:P dur:2 cpbdur:2 q:35.28 aq:32.05 tex:23663 mv:9881 misc:1768 imb:295 pmb:796 smb:949 d:- ref:0 ;
in:5326 out:5326 type:P dur:2 cpbdur:2 q:35.28 aq:31.96 tex:21996 mv:9761 misc:1667 imb:261 pmb:800 smb:979 d:- ref:0 ;
in:5327 out:5327 type:P dur:2 cpbdur:2 q:35.29 aq:31.93 tex:22471 mv:9436 misc:1709 imb:273 pmb:761 smb:1006 d:- ref:0 ;
in:5328 out:5328 type:P dur:2 cpbdur:2 q:35.30 aq:32.19 tex:24278 mv:10189 misc:1765 imb:345 pmb:789 smb:906 d:- ref:0 ;
in:5329 out:5329 type:P dur:2 cpbdur:2 q:35.30 aq:32.42 tex:23968 mv:10176 misc:1672 imb:322 pmb:763 smb:955 d:- ref:0 ;
in:5330 out:5330 type:P dur:2 cpbdur:2 q:35.31 aq:32.09 tex:24731 mv:10322 misc:1611 imb:338 pmb:738 smb:964 d:- ref:0 ;
in:5331 out:5331 type:P dur:2 cpbdur:2 q:35.31 aq:32.67 tex:23322 mv:9718 misc:1600 imb:282 pmb:728 smb:1030 d:- ref:0 ;
in:5332 out:5332 type:P dur:2 cpbdur:2 q:35.32 aq:31.71 tex:23843 mv:10066 misc:1571 imb:362 pmb:678 smb:1000 d:- ref:0 ;
in:5333 out:5333 type:P dur:2 cpbdur:2 q:35.32 aq:31.74 tex:22602 mv:9912 misc:1646 imb:355 pmb:678 smb:1007 d:- ref:0 ;
in:5337 out:5334 type:P dur:2 cpbdur:2 q:35.33 aq:31.32 tex:37328 mv:12142 misc:1338 imb:777 pmb:506 smb:757 d:- ref:0 ;
in:5335 out:5335 type:B dur:2 cpbdur:2 q:35.33 aq:33.09 tex:19776 mv:12238 misc:1658 imb:176 pmb:772 smb:1092 d:- ref:0 ;
in:5334 out:5336 type:b dur:2 cpbdur:2 q:35.33 aq:34.25 tex:7723 mv:8831 misc:1686 imb:82 pmb:618 smb:1340 d:- ref:0 ;
in:5336 out:5337 type:b dur:2 cpbdur:2 q:35.33 aq:33.81 tex:7779 mv:7599 misc:1614 imb:75 pmb:581 smb:1384 d:- ref:0 ;
in:5338 out:5338 type:P dur:2 cpbdur:2 q:35.33 aq:31.31 tex:17445 mv:7773 misc:1574 imb:310 pmb:516 smb:1214 d:- ref:0 ;
in:5342 out:5339 type:P dur:2 cpbdur:2 q:35.33 aq:31.20 tex:27146 mv:9081 misc:1413 imb:653 pmb:366 smb:1021 d:- ref:0 ;
in:5340 out:5340 type:B dur:2 cpbdur:2 q:35.33 aq:31.86 tex:14205 mv:10068 misc:1615 imb:146 pmb:629 smb:1265 d:- ref:0 ;
in:5339 out:5341 type:b dur:2 cpbdur:2 q:35.33 aq:32.48 tex:7136 mv:7783 misc:1505 imb:90 pmb:540 smb:1410 d:- ref:0 ;
in:5341 out:5342 type:b dur:2 cpbdur:2 q:35.33 aq:33.16 tex:6045 mv:5849 misc:1442 imb:51 pmb:447 smb:1542 d:- ref:0 ;
in:5343 out:5343 type:P dur:2 cpbdur:2 q:35.34 aq:32.05 tex:11979 mv:5978 misc:1523 imb:258 pmb:427 smb:1355 d:- ref:0 ;
in:5344 out:5344 type:P dur:2 cpbdur:2 q:35.34 aq:31.37 tex:11373 mv:5725 misc:1502 imb:269 pmb:359 smb:1412 d:- ref:0 ;
in:5345 out:5345 type:P dur:2 cpbdur:2 q:35.35 aq:30.06 tex:9507 mv:5714 misc:1491 imb:304 pmb:354 smb:1382 d:- ref:0 ;
in:5349 out:5346 type:P dur:2 cpbdur:2 q:35.35 aq:28.70 tex:16403 mv:6216 misc:1253 imb:589 pmb:234 smb:1217 d:- ref:0 ;
in:5347 out:5347 type:B dur:2 cpbdur:2 q:35.35 aq:30.81 tex:7139 mv:6430 misc:1383 imb:128 pmb:416 smb:1496 d:- ref:0 ;
in:5346 out:5348 type:b dur:2 cpbdur:2 q:35.35 aq:31.58 tex:4043 mv:4881 misc:1268 imb:66 pmb:366 smb:1608 d:- ref:0 ;
in:5348 out:5349 type:b dur:2 cpbdur:2 q:35.35 aq:31.09 tex:3835 mv:3932 misc:1241 imb:61 pmb:308 smb:1671 d:- ref:0 ;
in:5351 out:5350 type:P dur:2 cpbdur:2 q:35.34 aq:28.53 tex:9496 mv:4403 misc:1421 imb:378 pmb:208 smb:1454 d:- ref:0 ;
in:5350 out:5351 type:b dur:2 cpbdur:2 q:35.35 aq:30.90 tex:3252 mv:3756 misc:1160 imb:68 pmb:272 smb:1700 d:- ref:0 ;
in:5355 out:5352 type:P dur:2 cpbdur:2 q:35.32 aq:28.88 tex:10110 mv:4325 misc:1373 imb:503 pmb:142 smb:1395 d:- ref:0 ;
in:5353 out:5353 type:B dur:2 cpbdur:2 q:35.33 aq:28.06 tex:5725 mv:4798 misc:1445 imb:119 pmb:358 smb:1563 d:- ref:0 ;
in:5352 out:5354 type:b dur:2 cpbdur:2 q:35.33 aq:31.08 tex:3687 mv:3169 misc:1064 imb:69 pmb:252 smb:1719 d:- ref:0 ;
in:5354 out:5355 type:b dur:2 cpbdur:2 q:35.33 aq:32.42 tex:5679 mv:3021 misc:1172 imb:61 pmb:294 smb:1685 d:- ref:0 ;
in:5359 out:5356 type:P dur:2 cpbdur:2 q:35.30 aq:27.62 tex:7345 mv:3369 misc:1422 imb:376 pmb:132 smb:1532 d:- ref:0 ;
in:5357 out:5357 type:B dur:2 cpbdur:2 q:35.31 aq:28.44 tex:5343 mv:3571 misc:1270 imb:99 pmb:298 smb:1643 d:- ref:0 ;
in:5356 out:5358 type:b dur:2 cpbdur:2 q:35.32 aq:31.11 tex:3527 mv:2765 misc:1108 imb:73 pmb:238 smb:1729 d:- ref:0 ;
in:5358 out:5359 type:b dur:2 cpbdur:2 q:35.31 aq:29.49 tex:3816 mv:2637 misc:1075 imb:81 pmb:210 smb:1749 d:- ref:0 ;
in:5363 out:5360 type:P dur:2 cpbdur:2 q:35.28 aq:26.92 tex:6156 mv:2592 misc:1372 imb:319 pmb:98 smb:1623 d:- ref:0 ;
in:5361 out:5361 type:B dur:2 cpbdur:2 q:35.29 aq:28.31 tex:4631 mv:2553 misc:1240 imb:87 pmb:236 smb:1717 d:- ref:0 ;
in:5360 out:5362 type:b dur:2 cpbdur:2 q:35.29 aq:29.97 tex:3062 mv:2107 misc:959 imb:57 pmb:182 smb:1801 d:- ref:0 ;
in:5362 out:5363 type:b dur:2 cpbdur:2 q:35.28 aq:30.21 tex:3291 mv:1831 misc:950 imb:51 pmb:175 smb:1814 d:- ref:0 ;
in:5367 out:5364 type:P dur:2 cpbdur:2 q:35.25 aq:28.00 tex:5060 mv:2061 misc:1247 imb:291 pmb:72 smb:1677 d:- ref:0 ;
in:5365 out:5365 type:B dur:2 cpbdur:2 q:35.26 aq:29.88 tex:3618 mv:1975 misc:1095 imb:72 pmb:186 smb:1782 d:- ref:0 ;
in:5364 out:5366 type:b dur:2 cpbdur:2 q:35.27 aq:29.58 tex:2926 mv:1732 misc:902 imb:50 pmb:167 smb:1823 d:- ref:0 ;
in:5366 out:5367 type:b dur:2 cpbdur:2 q:35.26 aq:31.02 tex:2778 mv:1425 misc:837 imb:36 pmb:156 smb:1848 d:- ref:0 ;
in:5371 out:5368 type:P dur:2 cpbdur:2 q:35.22 aq:27.67 tex:4545 mv:1803 misc:1244 imb:254 pmb:74 smb:1712 d:- ref:0 ;
in:5369 out:5369 type:B dur:2 cpbdur:2 q:35.23 aq:29.04 tex:3350 mv:1435 misc:1079 imb:48 pmb:182 smb:1810 d:- ref:0 ;
in:5368 out:5370 type:b dur:2 cpbdur:2 q:35.24 aq:29.91 tex:2482 mv:1336 misc:830 imb:41 pmb:154 smb:1845 d:- ref:0 ;
in:5370 out:5371 type:b dur:2 cpbdur:2 q:35.23 aq:31.30 tex:2534 mv:1120 misc:786 imb:36 pmb:138 smb:1866 d:- ref:0 ;
in:5375 out:5372 type:P dur:2 cpbdur:2 q:35.18 aq:27.79 tex:4200 mv:1368 misc:1144 imb:207 pmb:57 smb:1776 d:- ref:0 ;
in:5373 out:5373 type:B dur:2 cpbdur:2 q:35.20 aq:29.75 tex:3056 mv:1062 misc:978 imb:41 pmb:153 smb:1846 d:- ref:0 ;
in:5372 out:5374 type:b dur:2 cpbdur:2 q:35.21 aq:31.79 tex:2124 mv:1027 misc:737 imb:28 pmb:131 smb:1881 d:- ref:0 ;
in:5374 out:5375 type:b dur:2 cpbdur:2 q:35.19 aq:29.79 tex:2365 mv:1005 misc:766 imb:27 pmb:129 smb:1884 d:- ref:0 ;
in:5379 out:5376 type:P dur:2 cpbdur:2 q:35.15 aq:28.90 tex:4821 mv:1380 misc:1111 imb:204 pmb:58 smb:1778 d:- ref:0 ;
in:5377 out:5377 type:B dur:2 cpbdur:2 q:35.17 aq:27.08 tex:4152 mv:2134 misc:1378 imb:124 pmb:211 smb:1705 d:- ref:0 ;
in:5376 out:5378 type:b dur:2 cpbdur:2 q:35.17 aq:30.14 tex:2471 mv:958 misc:763 imb:22 pmb:147 smb:1871 d:- ref:0 ;
in:5378 out:5379 type:b dur:2 cpbdur:2 q:35.16 aq:32.48 tex:2823 mv:1134 misc:763 imb:34 pmb:149 smb:1857 d:- ref:0 ;
in:5382 out:5380 type:P dur:2 cpbdur:2 q:35.12 aq:29.18 tex:4348 mv:1365 misc:1127 imb:198 pmb:49 smb:1793 d:- ref:0 ;
in:5380 out:5381 type:B dur:2 cpbdur:2 q:35.14 aq:29.07 tex:2429 mv:1179 misc:952 imb:35 pmb:166 smb:1839 d:- ref:0 ;
in:5381 out:5382 type:b dur:2 cpbdur:2 q:35.13 aq:29.04 tex:1948 mv:1273 misc:763 imb:32 pmb:146 smb:1862 d:- ref:0 ;
in:5384 out:5383 type:P dur:2 cpbdur:2 q:35.09 aq:27.84 tex:5697 mv:2384 misc:1215 imb:552 pmb:50 smb:1438 d:- ref:0 ;
in:5383 out:5384 type:b dur:2 cpbdur:2 q:35.10 aq:31.32 tex:2350 mv:1380 misc:862 imb:48 pmb:143 smb:1849 d:- ref:0 ;
in:5385 out:5385 type:P dur:2 cpbdur:2 q:35.07 aq:28.08 tex:8110 mv:2325 misc:1245 imb:359 pmb:63 smb:1618 d:- ref:0 ;
in:5386 out:5386 type:I dur:2 cpbdur:2 q:32.30 aq:24.15 tex:27393 mv:10264 misc:471 imb:2040 pmb:0 smb:0 d:- ref:;
in:5387 out:5387 type:P dur:2 cpbdur:2 q:35.07 aq:32.01 tex:8192 mv:2488 misc:728 imb:216 pmb:92 smb:1732 d:- ref:0 ;
in:5389 out:5388 type:P dur:2 cpbdur:2 q:35.06 aq:30.35 tex:15034 mv:4708 misc:922 imb:452 pmb:143 smb:1445 d:- ref:0 ;
in:5388 out:5389 type:b dur:2 cpbdur:2 q:35.07 aq:30.06 tex:3560 mv:3349 misc:947 imb:70 pmb:239 smb:1731 d:- ref:0 ;
in:5390 out:5390 type:P dur:2 cpbdur:2 q:35.05 aq:30.31 tex:10728 mv:4500 misc:1068 imb:308 pmb:220 smb:1512 d:- ref:0 ;
in:5391 out:5391 type:P dur:2 cpbdur:2 q:35.05 aq:30.11 tex:11430 mv:5341 misc:1109 imb:394 pmb:267 smb:1379 d:- ref:0 ;
in:5392 out:5392 type:P dur:2 cpbdur:2 q:35.04 aq:30.34 tex:10184 mv:5320 misc:1224 imb:319 pmb:282 smb:1439 d:- ref:0 ;
in:5393 out:5393 type:P dur:2 cpbdur:2 q:35.03 aq:30.15 tex:10412 mv:5533 misc:1271 imb:319 pmb:329 smb:1392 d:- ref:0 ;
in:5394 out:5394 type:P dur:2 cpbdur:2 q:35.03 aq:30.49 tex:10561 mv:5907 misc:1348 imb:350 pmb:348 smb:1342 d:- ref:0 ;
in:5395 out:5395 type:P dur:2 cpbdur:2 q:35.03 aq:30.07 tex:10556 mv:6150 misc:1382 imb:378 pmb:363 smb:1299 d:- ref:0 ;
in:5397 out:5396 type:P dur:2 cpbdur:2 q:35.03 aq:31.18 tex:14851 mv:7166 misc:1335 imb:518 pmb:336 smb:1186 d:- ref:0 ;
in:5396 out:5397 type:b dur:2 cpbdur:2 q:35.03 aq:31.39 tex:3047 mv:5165 misc:1388 imb:77 pmb:403 smb:1560 d:- ref:0 ;
in:5398 out:5398 type:P dur:2 cpbdur:2 q:35.02 aq:30.40 tex:8522 mv:6149 misc:1569 imb:432 pmb:341 smb:1267 d:- ref:0 ;
in:5399 out:5399 type:P dur:2 cpbdur:2 q:35.02 aq:30.41 tex:11327 mv:7498 misc:1655 imb:735 pmb:337 smb:968 d:- ref:0 ;
in:5400 out:5400 type:P dur:2 cpbdur:2 q:35.02 aq:30.14 tex:14400 mv:8423 misc:1657 imb:801 pmb:385 smb:854 d:- ref:0 w:0,1,3,7,120,8,121,7 ;
in:5403 out:5401 type:P dur:2 cpbdur:2 q:35.02 aq:30.54 tex:83834 mv:11594 misc:348 imb:1893 pmb:120 smb:27 d:- ref:0 ;
in:5401 out:5402 type:B dur:2 cpbdur:2 q:35.02 aq:30.92 tex:16772 mv:12535 misc:1557 imb:760 pmb:497 smb:783 d:- ref:0 ;
in:5402 out:5403 type:b dur:2 cpbdur:2 q:35.02 aq:31.46 tex:13617 mv:10189 misc:1618 imb:500 pmb:424 smb:1116 d:- ref:0 ;
in:5405 out:5404 type:P dur:2 cpbdur:2 q:35.02 aq:29.79 tex:80035 mv:13521 misc:788 imb:1148 pmb:727 smb:165 d:- ref:0 w:6,87,0,6,93,-61,78,-25 ;
in:5404 out:5405 type:b dur:2 cpbdur:2 q:35.02 aq:32.56 tex:9249 mv:6358 misc:1337 imb:244 pmb:333 smb:1463 d:- ref:0 ;
in:5409 out:5406 type:P dur:2 cpbdur:2 q:35.03 aq:28.56 tex:58617 mv:11872 misc:1263 imb:653 pmb:947 smb:440 d:- ref:0 w:6,75,-2,4,19,-25,20,-31 ;
in:5407 out:5407 type:B dur:2 cpbdur:2 q:35.03 aq:30.56 tex:6544 mv:7185 misc:1655 imb:239 pmb:525 smb:1276 d:- ref:0 ;
in:5406 out:5408 type:b dur:2 cpbdur:2 q:35.02 aq:31.52 tex:2608 mv:3079 misc:1017 imb:39 pmb:268 smb:1733 d:- ref:0 ;
in:5408 out:5409 type:b dur:2 cpbdur:2 q:35.03 aq:28.91 tex:258 mv:146 misc:372 imb:4 pmb:31 smb:2005 d:- ref:0 ;
in:5413 out:5410 type:P dur:2 cpbdur:2 q:35.08 aq:28.20 tex:25317 mv:7185 misc:1810 imb:176 pmb:813 smb:1051 d:- ref:0 ;
in:5411 out:5411 type:B dur:2 cpbdur:2 q:35.06 aq:32.81 tex:2420 mv:2628 misc:1064 imb:13 pmb:237 smb:1790 d:- ref:0 ;
in:5410 out:5412 type:b dur:2 cpbdur:2 q:35.04 aq:30.74 tex:267 mv:835 misc:610 imb:8 pmb:107 smb:1925 d:- ref:0 ;
in:5412 out:5413 type:b dur:2 cpbdur:2 q:35.07 aq:32.99 tex:274 mv:789 misc:617 imb:4 pmb:122 smb:1914 d:- ref:0 ;
in:5417 out:5414 type:P dur:2 cpbdur:2 q:35.09 aq:29.39 tex:24713 mv:6451 misc:1780 imb:143 pmb:748 smb:1149 d:- ref:0 ;
in:5415 out:5415 type:B dur:2 cpbdur:2 q:35.09 aq:33.01 tex:1290 mv:2013 misc:889 imb:3 pmb:192 smb:1845 d:- ref:0 ;
in:5414 out:5416 type:b dur:2 cpbdur:2 q:35.09 aq:36.24 tex:150 mv:793 misc:569 imb:4 pmb:113 smb:1923 d:- ref:0 ;
in:5416 out:5417 type:b dur:2 cpbdur:2 q:35.09 aq:35.45 tex:282 mv:760 misc:598 imb:6 pmb:119 smb:1915 d:- ref:0 ;
in:5421 out:5418 type:P dur:2 cpbdur:2 q:35.06 aq:29.60 tex:24002 mv:5842 misc:1708 imb:135 pmb:711 smb:1194 d:- ref:0 ;
in:5419 out:5419 type:B dur:2 cpbdur:2 q:35.08 aq:26.14 tex:254 mv:1146 misc:680 imb:2 pmb:152 smb:1886 d:- ref:0 ;
in:5418 out:5420 type:b dur:2 cpbdur:2 q:35.09 aq:24.88 tex:91 mv:40 misc:205 imb:1 pmb:5 smb:2034 d:- ref:0 ;
in:5420 out:5421 type:b dur:2 cpbdur:2 q:35.07 aq:29.59 tex:108 mv:635 misc:561 imb:4 pmb:117 smb:1919 d:- ref:0 ;
in:5425 out:5422 type:P dur:2 cpbdur:2 q:35.03 aq:29.03 tex:16500 mv:5420 misc:1760 imb:119 pmb:643 smb:1278 d:- ref:0 ;
in:5423 out:5423 type:B dur:2 cpbdur:2 q:35.05 aq:33.92 tex:910 mv:1511 misc:883 imb:8 pmb:178 smb:1854 d:- ref:0 ;
in:5422 out:5424 type:b dur:2 cpbdur:2 q:35.06 aq:25.72 tex:76 mv:59 misc:217 imb:2 pmb:6 smb:2032 d:- ref:0 ;
in:5424 out:5425 type:b dur:2 cpbdur:2 q:35.04 aq:33.35 tex:197 mv:660 misc:567 imb:6 pmb:107 smb:1927 d:- ref:0 ;
in:5429 out:5426 type:P dur:2 cpbdur:2 q:35.00 aq:29.41 tex:18832 mv:6107 misc:1805 imb:172 pmb:668 smb:1200 d:- ref:0 ;
in:5427 out:5427 type:B dur:2 cpbdur:2 q:35.02 aq:32.37 tex:1417 mv:2089 misc:974 imb:7 pmb:217 smb:1816 d:- ref:0 ;
in:5426 out:5428 type:b dur:2 cpbdur:2 q:35.03 aq:33.43 tex:259 mv:1029 misc:680 imb:3 pmb:165 smb:1872 d:- ref:0 ;
in:5428 out:5429 type:b dur:2 cpbdur:2 q:35.01 aq:34.86 tex:227 mv:778 misc:563 imb:5 pmb:108 smb:1927 d:- ref:0 ;
in:5433 out:5430 type:P dur:2 cpbdur:2 q:34.97 aq:29.87 tex:13831 mv:6046 misc:1779 imb:179 pmb:618 smb:1243 d:- ref:0 ;
in:5431 out:5431 type:B dur:2 cpbdur:2 q:34.99 aq:32.64 tex:1819 mv:1866 misc:979 imb:17 pmb:193 smb:1830 d:- ref:0 ;
in:5430 out:5432 type:b dur:2 cpbdur:2 q:34.99 aq:32.59 tex:216 mv:960 misc:768 imb:5 pmb:158 smb:1877 d:- ref:0 ;
in:5432 out:5433 type:b dur:2 cpbdur:2 q:34.98 aq:34.77 tex:212 mv:776 misc:596 imb:5 pmb:115 smb:1920 d:- ref:0 ;
in:5437 out:5434 type:P dur:2 cpbdur:2 q:34.94 aq:31.16 tex:3845 mv:3311 misc:1492 imb:86 pmb:372 smb:1582 d:- ref:0 ;
in:5435 out:5435 type:B dur:2 cpbdur:2 q:34.95 aq:32.19 tex:972 mv:1496 misc:964 imb:14 pmb:181 smb:1845 d:- ref:0 ;
in:5434 out:5436 type:b dur:2 cpbdur:2 q:34.96 aq:24.75 tex:100 mv:30 misc:182 imb:2 pmb:1 smb:2037 d:- ref:0 ;
in:5436 out:5437 type:b dur:2 cpbdur:2 q:34.95 aq:36.20 tex:202 mv:938 misc:612 imb:5 pmb:127 smb:1908 d:- ref:0 ;
in:5440 out:5438 type:P dur:2 cpbdur:2 q:34.90 aq:31.03 tex:61727 mv:10990 misc:379 imb:1843 pmb:156 smb:41 d:- ref:0 ;
in:5438 out:5439 type:B dur:2 cpbdur:2 q:34.93 aq:35.11 tex:1967 mv:1682 misc:991 imb:14 pmb:197 smb:1829 d:- ref:0 ;
in:5439 out:5440 type:b dur:2 cpbdur:2 q:34.91 aq:32.59 tex:36769 mv:16267 misc:1084 imb:1061 pmb:584 smb:395 d:- ref:0 ;
in:5441 out:5441 type:P dur:2 cpbdur:2 q:34.89 aq:29.57 tex:60517 mv:10730 misc:649 imb:1479 pmb:459 smb:102 d:- ref:0 w:6,99,-2,6,82,-39,45,38 ;
in:5442 out:5442 type:P dur:2 cpbdur:2 q:34.89 aq:27.55 tex:35691 mv:7545 misc:1676 imb:449 pmb:641 smb:950 d:- ref:0 w:4,17,0 ;
in:5446 out:5443 type:P dur:2 cpbdur:2 q:34.88 aq:27.53 tex:20799 mv:5754 misc:1567 imb:177 pmb:529 smb:1334 d:- ref:0 ;
in:5444 out:5444 type:B dur:2 cpbdur:2 q:34.89 aq:28.02 tex:354 mv:1053 misc:585 imb:9 pmb:90 smb:1941 d:- ref:0 ;
in:5443 out:5445 type:b dur:2 cpbdur:2 q:34.89 aq:30.60 tex:51 mv:318 misc:495 imb:1 pmb:72 smb:1967 d:- ref:0 ;
in:5445 out:5446 type:b dur:2 cpbdur:2 q:34.89 aq:27.08 tex:104 mv:500 misc:556 imb:4 pmb:86 smb:1950 d:- ref:0 ;
in:5450 out:5447 type:P dur:2 cpbdur:2 q:34.92 aq:28.43 tex:8610 mv:5065 misc:1565 imb:180 pmb:452 smb:1408 d:- ref:0 ;
in:5448 out:5448 type:B dur:2 cpbdur:2 q:34.90 aq:29.37 tex:1641 mv:2213 misc:1090 imb:20 pmb:248 smb:1772 d:- ref:0 ;
in:5447 out:5449 type:b dur:2 cpbdur:2 q:34.89 aq:29.81 tex:73 mv:218 misc:453 imb:0 pmb:64 smb:1976 d:- ref:0 ;
in:5449 out:5450 type:b dur:2 cpbdur:2 q:34.91 aq:27.82 tex:84 mv:356 misc:488 imb:4 pmb:64 smb:1972 d:- ref:0 ;
in:5454 out:5451 type:P dur:2 cpbdur:2 q:34.91 aq:27.82 tex:8701 mv:6302 misc:1701 imb:267 pmb:497 smb:1276 d:- ref:0 ;
in:5452 out:5452 type:B dur:2 cpbdur:2 q:34.92 aq:30.74 tex:822 mv:1602 misc:928 imb:14 pmb:178 smb:1848 d:- ref:0 ;
in:5451 out:5453 type:b dur:2 cpbdur:2 q:34.92 aq:33.98 tex:66 mv:329 misc:445 imb:1 pmb:58 smb:1981 d:- ref:0 ;
in:5453 out:5454 type:b dur:2 cpbdur:2 q:34.92 aq:31.64 tex:151 mv:597 misc:588 imb:10 pmb:91 smb:1939 d:- ref:0 ;
in:5458 out:5455 type:P dur:2 cpbdur:2 q:34.88 aq:28.11 tex:10635 mv:7056 misc:1805 imb:327 pmb:508 smb:1205 d:- ref:0 ;
in:5456 out:5456 type:B dur:2 cpbdur:2 q:34.89 aq:26.69 tex:437 mv:1636 misc:919 imb:11 pmb:181 smb:1848 d:- ref:0 ;
in:5455 out:5457 type:b dur:2 cpbdur:2 q:34.90 aq:29.28 tex:97 mv:378 misc:501 imb:2 pmb:75 smb:1963 d:- ref:0 ;
in:5457 out:5458 type:b dur:2 cpbdur:2 q:34.89 aq:34.07 tex:151 mv:379 misc:478 imb:4 pmb:70 smb:1966 d:- ref:0 ;
in:5460 out:5459 type:P dur:2 cpbdur:2 q:34.84 aq:29.40 tex:1825 mv:1339 misc:956 imb:23 pmb:196 smb:1821 d:- ref:0 ;
in:5459 out:5460 type:b dur:2 cpbdur:2 q:34.86 aq:30.00 tex:10 mv:5 misc:169 imb:0 pmb:1 smb:2039 d:- ref:0 ;
in:5462 out:5461 type:P dur:2 cpbdur:2 q:34.82 aq:28.56 tex:7552 mv:4611 misc:1549 imb:143 pmb:447 smb:1450 d:- ref:0 ;
in:5461 out:5462 type:b dur:2 cpbdur:2 q:34.83 aq:33.09 tex:168 mv:153 misc:255 imb:0 pmb:18 smb:2022 d:- ref:0 ;
in:5466 out:5463 type:P dur:2 cpbdur:2 q:34.80 aq:29.27 tex:5659 mv:3942 misc:1519 imb:130 pmb:382 smb:1528 d:- ref:0 w:7,127,0 ;
in:5464 out:5464 type:B dur:2 cpbdur:2 q:34.81 aq:27.00 tex:488 mv:863 misc:681 imb:11 pmb:93 smb:1936 d:- ref:0 ;
in:5463 out:5465 type:b dur:2 cpbdur:2 q:34.81 aq:22.55 tex:22 mv:70 misc:236 imb:1 pmb:12 smb:2027 d:- ref:0 ;
in:5465 out:5466 type:b dur:2 cpbdur:2 q:34.80 aq:24.14 tex:136 mv:312 misc:376 imb:1 pmb:43 smb:1996 d:- ref:0 ;
in:5470 out:5467 type:P dur:2 cpbdur:2 q:34.76 aq:30.22 tex:15088 mv:8693 misc:1499 imb:881 pmb:462 smb:697 d:- ref:0 ;
in:5468 out:5468 type:B dur:2 cpbdur:2 q:34.78 aq:28.39 tex:2073 mv:3067 misc:1180 imb:154 pmb:189 smb:1697 d:- ref:0 ;
in:5467 out:5469 type:b dur:2 cpbdur:2 q:34.79 aq:28.25 tex:191 mv:593 misc:536 imb:9 pmb:79 smb:1952 d:- ref:0 ;
in:5469 out:5470 type:b dur:2 cpbdur:2 q:34.77 aq:26.88 tex:228 mv:247 misc:365 imb:9 pmb:27 smb:2004 d:- ref:0 ;
in:5474 out:5471 type:P dur:2 cpbdur:2 q:34.72 aq:31.01 tex:72934 mv:12294 misc:412 imb:1722 pmb:265 smb:53 d:- ref:0 ;
in:5472 out:5472 type:B dur:2 cpbdur:2 q:34.74 aq:31.16 tex:20009 mv:12272 misc:1559 imb:698 pmb:551 smb:791 d:- ref:0 ;
in:5471 out:5473 type:b dur:2 cpbdur:2 q:34.75 aq:31.98 tex:1977 mv:1742 misc:881 imb:51 pmb:135 smb:1854 d:- ref:0 ;
in:5473 out:5474 type:b dur:2 cpbdur:2 q:34.73 aq:32.99 tex:5892 mv:4288 misc:1372 imb:99 pmb:301 smb:1640 d:- ref:0 ;
in:5477 out:5475 type:P dur:2 cpbdur:2 q:34.71 aq:30.39 tex:107245 mv:13437 misc:366 imb:1630 pmb:375 smb:35 d:- ref:0 ;
in:5475 out:5476 type:B dur:2 cpbdur:2 q:34.72 aq:32.11 tex:16074 mv:9954 misc:1676 imb:474 pmb:479 smb:1087 d:- ref:0 ;
in:5476 out:5477 type:b dur:2 cpbdur:2 q:34.71 aq:32.16 tex:6896 mv:7197 misc:1723 imb:240 pmb:390 smb:1410 d:- ref:0 ;
in:5478 out:5478 type:P dur:2 cpbdur:2 q:34.75 aq:29.74 tex:33974 mv:11125 misc:1517 imb:716 pmb:784 smb:540 d:- ref:0 w:6,65,-3,5,32,0,33,-4 ;
in:5480 out:5479 type:P dur:2 cpbdur:2 q:34.75 aq:29.11 tex:57190 mv:14284 misc:854 imb:1055 pmb:816 smb:169 d:- ref:0 w:5,33,-4,4,16,0,17,-8 ;
in:5479 out:5480 type:b dur:2 cpbdur:2 q:34.75 aq:32.94 tex:3393 mv:4105 misc:1334 imb:37 pmb:339 smb:1664 d:- ref:0 ;
in:5484 out:5481 type:P dur:2 cpbdur:2 q:34.79 aq:28.31 tex:62143 mv:14671 misc:1098 imb:828 pmb:889 smb:323 d:- ref:0 ;
in:5482 out:5482 type:B dur:2 cpbdur:2 q:34.77 aq:31.17 tex:8688 mv:8426 misc:1830 imb:84 pmb:686 smb:1270 d:- ref:0 ;
in:5481 out:5483 type:b dur:2 cpbdur:2 q:34.76 aq:32.38 tex:2818 mv:4194 misc:1356 imb:25 pmb:352 smb:1663 d:- ref:0 ;
in:5483 out:5484 type:b dur:2 cpbdur:2 q:34.78 aq:34.95 tex:2259 mv:3697 misc:1292 imb:16 pmb:340 smb:1684 d:- ref:0 ;
in:5488 out:5485 type:P dur:2 cpbdur:2 q:34.82 aq:28.52 tex:46731 mv:12309 misc:1352 imb:349 pmb:933 smb:758 d:- ref:0 ;
in:5486 out:5486 type:B dur:2 cpbdur:2 q:34.81 aq:31.48 tex:7365 mv:7509 misc:1694 imb:57 pmb:591 smb:1392 d:- ref:0 ;
in:5485 out:5487 type:b dur:2 cpbdur:2 q:34.80 aq:34.20 tex:2585 mv:3945 misc:1246 imb:18 pmb:329 smb:1693 d:- ref:0 ;
in:5487 out:5488 type:b dur:2 cpbdur:2 q:34.81 aq:35.86 tex:2352 mv:3754 misc:1174 imb:12 pmb:324 smb:1704 d:- ref:0 ;
in:5492 out:5489 type:P dur:2 cpbdur:2 q:34.82 aq:29.20 tex:47042 mv:12255 misc:1383 imb:311 pmb:925 smb:804 d:- ref:0 ;
in:5490 out:5490 type:B dur:2 cpbdur:2 q:34.82 aq:31.76 tex:7265 mv:7845 misc:1690 imb:52 pmb:596 smb:1392 d:- ref:0 ;
in:5489 out:5491 type:b dur:2 cpbdur:2 q:34.82 aq:34.50 tex:2524 mv:3754 misc:1234 imb:18 pmb:320 smb:1702 d:- ref:0 ;
in:5491 out:5492 type:b dur:2 cpbdur:2 q:34.82 aq:33.85 tex:2585 mv:4136 misc:1271 imb:20 pmb:348 smb:1672 d:- ref:0 ;
in:5496 out:5493 type:P dur:2 cpbdur:2 q:34.82 aq:28.39 tex:48646 mv:11967 misc:1411 imb:367 pmb:884 smb:789 d:- ref:0 ;
in:5494 out:5494 type:B dur:2 cpbdur:2 q:34.82 aq:31.64 tex:7943 mv:7667 misc:1678 imb:47 pmb:602 smb:1391 d:- ref:0 ;
in:5493 out:5495 type:b dur:2 cpbdur:2 q:34.82 aq:33.65 tex:2424 mv:4161 misc:1223 imb:23 pmb:340 smb:1677 d:- ref:0 ;
in:5495 out:5496 type:b dur:2 cpbdur:2 q:34.82 aq:35.60 tex:2515 mv:4008 misc:1181 imb:14 pmb:330 smb:1696 d:- ref:0 ;
in:5500 out:5497 type:P dur:2 cpbdur:2 q:34.82 aq:28.57 tex:44879 mv:12412 misc:1349 imb:370 pmb:896 smb:774 d:- ref:0 ;
in:5498 out:5498 type:B dur:2 cpbdur:2 q:34.82 aq:32.81 tex:7482 mv:7889 misc:1645 imb:49 pmb:613 smb:1378 d:- ref:0 ;
in:5497 out:5499 type:b dur:2 cpbdur:2 q:34.82 aq:35.10 tex:2544 mv:4318 misc:1194 imb:14 pmb:340 smb:1686 d:- ref:0 ;
in:5499 out:5500 type:b dur:2 cpbdur:2 q:34.82 aq:34.29 tex:3004 mv:4065 misc:1211 imb:11 pmb:336 smb:1693 d:- ref:0 ;
in:5504 out:5501 type:P dur:2 cpbdur:2 q:34.82 aq:29.11 tex:45590 mv:11997 misc:1389 imb:345 pmb:893 smb:802 d:- ref:0 ;
in:5502 out:5502 type:B dur:2 cpbdur:2 q:34.82 aq:31.12 tex:7953 mv:7813 misc:1634 imb:44 pmb:620 smb:1376 d:- ref:0 ;
in:5501 out:5503 type:b dur:2 cpbdur:2 q:34.82 aq:33.83 tex:2879 mv:3937 misc:1256 imb:8 pmb:346 smb:1686 d:- ref:0 ;
in:5503 out:5504 type:b dur:2 cpbdur:2 q:34.82 aq:34.98 tex:2808 mv:4149 misc:1235 imb:13 pmb:340 smb:1687 d:- ref:0 ;
in:5508 out:5505 type:P dur:2 cpbdur:2 q:34.81 aq:28.83 tex:45510 mv:11535 misc:1339 imb:302 pmb:907 smb:831 d:- ref:0 ;
in:5506 out:5506 type:B dur:2 cpbdur:2 q:34.82 aq:32.27 tex:7522 mv:7773 misc:1601 imb:43 pmb:587 smb:1410 d:- ref:0 ;
in:5505 out:5507 type:b dur:2 cpbdur:2 q:34.82 aq:33.44 tex:3005 mv:4237 misc:1222 imb:13 pmb:350 smb:1677 d:- ref:0 ;
in:5507 out:5508 type:b dur:2 cpbdur:2 q:34.82 aq:33.72 tex:2988 mv:4145 misc:1267 imb:23 pmb:332 smb:1685 d:- ref:0 ;
in:5512 out:5509 type:P dur:2 cpbdur:2 q:34.82 aq:28.78 tex:46540 mv:11898 misc:1354 imb:322 pmb:921 smb:797 d:- ref:0 ;
in:5510 out:5510 type:B dur:2 cpbdur:2 q:34.82 aq:32.41 tex:9077 mv:8075 misc:1608 imb:44 pmb:623 smb:1373 d:- ref:0 ;
in:5509 out:5511 type:b dur:2 cpbdur:2 q:34.82 aq:30.66 tex:2786 mv:4269 misc:1241 imb:10 pmb:352 smb:1678 d:- ref:0 ;
in:5511 out:5512 type:b dur:2 cpbdur:2 q:34.82 aq:32.73 tex:3044 mv:4326 misc:1238 imb:20 pmb:351 smb:1669 d:- ref:0 ;
in:5516 out:5513 type:P dur:2 cpbdur:2 q:34.82 aq:28.63 tex:48436 mv:12313 misc:1267 imb:326 pmb:916 smb:798 d:- ref:0 ;
in:5514 out:5514 type:B dur:2 cpbdur:2 q:34.82 aq:32.59 tex:9568 mv:8154 misc:1590 imb:77 pmb:592 smb:1371 d:- ref:0 ;
in:5513 out:5515 type:b dur:2 cpbdur:2 q:34.82 aq:33.67 tex:3119 mv:4587 misc:1246 imb:14 pmb:356 smb:1670 d:- ref:0 ;
in:5515 out:5516 type:b dur:2 cpbdur:2 q:34.82 aq:34.81 tex:3168 mv:4237 misc:1179 imb:7 pmb:340 smb:1693 d:- ref:0 ;
in:5520 out:5517 type:P dur:2 cpbdur:2 q:34.82 aq:28.68 tex:48592 mv:12276 misc:1300 imb:344 pmb:912 smb:784 d:- ref:0 ;
in:5518 out:5518 type:B dur:2 cpbdur:2 q:34.82 aq:31.90 tex:9163 mv:8005 misc:1600 imb:53 pmb:590 smb:1397 d:- ref:0 ;
in:5517 out:5519 type:b dur:2 cpbdur:2 q:34.82 aq:35.37 tex:3605 mv:4310 misc:1221 imb:17 pmb:351 smb:1672 d:- ref:0 ;
in:5519 out:5520 type:b dur:2 cpbdur:2 q:34.82 aq:34.15 tex:3550 mv:4525 misc:1245 imb:16 pmb:359 smb:1665 d:- ref:0 ;
in:5524 out:5521 type:P dur:2 cpbdur:2 q:34.82 aq:29.49 tex:48687 mv:12012 misc:1333 imb:327 pmb:907 smb:806 d:- ref:0 ;
in:5522 out:5522 type:B dur:2 cpbdur:2 q:34.82 aq:33.23 tex:9987 mv:7402 misc:1531 imb:44 pmb:557 smb:1439 d:- ref:0 ;
in:5521 out:5523 type:b dur:2 cpbdur:2 q:34.82 aq:34.66 tex:3486 mv:4501 misc:1221 imb:12 pmb:352 smb:1676 d:- ref:0 ;
in:5523 out:5524 type:b dur:2 cpbdur:2 q:34.82 aq:35.77 tex:3492 mv:4054 misc:1198 imb:13 pmb:342 smb:1685 d:- ref:0 ;
in:5528 out:5525 type:P dur:2 cpbdur:2 q:34.82 aq:29.20 tex:51006 mv:11989 misc:1229 imb:345 pmb:933 smb:762 d:- ref:0 ;
in:5526 out:5526 type:B dur:2 cpbdur:2 q:34.82 aq:32.34 tex:9561 mv:7895 misc:1544 imb:51 pmb:610 smb:1379 d:- ref:0 ;
in:5525 out:5527 type:b dur:2 cpbdur:2 q:34.82 aq:34.01 tex:3032 mv:4464 misc:1232 imb:11 pmb:367 smb:1662 d:- ref:0 ;
in:5527 out:5528 type:b dur:2 cpbdur:2 q:34.82 aq:34.70 tex:2999 mv:4334 misc:1211 imb:9 pmb:351 smb:1680 d:- ref:0 ;
in:5532 out:5529 type:P dur:2 cpbdur:2 q:34.83 aq:29.42 tex:49167 mv:11986 misc:1247 imb:342 pmb:910 smb:788 d:- ref:0 ;
in:5530 out:5530 type:B dur:2 cpbdur:2 q:34.82 aq:32.29 tex:8787 mv:7905 misc:1572 imb:49 pmb:586 smb:1405 d:- ref:0 ;
in:5529 out:5531 type:b dur:2 cpbdur:2 q:34.82 aq:36.15 tex:2898 mv:4290 misc:1244 imb:10 pmb:356 smb:1674 d:- ref:0 ;
in:5531 out:5532 type:b dur:2 cpbdur:2 q:34.82 aq:33.71 tex:2818 mv:4352 misc:1214 imb:12 pmb:342 smb:1686 d:- ref:0 ;
in:5536 out:5533 type:P dur:2 cpbdur:2 q:34.83 aq:29.62 tex:64820 mv:13167 misc:1197 imb:496 pmb:885 smb:659 d:- ref:0 ;
in:5534 out:5534 type:B dur:2 cpbdur:2 q:34.83 aq:33.45 tex:9561 mv:8153 misc:1598 imb:55 pmb:631 smb:1354 d:- ref:0 ;
in:5533 out:5535 type:b dur:2 cpbdur:2 q:34.83 aq:34.28 tex:3300 mv:4159 misc:1173 imb:14 pmb:341 smb:1685 d:- ref:0 ;
in:5535 out:5536 type:b dur:2 cpbdur:2 q:34.83 aq:35.16 tex:6439 mv:5360 misc:1345 imb:58 pmb:405 smb:1577 d:- ref:0 ;
in:5538 out:5537 type:P dur:2 cpbdur:2 q:34.83 aq:29.52 tex:48565 mv:11116 misc:1343 imb:296 pmb:979 smb:765 d:- ref:0 ;
in:5537 out:5538 type:b dur:2 cpbdur:2 q:34.83 aq:35.80 tex:3977 mv:4603 misc:1284 imb:15 pmb:376 smb:1649 d:- ref:0 ;
in:5540 out:5539 type:P dur:2 cpbdur:2 q:34.85 aq:29.91 tex:42763 mv:11035 misc:1426 imb:236 pmb:985 smb:819 d:- ref:0 ;
in:5539 out:5540 type:b dur:2 cpbdur:2 q:34.84 aq:36.17 tex:2971 mv:4493 misc:1240 imb:10 pmb:357 smb:1673 d:- ref:0 ;
in:5542 out:5541 type:P dur:2 cpbdur:2 q:34.86 aq:29.96 tex:44923 mv:11341 misc:1440 imb:258 pmb:1009 smb:773 d:- ref:0 ;
in:5541 out:5542 type:b dur:2 cpbdur:2 q:34.85 aq:33.57 tex:3040 mv:4361 misc:1215 imb:6 pmb:351 smb:1683 d:- ref:0 ;
in:5546 out:5543 type:P dur:2 cpbdur:2 q:34.87 aq:29.55 tex:57247 mv:13371 misc:1134 imb:358 pmb:1025 smb:657 d:- ref:0 ;
in:5544 out:5544 type:B dur:2 cpbdur:2 q:34.87 aq:32.59 tex:7940 mv:8076 misc:1656 imb:41 pmb:605 smb:1394 d:- ref:0 ;
in:5543 out:5545 type:b dur:2 cpbdur:2 q:34.86 aq:34.69 tex:2681 mv:4338 misc:1269 imb:6 pmb:345 smb:1689 d:- ref:0 ;
in:5545 out:5546 type:b dur:2 cpbdur:2 q:34.87 aq:36.04 tex:2945 mv:4089 misc:1230 imb:3 pmb:342 smb:1695 d:- ref:0 ;
in:5550 out:5547 type:P dur:2 cpbdur:2 q:34.88 aq:29.60 tex:53726 mv:12675 misc:1343 imb:309 pmb:1016 smb:715 d:- ref:0 ;
in:5548 out:5548 type:B dur:2 cpbdur:2 q:34.87 aq:33.59 tex:7724 mv:7428 misc:1600 imb:26 pmb:560 smb:1454 d:- ref:0 ;
in:5547 out:5549 type:b dur:2 cpbdur:2 q:34.87 aq:33.60 tex:2731 mv:3937 misc:1196 imb:7 pmb:320 smb:1713 d:- ref:0 ;
in:5549 out:5550 type:b dur:2 cpbdur:2 q:34.87 aq:36.32 tex:2408 mv:3974 misc:1178 imb:6 pmb:319 smb:1715 d:- ref:0 ;
in:5552 out:5551 type:P dur:2 cpbdur:2 q:34.88 aq:28.90 tex:41139 mv:10113 misc:1500 imb:200 pmb:1004 smb:836 d:- ref:0 ;
in:5551 out:5552 type:b dur:2 cpbdur:2 q:34.88 aq:36.82 tex:2381 mv:3473 misc:1082 imb:2 pmb:281 smb:1757 d:- ref:0 ;
in:5556 out:5553 type:P dur:2 cpbdur:2 q:34.89 aq:29.18 tex:59441 mv:12465 misc:1318 imb:275 pmb:1026 smb:739 d:- ref:0 ;
in:5554 out:5554 type:B dur:2 cpbdur:2 q:34.89 aq:33.55 tex:7576 mv:6660 misc:1524 imb:31 pmb:529 smb:1480 d:- ref:0 ;
in:5553 out:5555 type:b dur:2 cpbdur:2 q:34.88 aq:34.82 tex:2538 mv:3981 misc:1073 imb:6 pmb:316 smb:1718 d:- ref:0 ;
in:5555 out:5556 type:b dur:2 cpbdur:2 q:34.89 aq:35.40 tex:2860 mv:3337 misc:1083 imb:4 pmb:275 smb:1761 d:- ref:0 ;
in:5560 out:5557 type:P dur:2 cpbdur:2 q:34.89 aq:29.38 tex:53312 mv:12416 misc:1240 imb:264 pmb:1081 smb:695 d:- ref:0 ;
in:5558 out:5558 type:B dur:2 cpbdur:2 q:34.89 aq:33.73 tex:6610 mv:5888 misc:1486 imb:25 pmb:481 smb:1534 d:- ref:0 ;
in:5557 out:5559 type:b dur:2 cpbdur:2 q:34.89 aq:36.77 tex:2103 mv:3381 misc:1052 imb:5 pmb:269 smb:1766 d:- ref:0 ;
in:5559 out:5560 type:b dur:2 cpbdur:2 q:34.89 aq:37.26 tex:2637 mv:3122 misc:977 imb:2 pmb:255 smb:1783 d:- ref:0 ;
in:5564 out:5561 type:P dur:2 cpbdur:2 q:34.89 aq:29.01 tex:53358 mv:11735 misc:1395 imb:264 pmb:1041 smb:735 d:- ref:0 ;
in:5562 out:5562 type:B dur:2 cpbdur:2 q:34.89 aq:33.11 tex:5713 mv:5804 misc:1451 imb:24 pmb:477 smb:1539 d:- ref:0 ;
in:5561 out:5563 type:b dur:2 cpbdur:2 q:34.89 aq:36.17 tex:2044 mv:2767 misc:941 imb:5 pmb:237 smb:1798 d:- ref:0 ;
in:5563 out:5564 type:b dur:2 cpbdur:2 q:34.89 aq:34.99 tex:1766 mv:2755 misc:1007 imb:3 pmb:235 smb:1802 d:- ref:0 ;
in:5568 out:5565 type:P dur:2 cpbdur:2 q:34.90 aq:29.32 tex:46396 mv:11353 misc:1291 imb:250 pmb:1064 smb:726 d:- ref:0 ;
in:5566 out:5566 type:B dur:2 cpbdur:2 q:34.89 aq:33.03 tex:5649 mv:5386 misc:1413 imb:27 pmb:440 smb:1573 d:- ref:0 ;
in:5565 out:5567 type:b dur:2 cpbdur:2 q:34.89 aq:36.26 tex:1730 mv:2829 misc:953 imb:6 pmb:235 smb:1799 d:- ref:0 ;
in:5567 out:5568 type:b dur:2 cpbdur:2 q:34.90 aq:36.61 tex:1872 mv:2631 misc:897 imb:6 pmb:211 smb:1823 d:- ref:0 ;
in:5572 out:5569 type:P dur:2 cpbdur:2 q:34.89 aq:29.39 tex:45169 mv:10818 misc:1357 imb:217 pmb:1071 smb:752 d:- ref:0 ;
in:5570 out:5570 type:B dur:2 cpbdur:2 q:34.89 aq:33.33 tex:5483 mv:4954 misc:1339 imb:16 pmb:420 smb:1604 d:- ref:0 ;
in:5569 out:5571 type:b dur:2 cpbdur:2 q:34.90 aq:35.86 tex:1620 mv:2575 misc:853 imb:5 pmb:204 smb:1831 d:- ref:0 ;
in:5571 out:5572 type:b dur:2 cpbdur:2 q:34.89 aq:36.67 tex:2163 mv:2373 misc:840 imb:1 pmb:207 smb:1832 d:- ref:0 ;
in:5576 out:5573 type:P dur:2 cpbdur:2 q:34.88 aq:29.10 tex:39688 mv:9920 misc:1520 imb:205 pmb:994 smb:841 d:- ref:0 ;
in:5574 out:5574 type:B dur:2 cpbdur:2 q:34.89 aq:33.29 tex:5463 mv:4318 misc:1299 imb:22 pmb:364 smb:1654 d:- ref:0 ;
in:5573 out:5575 type:b dur:2 cpbdur:2 q:34.89 aq:35.21 tex:1457 mv:2232 misc:799 imb:7 pmb:183 smb:1850 d:- ref:0 ;
in:5575 out:5576 type:b dur:2 cpbdur:2 q:34.89 aq:36.59 tex:1492 mv:2153 misc:803 imb:3 pmb:191 smb:1846 d:- ref:0 ;
in:5580 out:5577 type:P dur:2 cpbdur:2 q:34.88 aq:29.56 tex:38946 mv:9384 misc:1478 imb:175 pmb:992 smb:873 d:- ref:0 ;
in:5578 out:5578 type:B dur:2 cpbdur:2 q:34.88 aq:34.27 tex:4503 mv:3929 misc:1160 imb:21 pmb:334 smb:1685 d:- ref:0 ;
in:5577 out:5579 type:b dur:2 cpbdur:2 q:34.88 aq:34.86 tex:1527 mv:1860 misc:749 imb:4 pmb:172 smb:1864 d:- ref:0 ;
in:5579 out:5580 type:b dur:2 cpbdur:2 q:34.88 aq:33.82 tex:1535 mv:1975 misc:826 imb:3 pmb:192 smb:1845 d:- ref:0 ;
in:5584 out:5581 type:P dur:2 cpbdur:2 q:34.87 aq:29.63 tex:32650 mv:8986 misc:1572 imb:147 pmb:909 smb:984 d:- ref:0 ;
in:5582 out:5582 type:B dur:2 cpbdur:2 q:34.87 aq:34.45 tex:4132 mv:3695 misc:1077 imb:22 pmb:301 smb:1717 d:- ref:0 ;
in:5581 out:5583 type:b dur:2 cpbdur:2 q:34.87 aq:35.79 tex:1759 mv:1881 misc:736 imb:3 pmb:165 smb:1872 d:- ref:0 ;
in:5583 out:5584 type:b dur:2 cpbdur:2 q:34.87 aq:34.97 tex:1615 mv:2027 misc:814 imb:4 pmb:189 smb:1847 d:- ref:0 ;
in:5586 out:5585 type:P dur:2 cpbdur:2 q:34.85 aq:28.89 tex:26936 mv:7101 misc:1747 imb:125 pmb:872 smb:1043 d:- ref:0 ;
in:5585 out:5586 type:b dur:2 cpbdur:2 q:34.86 aq:34.92 tex:1323 mv:1808 misc:757 imb:2 pmb:167 smb:1871 d:- ref:0 ;
in:5590 out:5587 type:P dur:2 cpbdur:2 q:34.85 aq:28.91 tex:42670 mv:9649 misc:1529 imb:204 pmb:952 smb:884 d:- ref:0 ;
in:5588 out:5588 type:B dur:2 cpbdur:2 q:34.85 aq:34.85 tex:3705 mv:4061 misc:1106 imb:18 pmb:332 smb:1690 d:- ref:0 ;
in:5587 out:5589 type:b dur:2 cpbdur:2 q:34.85 aq:34.44 tex:1432 mv:1980 misc:764 imb:3 pmb:177 smb:1860 d:- ref:0 ;
in:5589 out:5590 type:b dur:2 cpbdur:2 q:34.85 aq:36.46 tex:1396 mv:1909 misc:823 imb:3 pmb:174 smb:1863 d:- ref:0 ;
in:5594 out:5591 type:P dur:2 cpbdur:2 q:34.83 aq:28.32 tex:67308 mv:9970 misc:1474 imb:248 pmb:950 smb:842 d:- ref:0 ;
in:5592 out:5592 type:B dur:2 cpbdur:2 q:34.84 aq:33.11 tex:4677 mv:4905 misc:1282 imb:24 pmb:440 smb:1576 d:- ref:0 ;
in:5591 out:5593 type:b dur:2 cpbdur:2 q:34.84 aq:34.73 tex:2645 mv:2364 misc:895 imb:7 pmb:214 smb:1819 d:- ref:0 ;
in:5593 out:5594 type:b dur:2 cpbdur:2 q:34.84 aq:35.57 tex:1638 mv:2481 misc:945 imb:4 pmb:247 smb:1789 d:- ref:0 ;
in:5598 out:5595 type:P dur:2 cpbdur:2 q:34.83 aq:28.74 tex:38036 mv:8964 misc:1488 imb:169 pmb:977 smb:894 d:- ref:0 ;
in:5596 out:5596 type:B dur:2 cpbdur:2 q:34.83 aq:33.80 tex:3968 mv:3798 misc:1042 imb:19 pmb:311 smb:1710 d:- ref:0 ;
in:5595 out:5597 type:b dur:2 cpbdur:2 q:34.83 aq:35.48 tex:1292 mv:2194 misc:802 imb:2 pmb:196 smb:1842 d:- ref:0 ;
in:5597 out:5598 type:b dur:2 cpbdur:2 q:34.83 aq:38.03 tex:1557 mv:2210 misc:841 imb:3 pmb:204 smb:1833 d:- ref:0 ;
in:5602 out:5599 type:P dur:2 cpbdur:2 q:34.82 aq:28.59 tex:36270 mv:8962 misc:1616 imb:197 pmb:941 smb:902 d:- ref:0 ;
in:5600 out:5600 type:B dur:2 cpbdur:2 q:34.83 aq:34.63 tex:4679 mv:4146 misc:1103 imb:23 pmb:312 smb:1705 d:- ref:0 ;
in:5599 out:5601 type:b dur:2 cpbdur:2 q:34.83 aq:33.80 tex:1626 mv:2255 misc:839 imb:4 pmb:202 smb:1834 d:- ref:0 ;
in:5601 out:5602 type:b dur:2 cpbdur:2 q:34.82 aq:36.40 tex:1479 mv:2203 misc:846 imb:5 pmb:189 smb:1846 d:- ref:0 ;
in:5606 out:5603 type:P dur:2 cpbdur:2 q:34.81 aq:28.59 tex:35904 mv:8770 misc:1566 imb:171 pmb:962 smb:907 d:- ref:0 ;
in:5604 out:5604 type:B dur:2 cpbdur:2 q:34.82 aq:34.28 tex:4623 mv:4258 misc:1199 imb:23 pmb:325 smb:1692 d:- ref:0 ;
in:5603 out:5605 type:b dur:2 cpbdur:2 q:34.82 aq:35.66 tex:1464 mv:2354 misc:910 imb:8 pmb:217 smb:1815 d:- ref:0 ;
in:5605 out:5606 type:b dur:2 cpbdur:2 q:34.81 aq:34.77 tex:1665 mv:2315 misc:884 imb:12 pmb:218 smb:1810 d:- ref:0 ;
in:5610 out:5607 type:P dur:2 cpbdur:2 q:34.80 aq:29.02 tex:34998 mv:8933 misc:1621 imb:163 pmb:921 smb:956 d:- ref:0 ;
in:5608 out:5608 type:B dur:2 cpbdur:2 q:34.80 aq:34.06 tex:5105 mv:4176 misc:1263 imb:19 pmb:356 smb:1665 d:- ref:0 ;
in:5607 out:5609 type:b dur:2 cpbdur:2 q:34.81 aq:36.09 tex:1370 mv:2266 misc:828 imb:4 pmb:192 smb:1844 d:- ref:0 ;
in:5609 out:5610 type:b dur:2 cpbdur:2 q:34.80 aq:34.12 tex:1424 mv:2174 misc:874 imb:9 pmb:201 smb:1830 d:- ref:0 ;
in:5614 out:5611 type:P dur:2 cpbdur:2 q:34.78 aq:29.44 tex:54867 mv:10783 misc:1534 imb:343 pmb:979 smb:718 d:- ref:0 ;
in:5612 out:5612 type:B dur:2 cpbdur:2 q:34.79 aq:33.08 tex:4313 mv:4766 misc:1345 imb:16 pmb:399 smb:1625 d:- ref:0 ;
in:5611 out:5613 type:b dur:2 cpbdur:2 q:34.79 aq:36.07 tex:1673 mv:2138 misc:813 imb:4 pmb:199 smb:1837 d:- ref:0 ;
in:5613 out:5614 type:b dur:2 cpbdur:2 q:34.78 aq:35.03 tex:5638 mv:3673 misc:1065 imb:54 pmb:291 smb:1695 d:- ref:0 ;
in:5616 out:5615 type:P dur:2 cpbdur:2 q:34.77 aq:29.33 tex:35647 mv:9363 misc:1670 imb:213 pmb:1018 smb:809 d:- ref:0 ;
in:5615 out:5616 type:b dur:2 cpbdur:2 q:34.78 aq:37.13 tex:2064 mv:2919 misc:985 imb:5 pmb:247 smb:1788 d:- ref:0 ;
in:5620 out:5617 type:P dur:2 cpbdur:2 q:34.78 aq:29.26 tex:46910 mv:11871 misc:1419 imb:308 pmb:1103 smb:629 d:- ref:0 ;
in:5618 out:5618 type:B dur:2 cpbdur:2 q:34.78 aq:33.43 tex:6433 mv:6026 misc:1461 imb:25 pmb:492 smb:1523 d:- ref:0 ;
in:5617 out:5619 type:b dur:2 cpbdur:2 q:34.77 aq:36.52 tex:2086 mv:3147 misc:1023 imb:15 pmb:255 smb:1770 d:- ref:0 ;
in:5619 out:5620 type:b dur:2 cpbdur:2 q:34.78 aq:36.05 tex:2317 mv:2746 misc:1073 imb:4 pmb:257 smb:1779 d:- ref:0 ;
in:5624 out:5621 type:P dur:2 cpbdur:2 q:34.77 aq:29.06 tex:41722 mv:11254 misc:1496 imb:271 pmb:1058 smb:711 d:- ref:0 ;
in:5622 out:5622 type:B dur:2 cpbdur:2 q:34.78 aq:33.66 tex:6463 mv:5375 misc:1370 imb:32 pmb:446 smb:1562 d:- ref:0 ;
in:5621 out:5623 type:b dur:2 cpbdur:2 q:34.78 aq:35.35 tex:2198 mv:2880 misc:1034 imb:4 pmb:274 smb:1762 d:- ref:0 ;
in:5623 out:5624 type:b dur:2 cpbdur:2 q:34.78 aq:35.54 tex:2452 mv:3077 misc:1127 imb:5 pmb:301 smb:1734 d:- ref:0 ;
in:5628 out:5625 type:P dur:2 cpbdur:2 q:34.77 aq:29.52 tex:42679 mv:10996 misc:1669 imb:239 pmb:1045 smb:756 d:- ref:0 ;
in:5626 out:5626 type:B dur:2 cpbdur:2 q:34.77 aq:32.75 tex:6950 mv:5340 misc:1358 imb:22 pmb:440 smb:1578 d:- ref:0 ;
in:5625 out:5627 type:b dur:2 cpbdur:2 q:34.77 aq:35.07 tex:2438 mv:3014 misc:1060 imb:8 pmb:267 smb:1765 d:- ref:0 ;
in:5627 out:5628 type:b dur:2 cpbdur:2 q:34.77 aq:35.57 tex:2309 mv:2843 misc:1024 imb:7 pmb:259 smb:1774 d:- ref:0 ;
in:5632 out:5629 type:P dur:2 cpbdur:2 q:34.77 aq:29.64 tex:40778 mv:11577 misc:1565 imb:264 pmb:1049 smb:727 d:- ref:0 ;
in:5630 out:5630 type:B dur:2 cpbdur:2 q:34.77 aq:34.49 tex:6796 mv:5449 misc:1403 imb:25 pmb:450 smb:1565 d:- ref:0 ;
in:5629 out:5631 type:b dur:2 cpbdur:2 q:34.77 aq:36.76 tex:2472 mv:3012 misc:1076 imb:4 pmb:274 smb:1762 d:- ref:0 ;
in:5631 out:5632 type:b dur:2 cpbdur:2 q:34.77 aq:35.69 tex:1997 mv:3000 misc:1043 imb:5 pmb:260 smb:1775 d:- ref:0 ;
in:5635 out:5633 type:P dur:2 cpbdur:2 q:34.76 aq:34.45 tex:11840 mv:6059 misc:1613 imb:143 pmb:496 smb:1401 d:- ref:0 ;
in:5633 out:5634 type:B dur:2 cpbdur:2 q:34.76 aq:35.48 tex:2925 mv:3354 misc:1137 imb:8 pmb:314 smb:1718 d:- ref:0 ;
in:5634 out:5635 type:b dur:2 cpbdur:2 q:34.76 aq:36.22 tex:2777 mv:3374 misc:1177 imb:6 pmb:314 smb:1720 d:- ref:0 ;
in:5636 out:5636 type:I dur:2 cpbdur:2 q:31.88 aq:26.93 tex:192277 mv:49392 misc:475 imb:2040 pmb:0 smb:0 d:- ref:;
in:5638 out:5637 type:P dur:2 cpbdur:2 q:34.82 aq:30.30 tex:15985 mv:6653 misc:1754 imb:110 pmb:659 smb:1271 d:- ref:0 ;
in:5637 out:5638 type:b dur:2 cpbdur:2 q:34.82 aq:35.99 tex:1952 mv:2952 misc:1056 imb:7 pmb:263 smb:1770 d:- ref:0 ;
in:5642 out:5639 type:P dur:2 cpbdur:2 q:34.81 aq:31.22 tex:21684 mv:9245 misc:1727 imb:188 pmb:771 smb:1081 d:- ref:0 ;
in:5640 out:5640 type:B dur:2 cpbdur:2 q:34.81 aq:33.77 tex:6298 mv:5168 misc:1478 imb:24 pmb:451 smb:1565 d:- ref:0 ;
in:5639 out:5641 type:b dur:2 cpbdur:2 q:34.82 aq:36.30 tex:2171 mv:2804 misc:1097 imb:4 pmb:259 smb:1777 d:- ref:0 ;
in:5641 out:5642 type:b dur:2 cpbdur:2 q:34.81 aq:36.68 tex:2272 mv:2962 misc:1086 imb:4 pmb:266 smb:1770 d:- ref:0 ;
in:5646 out:5643 type:P dur:2 cpbdur:2 q:34.81 aq:25.84 tex:23492 mv:5849 misc:251 imb:1915 pmb:116 smb:9 d:- ref:0 ;
in:5644 out:5644 type:B dur:2 cpbdur:2 q:34.81 aq:32.98 tex:12963 mv:7158 misc:1799 imb:74 pmb:635 smb:1331 d:- ref:0 ;
in:5643 out:5645 type:b dur:2 cpbdur:2 q:34.81 aq:36.20 tex:2364 mv:2972 misc:1144 imb:7 pmb:275 smb:1758 d:- ref:0 ;
in:5645 out:5646 type:b dur:2 cpbdur:2 q:34.81 aq:34.24 tex:5262 mv:4202 misc:1512 imb:41 pmb:400 smb:1599 d:- ref:0 ;
in:5650 out:5647 type:P dur:2 cpbdur:2 q:34.79 aq:29.11 tex:163898 mv:12786 misc:308 imb:1867 pmb:158 smb:15 d:- ref:0 ;
in:5648 out:5648 type:B dur:2 cpbdur:2 q:34.80 aq:32.93 tex:11478 mv:5981 misc:1805 imb:63 pmb:566 smb:1411 d:- ref:0 ;
in:5647 out:5649 type:b dur:2 cpbdur:2 q:34.81 aq:36.08 tex:4914 mv:3638 misc:1424 imb:22 pmb:395 smb:1623 d:- ref:0 ;
in:5649 out:5650 type:b dur:2 cpbdur:2 q:34.80 aq:36.71 tex:2365 mv:3310 misc:1293 imb:5 pmb:347 smb:1688 d:- ref:0 ;
in:5654 out:5651 type:P dur:2 cpbdur:2 q:34.82 aq:29.32 tex:36069 mv:11120 misc:1707 imb:223 pmb:996 smb:821 d:- ref:0 ;
in:5652 out:5652 type:B dur:2 cpbdur:2 q:34.80 aq:33.23 tex:6269 mv:5828 misc:1495 imb:19 pmb:496 smb:1525 d:- ref:0 ;
in:5651 out:5653 type:b dur:2 cpbdur:2 q:34.80 aq:34.42 tex:2438 mv:3221 misc:1221 imb:4 pmb:298 smb:1738 d:- ref:0 ;
in:5653 out:5654 type:b dur:2 cpbdur:2 q:34.81 aq:36.25 tex:2938 mv:3387 misc:1251 imb:6 pmb:325 smb:1709 d:- ref:0 ;
in:5657 out:5655 type:P dur:2 cpbdur:2 q:34.88 aq:28.88 tex:32696 mv:11181 misc:1667 imb:225 pmb:1020 smb:795 d:- ref:0 ;
in:5655 out:5656 type:B dur:2 cpbdur:2 q:34.84 aq:33.14 tex:4287 mv:4349 misc:1396 imb:11 pmb:412 smb:1617 d:- ref:0 ;
in:5656 out:5657 type:b dur:2 cpbdur:2 q:34.86 aq:36.56 tex:2501 mv:3681 misc:1290 imb:5 pmb:351 smb:1684 d:- ref:0 ;
in:5661 out:5658 type:P dur:2 cpbdur:2 q:34.88 aq:29.54 tex:36580 mv:12629 misc:1559 imb:283 pmb:1052 smb:705 d:- ref:0 ;
in:5659 out:5659 type:B dur:2 cpbdur:2 q:34.88 aq:33.35 tex:6712 mv:6933 misc:1667 imb:31 pmb:567 smb:1442 d:- ref:0 ;
in:5658 out:5660 type:b dur:2 cpbdur:2 q:34.88 aq:35.98 tex:2447 mv:3579 misc:1254 imb:7 pmb:331 smb:1702 d:- ref:0 ;
in:5660 out:5661 type:b dur:2 cpbdur:2 q:34.88 aq:38.13 tex:2373 mv:3526 misc:1237 imb:1 pmb:335 smb:1704 d:- ref:0 ;
in:5665 out:5662 type:P dur:2 cpbdur:2 q:34.84 aq:29.57 tex:38646 mv:12943 misc:1475 imb:298 pmb:1050 smb:692 d:- ref:0 ;
in:5663 out:5663 type:B dur:2 cpbdur:2 q:34.86 aq:32.88 tex:7468 mv:7358 misc:1654 imb:38 pmb:597 smb:1405 d:- ref:0 ;
in:5662 out:5664 type:b dur:2 cpbdur:2 q:34.87 aq:35.44 tex:2756 mv:4121 misc:1307 imb:7 pmb:344 smb:1689 d:- ref:0 ;
in:5664 out:5665 type:b dur:2 cpbdur:2 q:34.85 aq:36.58 tex:2081 mv:3918 misc:1321 imb:3 pmb:355 smb:1682 d:- ref:0 ;
in:5669 out:5666 type:P dur:2 cpbdur:2 q:34.84 aq:29.55 tex:41563 mv:13283 misc:1506 imb:327 pmb:1035 smb:678 d:- ref:0 ;
in:5667 out:5667 type:B dur:2 cpbdur:2 q:34.84 aq:33.86 tex:7730 mv:7341 misc:1641 imb:28 pmb:600 smb:1412 d:- ref:0 ;
in:5666 out:5668 type:b dur:2 cpbdur:2 q:34.84 aq:36.12 tex:2564 mv:4219 misc:1321 imb:7 pmb:373 smb:1660 d:- ref:0 ;
in:5668 out:5669 type:b dur:2 cpbdur:2 q:34.84 aq:35.35 tex:2518 mv:4221 misc:1349 imb:9 pmb:378 smb:1653 d:- ref:0 ;
in:5673 out:5670 type:P dur:2 cpbdur:2 q:34.83 aq:29.59 tex:41313 mv:13923 misc:1420 imb:355 pmb:1059 smb:626 d:- ref:0 ;
in:5671 out:5671 type:B dur:2 cpbdur:2 q:34.83 aq:32.65 tex:8141 mv:8137 misc:1722 imb:46 pmb:640 smb:1354 d:- ref:0 ;
in:5670 out:5672 type:b dur:2 cpbdur:2 q:34.83 aq:36.67 tex:3077 mv:4372 misc:1351 imb:7 pmb:394 smb:1639 d:- ref:0 ;
in:5672 out:5673 type:b dur:2 cpbdur:2 q:34.83 aq:36.14 tex:2722 mv:4553 misc:1381 imb:9 pmb:398 smb:1633 d:- ref:0 ;
in:5677 out:5674 type:P dur:2 cpbdur:2 q:34.83 aq:29.93 tex:40391 mv:13957 misc:1484 imb:387 pmb:1026 smb:627 d:- ref:0 ;
in:5675 out:5675 type:B dur:2 cpbdur:2 q:34.83 aq:34.27 tex:8015 mv:8074 misc:1679 imb:33 pmb:652 smb:1355 d:- ref:0 ;
in:5674 out:5676 type:b dur:2 cpbdur:2 q:34.83 aq:35.90 tex:2396 mv:4209 misc:1283 imb:5 pmb:347 smb:1688 d:- ref:0 ;
in:5676 out:5677 type:b dur:2 cpbdur:2 q:34.83 aq:36.28 tex:3286 mv:4648 misc:1418 imb:7 pmb:421 smb:1612 d:- ref:0 ;
in:5681 out:5678 type:P dur:2 cpbdur:2 q:34.83 aq:29.97 tex:42399 mv:14253 misc:1460 imb:432 pmb:1035 smb:573 d:- ref:0 ;
in:5679 out:5679 type:B dur:2 cpbdur:2 q:34.83 aq:33.10 tex:7969 mv:8795 misc:1788 imb:37 pmb:689 smb:1314 d:- ref:0 ;
in:5678 out:5680 type:b dur:2 cpbdur:2 q:34.83 aq:34.12 tex:3331 mv:4891 misc:1434 imb:16 pmb:416 smb:1608 d:- ref:0 ;
in:5680 out:5681 type:b dur:2 cpbdur:2 q:34.83 aq:35.21 tex:3156 mv:5026 misc:1530 imb:11 pmb:454 smb:1575 d:- ref:0 ;
in:5685 out:5682 type:P dur:2 cpbdur:2 q:34.83 aq:30.54 tex:41492 mv:14272 misc:1436 imb:475 pmb:980 smb:585 d:- ref:0 ;
in:5683 out:5683 type:B dur:2 cpbdur:2 q:34.83 aq:32.67 tex:8887 mv:9094 misc:1907 imb:74 pmb:717 smb:1249 d:- ref:0 ;
in:5682 out:5684 type:b dur:2 cpbdur:2 q:34.83 aq:35.56 tex:3311 mv:4932 misc:1477 imb:8 pmb:441 smb:1591 d:- ref:0 ;
in:5684 out:5685 type:b dur:2 cpbdur:2 q:34.83 aq:35.55 tex:3264 mv:5348 misc:1564 imb:27 pmb:462 smb:1551 d:- ref:0 ;
in:5687 out:5686 type:P dur:2 cpbdur:2 q:34.83 aq:30.08 tex:30696 mv:12497 misc:1631 imb:369 pmb:1004 smb:667 d:- ref:0 ;
in:5686 out:5687 type:b dur:2 cpbdur:2 q:34.83 aq:35.69 tex:2693 mv:5448 misc:1515 imb:9 pmb:472 smb:1559 d:- ref:0 ;
in:5689 out:5688 type:P dur:2 cpbdur:2 q:34.83 aq:30.66 tex:30164 mv:12513 misc:1683 imb:313 pmb:1015 smb:712 d:- ref:0 ;
in:5688 out:5689 type:b dur:2 cpbdur:2 q:34.83 aq:35.58 tex:4232 mv:5662 misc:1586 imb:35 pmb:481 smb:1524 d:- ref:0 ;
in:5691 out:5690 type:P dur:2 cpbdur:2 q:34.84 aq:30.26 tex:32307 mv:12618 misc:1603 imb:390 pmb:931 smb:719 d:- ref:0 ;
in:5690 out:5691 type:b dur:2 cpbdur:2 q:34.83 aq:35.61 tex:3986 mv:6202 misc:1612 imb:37 pmb:506 smb:1497 d:- ref:0 ;
in:5693 out:5692 type:P dur:2 cpbdur:2 q:34.84 aq:29.67 tex:29134 mv:12805 misc:1597 imb:342 pmb:967 smb:731 d:- ref:0 ;
in:5692 out:5693 type:b dur:2 cpbdur:2 q:34.84 aq:34.75 tex:2904 mv:5500 misc:1588 imb:14 pmb:500 smb:1526 d:- ref:0 ;
in:5697 out:5694 type:P dur:2 cpbdur:2 q:34.84 aq:30.68 tex:38827 mv:14480 misc:1437 imb:508 pmb:916 smb:616 d:- ref:0 ;
in:5695 out:5695 type:B dur:2 cpbdur:2 q:34.84 aq:32.15 tex:9390 mv:10206 misc:1868 imb:68 pmb:764 smb:1208 d:- ref:0 ;
in:5694 out:5696 type:b dur:2 cpbdur:2 q:34.84 aq:34.85 tex:3146 mv:6177 misc:1597 imb:16 pmb:492 smb:1532 d:- ref:0 ;
in:5696 out:5697 type:b dur:2 cpbdur:2 q:34.84 aq:33.84 tex:3414 mv:5776 misc:1610 imb:19 pmb:501 smb:1520 d:- ref:0 ;
in:5699 out:5698 type:P dur:2 cpbdur:2 q:34.84 aq:30.60 tex:31754 mv:12606 misc:1616 imb:388 pmb:963 smb:689 d:- ref:0 ;
in:5698 out:5699 type:b dur:2 cpbdur:2 q:34.84 aq:27.11 tex:11970 mv:10728 misc:558 imb:1665 pmb:140 smb:235 d:- ref:0 ;
in:5701 out:5700 type:P dur:2 cpbdur:2 q:34.85 aq:30.19 tex:32069 mv:12481 misc:1594 imb:371 pmb:923 smb:746 d:- ref:0 ;
in:5700 out:5701 type:b dur:2 cpbdur:2 q:34.84 aq:35.80 tex:3474 mv:6166 misc:1584 imb:20 pmb:522 smb:1498 d:- ref:0 ;
in:5705 out:5702 type:P dur:2 cpbdur:2 q:34.85 aq:30.04 tex:46709 mv:15476 misc:1279 imb:674 pmb:882 smb:484 d:- ref:0 ;
in:5703 out:5703 type:B dur:2 cpbdur:2 q:34.85 aq:32.70 tex:9397 mv:10550 misc:1861 imb:87 pmb:750 smb:1203 d:- ref:0 ;
in:5702 out:5704 type:b dur:2 cpbdur:2 q:34.85 aq:34.21 tex:3354 mv:6031 misc:1591 imb:21 pmb:502 smb:1517 d:- ref:0 ;
in:5704 out:5705 type:b dur:2 cpbdur:2 q:34.85 aq:34.61 tex:3295 mv:6347 misc:1598 imb:16 pmb:522 smb:1502 d:- ref:0 ;
in:5707 out:5706 type:P dur:2 cpbdur:2 q:34.86 aq:29.92 tex:31364 mv:13025 misc:1595 imb:431 pmb:944 smb:665 d:- ref:0 ;
in:5706 out:5707 type:b dur:2 cpbdur:2 q:34.86 aq:34.39 tex:3018 mv:6214 misc:1648 imb:20 pmb:546 smb:1474 d:- ref:0 ;
in:5711 out:5708 type:P dur:2 cpbdur:2 q:34.87 aq:30.48 tex:45125 mv:14995 misc:1264 imb:752 pmb:839 smb:449 d:- ref:0 ;
in:5709 out:5709 type:B dur:2 cpbdur:2 q:34.87 aq:32.19 tex:9422 mv:10642 misc:1816 imb:92 pmb:731 smb:1217 d:- ref:0 ;
in:5708 out:5710 type:b dur:2 cpbdur:2 q:34.87 aq:34.71 tex:3644 mv:6369 misc:1571 imb:28 pmb:520 smb:1492 d:- ref:0 ;
in:5710 out:5711 type:b dur:2 cpbdur:2 q:34.87 aq:35.72 tex:3323 mv:6065 misc:1588 imb:21 pmb:522 smb:1497 d:- ref:0 ;
in:5715 out:5712 type:P dur:2 cpbdur:2 q:34.88 aq:30.50 tex:42900 mv:14657 misc:1267 imb:813 pmb:776 smb:451 d:- ref:0 ;
in:5713 out:5713 type:B dur:2 cpbdur:2 q:34.87 aq:31.62 tex:9162 mv:10365 misc:1889 imb:108 pmb:738 smb:1194 d:- ref:0 ;
in:5712 out:5714 type:b dur:2 cpbdur:2 q:34.87 aq:35.15 tex:3078 mv:5847 misc:1627 imb:21 pmb:515 smb:1504 d:- ref:0 ;
in:5714 out:5715 type:b dur:2 cpbdur:2 q:34.88 aq:35.05 tex:2962 mv:5778 misc:1580 imb:20 pmb:496 smb:1524 d:- ref:0 ;
in:5719 out:5716 type:P dur:2 cpbdur:2 q:34.88 aq:30.45 tex:40580 mv:14996 misc:1248 imb:843 pmb:782 smb:415 d:- ref:0 ;
in:5717 out:5717 type:B dur:2 cpbdur:2 q:34.88 aq:31.77 tex:9998 mv:10437 misc:1813 imb:114 pmb:722 smb:1204 d:- ref:0 ;
in:5716 out:5718 type:b dur:2 cpbdur:2 q:34.88 aq:33.35 tex:3136 mv:6227 misc:1653 imb:41 pmb:496 smb:1503 d:- ref:0 ;
in:5718 out:5719 type:b dur:2 cpbdur:2 q:34.88 aq:34.13 tex:3444 mv:6749 misc:1631 imb:42 pmb:518 smb:1480 d:- ref:0 ;
in:5723 out:5720 type:P dur:2 cpbdur:2 q:34.88 aq:30.43 tex:41447 mv:14706 misc:1175 imb:935 pmb:723 smb:382 d:- ref:0 ;
in:5721 out:5721 type:B dur:2 cpbdur:2 q:34.88 aq:31.70 tex:10596 mv:10897 misc:1819 imb:148 pmb:724 smb:1168 d:- ref:0 ;
in:5720 out:5722 type:b dur:2 cpbdur:2 q:34.88 aq:33.37 tex:3814 mv:6186 misc:1616 imb:39 pmb:494 smb:1507 d:- ref:0 ;
in:5722 out:5723 type:b dur:2 cpbdur:2 q:34.88 aq:32.56 tex:3939 mv:6698 misc:1547 imb:50 pmb:497 smb:1493 d:- ref:0 ;
in:5726 out:5724 type:P dur:2 cpbdur:2 q:34.88 aq:30.44 tex:35853 mv:14267 misc:1384 imb:794 pmb:748 smb:498 d:- ref:0 ;
in:5724 out:5725 type:B dur:2 cpbdur:2 q:34.88 aq:32.83 tex:6118 mv:7794 misc:1720 imb:69 pmb:590 smb:1381 d:- ref:0 ;
in:5725 out:5726 type:b dur:2 cpbdur:2 q:34.88 aq:33.62 tex:3472 mv:7209 misc:1639 imb:50 pmb:548 smb:1442 d:- ref:0 ;
in:5728 out:5727 type:P dur:2 cpbdur:2 q:34.89 aq:30.61 tex:28717 mv:13017 misc:1434 imb:711 pmb:729 smb:600 d:- ref:0 ;
in:5727 out:5728 type:b dur:2 cpbdur:2 q:34.89 aq:33.57 tex:3973 mv:6674 misc:1569 imb:52 pmb:507 smb:1481 d:- ref:0 ;
in:5730 out:5729 type:P dur:2 cpbdur:2 q:34.90 aq:30.81 tex:31211 mv:14105 misc:1332 imb:797 pmb:741 smb:502 d:- ref:0 ;
in:5729 out:5730 type:b dur:2 cpbdur:2 q:34.89 aq:32.27 tex:3939 mv:7128 misc:1693 imb:97 pmb:510 smb:1433 d:- ref:0 ;
in:5732 out:5731 type:P dur:2 cpbdur:2 q:34.90 aq:30.71 tex:32648 mv:14754 misc:1142 imb:1019 pmb:673 smb:348 d:- ref:0 ;
in:5731 out:5732 type:b dur:2 cpbdur:2 q:34.90 aq:32.39 tex:4850 mv:8222 misc:1760 imb:134 pmb:561 smb:1345 d:- ref:0 ;
in:5733 out:5733 type:P dur:2 cpbdur:2 q:34.91 aq:30.49 tex:20624 mv:11488 misc:1648 imb:623 pmb:680 smb:737 d:- ref:0 ;
in:5734 out:5734 type:P dur:2 cpbdur:2 q:34.91 aq:30.24 tex:25573 mv:12384 misc:1507 imb:802 pmb:686 smb:552 d:- ref:0 ;
in:5736 out:5735 type:P dur:2 cpbdur:2 q:34.92 aq:30.30 tex:31626 mv:14004 misc:938 imb:1207 pmb:604 smb:229 d:- ref:0 ;
in:5735 out:5736 type:b dur:2 cpbdur:2 q:34.92 aq:31.56 tex:6901 mv:8569 misc:1770 imb:169 pmb:548 smb:1323 d:- ref:0 ;
in:5739 out:5737 type:P dur:2 cpbdur:2 q:34.93 aq:30.78 tex:32631 mv:13167 misc:994 imb:1203 pmb:499 smb:338 d:- ref:0 ;
in:5737 out:5738 type:B dur:2 cpbdur:2 q:34.92 aq:31.67 tex:10502 mv:10653 misc:1837 imb:203 pmb:644 smb:1193 d:- ref:0 ;
in:5738 out:5739 type:b dur:2 cpbdur:2 q:34.93 aq:32.35 tex:8443 mv:9139 misc:1778 imb:189 pmb:577 smb:1274 d:- ref:0 ;
in:5741 out:5740 type:P dur:2 cpbdur:2 q:34.93 aq:30.28 tex:41472 mv:12526 misc:890 imb:1274 pmb:395 smb:371 d:- ref:0 ;
in:5740 out:5741 type:b dur:2 cpbdur:2 q:34.93 aq:32.01 tex:15007 mv:12056 misc:1649 imb:432 pmb:628 smb:980 d:- ref:0 ;
in:5742 out:5742 type:P dur:2 cpbdur:2 q:34.94 aq:29.87 tex:36361 mv:10602 misc:1141 imb:931 pmb:455 smb:654 d:- ref:0 ;
in:5746 out:5743 type:P dur:2 cpbdur:2 q:34.95 aq:30.08 tex:38972 mv:10093 misc:1071 imb:835 pmb:376 smb:829 d:- ref:0 ;
in:5744 out:5744 type:B dur:2 cpbdur:2 q:34.94 aq:31.85 tex:13816 mv:9580 misc:1572 imb:160 pmb:623 smb:1257 d:- ref:0 ;
in:5743 out:5745 type:b dur:2 cpbdur:2 q:34.94 aq:33.18 tex:5543 mv:6550 misc:1515 imb:81 pmb:480 smb:1479 d:- ref:0 ;
in:5745 out:5746 type:b dur:2 cpbdur:2 q:34.94 aq:33.25 tex:5376 mv:5813 misc:1339 imb:58 pmb:442 smb:1540 d:- ref:0 ;
in:5747 out:5747 type:P dur:2 cpbdur:2 q:34.97 aq:29.42 tex:15060 mv:6433 misc:1531 imb:233 pmb:478 smb:1329 d:- ref:0 ;
in:5751 out:5748 type:P dur:2 cpbdur:2 q:34.98 aq:30.07 tex:35695 mv:9120 misc:1169 imb:677 pmb:383 smb:980 d:- ref:0 ;
in:5749 out:5749 type:B dur:2 cpbdur:2 q:34.97 aq:31.67 tex:12426 mv:8799 misc:1391 imb:143 pmb:545 smb:1352 d:- ref:0 ;
in:5748 out:5750 type:b dur:2 cpbdur:2 q:34.97 aq:32.80 tex:5400 mv:5545 misc:1239 imb:70 pmb:418 smb:1552 d:- ref:0 ;
in:5750 out:5751 type:b dur:2 cpbdur:2 q:34.98 aq:32.82 tex:6076 mv:5414 misc:1262 imb:66 pmb:422 smb:1552 d:- ref:0 ;
in:5755 out:5752 type:P dur:2 cpbdur:2 q:34.99 aq:29.80 tex:30356 mv:7464 misc:1292 imb:655 pmb:300 smb:1085 d:- ref:0 ;
in:5753 out:5753 type:B dur:2 cpbdur:2 q:34.98 aq:31.44 tex:9290 mv:7727 misc:1367 imb:130 pmb:513 smb:1397 d:- ref:0 ;
in:5752 out:5754 type:b dur:2 cpbdur:2 q:34.98 aq:33.23 tex:5141 mv:5034 misc:1177 imb:52 pmb:409 smb:1579 d:- ref:0 ;
in:5754 out:5755 type:b dur:2 cpbdur:2 q:34.99 aq:34.46 tex:4064 mv:4731 misc:1133 imb:45 pmb:366 smb:1629 d:- ref:0 ;
in:5759 out:5756 type:P dur:2 cpbdur:2 q:34.98 aq:28.99 tex:23186 mv:6519 misc:1303 imb:611 pmb:263 smb:1166 d:- ref:0 ;
in:5757 out:5757 type:B dur:2 cpbdur:2 q:34.99 aq:30.80 tex:7840 mv:6413 misc:1307 imb:120 pmb:453 smb:1467 d:- ref:0 ;
in:5756 out:5758 type:b dur:2 cpbdur:2 q:34.99 aq:30.58 tex:3863 mv:4398 misc:1187 imb:61 pmb:345 smb:1634 d:- ref:0 ;
in:5758 out:5759 type:b dur:2 cpbdur:2 q:34.98 aq:29.44 tex:3203 mv:4032 misc:1141 imb:61 pmb:313 smb:1666 d:- ref:0 ;
in:5763 out:5760 type:P dur:2 cpbdur:2 q:34.96 aq:30.55 tex:19667 mv:5568 misc:1173 imb:547 pmb:236 smb:1257 d:- ref:0 ;
in:5761 out:5761 type:B dur:2 cpbdur:2 q:34.97 aq:29.45 tex:7134 mv:6001 misc:1321 imb:140 pmb:403 smb:1497 d:- ref:0 ;
in:5760 out:5762 type:b dur:2 cpbdur:2 q:34.98 aq:29.90 tex:2369 mv:3468 misc:1059 imb:54 pmb:271 smb:1715 d:- ref:0 ;
in:5762 out:5763 type:b dur:2 cpbdur:2 q:34.97 aq:30.45 tex:2469 mv:3613 misc:1014 imb:63 pmb:273 smb:1704 d:- ref:0 ;
in:5766 out:5764 type:P dur:2 cpbdur:2 q:34.94 aq:28.66 tex:16765 mv:5762 misc:1249 imb:601 pmb:222 smb:1217 d:- ref:0 ;
in:5764 out:5765 type:B dur:2 cpbdur:2 q:34.96 aq:31.23 tex:3985 mv:4228 misc:1211 imb:68 pmb:300 smb:1672 d:- ref:0 ;
in:5765 out:5766 type:b dur:2 cpbdur:2 q:34.95 aq:31.31 tex:2608 mv:3753 misc:1103 imb:68 pmb:248 smb:1724 d:- ref:0 ;
in:5768 out:5767 type:P dur:2 cpbdur:2 q:34.93 aq:29.32 tex:14568 mv:5462 misc:1314 imb:585 pmb:206 smb:1249 d:- ref:0 ;
in:5767 out:5768 type:b dur:2 cpbdur:2 q:34.94 aq:31.06 tex:2665 mv:3631 misc:1136 imb:69 pmb:260 smb:1711 d:- ref:0 ;
in:5772 out:5769 type:P dur:2 cpbdur:2 q:34.92 aq:28.17 tex:19902 mv:8250 misc:504 imb:1866 pmb:115 smb:59 d:- ref:0 w:7,125,4,5,32,0,29,11 ;
in:5770 out:5770 type:B dur:2 cpbdur:2 q:34.92 aq:29.25 tex:9239 mv:5955 misc:1454 imb:257 pmb:330 smb:1453 d:- ref:0 ;
in:5769 out:5771 type:b dur:2 cpbdur:2 q:34.93 aq:29.23 tex:3362 mv:4363 misc:1243 imb:112 pmb:287 smb:1641 d:- ref:0 ;
in:5771 out:5772 type:b dur:2 cpbdur:2 q:34.92 aq:29.40 tex:4795 mv:3952 misc:1301 imb:105 pmb:307 smb:1628 d:- ref:0 ;
in:5773 out:5773 type:P dur:2 cpbdur:2 q:34.90 aq:28.35 tex:13413 mv:5223 misc:1476 imb:622 pmb:202 smb:1216 d:- ref:0 ;
in:5777 out:5774 type:P dur:2 cpbdur:2 q:34.89 aq:27.15 tex:16130 mv:6955 misc:387 imb:1920 pmb:52 smb:68 d:- ref:0 ;
in:5775 out:5775 type:B dur:2 cpbdur:2 q:34.90 aq:27.51 tex:8427 mv:7330 misc:1595 imb:463 pmb:281 smb:1296 d:- ref:0 ;
in:5774 out:5776 type:b dur:2 cpbdur:2 q:34.90 aq:27.95 tex:6388 mv:6193 misc:1619 imb:312 pmb:355 smb:1373 d:- ref:0 ;
in:5776 out:5777 type:b dur:2 cpbdur:2 q:34.89 aq:28.28 tex:5718 mv:4837 misc:1381 imb:255 pmb:256 smb:1529 d:- ref:0 ;
in:5778 out:5778 type:P dur:2 cpbdur:2 q:34.88 aq:27.46 tex:9656 mv:5930 misc:1182 imb:1190 pmb:121 smb:729 d:- ref:0 ;
in:5779 out:5779 type:P dur:2 cpbdur:2 q:34.87 aq:27.88 tex:18656 mv:8529 misc:743 imb:1670 pmb:109 smb:261 d:- ref:0 ;
in:5780 out:5780 type:I dur:2 cpbdur:2 q:32.01 aq:24.75 tex:31921 mv:10192 misc:463 imb:2040 pmb:0 smb:0 d:- ref:;
in:5782 out:5781 type:P dur:2 cpbdur:2 q:34.89 aq:25.59 tex:6400 mv:3699 misc:965 imb:847 pmb:55 smb:1138 d:- ref:0 ;
in:5781 out:5782 type:b dur:2 cpbdur:2 q:34.89 aq:27.91 tex:2293 mv:1618 misc:929 imb:41 pmb:162 smb:1837 d:- ref:0 ;
in:5785 out:5783 type:P dur:2 cpbdur:2 q:34.88 aq:30.35 tex:5269 mv:1489 misc:946 imb:139 pmb:62 smb:1839 d:- ref:0 ;
in:5783 out:5784 type:B dur:2 cpbdur:2 q:34.89 aq:31.32 tex:1662 mv:1373 misc:765 imb:26 pmb:124 smb:1890 d:- ref:0 ;
in:5784 out:5785 type:b dur:2 cpbdur:2 q:34.89 aq:33.28 tex:1226 mv:1075 misc:627 imb:12 pmb:110 smb:1918 d:- ref:0 ;
in:5789 out:5786 type:P dur:2 cpbdur:2 q:34.87 aq:28.61 tex:4882 mv:1354 misc:932 imb:129 pmb:61 smb:1850 d:- ref:0 ;
in:5787 out:5787 type:B dur:2 cpbdur:2 q:34.88 aq:28.42 tex:3022 mv:1063 misc:811 imb:27 pmb:137 smb:1876 d:- ref:0 ;
in:5786 out:5788 type:b dur:2 cpbdur:2 q:34.88 aq:31.99 tex:2101 mv:919 misc:620 imb:13 pmb:108 smb:1919 d:- ref:0 ;
in:5788 out:5789 type:b dur:2 cpbdur:2 q:34.87 aq:33.87 tex:1849 mv:987 misc:596 imb:17 pmb:100 smb:1923 d:- ref:0 ;
in:5790 out:5790 type:P dur:2 cpbdur:2 q:34.84 aq:29.40 tex:3361 mv:1201 misc:814 imb:87 pmb:67 smb:1886 d:- ref:0 ;
in:5792 out:5791 type:P dur:2 cpbdur:2 q:34.83 aq:25.18 tex:3609 mv:1404 misc:931 imb:116 pmb:67 smb:1857 d:- ref:0 ;
in:5791 out:5792 type:b dur:2 cpbdur:2 q:34.83 aq:28.09 tex:1551 mv:1017 misc:600 imb:18 pmb:99 smb:1923 d:- ref:0 ;
in:5793 out:5793 type:P dur:2 cpbdur:2 q:34.81 aq:26.49 tex:3067 mv:1410 misc:899 imb:96 pmb:79 smb:1865 d:- ref:0 ;
in:5796 out:5794 type:P dur:2 cpbdur:2 q:34.80 aq:29.95 tex:4587 mv:1263 misc:806 imb:121 pmb:57 smb:1862 d:- ref:0 ;
in:5794 out:5795 type:B dur:2 cpbdur:2 q:34.80 aq:30.53 tex:1879 mv:1220 misc:669 imb:19 pmb:120 smb:1901 d:- ref:0 ;
in:5795 out:5796 type:b dur:2 cpbdur:2 q:34.80 aq:30.68 tex:2127 mv:1037 misc:628 imb:24 pmb:102 smb:1914 d:- ref:0 ;
in:5797 out:5797 type:P dur:2 cpbdur:2 q:34.77 aq:27.87 tex:3137 mv:1157 misc:754 imb:81 pmb:61 smb:1898 d:- ref:0 ;
in:5798 out:5798 type:P dur:2 cpbdur:2 q:34.76 aq:28.85 tex:3783 mv:1319 misc:874 imb:117 pmb:64 smb:1859 d:- ref:0 ;
in:5802 out:5799 type:P dur:2 cpbdur:2 q:34.75 aq:28.83 tex:4583 mv:1257 misc:976 imb:158 pmb:53 smb:1829 d:- ref:0 ;
in:5800 out:5800 type:B dur:2 cpbdur:2 q:34.75 aq:27.29 tex:2766 mv:1068 misc:822 imb:24 pmb:139 smb:1877 d:- ref:0 ;
in:5799 out:5801 type:b dur:2 cpbdur:2 q:34.76 aq:31.04 tex:2073 mv:983 misc:648 imb:13 pmb:113 smb:1914 d:- ref:0 ;
in:5801 out:5802 type:b dur:2 cpbdur:2 q:34.75 aq:34.17 tex:2088 mv:938 misc:614 imb:13 pmb:98 smb:1929 d:- ref:0 ;
in:5806 out:5803 type:P dur:2 cpbdur:2 q:34.71 aq:26.68 tex:4223 mv:1065 misc:928 imb:113 pmb:55 smb:1872 d:- ref:0 ;
in:5804 out:5804 type:B dur:2 cpbdur:2 q:34.73 aq:29.33 tex:3056 mv:937 misc:799 imb:20 pmb:130 smb:1890 d:- ref:0 ;
in:5803 out:5805 type:b dur:2 cpbdur:2 q:34.74 aq:30.83 tex:1555 mv:910 misc:639 imb:11 pmb:111 smb:1918 d:- ref:0 ;
in:5805 out:5806 type:b dur:2 cpbdur:2 q:34.72 aq:34.10 tex:1698 mv:723 misc:579 imb:8 pmb:94 smb:1938 d:- ref:0 ;
in:5810 out:5807 type:P dur:2 cpbdur:2 q:34.67 aq:28.86 tex:3571 mv:665 misc:724 imb:81 pmb:33 smb:1926 d:- ref:0 ;
in:5808 out:5808 type:B dur:2 cpbdur:2 q:34.69 aq:27.97 tex:2964 mv:1150 misc:966 imb:53 pmb:128 smb:1859 d:- ref:0 ;
in:5807 out:5809 type:b dur:2 cpbdur:2 q:34.70 aq:32.78 tex:1310 mv:750 misc:548 imb:6 pmb:87 smb:1947 d:- ref:0 ;
in:5809 out:5810 type:b dur:2 cpbdur:2 q:34.68 aq:29.34 tex:1489 mv:648 misc:519 imb:8 pmb:76 smb:1956 d:- ref:0 ;
in:5814 out:5811 type:P dur:2 cpbdur:2 q:34.64 aq:27.91 tex:3597 mv:797 misc:846 imb:107 pmb:41 smb:1892 d:- ref:0 ;
in:5812 out:5812 type:B dur:2 cpbdur:2 q:34.66 aq:27.70 tex:2407 mv:535 misc:754 imb:16 pmb:113 smb:1911 d:- ref:0 ;
in:5811 out:5813 type:b dur:2 cpbdur:2 q:34.67 aq:30.37 tex:1729 mv:668 misc:571 imb:9 pmb:93 smb:1938 d:- ref:0 ;
in:5813 out:5814 type:b dur:2 cpbdur:2 q:34.65 aq:30.51 tex:1648 mv:657 misc:535 imb:15 pmb:77 smb:1948 d:- ref:0 ;
in:5816 out:5815 type:P dur:2 cpbdur:2 q:34.60 aq:29.12 tex:3636 mv:730 misc:794 imb:88 pmb:40 smb:1912 d:- ref:0 ;
in:5815 out:5816 type:b dur:2 cpbdur:2 q:34.62 aq:27.36 tex:1344 mv:559 misc:569 imb:10 pmb:87 smb:1943 d:- ref:0 ;
in:5820 out:5817 type:P dur:2 cpbdur:2 q:34.58 aq:29.11 tex:3575 mv:687 misc:786 imb:82 pmb:48 smb:1910 d:- ref:0 ;
in:5818 out:5818 type:B dur:2 cpbdur:2 q:34.59 aq:29.48 tex:2486 mv:483 misc:695 imb:10 pmb:121 smb:1909 d:- ref:0 ;
in:5817 out:5819 type:b dur:2 cpbdur:2 q:34.60 aq:30.36 tex:1579 mv:632 misc:541 imb:13 pmb:83 smb:1944 d:- ref:0 ;
in:5819 out:5820 type:b dur:2 cpbdur:2 q:34.59 aq:31.06 tex:1696 mv:572 misc:532 imb:11 pmb:80 smb:1949 d:- ref:0 ;
in:5824 out:5821 type:P dur:2 cpbdur:2 q:34.54 aq:27.43 tex:3620 mv:697 misc:835 imb:94 pmb:38 smb:1908 d:- ref:0 ;
in:5822 out:5822 type:B dur:2 cpbdur:2 q:34.56 aq:31.10 tex:2449 mv:595 misc:724 imb:23 pmb:110 smb:1907 d:- ref:0 ;
in:5821 out:5823 type:b dur:2 cpbdur:2 q:34.57 aq:31.92 tex:1618 mv:485 misc:529 imb:11 pmb:78 smb:1951 d:- ref:0 ;
in:5823 out:5824 type:b dur:2 cpbdur:2 q:34.55 aq:33.75 tex:1753 mv:526 misc:529 imb:14 pmb:73 smb:1953 d:- ref:0 ;
in:5828 out:5825 type:P dur:2 cpbdur:2 q:34.51 aq:26.82 tex:3501 mv:619 misc:760 imb:84 pmb:34 smb:1922 d:- ref:0 ;
in:5826 out:5826 type:B dur:2 cpbdur:2 q:34.53 aq:28.18 tex:2397 mv:629 misc:710 imb:25 pmb:100 smb:1915 d:- ref:0 ;
in:5825 out:5827 type:b dur:2 cpbdur:2 q:34.54 aq:31.11 tex:1537 mv:558 misc:513 imb:16 pmb:71 smb:1953 d:- ref:0 ;
in:5827 out:5828 type:b dur:2 cpbdur:2 q:34.52 aq:32.33 tex:1653 mv:518 misc:509 imb:14 pmb:79 smb:1947 d:- ref:0 ;
in:5830 out:5829 type:P dur:2 cpbdur:2 q:34.47 aq:25.98 tex:3265 mv:587 misc:684 imb:80 pmb:30 smb:1930 d:- ref:0 ;
in:5829 out:5830 type:b dur:2 cpbdur:2 q:34.49 aq:30.92 tex:1271 mv:497 misc:480 imb:6 pmb:75 smb:1959 d:- ref:0 ;
in:5834 out:5831 type:P dur:2 cpbdur:2 q:34.45 aq:27.26 tex:11927 mv:1589 misc:820 imb:199 pmb:63 smb:1778 d:- ref:0 ;
in:5832 out:5832 type:B dur:2 cpbdur:2 q:34.46 aq:25.57 tex:4213 mv:1487 misc:1060 imb:86 pmb:166 smb:1788 d:- ref:0 ;
in:5831 out:5833 type:b dur:2 cpbdur:2 q:34.46 aq:32.02 tex:1283 mv:646 misc:575 imb:17 pmb:86 smb:1937 d:- ref:0 ;
in:5833 out:5834 type:b dur:2 cpbdur:2 q:34.45 aq:31.01 tex:1951 mv:1206 misc:603 imb:19 pmb:112 smb:1909 d:- ref:0 ;
in:5835 out:5835 type:P dur:2 cpbdur:2 q:34.41 aq:26.92 tex:6888 mv:1963 misc:757 imb:87 pmb:156 smb:1797 d:- ref:0 ;
in:5837 out:5836 type:P dur:2 cpbdur:2 q:34.41 aq:26.42 tex:15140 mv:4299 misc:945 imb:421 pmb:182 smb:1437 d:- ref:0 ;
in:5836 out:5837 type:b dur:2 cpbdur:2 q:34.41 aq:29.96 tex:2891 mv:2307 misc:762 imb:41 pmb:171 smb:1828 d:- ref:0 ;
in:5840 out:5838 type:P dur:2 cpbdur:2 q:34.39 aq:26.79 tex:21091 mv:5969 misc:812 imb:645 pmb:185 smb:1210 d:- ref:0 ;
in:5838 out:5839 type:B dur:2 cpbdur:2 q:34.40 aq:26.77 tex:4736 mv:3308 misc:876 imb:42 pmb:269 smb:1729 d:- ref:0 ;
in:5839 out:5840 type:b dur:2 cpbdur:2 q:34.40 aq:27.42 tex:3294 mv:2580 misc:814 imb:25 pmb:216 smb:1799 d:- ref:0 ;
in:5844 out:5841 type:P dur:2 cpbdur:2 q:34.37 aq:26.34 tex:26642 mv:7483 misc:979 imb:641 pmb:278 smb:1121 d:- ref:0 ;
in:5842 out:5842 type:B dur:2 cpbdur:2 q:34.38 aq:30.15 tex:6247 mv:4537 misc:1136 imb:63 pmb:350 smb:1627 d:- ref:0 ;
in:5841 out:5843 type:b dur:2 cpbdur:2 q:34.39 aq:27.85 tex:2203 mv:2445 misc:856 imb:25 pmb:208 smb:1807 d:- ref:0 ;
in:5843 out:5844 type:b dur:2 cpbdur:2 q:34.38 aq:28.79 tex:2059 mv:2453 misc:920 imb:17 pmb:214 smb:1809 d:- ref:0 ;
in:5846 out:5845 type:P dur:2 cpbdur:2 q:34.36 aq:27.65 tex:16933 mv:6652 misc:1303 imb:374 pmb:425 smb:1241 d:- ref:0 ;
in:5845 out:5846 type:b dur:2 cpbdur:2 q:34.36 aq:29.34 tex:1815 mv:2440 misc:881 imb:31 pmb:194 smb:1815 d:- ref:0 ;
in:5848 out:5847 type:P dur:2 cpbdur:2 q:34.35 aq:28.88 tex:17295 mv:6944 misc:1217 imb:397 pmb:434 smb:1209 d:- ref:0 ;
in:5847 out:5848 type:b dur:2 cpbdur:2 q:34.36 aq:30.77 tex:1713 mv:2422 misc:945 imb:13 pmb:233 smb:1794 d:- ref:0 ;
in:5850 out:5849 type:P dur:2 cpbdur:2 q:34.35 aq:28.95 tex:13887 mv:6104 misc:1337 imb:339 pmb:416 smb:1285 d:- ref:0 ;
in:5849 out:5850 type:b dur:2 cpbdur:2 q:34.35 aq:29.84 tex:2415 mv:2690 misc:1103 imb:29 pmb:267 smb:1744 d:- ref:0 ;
in:5854 out:5851 type:P dur:2 cpbdur:2 q:34.34 aq:28.73 tex:43046 mv:11856 misc:658 imb:1463 pmb:262 smb:315 d:- ref:0 ;
in:5852 out:5852 type:B dur:2 cpbdur:2 q:34.34 aq:29.02 tex:12531 mv:9762 misc:1683 imb:366 pmb:604 smb:1070 d:- ref:0 ;
in:5851 out:5853 type:b dur:2 cpbdur:2 q:34.34 aq:30.53 tex:3253 mv:2927 misc:1300 imb:42 pmb:310 smb:1688 d:- ref:0 ;
in:5853 out:5854 type:b dur:2 cpbdur:2 q:34.34 aq:28.92 tex:4627 mv:3909 misc:1448 imb:132 pmb:310 smb:1598 d:- ref:0 ;
in:5857 out:5855 type:P dur:2 cpbdur:2 q:34.32 aq:26.92 tex:93356 mv:12692 misc:432 imb:1763 pmb:234 smb:43 d:- ref:0 w:6,71,1,6,105,-84,64,0 ;
in:5855 out:5856 type:B dur:2 cpbdur:2 q:34.33 aq:29.13 tex:6345 mv:2588 misc:1387 imb:71 pmb:326 smb:1643 d:- ref:0 ;
in:5856 out:5857 type:b dur:2 cpbdur:2 q:34.33 aq:28.16 tex:5151 mv:3162 misc:1471 imb:116 pmb:315 smb:1609 d:- ref:0 ;
in:5859 out:5858 type:P dur:2 cpbdur:2 q:34.34 aq:25.47 tex:37755 mv:9878 misc:1351 imb:1007 pmb:595 smb:438 d:- ref:0 w:5,35,-2,3,9,-17,9,-15 ;
in:5858 out:5859 type:b dur:2 cpbdur:2 q:34.33 aq:25.33 tex:1699 mv:1470 misc:1143 imb:37 pmb:222 smb:1781 d:- ref:0 ;
in:5861 out:5860 type:P dur:2 cpbdur:2 q:34.33 aq:23.70 tex:23962 mv:7801 misc:1813 imb:715 pmb:558 smb:767 d:- ref:0 w:6,65,0,5,33,-4,33,-4 ;
in:5860 out:5861 type:b dur:2 cpbdur:2 q:34.34 aq:21.85 tex:555 mv:495 misc:574 imb:18 pmb:63 smb:1959 d:- ref:0 ;
in:5863 out:5862 type:P dur:2 cpbdur:2 q:34.35 aq:23.67 tex:25154 mv:5812 misc:1314 imb:402 pmb:509 smb:1129 d:- ref:0 ;
in:5862 out:5863 type:b dur:2 cpbdur:2 q:34.34 aq:22.45 tex:250 mv:134 misc:336 imb:2 pmb:25 smb:2013 d:- ref:0 ;
in:5865 out:5864 type:P dur:2 cpbdur:2 q:34.35 aq:24.09 tex:11019 mv:1676 misc:1345 imb:42 pmb:323 smb:1675 d:- ref:0 ;
in:5864 out:5865 type:b dur:2 cpbdur:2 q:34.35 aq:23.63 tex:114 mv:31 misc:231 imb:0 pmb:9 smb:2031 d:- ref:0 ;
in:5867 out:5866 type:P dur:2 cpbdur:2 q:34.35 aq:24.63 tex:13452 mv:1776 misc:1300 imb:53 pmb:324 smb:1663 d:- ref:0 ;
in:5866 out:5867 type:b dur:2 cpbdur:2 q:34.35 aq:19.62 tex:91 mv:33 misc:228 imb:1 pmb:8 smb:2031 d:- ref:0 ;
in:5869 out:5868 type:P dur:2 cpbdur:2 q:34.33 aq:25.34 tex:9679 mv:1444 misc:1189 imb:29 pmb:289 smb:1722 d:- ref:0 ;
in:5868 out:5869 type:b dur:2 cpbdur:2 q:34.34 aq:19.79 tex:75 mv:21 misc:224 imb:0 pmb:8 smb:2032 d:- ref:0 ;
in:5871 out:5870 type:P dur:2 cpbdur:2 q:34.32 aq:24.25 tex:13657 mv:1516 misc:1211 imb:36 pmb:325 smb:1679 d:- ref:0 ;
in:5870 out:5871 type:b dur:2 cpbdur:2 q:34.33 aq:19.60 tex:46 mv:13 misc:197 imb:0 pmb:4 smb:2036 d:- ref:0 ;
in:5873 out:5872 type:P dur:2 cpbdur:2 q:34.30 aq:24.74 tex:9259 mv:1293 misc:1176 imb:38 pmb:258 smb:1744 d:- ref:0 ;
in:5872 out:5873 type:b dur:2 cpbdur:2 q:34.31 aq:20.84 tex:91 mv:21 misc:216 imb:0 pmb:7 smb:2033 d:- ref:0 ;
in:5875 out:5874 type:P dur:2 cpbdur:2 q:34.28 aq:25.17 tex:13159 mv:1605 misc:1212 imb:40 pmb:322 smb:1678 d:- ref:0 ;
in:5874 out:5875 type:b dur:2 cpbdur:2 q:34.29 aq:21.67 tex:62 mv:17 misc:201 imb:0 pmb:6 smb:2034 d:- ref:0 ;
in:5877 out:5876 type:P dur:2 cpbdur:2 q:34.27 aq:25.23 tex:11880 mv:1471 misc:1161 imb:28 pmb:271 smb:1741 d:- ref:0 ;
in:5876 out:5877 type:b dur:2 cpbdur:2 q:34.27 aq:21.67 tex:42 mv:10 misc:188 imb:0 pmb:3 smb:2037 d:- ref:0 ;
in:5879 out:5878 type:P dur:2 cpbdur:2 q:34.25 aq:25.43 tex:18497 mv:1579 misc:1156 imb:43 pmb:313 smb:1684 d:- ref:0 ;
in:5878 out:5879 type:b dur:2 cpbdur:2 q:34.26 aq:21.67 tex:49 mv:28 misc:211 imb:1 pmb:5 smb:2034 d:- ref:0 ;
in:5880 out:5880 type:P dur:2 cpbdur:2 q:34.23 aq:24.74 tex:13976 mv:1782 misc:1266 imb:43 pmb:335 smb:1662 d:- ref:0 ;
in:5881 out:5881 type:P dur:2 cpbdur:2 q:34.23 aq:25.63 tex:9453 mv:881 misc:986 imb:24 pmb:199 smb:1817 d:- ref:0 ;
in:5883 out:5882 type:P dur:2 cpbdur:2 q:34.22 aq:23.78 tex:13737 mv:2031 misc:1280 imb:45 pmb:361 smb:1634 d:- ref:0 ;
in:5882 out:5883 type:b dur:2 cpbdur:2 q:34.22 aq:27.47 tex:83 mv:225 misc:436 imb:3 pmb:76 smb:1961 d:- ref:0 ;
in:5885 out:5884 type:P dur:2 cpbdur:2 q:34.21 aq:25.49 tex:13597 mv:1589 misc:1230 imb:44 pmb:312 smb:1684 d:- ref:0 ;
in:5884 out:5885 type:b dur:2 cpbdur:2 q:34.22 aq:25.15 tex:72 mv:13 misc:195 imb:0 pmb:4 smb:2036 d:- ref:0 ;
in:5887 out:5886 type:P dur:2 cpbdur:2 q:34.20 aq:24.15 tex:9045 mv:1512 misc:1283 imb:45 pmb:272 smb:1723 d:- ref:0 ;
in:5886 out:5887 type:b dur:2 cpbdur:2 q:34.20 aq:19.85 tex:81 mv:21 misc:218 imb:0 pmb:7 smb:2033 d:- ref:0 ;
in:5889 out:5888 type:P dur:2 cpbdur:2 q:34.18 aq:24.56 tex:10460 mv:1626 misc:1250 imb:44 pmb:291 smb:1705 d:- ref:0 ;
in:5888 out:5889 type:b dur:2 cpbdur:2 q:34.19 aq:21.91 tex:40 mv:18 misc:190 imb:0 pmb:3 smb:2037 d:- ref:0 ;
in:5891 out:5890 type:P dur:2 cpbdur:2 q:34.17 aq:24.40 tex:7629 mv:1570 misc:1193 imb:37 pmb:252 smb:1751 d:- ref:0 ;
in:5890 out:5891 type:b dur:2 cpbdur:2 q:34.17 aq:24.17 tex:52 mv:23 misc:197 imb:1 pmb:3 smb:2036 d:- ref:0 ;
in:5893 out:5892 type:P dur:2 cpbdur:2 q:34.15 aq:25.38 tex:9252 mv:1425 misc:1155 imb:39 pmb:267 smb:1734 d:- ref:0 ;
in:5892 out:5893 type:b dur:2 cpbdur:2 q:34.16 aq:23.34 tex:105 mv:17 misc:214 imb:0 pmb:7 smb:2033 d:- ref:0 ;
in:5895 out:5894 type:P dur:2 cpbdur:2 q:34.13 aq:24.77 tex:6712 mv:1346 misc:1150 imb:31 pmb:234 smb:1775 d:- ref:0 ;
in:5894 out:5895 type:b dur:2 cpbdur:2 q:34.14 aq:23.77 tex:67 mv:27 misc:210 imb:0 pmb:6 smb:2034 d:- ref:0 ;
in:5897 out:5896 type:P dur:2 cpbdur:2 q:34.11 aq:25.81 tex:6994 mv:1541 misc:1153 imb:29 pmb:273 smb:1738 d:- ref:0 ;
in:5896 out:5897 type:b dur:2 cpbdur:2 q:34.12 aq:21.79 tex:53 mv:16 misc:203 imb:0 pmb:5 smb:2035 d:- ref:0 ;
in:5899 out:5898 type:P dur:2 cpbdur:2 q:34.09 aq:28.71 tex:5766 mv:1149 misc:965 imb:23 pmb:204 smb:1813 d:- ref:0 ;
in:5898 out:5899 type:b dur:2 cpbdur:2 q:34.10 aq:25.28 tex:57 mv:11 misc:188 imb:0 pmb:3 smb:2037 d:- ref:0 ;
in:5901 out:5900 type:P dur:2 cpbdur:2 q:34.07 aq:27.17 tex:6313 mv:1069 misc:874 imb:16 pmb:206 smb:1818 d:- ref:0 ;
in:5900 out:5901 type:b dur:2 cpbdur:2 q:34.08 aq:22.18 tex:76 mv:45 misc:239 imb:0 pmb:10 smb:2030 d:- ref:0 ;
in:5905 out:5902 type:P dur:2 cpbdur:2 q:34.06 aq:27.43 tex:15321 mv:2807 misc:1544 imb:215 pmb:269 smb:1556 d:- ref:0 w:7,123,0,7,124,4,123,5 ;
in:5903 out:5903 type:B dur:2 cpbdur:2 q:34.07 aq:22.22 tex:2345 mv:2808 misc:1487 imb:79 pmb:313 smb:1648 d:- ref:0 ;
in:5902 out:5904 type:b dur:2 cpbdur:2 q:34.07 aq:21.56 tex:271 mv:401 misc:472 imb:8 pmb:42 smb:1990 d:- ref:0 ;
in:5904 out:5905 type:b dur:2 cpbdur:2 q:34.06 aq:23.51 tex:565 mv:483 misc:568 imb:24 pmb:66 smb:1950 d:- ref:0 ;
in:5906 out:5906 type:P dur:2 cpbdur:2 q:34.02 aq:27.56 tex:23964 mv:2979 misc:1585 imb:181 pmb:343 smb:1516 d:- ref:0 w:7,127,0,7,125,3,125,3 ;
in:5907 out:5907 type:P dur:2 cpbdur:2 q:34.02 aq:27.38 tex:32422 mv:5351 misc:1755 imb:454 pmb:419 smb:1167 d:- ref:0 ;
in:5911 out:5908 type:P dur:2 cpbdur:2 q:34.02 aq:28.25 tex:87258 mv:11973 misc:585 imb:1575 pmb:314 smb:151 d:- ref:0 ;
in:5909 out:5909 type:B dur:2 cpbdur:2 q:34.02 aq:27.75 tex:11493 mv:6012 misc:1623 imb:213 pmb:445 smb:1382 d:- ref:0 ;
in:5908 out:5910 type:b dur:2 cpbdur:2 q:34.02 aq:25.78 tex:1279 mv:867 misc:718 imb:22 pmb:90 smb:1928 d:- ref:0 ;
in:5910 out:5911 type:b dur:2 cpbdur:2 q:34.02 aq:28.24 tex:3162 mv:1761 misc:1053 imb:51 pmb:176 smb:1813 d:- ref:0 ;
in:5915 out:5912 type:P dur:2 cpbdur:2 q:34.01 aq:27.11 tex:72023 mv:11803 misc:574 imb:1589 pmb:331 smb:120 d:- ref:0 ;
in:5913 out:5913 type:B dur:2 cpbdur:2 q:34.01 aq:27.68 tex:23331 mv:10225 misc:1804 imb:393 pmb:614 smb:1033 d:- ref:0 ;
in:5912 out:5914 type:b dur:2 cpbdur:2 q:34.02 aq:27.63 tex:4387 mv:2964 misc:1273 imb:60 pmb:246 smb:1734 d:- ref:0 ;
in:5914 out:5915 type:b dur:2 cpbdur:2 q:34.01 aq:27.04 tex:3791 mv:3362 misc:1327 imb:77 pmb:247 smb:1716 d:- ref:0 ;
in:5919 out:5916 type:P dur:2 cpbdur:2 q:34.04 aq:25.37 tex:56457 mv:10158 misc:833 imb:1510 pmb:324 smb:206 d:- ref:0 ;
in:5917 out:5917 type:B dur:2 cpbdur:2 q:34.02 aq:26.00 tex:11004 mv:6874 misc:1850 imb:165 pmb:512 smb:1363 d:- ref:0 ;
in:5916 out:5918 type:b dur:2 cpbdur:2 q:34.01 aq:25.29 tex:2702 mv:2872 misc:1322 imb:73 pmb:271 smb:1696 d:- ref:0 ;
in:5918 out:5919 type:b dur:2 cpbdur:2 q:34.03 aq:25.40 tex:2338 mv:2133 misc:1241 imb:43 pmb:249 smb:1748 d:- ref:0 ;
in:5923 out:5920 type:P dur:2 cpbdur:2 q:34.06 aq:24.52 tex:37403 mv:7886 misc:1575 imb:916 pmb:444 smb:680 d:- ref:0 ;
in:5921 out:5921 type:B dur:2 cpbdur:2 q:34.05 aq:24.64 tex:5624 mv:3780 misc:1612 imb:79 pmb:420 smb:1541 d:- ref:0 ;
in:5920 out:5922 type:b dur:2 cpbdur:2 q:34.04 aq:24.86 tex:1940 mv:1362 misc:1090 imb:33 pmb:210 smb:1797 d:- ref:0 ;
in:5922 out:5923 type:b dur:2 cpbdur:2 q:34.06 aq:22.89 tex:1428 mv:1077 misc:1023 imb:26 pmb:200 smb:1814 d:- ref:0 ;
in:5927 out:5924 type:P dur:2 cpbdur:2 q:34.06 aq:23.78 tex:27231 mv:6567 misc:1618 imb:767 pmb:389 smb:884 d:- ref:0 ;
in:5925 out:5925 type:B dur:2 cpbdur:2 q:34.06 aq:24.19 tex:4469 mv:2527 misc:1404 imb:65 pmb:335 smb:1640 d:- ref:0 ;
in:5924 out:5926 type:b dur:2 cpbdur:2 q:34.06 aq:23.14 tex:1488 mv:982 misc:1082 imb:34 pmb:199 smb:1807 d:- ref:0 ;
in:5926 out:5927 type:b dur:2 cpbdur:2 q:34.06 aq:22.39 tex:1282 mv:662 misc:928 imb:23 pmb:201 smb:1816 d:- ref:0 ;
in:5931 out:5928 type:P dur:2 cpbdur:2 q:34.04 aq:22.95 tex:32120 mv:5653 misc:1755 imb:651 pmb:316 smb:1073 d:- ref:0 ;
in:5929 out:5929 type:B dur:2 cpbdur:2 q:34.05 aq:22.48 tex:3754 mv:1706 misc:1140 imb:45 pmb:224 smb:1771 d:- ref:0 ;
in:5928 out:5930 type:b dur:2 cpbdur:2 q:34.06 aq:22.54 tex:818 mv:700 misc:658 imb:15 pmb:102 smb:1923 d:- ref:0 ;
in:5930 out:5931 type:b dur:2 cpbdur:2 q:34.05 aq:23.11 tex:720 mv:541 misc:619 imb:19 pmb:69 smb:1952 d:- ref:0 ;
in:5935 out:5932 type:P dur:2 cpbdur:2 q:34.02 aq:22.90 tex:32717 mv:5993 misc:1690 imb:591 pmb:387 smb:1062 d:- ref:0 ;
in:5933 out:5933 type:B dur:2 cpbdur:2 q:34.03 aq:23.46 tex:3648 mv:1381 misc:1083 imb:56 pmb:183 smb:1801 d:- ref:0 ;
in:5932 out:5934 type:b dur:2 cpbdur:2 q:34.03 aq:23.25 tex:977 mv:706 misc:693 imb:14 pmb:106 smb:1920 d:- ref:0 ;
in:5934 out:5935 type:b dur:2 cpbdur:2 q:34.02 aq:22.74 tex:775 mv:569 misc:616 imb:8 pmb:92 smb:1940 d:- ref:0 ;
in:5939 out:5936 type:P dur:2 cpbdur:2 q:33.99 aq:23.24 tex:33691 mv:4619 misc:1698 imb:371 pmb:349 smb:1320 d:- ref:0 ;
in:5937 out:5937 type:B dur:2 cpbdur:2 q:34.00 aq:23.75 tex:2142 mv:1163 misc:1023 imb:23 pmb:178 smb:1839 d:- ref:0 ;
in:5936 out:5938 type:b dur:2 cpbdur:2 q:34.01 aq:22.44 tex:583 mv:452 misc:509 imb:6 pmb:64 smb:1970 d:- ref:0 ;
in:5938 out:5939 type:b dur:2 cpbdur:2 q:34.00 aq:22.29 tex:897 mv:531 misc:556 imb:11 pmb:70 smb:1959 d:- ref:0 ;
in:5943 out:5940 type:P dur:2 cpbdur:2 q:33.97 aq:23.99 tex:34605 mv:4482 misc:1649 imb:338 pmb:388 smb:1314 d:- ref:0 ;
in:5941 out:5941 type:B dur:2 cpbdur:2 q:33.98 aq:23.67 tex:2607 mv:1330 misc:1015 imb:46 pmb:164 smb:1830 d:- ref:0 ;
in:5940 out:5942 type:b dur:2 cpbdur:2 q:33.99 aq:22.90 tex:490 mv:535 misc:575 imb:9 pmb:77 smb:1954 d:- ref:0 ;
in:5942 out:5943 type:b dur:2 cpbdur:2 q:33.98 aq:21.22 tex:535 mv:486 misc:515 imb:12 pmb:58 smb:1970 d:- ref:0 ;
in:5947 out:5944 type:P dur:2 cpbdur:2 q:33.95 aq:24.10 tex:33493 mv:3114 misc:1369 imb:173 pmb:353 smb:1514 d:- ref:0 ;
in:5945 out:5945 type:B dur:2 cpbdur:2 q:33.96 aq:25.87 tex:2864 mv:1137 misc:879 imb:33 pmb:131 smb:1876 d:- ref:0 ;
in:5944 out:5946 type:b dur:2 cpbdur:2 q:33.97 aq:21.30 tex:948 mv:435 misc:537 imb:15 pmb:62 smb:1963 d:- ref:0 ;
in:5946 out:5947 type:b dur:2 cpbdur:2 q:33.95 aq:20.31 tex:407 mv:356 misc:421 imb:7 pmb:42 smb:1991 d:- ref:0 ;
in:5948 out:5948 type:P dur:2 cpbdur:2 q:33.92 aq:25.35 tex:16099 mv:1603 misc:1194 imb:98 pmb:238 smb:1704 d:- ref:0 ;
in:5949 out:5949 type:P dur:2 cpbdur:2 q:33.92 aq:23.87 tex:19502 mv:1711 misc:1283 imb:79 pmb:297 smb:1664 d:- ref:0 ;
in:5953 out:5950 type:P dur:2 cpbdur:2 q:33.92 aq:25.57 tex:35473 mv:2990 misc:1217 imb:153 pmb:353 smb:1534 d:- ref:0 ;
in:5951 out:5951 type:B dur:2 cpbdur:2 q:33.92 aq:23.91 tex:2832 mv:1125 misc:875 imb:39 pmb:130 smb:1871 d:- ref:0 ;
in:5950 out:5952 type:b dur:2 cpbdur:2 q:33.92 aq:21.14 tex:401 mv:353 misc:462 imb:2 pmb:55 smb:1983 d:- ref:0 ;
in:5952 out:5953 type:b dur:2 cpbdur:2 q:33.92 aq:22.53 tex:442 mv:440 misc:462 imb:12 pmb:52 smb:1976 d:- ref:0 ;
in:5954 out:5954 type:P dur:2 cpbdur:2 q:33.90 aq:23.08 tex:22419 mv:3025 misc:1772 imb:284 pmb:372 smb:1384 d:- ref:0 w:0,1,1 ;
in:5955 out:5955 type:P dur:2 cpbdur:2 q:33.90 aq:24.95 tex:21551 mv:2122 misc:1423 imb:137 pmb:321 smb:1582 d:- ref:0 ;
in:5959 out:5956 type:P dur:2 cpbdur:2 q:33.90 aq:25.42 tex:39242 mv:3805 misc:1409 imb:215 pmb:401 smb:1424 d:- ref:0 ;
in:5957 out:5957 type:B dur:2 cpbdur:2 q:33.90 aq:24.15 tex:1891 mv:904 misc:749 imb:21 pmb:108 smb:1911 d:- ref:0 ;
in:5956 out:5958 type:b dur:2 cpbdur:2 q:33.90 aq:22.07 tex:745 mv:304 misc:375 imb:7 pmb:40 smb:1993 d:- ref:0 ;
in:5958 out:5959 type:b dur:2 cpbdur:2 q:33.90 aq:23.25 tex:935 mv:335 misc:338 imb:8 pmb:38 smb:1994 d:- ref:0 ;
in:5963 out:5960 type:P dur:2 cpbdur:2 q:33.87 aq:25.44 tex:32679 mv:3109 misc:1332 imb:134 pmb:389 smb:1517 d:- ref:0 ;
in:5961 out:5961 type:B dur:2 cpbdur:2 q:33.89 aq:22.37 tex:1696 mv:829 misc:699 imb:20 pmb:96 smb:1924 d:- ref:0 ;
in:5960 out:5962 type:b dur:2 cpbdur:2 q:33.89 aq:21.98 tex:436 mv:357 misc:391 imb:12 pmb:37 smb:1991 d:- ref:0 ;
in:5962 out:5963 type:b dur:2 cpbdur:2 q:33.88 aq:24.08 tex:456 mv:323 misc:413 imb:6 pmb:49 smb:1985 d:- ref:0 ;
in:5964 out:5964 type:P dur:2 cpbdur:2 q:33.86 aq:26.73 tex:18499 mv:1552 misc:1285 imb:82 pmb:296 smb:1662 d:- ref:0 ;
in:5965 out:5965 type:P dur:2 cpbdur:2 q:33.85 aq:26.36 tex:19450 mv:1332 misc:1162 imb:59 pmb:282 smb:1699 d:- ref:0 ;
in:5966 out:5966 type:P dur:2 cpbdur:2 q:33.85 aq:26.64 tex:19574 mv:1445 misc:1181 imb:67 pmb:294 smb:1679 d:- ref:0 ;
in:5967 out:5967 type:P dur:2 cpbdur:2 q:33.85 aq:26.89 tex:19755 mv:1369 misc:1164 imb:48 pmb:309 smb:1683 d:- ref:0 ;
in:5968 out:5968 type:P dur:2 cpbdur:2 q:33.85 aq:25.81 tex:21242 mv:1618 misc:1196 imb:78 pmb:295 smb:1667 d:- ref:0 ;
in:5969 out:5969 type:P dur:2 cpbdur:2 q:33.85 aq:26.64 tex:22055 mv:1910 misc:1323 imb:92 pmb:331 smb:1617 d:- ref:0 ;
in:5970 out:5970 type:P dur:2 cpbdur:2 q:33.85 aq:26.32 tex:22726 mv:1810 misc:1184 imb:86 pmb:346 smb:1608 d:- ref:0 ;
in:5971 out:5971 type:P dur:2 cpbdur:2 q:33.85 aq:26.35 tex:22002 mv:1829 misc:1329 imb:80 pmb:338 smb:1622 d:- ref:0 ;
in:5972 out:5972 type:P dur:2 cpbdur:2 q:33.84 aq:26.20 tex:21079 mv:1722 misc:1255 imb:74 pmb:343 smb:1623 d:- ref:0 ;
in:5973 out:5973 type:P dur:2 cpbdur:2 q:33.84 aq:25.93 tex:21330 mv:1759 misc:1327 imb:79 pmb:341 smb:1620 d:- ref:0 ;
in:5974 out:5974 type:P dur:2 cpbdur:2 q:33.84 aq:25.88 tex:19872 mv:1715 misc:1277 imb:65 pmb:344 smb:1631 d:- ref:0 ;
in:5975 out:5975 type:P dur:2 cpbdur:2 q:33.84 aq:24.83 tex:20602 mv:1624 misc:1342 imb:62 pmb:339 smb:1639 d:- ref:0 ;
in:5976 out:5976 type:P dur:2 cpbdur:2 q:33.84 aq:25.81 tex:21808 mv:1635 misc:1317 imb:48 pmb:363 smb:1629 d:- ref:0 ;
in:5977 out:5977 type:P dur:2 cpbdur:2 q:33.84 aq:26.24 tex:20818 mv:1375 misc:1119 imb:42 pmb:304 smb:1694 d:- ref:0 ;
in:5978 out:5978 type:P dur:2 cpbdur:2 q:33.84 aq:25.29 tex:21497 mv:1464 misc:1319 imb:52 pmb:329 smb:1659 d:- ref:0 ;
in:5979 out:5979 type:P dur:2 cpbdur:2 q:33.84 aq:25.56 tex:21800 mv:1330 misc:1190 imb:34 pmb:336 smb:1670 d:- ref:0 ;
in:5980 out:5980 type:P dur:2 cpbdur:2 q:33.84 aq:24.58 tex:23162 mv:1540 misc:1218 imb:40 pmb:360 smb:1640 d:- ref:0 ;
in:5981 out:5981 type:P dur:2 cpbdur:2 q:33.84 aq:24.16 tex:23978 mv:1543 misc:1271 imb:57 pmb:343 smb:1640 d:- ref:0 ;
in:5982 out:5982 type:P dur:2 cpbdur:2 q:33.84 aq:24.91 tex:24760 mv:1816 misc:1408 imb:86 pmb:368 smb:1586 d:- ref:0 ;
in:5986 out:5983 type:P dur:2 cpbdur:2 q:33.84 aq:24.66 tex:45464 mv:3786 misc:1502 imb:175 pmb:512 smb:1353 d:- ref:0 ;
in:5984 out:5984 type:B dur:2 cpbdur:2 q:33.84 aq:24.76 tex:1481 mv:568 misc:703 imb:8 pmb:104 smb:1928 d:- ref:0 ;
in:5983 out:5985 type:b dur:2 cpbdur:2 q:33.84 aq:22.07 tex:249 mv:183 misc:368 imb:1 pmb:31 smb:2008 d:- ref:0 ;
in:5985 out:5986 type:b dur:2 cpbdur:2 q:33.84 aq:19.27 tex:249 mv:173 misc:354 imb:2 pmb:32 smb:2006 d:- ref:0 ;
in:5990 out:5987 type:P dur:2 cpbdur:2 q:33.83 aq:25.29 tex:42380 mv:3299 misc:1545 imb:134 pmb:494 smb:1412 d:- ref:0 ;
in:5988 out:5988 type:B dur:2 cpbdur:2 q:33.84 aq:24.66 tex:986 mv:446 misc:608 imb:7 pmb:75 smb:1958 d:- ref:0 ;
in:5987 out:5989 type:b dur:2 cpbdur:2 q:33.84 aq:25.54 tex:249 mv:125 misc:290 imb:1 pmb:18 smb:2021 d:- ref:0 ;
in:5989 out:5990 type:b dur:2 cpbdur:2 q:33.83 aq:20.28 tex:196 mv:123 misc:297 imb:2 pmb:18 smb:2020 d:- ref:0 ;
in:5994 out:5991 type:P dur:2 cpbdur:2 q:33.82 aq:25.43 tex:39539 mv:3121 misc:1444 imb:117 pmb:455 smb:1468 d:- ref:0 ;
in:5992 out:5992 type:B dur:2 cpbdur:2 q:33.82 aq:25.55 tex:1144 mv:574 misc:634 imb:11 pmb:73 smb:1956 d:- ref:0 ;
in:5991 out:5993 type:b dur:2 cpbdur:2 q:33.83 aq:21.27 tex:265 mv:241 misc:342 imb:3 pmb:28 smb:2009 d:- ref:0 ;
in:5993 out:5994 type:b dur:2 cpbdur:2 q:33.82 aq:19.71 tex:216 mv:164 misc:308 imb:0 pmb:24 smb:2016 d:- ref:0 ;
in:5995 out:5995 type:P dur:2 cpbdur:2 q:33.80 aq:25.90 tex:20011 mv:1271 misc:1278 imb:53 pmb:331 smb:1656 d:- ref:0 ;
in:5996 out:5996 type:P dur:2 cpbdur:2 q:33.80 aq:25.16 tex:22247 mv:1596 misc:1301 imb:63 pmb:349 smb:1628 d:- ref:0 ;
in:5997 out:5997 type:P dur:2 cpbdur:2 q:33.80 aq:24.42 tex:22802 mv:1661 misc:1353 imb:66 pmb:365 smb:1609 d:- ref:0 ;
in:6001 out:5998 type:P dur:2 cpbdur:2 q:33.80 aq:25.23 tex:44051 mv:3638 misc:1495 imb:156 pmb:504 smb:1380 d:- ref:0 ;
in:5999 out:5999 type:B dur:2 cpbdur:2 q:33.80 aq:25.72 tex:1600 mv:610 misc:726 imb:20 pmb:102 smb:1918 d:- ref:0 ;
in:5998 out:6000 type:b dur:2 cpbdur:2 q:33.80 aq:22.61 tex:210 mv:212 misc:378 imb:4 pmb:35 smb:2001 d:- ref:0 ;
in:6000 out:6001 type:b dur:2 cpbdur:2 q:33.80 aq:19.94 tex:314 mv:248 misc:374 imb:2 pmb:39 smb:1999 d:- ref:0 ;
in:6005 out:6002 type:P dur:2 cpbdur:2 q:33.77 aq:25.54 tex:39306 mv:3316 misc:1434 imb:148 pmb:461 smb:1431 d:- ref:0 ;
in:6003 out:6003 type:B dur:2 cpbdur:2 q:33.79 aq:25.50 tex:1391 mv:668 misc:725 imb:15 pmb:108 smb:1917 d:- ref:0 ;
in:6002 out:6004 type:b dur:2 cpbdur:2 q:33.79 aq:23.27 tex:298 mv:272 misc:422 imb:5 pmb:43 smb:1992 d:- ref:0 ;
in:6004 out:6005 type:b dur:2 cpbdur:2 q:33.78 aq:20.53 tex:334 mv:251 misc:391 imb:2 pmb:40 smb:1998 d:- ref:0 ;
in:6006 out:6006 type:P dur:2 cpbdur:2 q:33.75 aq:25.47 tex:18405 mv:1540 misc:1367 imb:64 pmb:333 smb:1643 d:- ref:0 ;
in:6007 out:6007 type:P dur:2 cpbdur:2 q:33.75 aq:25.48 tex:21668 mv:1431 misc:1317 imb:44 pmb:340 smb:1656 d:- ref:0 ;
in:6008 out:6008 type:P dur:2 cpbdur:2 q:33.76 aq:24.83 tex:23687 mv:2004 misc:1413 imb:79 pmb:368 smb:1593 d:- ref:0 ;
in:6012 out:6009 type:P dur:2 cpbdur:2 q:33.76 aq:25.68 tex:40425 mv:3037 misc:1362 imb:102 pmb:472 smb:1466 d:- ref:0 ;
in:6010 out:6010 type:B dur:2 cpbdur:2 q:33.76 aq:26.37 tex:1390 mv:735 misc:723 imb:19 pmb:88 smb:1933 d:- ref:0 ;
in:6009 out:6011 type:b dur:2 cpbdur:2 q:33.76 aq:20.99 tex:209 mv:167 misc:312 imb:1 pmb:25 smb:2014 d:- ref:0 ;
in:6011 out:6012 type:b dur:2 cpbdur:2 q:33.76 aq:23.89 tex:257 mv:246 misc:345 imb:3 pmb:31 smb:2006 d:- ref:0 ;
in:6013 out:6013 type:P dur:2 cpbdur:2 q:33.73 aq:24.91 tex:20135 mv:1411 misc:1302 imb:48 pmb:327 smb:1665 d:- ref:0 ;
in:6014 out:6014 type:P dur:2 cpbdur:2 q:33.73 aq:25.87 tex:21374 mv:1648 misc:1370 imb:61 pmb:360 smb:1619 d:- ref:0 ;
in:6015 out:6015 type:P dur:2 cpbdur:2 q:33.73 aq:25.95 tex:23109 mv:1935 misc:1356 imb:59 pmb:392 smb:1589 d:- ref:0 ;
in:6016 out:6016 type:P dur:2 cpbdur:2 q:33.73 aq:24.95 tex:24151 mv:2070 misc:1387 imb:93 pmb:366 smb:1581 d:- ref:0 ;
in:6020 out:6017 type:P dur:2 cpbdur:2 q:33.73 aq:24.61 tex:46448 mv:4389 misc:1475 imb:252 pmb:502 smb:1286 d:- ref:0 ;
in:6018 out:6018 type:B dur:2 cpbdur:2 q:33.73 aq:26.39 tex:1720 mv:963 misc:813 imb:18 pmb:129 smb:1893 d:- ref:0 ;
in:6017 out:6019 type:b dur:2 cpbdur:2 q:33.73 aq:19.68 tex:231 mv:379 misc:438 imb:3 pmb:46 smb:1991 d:- ref:0 ;
in:6019 out:6020 type:b dur:2 cpbdur:2 q:33.73 aq:19.34 tex:250 mv:408 misc:422 imb:2 pmb:45 smb:1993 d:- ref:0 ;
in:6024 out:6021 type:P dur:2 cpbdur:2 q:33.71 aq:25.07 tex:39647 mv:3444 misc:1501 imb:157 pmb:471 smb:1412 d:- ref:0 ;
in:6022 out:6022 type:B dur:2 cpbdur:2 q:33.72 aq:26.43 tex:1505 mv:901 misc:746 imb:12 pmb:112 smb:1916 d:- ref:0 ;
in:6021 out:6023 type:b dur:2 cpbdur:2 q:33.73 aq:22.01 tex:371 mv:402 misc:443 imb:4 pmb:48 smb:1988 d:- ref:0 ;
in:6023 out:6024 type:b dur:2 cpbdur:2 q:33.72 aq:20.71 tex:383 mv:409 misc:448 imb:4 pmb:47 smb:1989 d:- ref:0 ;
in:6025 out:6025 type:P dur:2 cpbdur:2 q:33.69 aq:27.18 tex:16959 mv:1546 misc:1247 imb:42 pmb:337 smb:1661 d:- ref:0 ;
in:6026 out:6026 type:P dur:2 cpbdur:2 q:33.69 aq:26.18 tex:20306 mv:1754 misc:1340 imb:61 pmb:359 smb:1620 d:- ref:0 ;
in:6027 out:6027 type:P dur:2 cpbdur:2 q:33.70 aq:26.95 tex:20570 mv:1772 misc:1306 imb:50 pmb:353 smb:1637 d:- ref:0 ;
in:6028 out:6028 type:P dur:2 cpbdur:2 q:33.70 aq:25.62 tex:20391 mv:1623 misc:1346 imb:46 pmb:355 smb:1639 d:- ref:0 ;
in:6029 out:6029 type:P dur:2 cpbdur:2 q:33.69 aq:25.22 tex:20874 mv:1626 misc:1340 imb:46 pmb:340 smb:1654 d:- ref:0 ;
in:6030 out:6030 type:I dur:2 cpbdur:2 q:30.84 aq:21.63 tex:206061 mv:25504 misc:507 imb:2040 pmb:0 smb:0 d:- ref:;
in:6031 out:6031 type:P dur:2 cpbdur:2 q:33.75 aq:25.12 tex:7087 mv:892 misc:1045 imb:28 pmb:191 smb:1821 d:- ref:0 ;
in:6032 out:6032 type:P dur:2 cpbdur:2 q:33.75 aq:25.81 tex:16469 mv:1562 misc:1305 imb:53 pmb:302 smb:1685 d:- ref:0 ;
in:6036 out:6033 type:P dur:2 cpbdur:2 q:33.75 aq:25.73 tex:36648 mv:3568 misc:1496 imb:152 pmb:469 smb:1419 d:- ref:0 ;
in:6034 out:6034 type:B dur:2 cpbdur:2 q:33.75 aq:25.90 tex:2250 mv:1165 misc:937 imb:20 pmb:154 smb:1866 d:- ref:0 ;
in:6033 out:6035 type:b dur:2 cpbdur:2 q:33.75 aq:21.54 tex:414 mv:252 misc:422 imb:1 pmb:41 smb:1998 d:- ref:0 ;
in:6035 out:6036 type:b dur:2 cpbdur:2 q:33.75 aq:23.65 tex:584 mv:354 misc:494 imb:1 pmb:60 smb:1979 d:- ref:0 ;
in:6037 out:6037 type:P dur:2 cpbdur:2 q:33.76 aq:26.49 tex:17051 mv:1894 misc:1455 imb:67 pmb:338 smb:1635 d:- ref:0 ;
in:6038 out:6038 type:P dur:2 cpbdur:2 q:33.75 aq:27.20 tex:18198 mv:1807 misc:1339 imb:57 pmb:335 smb:1648 d:- ref:0 ;
in:6039 out:6039 type:P dur:2 cpbdur:2 q:33.75 aq:27.35 tex:19396 mv:1886 misc:1326 imb:55 pmb:347 smb:1638 d:- ref:0 ;
in:6040 out:6040 type:P dur:2 cpbdur:2 q:33.75 aq:26.16 tex:20350 mv:1792 misc:1298 imb:52 pmb:351 smb:1637 d:- ref:0 ;
in:6041 out:6041 type:P dur:2 cpbdur:2 q:33.74 aq:26.08 tex:21818 mv:2124 misc:1394 imb:75 pmb:361 smb:1604 d:- ref:0 ;
in:6042 out:6042 type:P dur:2 cpbdur:2 q:33.74 aq:25.64 tex:20848 mv:1910 misc:1322 imb:46 pmb:370 smb:1624 d:- ref:0 ;
in:6043 out:6043 type:P dur:2 cpbdur:2 q:33.74 aq:26.65 tex:20056 mv:1873 misc:1343 imb:47 pmb:369 smb:1624 d:- ref:0 ;
in:6044 out:6044 type:P dur:2 cpbdur:2 q:33.74 aq:26.18 tex:20214 mv:2038 misc:1396 imb:74 pmb:362 smb:1604 d:- ref:0 ;
in:6045 out:6045 type:P dur:2 cpbdur:2 q:33.74 aq:26.79 tex:23577 mv:2229 misc:1394 imb:81 pmb:429 smb:1530 d:- ref:0 ;
in:6047 out:6046 type:P dur:2 cpbdur:2 q:33.74 aq:25.67 tex:31320 mv:3488 misc:1568 imb:166 pmb:441 smb:1433 d:- ref:0 ;
in:6046 out:6047 type:b dur:2 cpbdur:2 q:33.74 aq:23.30 tex:452 mv:521 misc:491 imb:6 pmb:61 smb:1973 d:- ref:0 ;
in:6049 out:6048 type:P dur:2 cpbdur:2 q:33.74 aq:25.93 tex:31834 mv:3261 misc:1529 imb:157 pmb:438 smb:1445 d:- ref:0 ;
in:6048 out:6049 type:b dur:2 cpbdur:2 q:33.74 aq:22.77 tex:382 mv:684 misc:518 imb:16 pmb:76 smb:1948 d:- ref:0 ;
in:6050 out:6050 type:P dur:2 cpbdur:2 q:33.74 aq:26.23 tex:42560 mv:2294 misc:1490 imb:101 pmb:387 smb:1552 d:- ref:0 ;
in:6051 out:6051 type:P dur:2 cpbdur:2 q:33.75 aq:24.85 tex:23250 mv:2012 misc:1450 imb:58 pmb:402 smb:1580 d:- ref:0 ;
in:6052 out:6052 type:P dur:2 cpbdur:2 q:33.75 aq:24.71 tex:22824 mv:2424 misc:1488 imb:61 pmb:429 smb:1550 d:- ref:0 ;
in:6053 out:6053 type:P dur:2 cpbdur:2 q:33.75 aq:25.21 tex:21701 mv:2124 misc:1479 imb:72 pmb:390 smb:1578 d:- ref:0 ;
in:6054 out:6054 type:P dur:2 cpbdur:2 q:33.75 aq:24.96 tex:22887 mv:2337 misc:1496 imb:78 pmb:402 smb:1560 d:- ref:0 ;
in:6058 out:6055 type:P dur:2 cpbdur:2 q:33.75 aq:25.92 tex:41987 mv:3949 misc:1568 imb:168 pmb:505 smb:1367 d:- ref:0 ;
in:6056 out:6056 type:B dur:2 cpbdur:2 q:33.75 aq:28.12 tex:2093 mv:1289 misc:858 imb:22 pmb:142 smb:1876 d:- ref:0 ;
in:6055 out:6057 type:b dur:2 cpbdur:2 q:33.75 aq:25.11 tex:585 mv:565 misc:530 imb:3 pmb:71 smb:1966 d:- ref:0 ;
in:6057 out:6058 type:b dur:2 cpbdur:2 q:33.75 aq:23.61 tex:386 mv:511 misc:479 imb:5 pmb:55 smb:1980 d:- ref:0 ;
in:6059 out:6059 type:P dur:2 cpbdur:2 q:33.74 aq:25.78 tex:18998 mv:1941 misc:1429 imb:60 pmb:369 smb:1611 d:- ref:0 ;
in:6060 out:6060 type:P dur:2 cpbdur:2 q:33.74 aq:26.32 tex:22898 mv:2196 misc:1498 imb:59 pmb:418 smb:1563 d:- ref:0 ;
in:6061 out:6061 type:P dur:2 cpbdur:2 q:33.75 aq:25.93 tex:22428 mv:2401 misc:1523 imb:95 pmb:403 smb:1542 d:- ref:0 ;
in:6065 out:6062 type:P dur:2 cpbdur:2 q:33.75 aq:25.56 tex:45779 mv:4704 misc:1685 imb:232 pmb:555 smb:1253 d:- ref:0 ;
in:6063 out:6063 type:B dur:2 cpbdur:2 q:33.75 aq:26.52 tex:1942 mv:1382 misc:876 imb:22 pmb:145 smb:1873 d:- ref:0 ;
in:6062 out:6064 type:b dur:2 cpbdur:2 q:33.75 aq:21.94 tex:453 mv:524 misc:495 imb:4 pmb:57 smb:1979 d:- ref:0 ;
in:6064 out:6065 type:b dur:2 cpbdur:2 q:33.75 aq:21.38 tex:353 mv:599 misc:496 imb:4 pmb:59 smb:1977 d:- ref:0 ;
in:6066 out:6066 type:P dur:2 cpbdur:2 q:33.73 aq:26.35 tex:18382 mv:2329 misc:1569 imb:69 pmb:394 smb:1577 d:- ref:0 ;
in:6067 out:6067 type:P dur:2 cpbdur:2 q:33.73 aq:25.23 tex:22282 mv:2895 misc:1639 imb:114 pmb:433 smb:1493 d:- ref:0 ;
in:6071 out:6068 type:P dur:2 cpbdur:2 q:33.73 aq:26.10 tex:44010 mv:4408 misc:1670 imb:196 pmb:524 smb:1320 d:- ref:0 ;
in:6069 out:6069 type:B dur:2 cpbdur:2 q:33.73 aq:25.88 tex:1955 mv:1519 misc:918 imb:21 pmb:163 smb:1856 d:- ref:0 ;
in:6068 out:6070 type:b dur:2 cpbdur:2 q:33.73 aq:23.31 tex:520 mv:643 misc:549 imb:4 pmb:67 smb:1969 d:- ref:0 ;
in:6070 out:6071 type:b dur:2 cpbdur:2 q:33.73 aq:21.77 tex:399 mv:544 misc:505 imb:2 pmb:67 smb:1971 d:- ref:0 ;
in:6072 out:6072 type:P dur:2 cpbdur:2 q:33.71 aq:25.51 tex:18629 mv:2252 misc:1543 imb:56 pmb:413 smb:1571 d:- ref:0 ;
in:6073 out:6073 type:P dur:2 cpbdur:2 q:33.71 aq:26.33 tex:21930 mv:2156 misc:1410 imb:56 pmb:394 smb:1590 d:- ref:0 ;
in:6074 out:6074 type:P dur:2 cpbdur:2 q:33.71 aq:25.21 tex:23518 mv:2629 misc:1565 imb:87 pmb:432 smb:1521 d:- ref:0 ;
in:6078 out:6075 type:P dur:2 cpbdur:2 q:33.71 aq:26.11 tex:45134 mv:4612 misc:1542 imb:185 pmb:570 smb:1285 d:- ref:0 ;
in:6076 out:6076 type:B dur:2 cpbdur:2 q:33.71 aq:24.86 tex:1876 mv:1574 misc:894 imb:26 pmb:154 smb:1860 d:- ref:0 ;
in:6075 out:6077 type:b dur:2 cpbdur:2 q:33.71 aq:23.07 tex:319 mv:636 misc:525 imb:2 pmb:63 smb:1975 d:- ref:0 ;
in:6077 out:6078 type:b dur:2 cpbdur:2 q:33.71 aq:24.32 tex:377 mv:586 misc:541 imb:1 pmb:75 smb:1964 d:- ref:0 ;
in:6079 out:6079 type:P dur:2 cpbdur:2 q:33.69 aq:25.30 tex:20250 mv:2491 misc:1563 imb:99 pmb:397 smb:1544 d:- ref:0 ;
in:6083 out:6080 type:P dur:2 cpbdur:2 q:33.70 aq:26.27 tex:46036 mv:4457 misc:1571 imb:221 pmb:529 smb:1290 d:- ref:0 ;
in:6081 out:6081 type:B dur:2 cpbdur:2 q:33.70 aq:27.01 tex:2028 mv:1985 misc:931 imb:35 pmb:167 smb:1838 d:- ref:0 ;
in:6080 out:6082 type:b dur:2 cpbdur:2 q:33.70 aq:23.01 tex:280 mv:815 misc:553 imb:2 pmb:81 smb:1957 d:- ref:0 ;
in:6082 out:6083 type:b dur:2 cpbdur:2 q:33.70 aq:24.31 tex:449 mv:667 misc:564 imb:6 pmb:72 smb:1962 d:- ref:0 ;
in:6084 out:6084 type:P dur:2 cpbdur:2 q:33.68 aq:25.57 tex:19437 mv:2572 misc:1559 imb:90 pmb:412 smb:1538 d:- ref:0 ;
in:6085 out:6085 type:P dur:2 cpbdur:2 q:33.68 aq:26.12 tex:23069 mv:2866 misc:1585 imb:99 pmb:448 smb:1493 d:- ref:0 ;
in:6089 out:6086 type:P dur:2 cpbdur:2 q:33.68 aq:26.40 tex:43370 mv:4637 misc:1681 imb:189 pmb:564 smb:1287 d:- ref:0 ;
in:6087 out:6087 type:B dur:2 cpbdur:2 q:33.68 aq:25.98 tex:1671 mv:1767 misc:922 imb:21 pmb:172 smb:1847 d:- ref:0 ;
in:6086 out:6088 type:b dur:2 cpbdur:2 q:33.68 aq:24.07 tex:497 mv:755 misc:588 imb:5 pmb:74 smb:1961 d:- ref:0 ;
in:6088 out:6089 type:b dur:2 cpbdur:2 q:33.68 aq:27.63 tex:442 mv:675 misc:547 imb:3 pmb:69 smb:1968 d:- ref:0 ;
in:6090 out:6090 type:P dur:2 cpbdur:2 q:33.66 aq:26.91 tex:17786 mv:2299 misc:1491 imb:64 pmb:394 smb:1582 d:- ref:0 ;
in:6091 out:6091 type:P dur:2 cpbdur:2 q:33.66 aq:25.92 tex:21736 mv:2594 misc:1598 imb:76 pmb:451 smb:1513 d:- ref:0 ;
in:6092 out:6092 type:P dur:2 cpbdur:2 q:33.67 aq:26.49 tex:23807 mv:3003 misc:1574 imb:95 pmb:455 smb:1490 d:- ref:0 ;
in:6093 out:6093 type:P dur:2 cpbdur:2 q:33.67 aq:25.80 tex:25502 mv:3197 misc:1629 imb:116 pmb:488 smb:1436 d:- ref:0 ;
in:6097 out:6094 type:P dur:2 cpbdur:2 q:33.66 aq:26.63 tex:44845 mv:4758 misc:1717 imb:209 pmb:569 smb:1262 d:- ref:0 ;
in:6095 out:6095 type:B dur:2 cpbdur:2 q:33.66 aq:27.01 tex:2271 mv:1950 misc:1027 imb:23 pmb:211 smb:1806 d:- ref:0 ;
in:6094 out:6096 type:b dur:2 cpbdur:2 q:33.66 aq:26.68 tex:477 mv:752 misc:555 imb:6 pmb:74 smb:1960 d:- ref:0 ;
in:6096 out:6097 type:b dur:2 cpbdur:2 q:33.66 aq:25.16 tex:638 mv:886 misc:644 imb:7 pmb:95 smb:1938 d:- ref:0 ;
in:6098 out:6098 type:P dur:2 cpbdur:2 q:33.65 aq:26.30 tex:19947 mv:2555 misc:1546 imb:89 pmb:438 smb:1513 d:- ref:0 ;
in:6099 out:6099 type:P dur:2 cpbdur:2 q:33.65 aq:26.29 tex:23004 mv:3182 misc:1670 imb:123 pmb:476 smb:1441 d:- ref:0 ;
in:6103 out:6100 type:P dur:2 cpbdur:2 q:33.66 aq:26.50 tex:45050 mv:4938 misc:1620 imb:213 pmb:571 smb:1256 d:- ref:0 ;
in:6101 out:6101 type:B dur:2 cpbdur:2 q:33.65 aq:26.42 tex:2179 mv:1956 misc:1017 imb:32 pmb:185 smb:1823 d:- ref:0 ;
in:6100 out:6102 type:b dur:2 cpbdur:2 q:33.65 aq:25.07 tex:545 mv:870 misc:601 imb:6 pmb:90 smb:1944 d:- ref:0 ;
in:6102 out:6103 type:b dur:2 cpbdur:2 q:33.65 aq:24.38 tex:385 mv:691 misc:548 imb:5 pmb:76 smb:1959 d:- ref:0 ;
in:6104 out:6104 type:P dur:2 cpbdur:2 q:33.63 aq:26.78 tex:19812 mv:2073 misc:1563 imb:66 pmb:410 smb:1564 d:- ref:0 ;
in:6105 out:6105 type:P dur:2 cpbdur:2 q:33.63 aq:26.67 tex:22437 mv:2532 misc:1527 imb:75 pmb:434 smb:1531 d:- ref:0 ;
in:6106 out:6106 type:P dur:2 cpbdur:2 q:33.64 aq:26.24 tex:23583 mv:2792 misc:1585 imb:98 pmb:456 smb:1486 d:- ref:0 ;
in:6107 out:6107 type:P dur:2 cpbdur:2 q:33.64 aq:26.57 tex:25467 mv:2826 misc:1539 imb:78 pmb:465 smb:1497 d:- ref:0 ;
in:6109 out:6108 type:P dur:2 cpbdur:2 q:33.64 aq:26.16 tex:33390 mv:3928 misc:1722 imb:167 pmb:529 smb:1344 d:- ref:0 ;
in:6108 out:6109 type:b dur:2 cpbdur:2 q:33.64 aq:25.71 tex:449 mv:697 misc:566 imb:4 pmb:78 smb:1958 d:- ref:0 ;
in:6113 out:6110 type:P dur:2 cpbdur:2 q:33.63 aq:26.03 tex:44175 mv:4889 misc:1656 imb:253 pmb:556 smb:1231 d:- ref:0 ;
in:6111 out:6111 type:B dur:2 cpbdur:2 q:33.64 aq:25.23 tex:2278 mv:2001 misc:1097 imb:34 pmb:196 smb:1810 d:- ref:0 ;
in:6110 out:6112 type:b dur:2 cpbdur:2 q:33.64 aq:24.20 tex:554 mv:825 misc:637 imb:6 pmb:87 smb:1947 d:- ref:0 ;
in:6112 out:6113 type:b dur:2 cpbdur:2 q:33.63 aq:27.17 tex:708 mv:615 misc:573 imb:6 pmb:79 smb:1955 d:- ref:0 ;
in:6115 out:6114 type:P dur:2 cpbdur:2 q:33.62 aq:26.34 tex:32943 mv:3546 misc:1727 imb:134 pmb:502 smb:1404 d:- ref:0 ;
in:6114 out:6115 type:b dur:2 cpbdur:2 q:33.63 aq:27.09 tex:492 mv:647 misc:565 imb:6 pmb:80 smb:1954 d:- ref:0 ;
in:6116 out:6116 type:P dur:2 cpbdur:2 q:33.62 aq:25.90 tex:23424 mv:2543 misc:1577 imb:90 pmb:451 smb:1499 d:- ref:0 ;
in:6118 out:6117 type:P dur:2 cpbdur:2 q:33.62 aq:26.75 tex:32309 mv:3692 misc:1623 imb:133 pmb:496 smb:1411 d:- ref:0 ;
in:6117 out:6118 type:b dur:2 cpbdur:2 q:33.62 aq:25.77 tex:529 mv:590 misc:545 imb:3 pmb:73 smb:1964 d:- ref:0 ;
in:6120 out:6119 type:P dur:2 cpbdur:2 q:33.61 aq:25.65 tex:37279 mv:3910 misc:1691 imb:145 pmb:567 smb:1328 d:- ref:0 ;
in:6119 out:6120 type:b dur:2 cpbdur:2 q:33.62 aq:25.38 tex:354 mv:592 misc:542 imb:4 pmb:71 smb:1965 d:- ref:0 ;
in:6121 out:6121 type:P dur:2 cpbdur:2 q:33.61 aq:25.51 tex:24501 mv:2567 misc:1604 imb:86 pmb:449 smb:1505 d:- ref:0 ;
in:6125 out:6122 type:P dur:2 cpbdur:2 q:33.61 aq:25.84 tex:50696 mv:5266 misc:1694 imb:238 pmb:599 smb:1203 d:- ref:0 ;
in:6123 out:6123 type:B dur:2 cpbdur:2 q:33.61 aq:25.96 tex:2160 mv:1824 misc:1032 imb:21 pmb:203 smb:1816 d:- ref:0 ;
in:6122 out:6124 type:b dur:2 cpbdur:2 q:33.61 aq:25.07 tex:426 mv:654 misc:576 imb:3 pmb:79 smb:1958 d:- ref:0 ;
in:6124 out:6125 type:b dur:2 cpbdur:2 q:33.61 aq:25.08 tex:521 mv:630 misc:521 imb:5 pmb:71 smb:1964 d:- ref:0 ;
in:6126 out:6126 type:P dur:2 cpbdur:2 q:33.60 aq:24.34 tex:21882 mv:2791 misc:1679 imb:107 pmb:449 smb:1484 d:- ref:0 ;
in:6130 out:6127 type:P dur:2 cpbdur:2 q:33.60 aq:25.20 tex:47286 mv:5281 misc:1673 imb:241 pmb:584 smb:1215 d:- ref:0 ;
in:6128 out:6128 type:B dur:2 cpbdur:2 q:33.60 aq:27.61 tex:2129 mv:1845 misc:978 imb:18 pmb:183 smb:1839 d:- ref:0 ;
in:6127 out:6129 type:b dur:2 cpbdur:2 q:33.60 aq:24.18 tex:382 mv:526 misc:548 imb:2 pmb:67 smb:1971 d:- ref:0 ;
in:6129 out:6130 type:b dur:2 cpbdur:2 q:33.60 aq:23.12 tex:476 mv:547 misc:545 imb:3 pmb:70 smb:1967 d:- ref:0 ;
in:6134 out:6131 type:P dur:2 cpbdur:2 q:33.59 aq:24.91 tex:50542 mv:5672 misc:1674 imb:281 pmb:588 smb:1171 d:- ref:0 ;
in:6132 out:6132 type:B dur:2 cpbdur:2 q:33.60 aq:25.94 tex:2511 mv:1987 misc:950 imb:24 pmb:194 smb:1822 d:- ref:0 ;
in:6131 out:6133 type:b dur:2 cpbdur:2 q:33.60 aq:27.72 tex:913 mv:740 misc:603 imb:11 pmb:87 smb:1942 d:- ref:0 ;
in:6133 out:6134 type:b dur:2 cpbdur:2 q:33.59 aq:25.56 tex:509 mv:560 misc:539 imb:2 pmb:76 smb:1962 d:- ref:0 ;
in:6136 out:6135 type:P dur:2 cpbdur:2 q:33.58 aq:25.85 tex:29373 mv:3744 misc:1643 imb:117 pmb:518 smb:1405 d:- ref:0 ;
in:6135 out:6136 type:b dur:2 cpbdur:2 q:33.58 aq:22.80 tex:417 mv:457 misc:486 imb:2 pmb:59 smb:1979 d:- ref:0 ;
in:6138 out:6137 type:P dur:2 cpbdur:2 q:33.58 aq:25.75 tex:34773 mv:3838 misc:1653 imb:148 pmb:536 smb:1356 d:- ref:0 ;
in:6137 out:6138 type:b dur:2 cpbdur:2 q:33.58 aq:24.03 tex:447 mv:421 misc:516 imb:1 pmb:65 smb:1974 d:- ref:0 ;
in:6139 out:6139 type:P dur:2 cpbdur:2 q:33.57 aq:26.21 tex:21796 mv:2507 misc:1553 imb:89 pmb:442 smb:1509 d:- ref:0 ;
in:6143 out:6140 type:P dur:2 cpbdur:2 q:33.57 aq:25.75 tex:48317 mv:5220 misc:1703 imb:231 pmb:604 smb:1205 d:- ref:0 ;
in:6141 out:6141 type:B dur:2 cpbdur:2 q:33.57 aq:25.74 tex:2293 mv:1842 misc:1025 imb:20 pmb:197 smb:1823 d:- ref:0 ;
in:6140 out:6142 type:b dur:2 cpbdur:2 q:33.57 aq:24.75 tex:501 mv:584 misc:555 imb:4 pmb:76 smb:1960 d:- ref:0 ;
in:6142 out:6143 type:b dur:2 cpbdur:2 q:33.57 aq:22.91 tex:372 mv:584 misc:532 imb:3 pmb:73 smb:1964 d:- ref:0 ;
in:6144 out:6144 type:P dur:2 cpbdur:2 q:33.55 aq:25.38 tex:19290 mv:2249 misc:1565 imb:78 pmb:426 smb:1536 d:- ref:0 ;
in:6145 out:6145 type:P dur:2 cpbdur:2 q:33.55 aq:26.38 tex:24373 mv:2673 misc:1474 imb:78 pmb:468 smb:1494 d:- ref:0 ;
in:6147 out:6146 type:P dur:2 cpbdur:2 q:33.56 aq:25.41 tex:33278 mv:4064 misc:1666 imb:152 pmb:532 smb:1356 d:- ref:0 ;
in:6146 out:6147 type:b dur:2 cpbdur:2 q:33.56 aq:27.62 tex:544 mv:570 misc:470 imb:3 pmb:62 smb:1975 d:- ref:0 ;
in:6151 out:6148 type:P dur:2 cpbdur:2 q:33.55 aq:26.03 tex:43576 mv:4807 misc:1657 imb:211 pmb:556 smb:1273 d:- ref:0 ;
in:6149 out:6149 type:B dur:2 cpbdur:2 q:33.55 aq:26.87 tex:2448 mv:1739 misc:989 imb:19 pmb:183 smb:1838 d:- ref:0 ;
in:6148 out:6150 type:b dur:2 cpbdur:2 q:33.56 aq:23.28 tex:400 mv:607 misc:505 imb:3 pmb:65 smb:1972 d:- ref:0 ;
in:6150 out:6151 type:b dur:2 cpbdur:2 q:33.55 aq:23.60 tex:445 mv:592 misc:531 imb:7 pmb:63 smb:1970 d:- ref:0 ;
in:6153 out:6152 type:P dur:2 cpbdur:2 q:33.54 aq:26.04 tex:33691 mv:3813 misc:1752 imb:162 pmb:531 smb:1347 d:- ref:0 ;
in:6152 out:6153 type:b dur:2 cpbdur:2 q:33.54 aq:20.75 tex:553 mv:649 misc:494 imb:5 pmb:76 smb:1959 d:- ref:0 ;
in:6154 out:6154 type:P dur:2 cpbdur:2 q:33.53 aq:25.70 tex:21628 mv:2622 misc:1622 imb:86 pmb:457 smb:1497 d:- ref:0 ;
in:6155 out:6155 type:P dur:2 cpbdur:2 q:33.53 aq:26.47 tex:24179 mv:2493 misc:1536 imb:70 pmb:450 smb:1520 d:- ref:0 ;
in:6156 out:6156 type:P dur:2 cpbdur:2 q:33.53 aq:26.50 tex:24791 mv:2702 misc:1523 imb:76 pmb:477 smb:1487 d:- ref:0 ;
in:6157 out:6157 type:P dur:2 cpbdur:2 q:33.53 aq:26.40 tex:25544 mv:2864 misc:1640 imb:86 pmb:485 smb:1469 d:- ref:0 ;
in:6158 out:6158 type:P dur:2 cpbdur:2 q:33.53 aq:25.47 tex:26167 mv:2783 misc:1570 imb:89 pmb:475 smb:1476 d:- ref:0 ;
in:6159 out:6159 type:P dur:2 cpbdur:2 q:33.53 aq:24.81 tex:27484 mv:3045 misc:1711 imb:106 pmb:495 smb:1439 d:- ref:0 ;
in:6163 out:6160 type:P dur:2 cpbdur:2 q:33.53 aq:25.57 tex:51474 mv:5901 misc:1705 imb:264 pmb:630 smb:1146 d:- ref:0 ;
in:6161 out:6161 type:B dur:2 cpbdur:2 q:33.53 aq:24.97 tex:1940 mv:2126 misc:1022 imb:14 pmb:208 smb:1818 d:- ref:0 ;
in:6160 out:6162 type:b dur:2 cpbdur:2 q:33.53 aq:24.44 tex:630 mv:572 misc:550 imb:8 pmb:68 smb:1964 d:- ref:0 ;
in:6162 out:6163 type:b dur:2 cpbdur:2 q:33.53 aq:22.96 tex:435 mv:555 misc:530 imb:2 pmb:69 smb:1969 d:- ref:0 ;
in:6165 out:6164 type:P dur:2 cpbdur:2 q:33.53 aq:25.16 tex:39732 mv:4966 misc:1686 imb:217 pmb:578 smb:1245 d:- ref:0 ;
in:6164 out:6165 type:b dur:2 cpbdur:2 q:33.53 aq:23.65 tex:1723 mv:1223 misc:566 imb:42 pmb:91 smb:1907 d:- ref:0 ;
in:6169 out:6166 type:P dur:2 cpbdur:2 q:33.54 aq:25.89 tex:87213 mv:6651 misc:1712 imb:304 pmb:655 smb:1081 d:- ref:0 ;
in:6167 out:6167 type:B dur:2 cpbdur:2 q:33.53 aq:26.03 tex:3136 mv:2824 misc:1176 imb:55 pmb:241 smb:1744 d:- ref:0 ;
in:6166 out:6168 type:b dur:2 cpbdur:2 q:33.53 aq:25.35 tex:726 mv:795 misc:639 imb:4 pmb:112 smb:1924 d:- ref:0 ;
in:6168 out:6169 type:b dur:2 cpbdur:2 q:33.54 aq:25.27 tex:608 mv:724 misc:596 imb:8 pmb:112 smb:1920 d:- ref:0 ;
in:6171 out:6170 type:P dur:2 cpbdur:2 q:33.55 aq:25.60 tex:33869 mv:4442 misc:1697 imb:159 pmb:566 smb:1315 d:- ref:0 ;
in:6170 out:6171 type:b dur:2 cpbdur:2 q:33.54 aq:27.02 tex:564 mv:486 misc:502 imb:3 pmb:70 smb:1967 d:- ref:0 ;
in:6175 out:6172 type:P dur:2 cpbdur:2 q:33.55 aq:25.49 tex:51371 mv:5972 misc:1697 imb:286 pmb:633 smb:1121 d:- ref:0 ;
in:6173 out:6173 type:B dur:2 cpbdur:2 q:33.55 aq:26.02 tex:2145 mv:2139 misc:1076 imb:23 pmb:211 smb:1806 d:- ref:0 ;
in:6172 out:6174 type:b dur:2 cpbdur:2 q:33.55 aq:24.76 tex:514 mv:643 misc:531 imb:4 pmb:76 smb:1960 d:- ref:0 ;
in:6174 out:6175 type:b dur:2 cpbdur:2 q:33.55 aq:24.17 tex:595 mv:839 misc:590 imb:7 pmb:85 smb:1948 d:- ref:0 ;
in:6179 out:6176 type:P dur:2 cpbdur:2 q:33.53 aq:26.06 tex:49660 mv:5913 misc:1795 imb:258 pmb:653 smb:1129 d:- ref:0 ;
in:6177 out:6177 type:B dur:2 cpbdur:2 q:33.54 aq:27.61 tex:2282 mv:2212 misc:1042 imb:19 pmb:220 smb:1801 d:- ref:0 ;
in:6176 out:6178 type:b dur:2 cpbdur:2 q:33.54 aq:24.05 tex:522 mv:490 misc:468 imb:2 pmb:66 smb:1972 d:- ref:0 ;
in:6178 out:6179 type:b dur:2 cpbdur:2 q:33.53 aq:25.15 tex:528 mv:677 misc:547 imb:3 pmb:85 smb:1952 d:- ref:0 ;
in:6183 out:6180 type:P dur:2 cpbdur:2 q:33.51 aq:25.82 tex:46213 mv:5941 misc:1766 imb:264 pmb:651 smb:1125 d:- ref:0 ;
in:6181 out:6181 type:B dur:2 cpbdur:2 q:33.52 aq:25.43 tex:1636 mv:2073 misc:1043 imb:15 pmb:216 smb:1809 d:- ref:0 ;
in:6180 out:6182 type:b dur:2 cpbdur:2 q:33.52 aq:23.72 tex:505 mv:574 misc:505 imb:3 pmb:76 smb:1961 d:- ref:0 ;
in:6182 out:6183 type:b dur:2 cpbdur:2 q:33.52 aq:24.53 tex:515 mv:504 misc:493 imb:1 pmb:74 smb:1965 d:- ref:0 ;
in:6185 out:6184 type:P dur:2 cpbdur:2 q:33.50 aq:25.97 tex:37118 mv:4725 misc:1789 imb:166 pmb:632 smb:1242 d:- ref:0 ;
in:6184 out:6185 type:b dur:2 cpbdur:2 q:33.51 aq:22.41 tex:523 mv:694 misc:519 imb:2 pmb:77 smb:1961 d:- ref:0 ;
in:6189 out:6186 type:P dur:2 cpbdur:2 q:33.50 aq:25.81 tex:52922 mv:6774 misc:1712 imb:299 pmb:691 smb:1050 d:- ref:0 ;
in:6187 out:6187 type:B dur:2 cpbdur:2 q:33.50 aq:26.01 tex:2017 mv:2254 misc:1041 imb:17 pmb:221 smb:1802 d:- ref:0 ;
in:6186 out:6188 type:b dur:2 cpbdur:2 q:33.50 aq:23.27 tex:457 mv:663 misc:456 imb:4 pmb:70 smb:1966 d:- ref:0 ;
in:6188 out:6189 type:b dur:2 cpbdur:2 q:33.50 aq:27.27 tex:589 mv:806 misc:573 imb:2 pmb:92 smb:1946 d:- ref:0 ;
in:6193 out:6190 type:P dur:2 cpbdur:2 q:33.48 aq:25.31 tex:49753 mv:5888 misc:1719 imb:258 pmb:646 smb:1136 d:- ref:0 ;
in:6191 out:6191 type:B dur:2 cpbdur:2 q:33.49 aq:25.21 tex:2017 mv:2294 misc:1057 imb:17 pmb:226 smb:1797 d:- ref:0 ;
in:6190 out:6192 type:b dur:2 cpbdur:2 q:33.49 aq:25.98 tex:656 mv:691 misc:541 imb:4 pmb:85 smb:1951 d:- ref:0 ;
in:6192 out:6193 type:b dur:2 cpbdur:2 q:33.48 aq:22.04 tex:332 mv:789 misc:471 imb:5 pmb:79 smb:1956 d:- ref:0 ;
in:6195 out:6194 type:P dur:2 cpbdur:2 q:33.47 aq:25.93 tex:30195 mv:4814 misc:1823 imb:154 pmb:627 smb:1259 d:- ref:0 ;
in:6194 out:6195 type:b dur:2 cpbdur:2 q:33.48 aq:22.74 tex:374 mv:827 misc:487 imb:5 pmb:86 smb:1949 d:- ref:0 ;
in:6197 out:6196 type:P dur:2 cpbdur:2 q:33.47 aq:26.07 tex:38198 mv:5120 misc:1770 imb:194 pmb:618 smb:1228 d:- ref:0 ;
in:6196 out:6197 type:b dur:2 cpbdur:2 q:33.47 aq:22.68 tex:423 mv:806 misc:507 imb:3 pmb:85 smb:1952 d:- ref:0 ;
in:6201 out:6198 type:P dur:2 cpbdur:2 q:33.46 aq:26.49 tex:58214 mv:7040 misc:1658 imb:372 pmb:631 smb:1037 d:- ref:0 ;
in:6199 out:6199 type:B dur:2 cpbdur:2 q:33.47 aq:26.90 tex:1903 mv:2893 misc:1188 imb:36 pmb:259 smb:1745 d:- ref:0 ;
in:6198 out:6200 type:b dur:2 cpbdur:2 q:33.47 aq:23.87 tex:539 mv:917 misc:512 imb:6 pmb:110 smb:1924 d:- ref:0 ;
in:6200 out:6201 type:b dur:2 cpbdur:2 q:33.47 aq:29.49 tex:513 mv:1133 misc:610 imb:6 pmb:117 smb:1917 d:- ref:0 ;
in:6203 out:6202 type:P dur:2 cpbdur:2 q:33.45 aq:26.36 tex:32553 mv:4941 misc:1786 imb:175 pmb:593 smb:1272 d:- ref:0 ;
in:6202 out:6203 type:b dur:2 cpbdur:2 q:33.46 aq:24.89 tex:408 mv:951 misc:505 imb:6 pmb:84 smb:1950 d:- ref:0 ;
in:6205 out:6204 type:P dur:2 cpbdur:2 q:33.46 aq:26.11 tex:39483 mv:4967 misc:1790 imb:191 pmb:649 smb:1200 d:- ref:0 ;
in:6204 out:6205 type:b dur:2 cpbdur:2 q:33.45 aq:24.85 tex:528 mv:913 misc:535 imb:11 pmb:89 smb:1940 d:- ref:0 ;
in:6206 out:6206 type:P dur:2 cpbdur:2 q:33.45 aq:25.67 tex:23797 mv:3300 misc:1703 imb:107 pmb:525 smb:1408 d:- ref:0 ;
in:6208 out:6207 type:P dur:2 cpbdur:2 q:33.45 aq:25.87 tex:33743 mv:5160 misc:1753 imb:215 pmb:611 smb:1214 d:- ref:0 ;
in:6207 out:6208 type:b dur:2 cpbdur:2 q:33.45 aq:25.40 tex:430 mv:864 misc:506 imb:5 pmb:91 smb:1944 d:- ref:0 ;
in:6212 out:6209 type:P dur:2 cpbdur:2 q:33.45 aq:26.21 tex:44775 mv:6053 misc:1708 imb:268 pmb:655 smb:1117 d:- ref:0 ;
in:6210 out:6210 type:B dur:2 cpbdur:2 q:33.45 aq:27.50 tex:2170 mv:2349 misc:1033 imb:24 pmb:232 smb:1784 d:- ref:0 ;
in:6209 out:6211 type:b dur:2 cpbdur:2 q:33.45 aq:26.31 tex:436 mv:929 misc:483 imb:6 pmb:80 smb:1954 d:- ref:0 ;
in:6211 out:6212 type:b dur:2 cpbdur:2 q:33.45 aq:24.98 tex:457 mv:776 misc:503 imb:4 pmb:85 smb:1951 d:- ref:0 ;
in:6214 out:6213 type:P dur:2 cpbdur:2 q:33.44 aq:26.28 tex:34503 mv:4348 misc:1829 imb:142 pmb:614 smb:1284 d:- ref:0 ;
in:6213 out:6214 type:b dur:2 cpbdur:2 q:33.44 aq:25.33 tex:584 mv:871 misc:529 imb:4 pmb:95 smb:1941 d:- ref:0 ;
in:6215 out:6215 type:P dur:2 cpbdur:2 q:33.43 aq:25.87 tex:24196 mv:2903 misc:1653 imb:71 pmb:523 smb:1446 d:- ref:0 ;
in:6216 out:6216 type:P dur:2 cpbdur:2 q:33.43 aq:25.60 tex:25290 mv:3452 misc:1714 imb:114 pmb:552 smb:1374 d:- ref:0 ;
in:6217 out:6217 type:P dur:2 cpbdur:2 q:33.43 aq:27.00 tex:25453 mv:3303 misc:1596 imb:87 pmb:524 smb:1429 d:- ref:0 ;
in:6221 out:6218 type:P dur:2 cpbdur:2 q:33.43 aq:25.54 tex:53364 mv:6381 misc:1759 imb:298 pmb:684 smb:1058 d:- ref:0 ;
in:6219 out:6219 type:B dur:2 cpbdur:2 q:33.43 aq:25.79 tex:1390 mv:2203 misc:999 imb:18 pmb:220 smb:1802 d:- ref:0 ;
in:6218 out:6220 type:b dur:2 cpbdur:2 q:33.43 aq:25.27 tex:437 mv:947 misc:568 imb:7 pmb:98 smb:1935 d:- ref:0 ;
in:6220 out:6221 type:b dur:2 cpbdur:2 q:33.43 aq:24.19 tex:386 mv:774 misc:480 imb:2 pmb:87 smb:1951 d:- ref:0 ;
in:6223 out:6222 type:P dur:2 cpbdur:2 q:33.42 aq:25.59 tex:29983 mv:4555 misc:1806 imb:177 pmb:617 smb:1246 d:- ref:0 ;
in:6222 out:6223 type:b dur:2 cpbdur:2 q:33.43 aq:23.09 tex:366 mv:841 misc:489 imb:5 pmb:86 smb:1949 d:- ref:0 ;
in:6225 out:6224 type:P dur:2 cpbdur:2 q:33.43 aq:25.64 tex:41119 mv:4923 misc:1718 imb:178 pmb:636 smb:1226 d:- ref:0 ;
in:6224 out:6225 type:b dur:2 cpbdur:2 q:33.43 aq:25.51 tex:445 mv:864 misc:507 imb:5 pmb:90 smb:1945 d:- ref:0 ;
in:6229 out:6226 type:P dur:2 cpbdur:2 q:33.42 aq:25.86 tex:52356 mv:6381 misc:1687 imb:288 pmb:668 smb:1084 d:- ref:0 ;
in:6227 out:6227 type:B dur:2 cpbdur:2 q:33.43 aq:26.76 tex:1907 mv:2252 misc:993 imb:20 pmb:216 smb:1804 d:- ref:0 ;
in:6226 out:6228 type:b dur:2 cpbdur:2 q:33.43 aq:24.67 tex:333 mv:866 misc:521 imb:1 pmb:99 smb:1940 d:- ref:0 ;
in:6228 out:6229 type:b dur:2 cpbdur:2 q:33.43 aq:27.04 tex:386 mv:1023 misc:495 imb:7 pmb:93 smb:1940 d:- ref:0 ;
in:6231 out:6230 type:P dur:2 cpbdur:2 q:33.41 aq:26.51 tex:30837 mv:4430 misc:1773 imb:135 pmb:611 smb:1294 d:- ref:0 ;
in:6230 out:6231 type:b dur:2 cpbdur:2 q:33.42 aq:27.37 tex:335 mv:830 misc:483 imb:1 pmb:88 smb:1951 d:- ref:0 ;
in:6233 out:6232 type:P dur:2 cpbdur:2 q:33.41 aq:25.66 tex:40262 mv:4945 misc:1729 imb:174 pmb:651 smb:1215 d:- ref:0 ;
in:6232 out:6233 type:b dur:2 cpbdur:2 q:33.41 aq:29.23 tex:459 mv:762 misc:499 imb:3 pmb:89 smb:1948 d:- ref:0 ;
in:6235 out:6234 type:P dur:2 cpbdur:2 q:33.41 aq:26.05 tex:34063 mv:4594 misc:1759 imb:149 pmb:597 smb:1294 d:- ref:0 ;
in:6234 out:6235 type:b dur:2 cpbdur:2 q:33.41 aq:23.45 tex:501 mv:734 misc:469 imb:1 pmb:89 smb:1950 d:- ref:0 ;
in:6239 out:6236 type:P dur:2 cpbdur:2 q:33.41 aq:26.50 tex:46561 mv:6147 misc:1796 imb:246 pmb:653 smb:1141 d:- ref:0 ;
in:6237 out:6237 type:B dur:2 cpbdur:2 q:33.41 aq:25.98 tex:1456 mv:2185 misc:935 imb:21 pmb:205 smb:1814 d:- ref:0 ;
in:6236 out:6238 type:b dur:2 cpbdur:2 q:33.41 aq:24.38 tex:384 mv:734 misc:466 imb:2 pmb:83 smb:1955 d:- ref:0 ;
in:6238 out:6239 type:b dur:2 cpbdur:2 q:33.41 aq:27.39 tex:606 mv:779 misc:551 imb:3 pmb:91 smb:1946 d:- ref:0 ;
in:6241 out:6240 type:P dur:2 cpbdur:2 q:33.39 aq:26.15 tex:36150 mv:4733 misc:1765 imb:174 pmb:618 smb:1248 d:- ref:0 ;
in:6240 out:6241 type:b dur:2 cpbdur:2 q:33.40 aq:22.50 tex:302 mv:598 misc:420 imb:4 pmb:61 smb:1975 d:- ref:0 ;
in:6243 out:6242 type:P dur:2 cpbdur:2 q:33.39 aq:25.66 tex:30974 mv:4281 misc:1697 imb:128 pmb:614 smb:1298 d:- ref:0 ;
in:6242 out:6243 type:b dur:2 cpbdur:2 q:33.39 aq:23.28 tex:448 mv:486 misc:426 imb:4 pmb:55 smb:1981 d:- ref:0 ;
in:6245 out:6244 type:P dur:2 cpbdur:2 q:33.38 aq:26.08 tex:38341 mv:4470 misc:1725 imb:142 pmb:626 smb:1272 d:- ref:0 ;
in:6244 out:6245 type:b dur:2 cpbdur:2 q:33.39 aq:22.87 tex:370 mv:591 misc:447 imb:3 pmb:65 smb:1972 d:- ref:0 ;
in:6247 out:6246 type:P dur:2 cpbdur:2 q:33.38 aq:25.71 tex:32625 mv:4392 misc:1807 imb:131 pmb:620 smb:1289 d:- ref:0 ;
in:6246 out:6247 type:b dur:2 cpbdur:2 q:33.38 aq:23.67 tex:327 mv:683 misc:486 imb:9 pmb:68 smb:1963 d:- ref:0 ;
in:6249 out:6248 type:P dur:2 cpbdur:2 q:33.38 aq:25.66 tex:36985 mv:4216 misc:1735 imb:138 pmb:589 smb:1313 d:- ref:0 ;
in:6248 out:6249 type:b dur:2 cpbdur:2 q:33.38 aq:26.46 tex:361 mv:571 misc:468 imb:2 pmb:67 smb:1971 d:- ref:0 ;
in:6251 out:6250 type:P dur:2 cpbdur:2 q:33.38 aq:25.47 tex:33924 mv:4220 misc:1752 imb:140 pmb:590 smb:1310 d:- ref:0 ;
in:6250 out:6251 type:b dur:2 cpbdur:2 q:33.38 aq:23.81 tex:303 mv:494 misc:443 imb:1 pmb:58 smb:1981 d:- ref:0 ;
in:6255 out:6252 type:P dur:2 cpbdur:2 q:33.37 aq:25.37 tex:51872 mv:6755 misc:1733 imb:303 pmb:677 smb:1060 d:- ref:0 ;
in:6253 out:6253 type:B dur:2 cpbdur:2 q:33.37 aq:28.55 tex:2057 mv:1949 misc:970 imb:17 pmb:213 smb:1810 d:- ref:0 ;
in:6252 out:6254 type:b dur:2 cpbdur:2 q:33.37 aq:21.28 tex:197 mv:525 misc:422 imb:1 pmb:57 smb:1982 d:- ref:0 ;
in:6254 out:6255 type:b dur:2 cpbdur:2 q:33.37 aq:27.90 tex:375 mv:622 misc:515 imb:2 pmb:90 smb:1948 d:- ref:0 ;
in:6259 out:6256 type:P dur:2 cpbdur:2 q:33.36 aq:25.77 tex:45359 mv:6318 misc:1683 imb:278 pmb:670 smb:1092 d:- ref:0 ;
in:6257 out:6257 type:B dur:2 cpbdur:2 q:33.37 aq:25.02 tex:2305 mv:2273 misc:966 imb:18 pmb:224 smb:1798 d:- ref:0 ;
in:6256 out:6258 type:b dur:2 cpbdur:2 q:33.37 aq:28.36 tex:772 mv:792 misc:572 imb:5 pmb:107 smb:1928 d:- ref:0 ;
in:6258 out:6259 type:b dur:2 cpbdur:2 q:33.36 aq:25.62 tex:527 mv:596 misc:477 imb:4 pmb:64 smb:1972 d:- ref:0 ;
in:6261 out:6260 type:P dur:2 cpbdur:2 q:33.35 aq:26.43 tex:33579 mv:3993 misc:1724 imb:124 pmb:574 smb:1342 d:- ref:0 ;
in:6260 out:6261 type:b dur:2 cpbdur:2 q:33.35 aq:23.21 tex:340 mv:566 misc:438 imb:1 pmb:62 smb:1977 d:- ref:0 ;
in:6262 out:6262 type:P dur:2 cpbdur:2 q:33.35 aq:26.00 tex:24635 mv:2957 misc:1648 imb:95 pmb:496 smb:1449 d:- ref:0 ;
in:6266 out:6263 type:P dur:2 cpbdur:2 q:33.35 aq:25.81 tex:46907 mv:6139 misc:1738 imb:257 pmb:653 smb:1130 d:- ref:0 ;
in:6264 out:6264 type:B dur:2 cpbdur:2 q:33.35 aq:26.09 tex:1284 mv:1582 misc:910 imb:6 pmb:178 smb:1856 d:- ref:0 ;
in:6263 out:6265 type:b dur:2 cpbdur:2 q:33.35 aq:21.79 tex:326 mv:597 misc:493 imb:3 pmb:69 smb:1968 d:- ref:0 ;
in:6265 out:6266 type:b dur:2 cpbdur:2 q:33.35 aq:21.84 tex:242 mv:561 misc:437 imb:3 pmb:64 smb:1973 d:- ref:0 ;
in:6267 out:6267 type:P dur:2 cpbdur:2 q:33.33 aq:25.80 tex:20796 mv:2625 misc:1571 imb:76 pmb:453 smb:1511 d:- ref:0 ;
in:6271 out:6268 type:P dur:2 cpbdur:2 q:33.33 aq:25.90 tex:44651 mv:5845 misc:1696 imb:237 pmb:613 smb:1190 d:- ref:0 ;
in:6269 out:6269 type:B dur:2 cpbdur:2 q:33.33 aq:25.16 tex:1307 mv:1730 misc:867 imb:12 pmb:173 smb:1855 d:- ref:0 ;
in:6268 out:6270 type:b dur:2 cpbdur:2 q:33.33 aq:25.97 tex:409 mv:526 misc:465 imb:4 pmb:65 smb:1971 d:- ref:0 ;
in:6270 out:6271 type:b dur:2 cpbdur:2 q:33.33 aq:20.05 tex:254 mv:516 misc:454 imb:7 pmb:55 smb:1978 d:- ref:0 ;
in:6272 out:6272 type:P dur:2 cpbdur:2 q:33.31 aq:26.45 tex:17144 mv:2365 misc:1483 imb:59 pmb:409 smb:1572 d:- ref:0 ;
in:6273 out:6273 type:P dur:2 cpbdur:2 q:33.31 aq:26.60 tex:19610 mv:2556 misc:1546 imb:72 pmb:450 smb:1518 d:- ref:0 ;
in:6274 out:6274 type:P dur:2 cpbdur:2 q:33.31 aq:26.01 tex:19700 mv:3046 misc:1574 imb:89 pmb:450 smb:1501 d:- ref:0 ;
in:6275 out:6275 type:P dur:2 cpbdur:2 q:33.31 aq:26.73 tex:16953 mv:2470 misc:1401 imb:51 pmb:395 smb:1594 d:- ref:0 ;
in:6276 out:6276 type:P dur:2 cpbdur:2 q:33.31 aq:25.48 tex:46405 mv:4724 misc:1719 imb:207 pmb:650 smb:1183 d:- ref:0 ;
in:6278 out:6277 type:P dur:2 cpbdur:2 q:33.32 aq:25.76 tex:29996 mv:4397 misc:1687 imb:131 pmb:573 smb:1336 d:- ref:0 ;
in:6277 out:6278 type:b dur:2 cpbdur:2 q:33.31 aq:25.06 tex:228 mv:937 misc:507 imb:7 pmb:89 smb:1944 d:- ref:0 ;
in:6279 out:6279 type:P dur:2 cpbdur:2 q:33.31 aq:26.79 tex:980 mv:1192 misc:716 imb:26 pmb:112 smb:1902 d:- ref:0 ;
in:6280 out:6280 type:I dur:2 cpbdur:2 q:30.44 aq:22.22 tex:245176 mv:33060 misc:516 imb:2040 pmb:0 smb:0 d:- ref:;
in:6281 out:6281 type:P dur:2 cpbdur:2 q:33.41 aq:23.56 tex:9473 mv:2190 misc:1297 imb:49 pmb:315 smb:1676 d:- ref:0 ;
in:6285 out:6282 type:P dur:2 cpbdur:2 q:33.41 aq:25.65 tex:42728 mv:5423 misc:1705 imb:183 pmb:620 smb:1237 d:- ref:0 ;
in:6283 out:6283 type:B dur:2 cpbdur:2 q:33.41 aq:24.50 tex:1591 mv:2357 misc:868 imb:18 pmb:208 smb:1814 d:- ref:0 ;
in:6282 out:6284 type:b dur:2 cpbdur:2 q:33.41 aq:24.38 tex:541 mv:869 misc:486 imb:4 pmb:85 smb:1951 d:- ref:0 ;
in:6284 out:6285 type:b dur:2 cpbdur:2 q:33.41 aq:23.65 tex:618 mv:847 misc:551 imb:5 pmb:105 smb:1930 d:- ref:0 ;
in:6286 out:6286 type:P dur:2 cpbdur:2 q:33.41 aq:24.80 tex:23136 mv:2977 misc:1599 imb:83 pmb:473 smb:1484 d:- ref:0 ;
in:6290 out:6287 type:P dur:2 cpbdur:2 q:33.40 aq:24.86 tex:50732 mv:6086 misc:1686 imb:246 pmb:647 smb:1147 d:- ref:0 ;
in:6288 out:6288 type:B dur:2 cpbdur:2 q:33.41 aq:23.97 tex:1691 mv:2600 misc:917 imb:20 pmb:230 smb:1790 d:- ref:0 ;
in:6287 out:6289 type:b dur:2 cpbdur:2 q:33.41 aq:22.35 tex:393 mv:953 misc:462 imb:6 pmb:85 smb:1949 d:- ref:0 ;
in:6289 out:6290 type:b dur:2 cpbdur:2 q:33.40 aq:25.11 tex:495 mv:958 misc:547 imb:4 pmb:114 smb:1922 d:- ref:0 ;
in:6294 out:6291 type:P dur:2 cpbdur:2 q:33.37 aq:25.58 tex:49440 mv:6414 misc:1722 imb:255 pmb:663 smb:1122 d:- ref:0 ;
in:6292 out:6292 type:B dur:2 cpbdur:2 q:33.39 aq:25.63 tex:1444 mv:2621 misc:895 imb:17 pmb:230 smb:1793 d:- ref:0 ;
in:6291 out:6293 type:b dur:2 cpbdur:2 q:33.40 aq:24.76 tex:399 mv:1125 misc:548 imb:5 pmb:100 smb:1935 d:- ref:0 ;
in:6293 out:6294 type:b dur:2 cpbdur:2 q:33.38 aq:19.97 tex:562 mv:1137 misc:629 imb:5 pmb:130 smb:1905 d:- ref:0 ;
in:6298 out:6295 type:P dur:2 cpbdur:2 q:33.37 aq:26.74 tex:50971 mv:6216 misc:1709 imb:290 pmb:616 smb:1134 d:- ref:0 ;
in:6296 out:6296 type:B dur:2 cpbdur:2 q:33.37 aq:25.44 tex:1937 mv:2534 misc:1017 imb:29 pmb:236 smb:1775 d:- ref:0 ;
in:6295 out:6297 type:b dur:2 cpbdur:2 q:33.37 aq:22.32 tex:631 mv:1240 misc:697 imb:8 pmb:143 smb:1889 d:- ref:0 ;
in:6297 out:6298 type:b dur:2 cpbdur:2 q:33.37 aq:23.06 tex:566 mv:1350 misc:724 imb:12 pmb:135 smb:1893 d:- ref:0 ;
in:6302 out:6299 type:P dur:2 cpbdur:2 q:33.37 aq:26.39 tex:50272 mv:6183 misc:1697 imb:331 pmb:597 smb:1112 d:- ref:0 ;
in:6300 out:6300 type:B dur:2 cpbdur:2 q:33.37 aq:26.32 tex:2952 mv:3020 misc:1140 imb:39 pmb:283 smb:1718 d:- ref:0 ;
in:6299 out:6301 type:b dur:2 cpbdur:2 q:33.37 aq:27.01 tex:812 mv:1412 misc:744 imb:9 pmb:152 smb:1879 d:- ref:0 ;
in:6301 out:6302 type:b dur:2 cpbdur:2 q:33.37 aq:25.69 tex:732 mv:1463 misc:797 imb:13 pmb:152 smb:1875 d:- ref:0 ;
in:6303 out:6303 type:P dur:2 cpbdur:2 q:33.35 aq:26.35 tex:24071 mv:3752 misc:1633 imb:133 pmb:503 smb:1404 d:- ref:0 ;
in:6304 out:6304 type:P dur:2 cpbdur:2 q:33.35 aq:26.47 tex:26547 mv:3957 misc:1752 imb:150 pmb:552 smb:1338 d:- ref:0 ;
in:6306 out:6305 type:P dur:2 cpbdur:2 q:33.36 aq:25.56 tex:38783 mv:5699 misc:1822 imb:332 pmb:565 smb:1143 d:- ref:0 ;
in:6305 out:6306 type:b dur:2 cpbdur:2 q:33.36 aq:25.23 tex:1030 mv:1631 misc:907 imb:9 pmb:194 smb:1837 d:- ref:0 ;
in:6310 out:6307 type:P dur:2 cpbdur:2 q:33.37 aq:25.44 tex:51061 mv:7176 misc:1827 imb:459 pmb:631 smb:950 d:- ref:0 ;
in:6308 out:6308 type:B dur:2 cpbdur:2 q:33.37 aq:25.32 tex:4372 mv:3207 misc:1229 imb:63 pmb:313 smb:1664 d:- ref:0 ;
in:6307 out:6309 type:b dur:2 cpbdur:2 q:33.37 aq:25.59 tex:1471 mv:2054 misc:923 imb:25 pmb:209 smb:1806 d:- ref:0 ;
in:6309 out:6310 type:b dur:2 cpbdur:2 q:33.37 aq:24.69 tex:1549 mv:1828 misc:927 imb:12 pmb:201 smb:1827 d:- ref:0 ;
in:6314 out:6311 type:P dur:2 cpbdur:2 q:33.35 aq:25.65 tex:48194 mv:6610 misc:1852 imb:376 pmb:616 smb:1048 d:- ref:0 ;
in:6312 out:6312 type:B dur:2 cpbdur:2 q:33.36 aq:25.72 tex:3611 mv:3051 misc:1170 imb:55 pmb:300 smb:1685 d:- ref:0 ;
in:6311 out:6313 type:b dur:2 cpbdur:2 q:33.36 aq:25.99 tex:1541 mv:1984 misc:891 imb:18 pmb:192 smb:1830 d:- ref:0 ;
in:6313 out:6314 type:b dur:2 cpbdur:2 q:33.36 aq:27.43 tex:1377 mv:1860 misc:851 imb:17 pmb:191 smb:1832 d:- ref:0 ;
in:6318 out:6315 type:P dur:2 cpbdur:2 q:33.34 aq:25.53 tex:48679 mv:6735 misc:1762 imb:384 pmb:614 smb:1042 d:- ref:0 ;
in:6316 out:6316 type:B dur:2 cpbdur:2 q:33.35 aq:25.93 tex:3914 mv:3200 misc:1166 imb:60 pmb:309 smb:1671 d:- ref:0 ;
in:6315 out:6317 type:b dur:2 cpbdur:2 q:33.35 aq:26.96 tex:1638 mv:1922 misc:856 imb:23 pmb:181 smb:1836 d:- ref:0 ;
in:6317 out:6318 type:b dur:2 cpbdur:2 q:33.35 aq:26.90 tex:1393 mv:2013 misc:946 imb:21 pmb:194 smb:1825 d:- ref:0 ;
in:6322 out:6319 type:P dur:2 cpbdur:2 q:33.33 aq:25.82 tex:47849 mv:6502 misc:1777 imb:400 pmb:604 smb:1036 d:- ref:0 ;
in:6320 out:6320 type:B dur:2 cpbdur:2 q:33.34 aq:25.98 tex:4589 mv:3254 misc:1093 imb:70 pmb:288 smb:1682 d:- ref:0 ;
in:6319 out:6321 type:b dur:2 cpbdur:2 q:33.34 aq:28.22 tex:1764 mv:2050 misc:874 imb:18 pmb:203 smb:1819 d:- ref:0 ;
in:6321 out:6322 type:b dur:2 cpbdur:2 q:33.34 aq:27.31 tex:1655 mv:1900 misc:861 imb:28 pmb:174 smb:1838 d:- ref:0 ;
in:6326 out:6323 type:P dur:2 cpbdur:2 q:33.32 aq:26.32 tex:54383 mv:6762 misc:1727 imb:436 pmb:589 smb:1015 d:- ref:0 ;
in:6324 out:6324 type:B dur:2 cpbdur:2 q:33.33 aq:25.89 tex:4450 mv:3655 misc:1175 imb:90 pmb:290 smb:1660 d:- ref:0 ;
in:6323 out:6325 type:b dur:2 cpbdur:2 q:33.33 aq:27.34 tex:1807 mv:2304 misc:929 imb:38 pmb:196 smb:1806 d:- ref:0 ;
in:6325 out:6326 type:b dur:2 cpbdur:2 q:33.33 aq:27.57 tex:1941 mv:2094 misc:901 imb:24 pmb:222 smb:1794 d:- ref:0 ;
in:6328 out:6327 type:P dur:2 cpbdur:2 q:33.32 aq:25.29 tex:61524 mv:5564 misc:1800 imb:303 pmb:608 smb:1129 d:- ref:0 ;
in:6327 out:6328 type:b dur:2 cpbdur:2 q:33.32 aq:26.97 tex:2138 mv:1943 misc:871 imb:23 pmb:195 smb:1822 d:- ref:0 ;
in:6332 out:6329 type:P dur:2 cpbdur:2 q:33.33 aq:26.29 tex:73221 mv:7272 misc:1667 imb:477 pmb:654 smb:909 d:- ref:0 ;
in:6330 out:6330 type:B dur:2 cpbdur:2 q:33.33 aq:27.21 tex:5120 mv:3589 misc:1203 imb:65 pmb:345 smb:1630 d:- ref:0 ;
in:6329 out:6331 type:b dur:2 cpbdur:2 q:33.32 aq:27.81 tex:2336 mv:2106 misc:886 imb:27 pmb:214 smb:1799 d:- ref:0 ;
in:6331 out:6332 type:b dur:2 cpbdur:2 q:33.33 aq:29.06 tex:2557 mv:2066 misc:905 imb:21 pmb:213 smb:1806 d:- ref:0 ;
in:6336 out:6333 type:P dur:2 cpbdur:2 q:33.33 aq:25.90 tex:57644 mv:7257 misc:1707 imb:417 pmb:622 smb:1001 d:- ref:0 ;
in:6334 out:6334 type:B dur:2 cpbdur:2 q:33.33 aq:27.20 tex:5375 mv:3316 misc:1077 imb:43 pmb:317 smb:1680 d:- ref:0 ;
in:6333 out:6335 type:b dur:2 cpbdur:2 q:33.33 aq:26.82 tex:2769 mv:1985 misc:886 imb:20 pmb:203 smb:1817 d:- ref:0 ;
in:6335 out:6336 type:b dur:2 cpbdur:2 q:33.33 aq:27.90 tex:2065 mv:1765 misc:866 imb:15 pmb:183 smb:1842 d:- ref:0 ;
in:6340 out:6337 type:P dur:2 cpbdur:2 q:33.33 aq:26.45 tex:50258 mv:6520 misc:1670 imb:379 pmb:600 smb:1061 d:- ref:0 ;
in:6338 out:6338 type:B dur:2 cpbdur:2 q:33.33 aq:26.06 tex:4895 mv:3393 misc:1016 imb:46 pmb:301 smb:1693 d:- ref:0 ;
in:6337 out:6339 type:b dur:2 cpbdur:2 q:33.33 aq:28.77 tex:2306 mv:1970 misc:828 imb:18 pmb:188 smb:1834 d:- ref:0 ;
in:6339 out:6340 type:b dur:2 cpbdur:2 q:33.33 aq:28.01 tex:2200 mv:1593 misc:799 imb:13 pmb:170 smb:1857 d:- ref:0 ;
in:6344 out:6341 type:P dur:2 cpbdur:2 q:33.33 aq:26.64 tex:45109 mv:6160 misc:1619 imb:335 pmb:569 smb:1136 d:- ref:0 ;
in:6342 out:6342 type:B dur:2 cpbdur:2 q:33.33 aq:27.38 tex:4611 mv:3078 misc:1031 imb:42 pmb:290 smb:1708 d:- ref:0 ;
in:6341 out:6343 type:b dur:2 cpbdur:2 q:33.33 aq:28.09 tex:1885 mv:1803 misc:864 imb:14 pmb:183 smb:1843 d:- ref:0 ;
in:6343 out:6344 type:b dur:2 cpbdur:2 q:33.33 aq:28.34 tex:1624 mv:1628 misc:852 imb:18 pmb:173 smb:1849 d:- ref:0 ;
in:6348 out:6345 type:P dur:2 cpbdur:2 q:33.31 aq:26.63 tex:37742 mv:6236 misc:1742 imb:376 pmb:556 smb:1108 d:- ref:0 ;
in:6346 out:6346 type:B dur:2 cpbdur:2 q:33.32 aq:26.47 tex:3786 mv:2869 misc:1041 imb:34 pmb:280 smb:1726 d:- ref:0 ;
in:6345 out:6347 type:b dur:2 cpbdur:2 q:33.32 aq:27.12 tex:1316 mv:1580 misc:792 imb:17 pmb:160 smb:1863 d:- ref:0 ;
in:6347 out:6348 type:b dur:2 cpbdur:2 q:33.31 aq:26.58 tex:1256 mv:1206 misc:714 imb:8 pmb:141 smb:1891 d:- ref:0 ;
in:6352 out:6349 type:P dur:2 cpbdur:2 q:33.30 aq:25.25 tex:36101 mv:6672 misc:1731 imb:510 pmb:522 smb:1008 d:- ref:0 w:0,1,-1 ;
in:6350 out:6350 type:B dur:2 cpbdur:2 q:33.30 aq:25.20 tex:2717 mv:2380 misc:1031 imb:42 pmb:233 smb:1765 d:- ref:0 ;
in:6349 out:6351 type:b dur:2 cpbdur:2 q:33.31 aq:27.88 tex:1352 mv:1245 misc:747 imb:16 pmb:133 smb:1891 d:- ref:0 ;
in:6351 out:6352 type:b dur:2 cpbdur:2 q:33.30 aq:24.12 tex:1385 mv:1714 misc:1029 imb:24 pmb:193 smb:1823 d:- ref:0 ;
in:6356 out:6353 type:P dur:2 cpbdur:2 q:33.28 aq:26.15 tex:36826 mv:7835 misc:1819 imb:550 pmb:602 smb:888 d:- ref:0 ;
in:6354 out:6354 type:B dur:2 cpbdur:2 q:33.29 aq:23.98 tex:5039 mv:3465 misc:1376 imb:89 pmb:307 smb:1644 d:- ref:0 ;
in:6353 out:6355 type:b dur:2 cpbdur:2 q:33.29 aq:25.16 tex:1398 mv:1272 misc:762 imb:17 pmb:131 smb:1892 d:- ref:0 ;
in:6355 out:6356 type:b dur:2 cpbdur:2 q:33.29 aq:24.88 tex:2011 mv:2253 misc:1104 imb:40 pmb:209 smb:1791 d:- ref:0 ;
in:6360 out:6357 type:P dur:2 cpbdur:2 q:33.26 aq:26.84 tex:50912 mv:10622 misc:1306 imb:886 pmb:784 smb:370 d:- ref:0 w:6,61,0,5,32,0,29,11 ;
in:6358 out:6358 type:B dur:2 cpbdur:2 q:33.27 aq:25.77 tex:10176 mv:5792 misc:1576 imb:119 pmb:508 smb:1413 d:- ref:0 ;
in:6357 out:6359 type:b dur:2 cpbdur:2 q:33.28 aq:24.13 tex:2993 mv:2815 misc:1224 imb:37 pmb:280 smb:1723 d:- ref:0 ;
in:6359 out:6360 type:b dur:2 cpbdur:2 q:33.27 aq:25.33 tex:4531 mv:3713 misc:1420 imb:44 pmb:389 smb:1607 d:- ref:0 ;
in:6364 out:6361 type:P dur:2 cpbdur:2 q:33.25 aq:27.64 tex:106441 mv:13701 misc:730 imb:1271 pmb:633 smb:136 d:- ref:0 w:7,123,-1,7,103,26,111,17 ;
in:6362 out:6362 type:B dur:2 cpbdur:2 q:33.26 aq:25.81 tex:24033 mv:10304 misc:1655 imb:206 pmb:700 smb:1134 d:- ref:0 ;
in:6361 out:6363 type:b dur:2 cpbdur:2 q:33.26 aq:27.01 tex:8206 mv:5163 misc:1503 imb:68 pmb:474 smb:1498 d:- ref:0 ;
in:6363 out:6364 type:b dur:2 cpbdur:2 q:33.25 aq:26.58 tex:9070 mv:6419 misc:1583 imb:57 pmb:540 smb:1443 d:- ref:0 ;
in:6368 out:6365 type:P dur:2 cpbdur:2 q:33.27 aq:27.79 tex:105702 mv:13961 misc:665 imb:1383 pmb:501 smb:156 d:- ref:0 ;
in:6366 out:6366 type:B dur:2 cpbdur:2 q:33.26 aq:26.30 tex:27548 mv:12045 misc:1719 imb:173 pmb:784 smb:1083 d:- ref:0 ;
in:6365 out:6367 type:b dur:2 cpbdur:2 q:33.26 aq:28.00 tex:10283 mv:6919 misc:1686 imb:74 pmb:561 smb:1405 d:- ref:0 ;
in:6367 out:6368 type:b dur:2 cpbdur:2 q:33.27 aq:28.56 tex:10349 mv:6980 misc:1671 imb:48 pmb:578 smb:1414 d:- ref:0 ;
in:6372 out:6369 type:P dur:2 cpbdur:2 q:33.33 aq:27.48 tex:72408 mv:12952 misc:872 imb:1262 pmb:524 smb:254 d:- ref:0 ;
in:6370 out:6370 type:B dur:2 cpbdur:2 q:33.30 aq:27.52 tex:24518 mv:10850 misc:1568 imb:164 pmb:715 smb:1161 d:- ref:0 ;
in:6369 out:6371 type:b dur:2 cpbdur:2 q:33.29 aq:27.74 tex:8785 mv:6453 misc:1658 imb:60 pmb:546 smb:1434 d:- ref:0 ;
in:6371 out:6372 type:b dur:2 cpbdur:2 q:33.31 aq:29.86 tex:7378 mv:5217 misc:1525 imb:42 pmb:452 smb:1546 d:- ref:0 ;
in:6376 out:6373 type:P dur:2 cpbdur:2 q:33.38 aq:27.60 tex:66207 mv:11095 misc:1106 imb:1025 pmb:473 smb:542 d:- ref:0 ;
in:6374 out:6374 type:B dur:2 cpbdur:2 q:33.35 aq:27.79 tex:18043 mv:8927 misc:1422 imb:100 pmb:592 smb:1348 d:- ref:0 ;
in:6373 out:6375 type:b dur:2 cpbdur:2 q:33.34 aq:30.48 tex:5467 mv:4692 misc:1401 imb:28 pmb:402 smb:1610 d:- ref:0 ;
in:6375 out:6376 type:b dur:2 cpbdur:2 q:33.36 aq:30.50 tex:5328 mv:3961 misc:1247 imb:24 pmb:347 smb:1669 d:- ref:0 ;
in:6377 out:6377 type:P dur:2 cpbdur:2 q:33.41 aq:28.35 tex:23314 mv:5278 misc:1296 imb:167 pmb:510 smb:1363 d:- ref:0 ;
in:6378 out:6378 type:P dur:2 cpbdur:2 q:33.41 aq:28.11 tex:22885 mv:5457 misc:1346 imb:175 pmb:531 smb:1334 d:- ref:0 ;
in:6379 out:6379 type:P dur:2 cpbdur:2 q:33.42 aq:28.64 tex:23267 mv:5056 misc:1309 imb:147 pmb:504 smb:1389 d:- ref:0 ;
in:6380 out:6380 type:P dur:2 cpbdur:2 q:33.43 aq:28.45 tex:21475 mv:5051 misc:1114 imb:142 pmb:498 smb:1400 d:- ref:0 ;
in:6381 out:6381 type:P dur:2 cpbdur:2 q:33.45 aq:28.99 tex:20109 mv:4869 misc:1110 imb:180 pmb:467 smb:1393 d:- ref:0 ;
in:6382 out:6382 type:P dur:2 cpbdur:2 q:33.45 aq:27.21 tex:19880 mv:5063 misc:1289 imb:203 pmb:498 smb:1339 d:- ref:0 ;
in:6384 out:6383 type:P dur:2 cpbdur:2 q:33.45 aq:25.78 tex:27328 mv:6610 misc:1670 imb:349 pmb:485 smb:1206 d:- ref:0 ;
in:6383 out:6384 type:b dur:2 cpbdur:2 q:33.45 aq:29.81 tex:2242 mv:3012 misc:1066 imb:24 pmb:249 smb:1767 d:- ref:0 ;
in:6385 out:6385 type:P dur:2 cpbdur:2 q:33.44 aq:29.56 tex:16897 mv:4305 misc:1062 imb:113 pmb:452 smb:1475 d:- ref:0 ;
in:6386 out:6386 type:P dur:2 cpbdur:2 q:33.43 aq:27.98 tex:17384 mv:4387 misc:1101 imb:113 pmb:441 smb:1486 d:- ref:0 ;
in:6387 out:6387 type:P dur:2 cpbdur:2 q:33.42 aq:28.33 tex:17992 mv:4170 misc:1166 imb:124 pmb:429 smb:1487 d:- ref:0 ;
in:6388 out:6388 type:P dur:2 cpbdur:2 q:33.42 aq:26.27 tex:16547 mv:4502 misc:1327 imb:145 pmb:410 smb:1485 d:- ref:0 ;
in:6390 out:6389 type:P dur:2 cpbdur:2 q:33.41 aq:26.61 tex:25164 mv:5963 misc:1425 imb:266 pmb:424 smb:1350 d:- ref:0 ;
in:6389 out:6390 type:b dur:2 cpbdur:2 q:33.41 aq:29.97 tex:2537 mv:3126 misc:1185 imb:41 pmb:254 smb:1745 d:- ref:0 ;
in:6393 out:6391 type:P dur:2 cpbdur:2 q:33.41 aq:27.24 tex:29355 mv:6008 misc:1461 imb:323 pmb:378 smb:1339 d:- ref:0 ;
in:6391 out:6392 type:B dur:2 cpbdur:2 q:33.41 aq:30.27 tex:4246 mv:3871 misc:1211 imb:24 pmb:309 smb:1707 d:- ref:0 ;
in:6392 out:6393 type:b dur:2 cpbdur:2 q:33.41 aq:30.78 tex:2529 mv:2731 misc:1148 imb:28 pmb:238 smb:1774 d:- ref:0 ;
in:6394 out:6394 type:P dur:2 cpbdur:2 q:33.40 aq:28.17 tex:15239 mv:3905 misc:1264 imb:138 pmb:365 smb:1537 d:- ref:0 ;
in:6395 out:6395 type:P dur:2 cpbdur:2 q:33.40 aq:27.20 tex:15608 mv:4128 misc:1288 imb:164 pmb:376 smb:1500 d:- ref:0 ;
in:6396 out:6396 type:P dur:2 cpbdur:2 q:33.40 aq:26.86 tex:16117 mv:4109 misc:1358 imb:154 pmb:392 smb:1494 d:- ref:0 ;
in:6398 out:6397 type:P dur:2 cpbdur:2 q:33.40 aq:27.15 tex:23564 mv:4934 misc:1374 imb:189 pmb:389 smb:1462 d:- ref:0 ;
in:6397 out:6398 type:b dur:2 cpbdur:2 q:33.40 aq:30.09 tex:2341 mv:2262 misc:981 imb:29 pmb:191 smb:1820 d:- ref:0 ;
in:6399 out:6399 type:P dur:2 cpbdur:2 q:33.39 aq:26.86 tex:14406 mv:3551 misc:1219 imb:100 pmb:367 smb:1573 d:- ref:0 ;
in:6400 out:6400 type:P dur:2 cpbdur:2 q:33.39 aq:26.73 tex:14437 mv:3906 misc:1225 imb:121 pmb:388 smb:1531 d:- ref:0 ;
in:6402 out:6401 type:P dur:2 cpbdur:2 q:33.39 aq:27.14 tex:19633 mv:4515 misc:1276 imb:147 pmb:362 smb:1531 d:- ref:0 ;
in:6401 out:6402 type:b dur:2 cpbdur:2 q:33.39 aq:26.61 tex:2292 mv:2534 misc:1030 imb:25 pmb:221 smb:1794 d:- ref:0 ;
in:6403 out:6403 type:P dur:2 cpbdur:2 q:33.38 aq:27.52 tex:11710 mv:3300 misc:1174 imb:97 pmb:338 smb:1605 d:- ref:0 ;
in:6404 out:6404 type:P dur:2 cpbdur:2 q:33.38 aq:27.38 tex:14420 mv:3795 misc:1153 imb:114 pmb:365 smb:1561 d:- ref:0 ;
in:6405 out:6405 type:P dur:2 cpbdur:2 q:33.37 aq:27.37 tex:13686 mv:3503 misc:1139 imb:110 pmb:347 smb:1583 d:- ref:0 ;
in:6406 out:6406 type:P dur:2 cpbdur:2 q:33.37 aq:27.62 tex:14121 mv:3646 misc:1201 imb:124 pmb:369 smb:1547 d:- ref:0 ;
in:6407 out:6407 type:P dur:2 cpbdur:2 q:33.37 aq:26.49 tex:11972 mv:3479 misc:1117 imb:96 pmb:355 smb:1589 d:- ref:0 ;
in:6409 out:6408 type:P dur:2 cpbdur:2 q:33.36 aq:25.98 tex:21475 mv:4646 misc:1343 imb:194 pmb:355 smb:1491 d:- ref:0 ;
in:6408 out:6409 type:b dur:2 cpbdur:2 q:33.37 aq:32.39 tex:1542 mv:1852 misc:918 imb:13 pmb:185 smb:1842 d:- ref:0 ;
in:6411 out:6410 type:P dur:2 cpbdur:2 q:33.35 aq:26.45 tex:21082 mv:4628 misc:1282 imb:171 pmb:390 smb:1479 d:- ref:0 ;
in:6410 out:6411 type:b dur:2 cpbdur:2 q:33.36 aq:28.84 tex:1827 mv:1898 misc:899 imb:20 pmb:164 smb:1856 d:- ref:0 ;
in:6413 out:6412 type:P dur:2 cpbdur:2 q:33.35 aq:26.10 tex:19743 mv:4504 misc:1337 imb:153 pmb:388 smb:1499 d:- ref:0 ;
in:6412 out:6413 type:b dur:2 cpbdur:2 q:33.35 aq:30.47 tex:1450 mv:1842 misc:892 imb:9 pmb:163 smb:1868 d:- ref:0 ;
in:6415 out:6414 type:P dur:2 cpbdur:2 q:33.34 aq:26.41 tex:19973 mv:4201 misc:1218 imb:127 pmb:368 smb:1545 d:- ref:0 ;
in:6414 out:6415 type:b dur:2 cpbdur:2 q:33.34 aq:26.92 tex:1448 mv:1903 misc:929 imb:25 pmb:156 smb:1859 d:- ref:0 ;
in:6417 out:6416 type:P dur:2 cpbdur:2 q:33.33 aq:25.82 tex:18507 mv:4465 misc:1292 imb:152 pmb:363 smb:1525 d:- ref:0 ;
in:6416 out:6417 type:b dur:2 cpbdur:2 q:33.33 aq:28.91 tex:1446 mv:2221 misc:933 imb:17 pmb:180 smb:1843 d:- ref:0 ;
in:6419 out:6418 type:P dur:2 cpbdur:2 q:33.32 aq:26.23 tex:17997 mv:4271 misc:1212 imb:139 pmb:353 smb:1548 d:- ref:0 ;
in:6418 out:6419 type:b dur:2 cpbdur:2 q:33.33 aq:29.28 tex:1283 mv:2014 misc:847 imb:12 pmb:152 smb:1876 d:- ref:0 ;
in:6421 out:6420 type:P dur:2 cpbdur:2 q:33.31 aq:26.81 tex:18421 mv:4123 misc:1088 imb:123 pmb:363 smb:1554 d:- ref:0 ;
in:6420 out:6421 type:b dur:2 cpbdur:2 q:33.32 aq:28.17 tex:1072 mv:1983 misc:905 imb:10 pmb:166 smb:1864 d:- ref:0 ;
in:6422 out:6422 type:P dur:2 cpbdur:2 q:33.30 aq:26.32 tex:11689 mv:3368 misc:1119 imb:130 pmb:354 smb:1556 d:- ref:0 ;
in:6424 out:6423 type:P dur:2 cpbdur:2 q:33.30 aq:26.94 tex:19484 mv:4098 misc:1042 imb:120 pmb:380 smb:1540 d:- ref:0 ;
in:6423 out:6424 type:b dur:2 cpbdur:2 q:33.30 aq:27.82 tex:1242 mv:1679 misc:847 imb:8 pmb:146 smb:1886 d:- ref:0 ;
in:6426 out:6425 type:P dur:2 cpbdur:2 q:33.29 aq:25.91 tex:18938 mv:4205 misc:1201 imb:141 pmb:392 smb:1507 d:- ref:0 ;
in:6425 out:6426 type:b dur:2 cpbdur:2 q:33.29 aq:31.69 tex:1576 mv:1737 misc:847 imb:14 pmb:158 smb:1868 d:- ref:0 ;
in:6428 out:6427 type:P dur:2 cpbdur:2 q:33.28 aq:27.30 tex:20590 mv:3852 misc:1006 imb:89 pmb:350 smb:1601 d:- ref:0 ;
in:6427 out:6428 type:b dur:2 cpbdur:2 q:33.29 aq:28.08 tex:1135 mv:1747 misc:814 imb:10 pmb:152 smb:1878 d:- ref:0 ;
in:6430 out:6429 type:P dur:2 cpbdur:2 q:33.27 aq:25.07 tex:20438 mv:3978 misc:1152 imb:129 pmb:378 smb:1533 d:- ref:0 ;
in:6429 out:6430 type:b dur:2 cpbdur:2 q:33.28 aq:28.76 tex:1115 mv:1523 misc:802 imb:13 pmb:133 smb:1894 d:- ref:0 ;
in:6432 out:6431 type:P dur:2 cpbdur:2 q:33.26 aq:25.22 tex:23830 mv:4963 misc:1487 imb:293 pmb:418 smb:1329 d:- ref:0 ;
in:6431 out:6432 type:b dur:2 cpbdur:2 q:33.27 aq:29.90 tex:1122 mv:1206 misc:736 imb:2 pmb:145 smb:1893 d:- ref:0 ;
in:6436 out:6433 type:P dur:2 cpbdur:2 q:33.25 aq:26.56 tex:26159 mv:4257 misc:984 imb:100 pmb:342 smb:1598 d:- ref:0 ;
in:6434 out:6434 type:B dur:2 cpbdur:2 q:33.26 aq:26.82 tex:3175 mv:2687 misc:882 imb:6 pmb:242 smb:1792 d:- ref:0 ;
in:6433 out:6435 type:b dur:2 cpbdur:2 q:33.26 aq:32.15 tex:931 mv:1044 misc:601 imb:3 pmb:99 smb:1938 d:- ref:0 ;
in:6435 out:6436 type:b dur:2 cpbdur:2 q:33.26 aq:29.58 tex:860 mv:1129 misc:627 imb:4 pmb:103 smb:1933 d:- ref:0 ;
in:6438 out:6437 type:P dur:2 cpbdur:2 q:33.23 aq:27.00 tex:16049 mv:3216 misc:871 imb:48 pmb:362 smb:1630 d:- ref:0 ;
in:6437 out:6438 type:b dur:2 cpbdur:2 q:33.24 aq:26.23 tex:721 mv:950 misc:593 imb:8 pmb:84 smb:1948 d:- ref:0 ;
in:6440 out:6439 type:P dur:2 cpbdur:2 q:33.23 aq:25.43 tex:17205 mv:3416 misc:987 imb:72 pmb:371 smb:1597 d:- ref:0 ;
in:6439 out:6440 type:b dur:2 cpbdur:2 q:33.23 aq:28.21 tex:666 mv:781 misc:513 imb:7 pmb:69 smb:1964 d:- ref:0 ;
in:6444 out:6441 type:P dur:2 cpbdur:2 q:33.21 aq:25.70 tex:24668 mv:4231 misc:933 imb:120 pmb:369 smb:1551 d:- ref:0 ;
in:6442 out:6442 type:B dur:2 cpbdur:2 q:33.22 aq:30.85 tex:2421 mv:1986 misc:785 imb:6 pmb:187 smb:1847 d:- ref:0 ;
in:6441 out:6443 type:b dur:2 cpbdur:2 q:33.22 aq:31.10 tex:724 mv:692 misc:488 imb:0 pmb:76 smb:1964 d:- ref:0 ;
in:6443 out:6444 type:b dur:2 cpbdur:2 q:33.22 aq:29.20 tex:788 mv:801 misc:507 imb:4 pmb:74 smb:1962 d:- ref:0 ;
in:6446 out:6445 type:P dur:2 cpbdur:2 q:33.19 aq:25.36 tex:15495 mv:3500 misc:981 imb:67 pmb:370 smb:1603 d:- ref:0 ;
in:6445 out:6446 type:b dur:2 cpbdur:2 q:33.20 aq:26.65 tex:567 mv:724 misc:445 imb:9 pmb:53 smb:1978 d:- ref:0 ;
in:6448 out:6447 type:P dur:2 cpbdur:2 q:33.17 aq:26.00 tex:16254 mv:3331 misc:991 imb:50 pmb:358 smb:1632 d:- ref:0 ;
in:6447 out:6448 type:b dur:2 cpbdur:2 q:33.18 aq:27.02 tex:485 mv:832 misc:499 imb:2 pmb:68 smb:1970 d:- ref:0 ;
in:6450 out:6449 type:P dur:2 cpbdur:2 q:33.16 aq:26.75 tex:18064 mv:3538 misc:1006 imb:53 pmb:380 smb:1607 d:- ref:0 ;
in:6449 out:6450 type:b dur:2 cpbdur:2 q:33.17 aq:30.04 tex:703 mv:1039 misc:586 imb:5 pmb:89 smb:1946 d:- ref:0 ;
in:6452 out:6451 type:P dur:2 cpbdur:2 q:33.15 aq:26.62 tex:19131 mv:3870 misc:927 imb:97 pmb:343 smb:1600 d:- ref:0 ;
in:6451 out:6452 type:b dur:2 cpbdur:2 q:33.15 aq:28.80 tex:807 mv:1323 misc:718 imb:5 pmb:119 smb:1916 d:- ref:0 ;
in:6454 out:6453 type:P dur:2 cpbdur:2 q:33.14 aq:25.95 tex:18525 mv:4319 misc:1100 imb:141 pmb:364 smb:1535 d:- ref:0 ;
in:6453 out:6454 type:b dur:2 cpbdur:2 q:33.14 aq:23.69 tex:845 mv:1859 misc:824 imb:19 pmb:148 smb:1873 d:- ref:0 ;
in:6457 out:6455 type:P dur:2 cpbdur:2 q:33.12 aq:26.03 tex:33266 mv:4617 misc:1029 imb:125 pmb:365 smb:1550 d:- ref:0 ;
in:6455 out:6456 type:B dur:2 cpbdur:2 q:33.13 aq:29.34 tex:2564 mv:2809 misc:971 imb:10 pmb:228 smb:1802 d:- ref:0 ;
in:6456 out:6457 type:b dur:2 cpbdur:2 q:33.13 aq:28.21 tex:1189 mv:1971 misc:808 imb:9 pmb:157 smb:1874 d:- ref:0 ;
in:6458 out:6458 type:P dur:2 cpbdur:2 q:33.11 aq:26.41 tex:11735 mv:3273 misc:952 imb:73 pmb:368 smb:1599 d:- ref:0 ;
in:6461 out:6459 type:P dur:2 cpbdur:2 q:33.11 aq:25.02 tex:24904 mv:4491 misc:1093 imb:126 pmb:334 smb:1580 d:- ref:0 ;
in:6459 out:6460 type:B dur:2 cpbdur:2 q:33.11 aq:27.37 tex:3299 mv:3220 misc:1065 imb:20 pmb:263 smb:1757 d:- ref:0 ;
in:6460 out:6461 type:b dur:2 cpbdur:2 q:33.11 aq:30.59 tex:2228 mv:2202 misc:882 imb:9 pmb:209 smb:1822 d:- ref:0 ;
in:6462 out:6462 type:P dur:2 cpbdur:2 q:33.09 aq:25.82 tex:14286 mv:3432 misc:1042 imb:81 pmb:364 smb:1595 d:- ref:0 ;
in:6464 out:6463 type:P dur:2 cpbdur:2 q:33.09 aq:26.30 tex:21314 mv:4393 misc:1093 imb:109 pmb:368 smb:1563 d:- ref:0 ;
in:6463 out:6464 type:b dur:2 cpbdur:2 q:33.09 aq:30.42 tex:2061 mv:2576 misc:899 imb:17 pmb:200 smb:1823 d:- ref:0 ;
in:6465 out:6465 type:P dur:2 cpbdur:2 q:33.08 aq:25.30 tex:14824 mv:3830 misc:1114 imb:105 pmb:373 smb:1562 d:- ref:0 ;
in:6467 out:6466 type:P dur:2 cpbdur:2 q:33.08 aq:26.38 tex:23905 mv:4398 misc:977 imb:124 pmb:343 smb:1573 d:- ref:0 ;
in:6466 out:6467 type:b dur:2 cpbdur:2 q:33.08 aq:28.69 tex:2526 mv:2630 misc:892 imb:6 pmb:209 smb:1825 d:- ref:0 ;
in:6468 out:6468 type:P dur:2 cpbdur:2 q:33.07 aq:26.29 tex:16647 mv:3881 misc:984 imb:87 pmb:368 smb:1585 d:- ref:0 ;
in:6469 out:6469 type:P dur:2 cpbdur:2 q:33.07 aq:25.66 tex:15916 mv:4189 misc:1055 imb:124 pmb:377 smb:1539 d:- ref:0 ;
in:6473 out:6470 type:P dur:2 cpbdur:2 q:33.07 aq:25.82 tex:39842 mv:6419 misc:1411 imb:400 pmb:323 smb:1317 d:- ref:0 ;
in:6471 out:6471 type:B dur:2 cpbdur:2 q:33.07 aq:27.97 tex:10388 mv:5788 misc:1232 imb:57 pmb:398 smb:1585 d:- ref:0 ;
in:6470 out:6472 type:b dur:2 cpbdur:2 q:33.07 aq:29.23 tex:4051 mv:3036 misc:1001 imb:11 pmb:247 smb:1782 d:- ref:0 ;
in:6472 out:6473 type:b dur:2 cpbdur:2 q:33.07 aq:28.24 tex:4682 mv:3672 misc:1142 imb:35 pmb:286 smb:1719 d:- ref:0 ;
in:6475 out:6474 type:P dur:2 cpbdur:2 q:33.05 aq:26.20 tex:28533 mv:5848 misc:1395 imb:289 pmb:368 smb:1383 d:- ref:0 ;
in:6474 out:6475 type:b dur:2 cpbdur:2 q:33.06 aq:28.35 tex:4571 mv:4083 misc:1162 imb:58 pmb:285 smb:1697 d:- ref:0 ;
in:6476 out:6476 type:P dur:2 cpbdur:2 q:33.05 aq:26.57 tex:18269 mv:4909 misc:1270 imb:197 pmb:384 smb:1459 d:- ref:0 ;
in:6477 out:6477 type:P dur:2 cpbdur:2 q:33.06 aq:26.89 tex:18318 mv:4899 misc:1151 imb:175 pmb:385 smb:1480 d:- ref:0 ;
in:6478 out:6478 type:P dur:2 cpbdur:2 q:33.06 aq:25.41 tex:19868 mv:5340 misc:1424 imb:227 pmb:398 smb:1415 d:- ref:0 ;
in:6482 out:6479 type:P dur:2 cpbdur:2 q:33.06 aq:26.78 tex:44800 mv:7696 misc:1512 imb:487 pmb:365 smb:1188 d:- ref:0 ;
in:6480 out:6480 type:B dur:2 cpbdur:2 q:33.06 aq:25.52 tex:16629 mv:8539 misc:1736 imb:178 pmb:587 smb:1275 d:- ref:0 ;
in:6479 out:6481 type:b dur:2 cpbdur:2 q:33.06 aq:29.98 tex:5331 mv:4365 misc:1056 imb:34 pmb:310 smb:1696 d:- ref:0 ;
in:6481 out:6482 type:b dur:2 cpbdur:2 q:33.06 aq:30.76 tex:6037 mv:4218 misc:1049 imb:24 pmb:327 smb:1689 d:- ref:0 ;
in:6485 out:6483 type:P dur:2 cpbdur:2 q:33.05 aq:26.31 tex:41201 mv:8334 misc:1537 imb:557 pmb:392 smb:1091 d:- ref:0 ;
in:6483 out:6484 type:B dur:2 cpbdur:2 q:33.06 aq:27.39 tex:11726 mv:6126 misc:1428 imb:65 pmb:453 smb:1522 d:- ref:0 ;
in:6484 out:6485 type:b dur:2 cpbdur:2 q:33.05 aq:27.31 tex:8682 mv:5350 misc:1344 imb:55 pmb:408 smb:1577 d:- ref:0 ;
in:6486 out:6486 type:P dur:2 cpbdur:2 q:33.06 aq:26.40 tex:24860 mv:6477 misc:1551 imb:310 pmb:489 smb:1241 d:- ref:0 ;
in:6490 out:6487 type:P dur:2 cpbdur:2 q:33.07 aq:26.93 tex:55168 mv:9639 misc:1625 imb:855 pmb:382 smb:803 d:- ref:0 ;
in:6488 out:6488 type:B dur:2 cpbdur:2 q:33.06 aq:27.83 tex:25873 mv:9435 misc:1428 imb:168 pmb:592 smb:1280 d:- ref:0 ;
in:6487 out:6489 type:b dur:2 cpbdur:2 q:33.06 aq:29.40 tex:9085 mv:5695 misc:1260 imb:45 pmb:443 smb:1552 d:- ref:0 ;
in:6489 out:6490 type:b dur:2 cpbdur:2 q:33.06 aq:28.74 tex:11324 mv:5535 misc:1285 imb:59 pmb:452 smb:1529 d:- ref:0 ;
in:6494 out:6491 type:P dur:2 cpbdur:2 q:33.07 aq:27.85 tex:57053 mv:9941 misc:1374 imb:816 pmb:381 smb:843 d:- ref:0 ;
in:6492 out:6492 type:B dur:2 cpbdur:2 q:33.07 aq:28.02 tex:25968 mv:9380 misc:1324 imb:123 pmb:590 smb:1327 d:- ref:0 ;
in:6491 out:6493 type:b dur:2 cpbdur:2 q:33.07 aq:29.37 tex:11956 mv:6103 misc:1341 imb:61 pmb:458 smb:1521 d:- ref:0 ;
in:6493 out:6494 type:b dur:2 cpbdur:2 q:33.07 aq:29.59 tex:11186 mv:6765 misc:1313 imb:74 pmb:442 smb:1524 d:- ref:0 ;
in:6498 out:6495 type:P dur:2 cpbdur:2 q:33.10 aq:27.82 tex:72825 mv:11225 misc:1366 imb:993 pmb:412 smb:635 d:- ref:0 ;
in:6496 out:6496 type:B dur:2 cpbdur:2 q:33.09 aq:29.30 tex:30339 mv:10840 misc:1405 imb:187 pmb:641 smb:1212 d:- ref:0 ;
in:6495 out:6497 type:b dur:2 cpbdur:2 q:33.08 aq:30.70 tex:12714 mv:7092 misc:1218 imb:55 pmb:480 smb:1505 d:- ref:0 ;
in:6497 out:6498 type:b dur:2 cpbdur:2 q:33.09 aq:30.25 tex:14659 mv:7824 misc:1325 imb:75 pmb:532 smb:1433 d:- ref:0 ;
in:6502 out:6499 type:P dur:2 cpbdur:2 q:33.13 aq:28.28 tex:76503 mv:13308 misc:1133 imb:1138 pmb:471 smb:431 d:- ref:0 ;
in:6500 out:6500 type:B dur:2 cpbdur:2 q:33.12 aq:29.82 tex:37312 mv:13020 misc:1452 imb:211 pmb:697 smb:1132 d:- ref:0 ;
in:6499 out:6501 type:b dur:2 cpbdur:2 q:33.11 aq:30.95 tex:19126 mv:8678 misc:1348 imb:95 pmb:581 smb:1364 d:- ref:0 ;
in:6501 out:6502 type:b dur:2 cpbdur:2 q:33.12 aq:31.00 tex:18849 mv:10480 misc:1335 imb:87 pmb:626 smb:1327 d:- ref:0 ;
in:6506 out:6503 type:P dur:2 cpbdur:2 q:33.18 aq:29.43 tex:94697 mv:13492 misc:1155 imb:947 pmb:523 smb:570 d:- ref:0 ;
in:6504 out:6504 type:B dur:2 cpbdur:2 q:33.16 aq:28.78 tex:42910 mv:16277 misc:1621 imb:259 pmb:856 smb:925 d:- ref:0 ;
in:6503 out:6505 type:b dur:2 cpbdur:2 q:33.14 aq:32.40 tex:21696 mv:11129 misc:1327 imb:86 pmb:666 smb:1288 d:- ref:0 ;
in:6505 out:6506 type:b dur:2 cpbdur:2 q:33.17 aq:31.49 tex:25549 mv:12637 misc:1486 imb:123 pmb:740 smb:1177 d:- ref:0 ;
in:6510 out:6507 type:P dur:2 cpbdur:2 q:33.25 aq:30.13 tex:107960 mv:17350 misc:914 imb:1017 pmb:727 smb:296 d:- ref:0 ;
in:6508 out:6508 type:B dur:2 cpbdur:2 q:33.21 aq:30.72 tex:54108 mv:18124 misc:1496 imb:295 pmb:898 smb:847 d:- ref:0 ;
in:6507 out:6509 type:b dur:2 cpbdur:2 q:33.20 aq:32.38 tex:26561 mv:13431 misc:1456 imb:131 pmb:772 smb:1137 d:- ref:0 ;
in:6509 out:6510 type:b dur:2 cpbdur:2 q:33.23 aq:32.49 tex:32467 mv:14553 misc:1548 imb:129 pmb:858 smb:1053 d:- ref:0 ;
in:6514 out:6511 type:P dur:2 cpbdur:2 q:33.33 aq:31.21 tex:128746 mv:17619 misc:915 imb:895 pmb:821 smb:324 d:- ref:0 ;
in:6512 out:6512 type:B dur:2 cpbdur:2 q:33.29 aq:31.61 tex:68501 mv:20696 misc:1547 imb:280 pmb:1031 smb:729 d:- ref:0 ;
in:6511 out:6513 type:b dur:2 cpbdur:2 q:33.27 aq:33.38 tex:38670 mv:14990 misc:1580 imb:122 pmb:906 smb:1012 d:- ref:0 ;
in:6513 out:6514 type:b dur:2 cpbdur:2 q:33.31 aq:33.91 tex:42720 mv:16455 misc:1537 imb:118 pmb:1001 smb:921 d:- ref:0 ;
in:6515 out:6515 type:P dur:2 cpbdur:2 q:33.44 aq:31.37 tex:83487 mv:15177 misc:1304 imb:422 pmb:1060 smb:558 d:- ref:0 ;
in:6516 out:6516 type:P dur:2 cpbdur:2 q:33.48 aq:31.88 tex:95739 mv:15511 misc:1350 imb:508 pmb:1013 smb:519 d:- ref:0 ;
in:6517 out:6517 type:P dur:2 cpbdur:2 q:33.53 aq:31.81 tex:94778 mv:15350 misc:1328 imb:440 pmb:1065 smb:535 d:- ref:0 ;
in:6518 out:6518 type:P dur:2 cpbdur:2 q:33.59 aq:31.69 tex:101746 mv:15804 misc:1330 imb:540 pmb:1024 smb:476 d:- ref:0 ;
in:6519 out:6519 type:P dur:2 cpbdur:2 q:33.65 aq:32.05 tex:104672 mv:15999 misc:1305 imb:533 pmb:1046 smb:461 d:- ref:0 ;
in:6520 out:6520 type:P dur:2 cpbdur:2 q:33.70 aq:31.89 tex:109809 mv:16510 misc:1193 imb:599 pmb:1006 smb:435 d:- ref:0 ;
in:6521 out:6521 type:P dur:2 cpbdur:2 q:33.74 aq:32.32 tex:113035 mv:15854 misc:1239 imb:535 pmb:1023 smb:482 d:- ref:0 ;
in:6522 out:6522 type:P dur:2 cpbdur:2 q:33.79 aq:32.55 tex:118396 mv:16469 misc:1207 imb:591 pmb:1015 smb:434 d:- ref:0 ;
in:6523 out:6523 type:P dur:2 cpbdur:2 q:33.83 aq:32.86 tex:122496 mv:16899 misc:1141 imb:640 pmb:990 smb:410 d:- ref:0 ;
in:6524 out:6524 type:P dur:2 cpbdur:2 q:33.88 aq:32.60 tex:122369 mv:17202 misc:1077 imb:651 pmb:985 smb:404 d:- ref:0 ;
in:6525 out:6525 type:P dur:2 cpbdur:2 q:33.93 aq:32.81 tex:135611 mv:17029 misc:992 imb:769 pmb:881 smb:390 d:- ref:0 ;
in:6526 out:6526 type:P dur:2 cpbdur:2 q:33.98 aq:32.42 tex:121340 mv:16481 misc:1035 imb:690 pmb:890 smb:460 d:- ref:0 ;
in:6527 out:6527 type:P dur:2 cpbdur:2 q:34.03 aq:32.56 tex:116609 mv:16177 misc:918 imb:701 pmb:831 smb:508 d:- ref:0 ;
in:6528 out:6528 type:P dur:2 cpbdur:2 q:34.09 aq:32.04 tex:104603 mv:15990 misc:1023 imb:663 pmb:844 smb:533 d:- ref:0 ;
in:6529 out:6529 type:I dur:2 cpbdur:2 q:30.58 aq:28.17 tex:228402 mv:52380 misc:482 imb:2040 pmb:0 smb:0 d:- ref:;
in:6533 out:6530 type:P dur:2 cpbdur:2 q:34.23 aq:30.45 tex:96102 mv:14043 misc:759 imb:1068 pmb:474 smb:498 d:- ref:0 ;
in:6531 out:6531 type:B dur:2 cpbdur:2 q:34.23 aq:32.81 tex:73848 mv:17063 misc:1273 imb:319 pmb:913 smb:808 d:- ref:0 ;
in:6530 out:6532 type:b dur:2 cpbdur:2 q:34.23 aq:34.81 tex:53719 mv:17787 misc:1358 imb:188 pmb:970 smb:882 d:- ref:0 ;
in:6532 out:6533 type:b dur:2 cpbdur:2 q:34.23 aq:33.07 tex:44003 mv:14415 misc:1382 imb:142 pmb:899 smb:999 d:- ref:0 ;
in:6537 out:6534 type:P dur:2 cpbdur:2 q:34.33 aq:29.18 tex:46761 mv:11393 misc:982 imb:962 pmb:399 smb:679 d:- ref:0 ;
in:6535 out:6535 type:B dur:2 cpbdur:2 q:34.28 aq:32.32 tex:48374 mv:11696 misc:1338 imb:150 pmb:877 smb:1013 d:- ref:0 ;
in:6534 out:6536 type:b dur:2 cpbdur:2 q:34.25 aq:33.82 tex:33189 mv:11639 misc:1436 imb:100 pmb:845 smb:1095 d:- ref:0 ;
in:6536 out:6537 type:b dur:2 cpbdur:2 q:34.30 aq:33.01 tex:25010 mv:9279 misc:1431 imb:60 pmb:748 smb:1232 d:- ref:0 ;
in:6541 out:6538 type:P dur:2 cpbdur:2 q:34.44 aq:27.92 tex:22716 mv:8586 misc:1066 imb:791 pmb:345 smb:904 d:- ref:0 ;
in:6539 out:6539 type:B dur:2 cpbdur:2 q:34.38 aq:30.26 tex:15315 mv:8509 misc:1392 imb:132 pmb:622 smb:1286 d:- ref:0 ;
in:6538 out:6540 type:b dur:2 cpbdur:2 q:34.35 aq:32.79 tex:10351 mv:7236 misc:1437 imb:30 pmb:610 smb:1400 d:- ref:0 ;
in:6540 out:6541 type:b dur:2 cpbdur:2 q:34.41 aq:32.29 tex:7402 mv:5637 misc:1337 imb:43 pmb:512 smb:1485 d:- ref:0 ;
in:6542 out:6542 type:P dur:2 cpbdur:2 q:34.49 aq:28.35 tex:10098 mv:5523 misc:1443 imb:309 pmb:370 smb:1361 d:- ref:0 ;
in:6546 out:6543 type:P dur:2 cpbdur:2 q:34.50 aq:27.48 tex:24047 mv:7155 misc:878 imb:1119 pmb:165 smb:756 d:- ref:0 ;
in:6544 out:6544 type:B dur:2 cpbdur:2 q:34.49 aq:28.84 tex:6461 mv:4953 misc:1362 imb:100 pmb:382 smb:1558 d:- ref:0 ;
in:6543 out:6545 type:b dur:2 cpbdur:2 q:34.49 aq:29.89 tex:4326 mv:4376 misc:1410 imb:61 pmb:385 smb:1594 d:- ref:0 ;
in:6545 out:6546 type:b dur:2 cpbdur:2 q:34.50 aq:30.17 tex:2738 mv:2969 misc:1221 imb:45 pmb:270 smb:1725 d:- ref:0 ;
in:6550 out:6547 type:P dur:2 cpbdur:2 q:34.50 aq:26.94 tex:13012 mv:5352 misc:1156 imb:780 pmb:162 smb:1098 d:- ref:0 ;
in:6548 out:6548 type:B dur:2 cpbdur:2 q:34.50 aq:30.03 tex:5355 mv:3585 misc:1204 imb:93 pmb:279 smb:1668 d:- ref:0 ;
in:6547 out:6549 type:b dur:2 cpbdur:2 q:34.50 aq:29.32 tex:2267 mv:2460 misc:1097 imb:45 pmb:223 smb:1772 d:- ref:0 ;
in:6549 out:6550 type:b dur:2 cpbdur:2 q:34.50 aq:31.37 tex:2589 mv:1806 misc:1077 imb:37 pmb:210 smb:1793 d:- ref:0 ;
in:6554 out:6551 type:P dur:2 cpbdur:2 q:34.46 aq:28.22 tex:9697 mv:4202 misc:1405 imb:490 pmb:148 smb:1402 d:- ref:0 ;
in:6552 out:6552 type:B dur:2 cpbdur:2 q:34.48 aq:29.29 tex:4660 mv:3480 misc:1460 imb:101 pmb:311 smb:1628 d:- ref:0 ;
in:6551 out:6553 type:b dur:2 cpbdur:2 q:34.49 aq:30.95 tex:2760 mv:1632 misc:1112 imb:28 pmb:212 smb:1800 d:- ref:0 ;
in:6553 out:6554 type:b dur:2 cpbdur:2 q:34.47 aq:31.60 tex:3414 mv:2592 misc:1354 imb:79 pmb:264 smb:1697 d:- ref:0 ;
in:6558 out:6555 type:P dur:2 cpbdur:2 q:34.42 aq:26.90 tex:9841 mv:4219 misc:1188 imb:746 pmb:112 smb:1182 d:- ref:0 ;
in:6556 out:6556 type:B dur:2 cpbdur:2 q:34.44 aq:28.64 tex:3851 mv:2255 misc:1262 imb:73 pmb:224 smb:1743 d:- ref:0 ;
in:6555 out:6557 type:b dur:2 cpbdur:2 q:34.45 aq:29.76 tex:2793 mv:1597 misc:1226 imb:48 pmb:219 smb:1773 d:- ref:0 ;
in:6557 out:6558 type:b dur:2 cpbdur:2 q:34.43 aq:29.51 tex:3192 mv:1622 misc:1146 imb:64 pmb:180 smb:1796 d:- ref:0 ;
in:6562 out:6559 type:P dur:2 cpbdur:2 q:34.39 aq:26.31 tex:7154 mv:3155 misc:1403 imb:448 pmb:115 smb:1477 d:- ref:0 ;
in:6560 out:6560 type:B dur:2 cpbdur:2 q:34.40 aq:28.56 tex:3030 mv:1599 misc:1163 imb:77 pmb:166 smb:1797 d:- ref:0 ;
in:6559 out:6561 type:b dur:2 cpbdur:2 q:34.41 aq:28.50 tex:2522 mv:1384 misc:1086 imb:48 pmb:177 smb:1815 d:- ref:0 ;
in:6561 out:6562 type:b dur:2 cpbdur:2 q:34.40 aq:28.46 tex:2212 mv:1353 misc:1067 imb:60 pmb:146 smb:1834 d:- ref:0 ;
in:6566 out:6563 type:P dur:2 cpbdur:2 q:34.36 aq:25.55 tex:6017 mv:3064 misc:1039 imb:785 pmb:94 smb:1161 d:- ref:0 ;
in:6564 out:6564 type:B dur:2 cpbdur:2 q:34.37 aq:28.05 tex:2193 mv:1210 misc:1005 imb:52 pmb:131 smb:1857 d:- ref:0 ;
in:6563 out:6565 type:b dur:2 cpbdur:2 q:34.38 aq:29.40 tex:2042 mv:1224 misc:1046 imb:38 pmb:153 smb:1849 d:- ref:0 ;
in:6565 out:6566 type:b dur:2 cpbdur:2 q:34.36 aq:29.15 tex:2506 mv:1079 misc:983 imb:50 pmb:128 smb:1862 d:- ref:0 ;
in:6570 out:6567 type:P dur:2 cpbdur:2 q:34.32 aq:26.22 tex:8104 mv:2838 misc:1490 imb:300 pmb:119 smb:1621 d:- ref:0 ;
in:6568 out:6568 type:B dur:2 cpbdur:2 q:34.34 aq:29.06 tex:4636 mv:1923 misc:1289 imb:53 pmb:227 smb:1760 d:- ref:0 ;
in:6567 out:6569 type:b dur:2 cpbdur:2 q:34.35 aq:28.95 tex:2052 mv:1706 misc:1178 imb:58 pmb:188 smb:1794 d:- ref:0 ;
in:6569 out:6570 type:b dur:2 cpbdur:2 q:34.33 aq:29.55 tex:3870 mv:1383 misc:1195 imb:58 pmb:187 smb:1795 d:- ref:0 ;
in:6574 out:6571 type:P dur:2 cpbdur:2 q:34.29 aq:27.41 tex:8636 mv:1900 misc:1304 imb:239 pmb:77 smb:1724 d:- ref:0 ;
in:6572 out:6572 type:B dur:2 cpbdur:2 q:34.30 aq:30.34 tex:5049 mv:1400 misc:1279 imb:56 pmb:209 smb:1775 d:- ref:0 ;
in:6571 out:6573 type:b dur:2 cpbdur:2 q:34.31 aq:30.62 tex:4515 mv:1286 misc:1223 imb:55 pmb:198 smb:1787 d:- ref:0 ;
in:6573 out:6574 type:b dur:2 cpbdur:2 q:34.30 aq:30.75 tex:4587 mv:1079 misc:1238 imb:42 pmb:216 smb:1782 d:- ref:0 ;
in:6578 out:6575 type:P dur:2 cpbdur:2 q:34.26 aq:28.04 tex:15431 mv:2170 misc:1303 imb:297 pmb:83 smb:1660 d:- ref:0 ;
in:6576 out:6576 type:B dur:2 cpbdur:2 q:34.27 aq:28.47 tex:6045 mv:2161 misc:1522 imb:117 pmb:259 smb:1664 d:- ref:0 ;
in:6575 out:6577 type:b dur:2 cpbdur:2 q:34.28 aq:31.66 tex:5265 mv:1051 misc:1228 imb:37 pmb:214 smb:1789 d:- ref:0 ;
in:6577 out:6578 type:b dur:2 cpbdur:2 q:34.27 aq:30.73 tex:6006 mv:1426 misc:1248 imb:57 pmb:228 smb:1755 d:- ref:0 ;
in:6582 out:6579 type:P dur:2 cpbdur:2 q:34.24 aq:29.81 tex:50673 mv:4042 misc:1149 imb:486 pmb:168 smb:1386 d:- ref:0 ;
in:6580 out:6580 type:B dur:2 cpbdur:2 q:34.25 aq:31.17 tex:15513 mv:3389 misc:1498 imb:119 pmb:362 smb:1559 d:- ref:0 ;
in:6579 out:6581 type:b dur:2 cpbdur:2 q:34.25 aq:30.85 tex:10760 mv:2781 misc:1387 imb:88 pmb:301 smb:1651 d:- ref:0 ;
in:6581 out:6582 type:b dur:2 cpbdur:2 q:34.24 aq:31.52 tex:11966 mv:4381 misc:1493 imb:93 pmb:398 smb:1549 d:- ref:0 ;
in:6586 out:6583 type:P dur:2 cpbdur:2 q:34.21 aq:30.55 tex:53994 mv:6366 misc:1208 imb:513 pmb:332 smb:1195 d:- ref:0 ;
in:6584 out:6584 type:B dur:2 cpbdur:2 q:34.23 aq:31.30 tex:27621 mv:6901 misc:1574 imb:168 pmb:544 smb:1328 d:- ref:0 ;
in:6583 out:6585 type:b dur:2 cpbdur:2 q:34.23 aq:32.03 tex:13251 mv:5229 misc:1464 imb:101 pmb:426 smb:1513 d:- ref:0 ;
in:6585 out:6586 type:b dur:2 cpbdur:2 q:34.22 aq:32.64 tex:13657 mv:6630 misc:1601 imb:110 pmb:504 smb:1426 d:- ref:0 ;
in:6587 out:6587 type:P dur:2 cpbdur:2 q:34.22 aq:29.59 tex:46293 mv:6844 misc:1263 imb:478 pmb:397 smb:1165 d:- ref:0 ;
in:6591 out:6588 type:P dur:2 cpbdur:2 q:34.23 aq:31.05 tex:64859 mv:8386 misc:1123 imb:580 pmb:456 smb:1004 d:- ref:0 ;
in:6589 out:6589 type:B dur:2 cpbdur:2 q:34.23 aq:31.66 tex:38941 mv:10136 misc:1499 imb:263 pmb:664 smb:1113 d:- ref:0 ;
in:6588 out:6590 type:b dur:2 cpbdur:2 q:34.23 aq:32.09 tex:16711 mv:7651 misc:1606 imb:114 pmb:560 smb:1366 d:- ref:0 ;
in:6590 out:6591 type:b dur:2 cpbdur:2 q:34.23 aq:32.52 tex:14922 mv:8430 misc:1640 imb:134 pmb:576 smb:1330 d:- ref:0 ;
in:6595 out:6592 type:P dur:2 cpbdur:2 q:34.26 aq:30.95 tex:65691 mv:9070 misc:1151 imb:603 pmb:489 smb:948 d:- ref:0 ;
in:6593 out:6593 type:B dur:2 cpbdur:2 q:34.24 aq:31.45 tex:41543 mv:11763 misc:1398 imb:352 pmb:617 smb:1071 d:- ref:0 ;
in:6592 out:6594 type:b dur:2 cpbdur:2 q:34.24 aq:31.92 tex:19538 mv:8071 misc:1575 imb:142 pmb:577 smb:1321 d:- ref:0 ;
in:6594 out:6595 type:b dur:2 cpbdur:2 q:34.25 aq:31.70 tex:14981 mv:8772 misc:1623 imb:120 pmb:602 smb:1318 d:- ref:0 ;
in:6596 out:6596 type:P dur:2 cpbdur:2 q:34.31 aq:30.48 tex:34727 mv:8531 misc:1150 imb:375 pmb:655 smb:1010 d:- ref:0 ;
in:6598 out:6597 type:P dur:2 cpbdur:2 q:34.33 aq:30.91 tex:51578 mv:10338 misc:1028 imb:480 pmb:627 smb:933 d:- ref:0 ;
in:6597 out:6598 type:b dur:2 cpbdur:2 q:34.32 aq:32.55 tex:7906 mv:8186 misc:1572 imb:93 pmb:537 smb:1410 d:- ref:0 ;
in:6600 out:6599 type:P dur:2 cpbdur:2 q:34.37 aq:30.11 tex:50750 mv:9999 misc:1123 imb:500 pmb:641 smb:899 d:- ref:0 ;
in:6599 out:6600 type:b dur:2 cpbdur:2 q:34.35 aq:32.63 tex:8466 mv:7877 misc:1625 imb:81 pmb:553 smb:1406 d:- ref:0 ;
in:6603 out:6601 type:P dur:2 cpbdur:2 q:34.39 aq:30.38 tex:65807 mv:10109 misc:1084 imb:591 pmb:533 smb:916 d:- ref:0 ;
in:6601 out:6602 type:B dur:2 cpbdur:2 q:34.38 aq:33.65 tex:11760 mv:9073 misc:1639 imb:91 pmb:627 smb:1322 d:- ref:0 ;
in:6602 out:6603 type:b dur:2 cpbdur:2 q:34.38 aq:34.24 tex:7794 mv:7569 misc:1637 imb:91 pmb:537 smb:1412 d:- ref:0 ;
in:6607 out:6604 type:P dur:2 cpbdur:2 q:34.41 aq:30.08 tex:99068 mv:10140 misc:1120 imb:759 pmb:421 smb:860 d:- ref:0 ;
in:6605 out:6605 type:B dur:2 cpbdur:2 q:34.40 aq:31.67 tex:20240 mv:12490 misc:1590 imb:166 pmb:712 smb:1162 d:- ref:0 ;
in:6604 out:6606 type:b dur:2 cpbdur:2 q:34.40 aq:32.59 tex:7134 mv:7146 misc:1672 imb:67 pmb:533 smb:1440 d:- ref:0 ;
in:6606 out:6607 type:b dur:2 cpbdur:2 q:34.41 aq:32.54 tex:7649 mv:7209 misc:1638 imb:58 pmb:541 smb:1441 d:- ref:0 ;
in:6611 out:6608 type:P dur:2 cpbdur:2 q:34.43 aq:29.20 tex:96701 mv:9807 misc:1132 imb:592 pmb:527 smb:921 d:- ref:0 ;
in:6609 out:6609 type:B dur:2 cpbdur:2 q:34.42 aq:31.12 tex:20447 mv:10080 misc:1673 imb:94 pmb:667 smb:1279 d:- ref:0 ;
in:6608 out:6610 type:b dur:2 cpbdur:2 q:34.42 aq:33.07 tex:7859 mv:6552 misc:1621 imb:52 pmb:534 smb:1454 d:- ref:0 ;
in:6610 out:6611 type:b dur:2 cpbdur:2 q:34.43 aq:33.15 tex:6581 mv:5762 misc:1545 imb:45 pmb:478 smb:1517 d:- ref:0 ;
in:6615 out:6612 type:P dur:2 cpbdur:2 q:34.46 aq:29.05 tex:84492 mv:9002 misc:1162 imb:454 pmb:587 smb:999 d:- ref:0 ;
in:6613 out:6613 type:B dur:2 cpbdur:2 q:34.45 aq:31.76 tex:15766 mv:8920 misc:1610 imb:76 pmb:658 smb:1306 d:- ref:0 ;
in:6612 out:6614 type:b dur:2 cpbdur:2 q:34.44 aq:33.39 tex:6364 mv:5530 misc:1546 imb:45 pmb:473 smb:1522 d:- ref:0 ;
in:6614 out:6615 type:b dur:2 cpbdur:2 q:34.45 aq:33.59 tex:5947 mv:4611 misc:1450 imb:37 pmb:433 smb:1570 d:- ref:0 ;
in:6619 out:6616 type:P dur:2 cpbdur:2 q:34.50 aq:29.09 tex:69076 mv:8242 misc:1202 imb:357 pmb:646 smb:1037 d:- ref:0 ;
in:6617 out:6617 type:B dur:2 cpbdur:2 q:34.48 aq:31.62 tex:11859 mv:6316 misc:1633 imb:71 pmb:528 smb:1441 d:- ref:0 ;
in:6616 out:6618 type:b dur:2 cpbdur:2 q:34.47 aq:32.45 tex:6157 mv:4210 misc:1465 imb:28 pmb:403 smb:1609 d:- ref:0 ;
in:6618 out:6619 type:b dur:2 cpbdur:2 q:34.49 aq:32.74 tex:6424 mv:3689 misc:1415 imb:24 pmb:412 smb:1604 d:- ref:0 ;
in:6623 out:6620 type:P dur:2 cpbdur:2 q:34.51 aq:29.07 tex:62521 mv:6728 misc:1255 imb:245 pmb:637 smb:1158 d:- ref:0 ;
in:6621 out:6621 type:B dur:2 cpbdur:2 q:34.51 aq:32.33 tex:9803 mv:4991 misc:1510 imb:43 pmb:485 smb:1512 d:- ref:0 ;
in:6620 out:6622 type:b dur:2 cpbdur:2 q:34.50 aq:33.21 tex:5827 mv:3074 misc:1259 imb:28 pmb:321 smb:1691 d:- ref:0 ;
in:6622 out:6623 type:b dur:2 cpbdur:2 q:34.51 aq:34.10 tex:4948 mv:2794 misc:1274 imb:23 pmb:316 smb:1701 d:- ref:0 ;
in:6627 out:6624 type:P dur:2 cpbdur:2 q:34.52 aq:28.89 tex:56199 mv:6527 misc:1314 imb:234 pmb:627 smb:1179 d:- ref:0 ;
in:6625 out:6625 type:B dur:2 cpbdur:2 q:34.52 aq:31.35 tex:9574 mv:4837 misc:1597 imb:52 pmb:465 smb:1523 d:- ref:0 ;
in:6624 out:6626 type:b dur:2 cpbdur:2 q:34.52 aq:34.47 tex:5632 mv:2877 misc:1307 imb:19 pmb:337 smb:1684 d:- ref:0 ;
in:6626 out:6627 type:b dur:2 cpbdur:2 q:34.52 aq:33.09 tex:4639 mv:2491 misc:1206 imb:21 pmb:288 smb:1731 d:- ref:0 ;
in:6631 out:6628 type:P dur:2 cpbdur:2 q:34.52 aq:28.02 tex:51023 mv:6233 misc:1296 imb:235 pmb:637 smb:1168 d:- ref:0 ;
in:6629 out:6629 type:B dur:2 cpbdur:2 q:34.52 aq:31.97 tex:9234 mv:4389 misc:1457 imb:36 pmb:437 smb:1567 d:- ref:0 ;
in:6628 out:6630 type:b dur:2 cpbdur:2 q:34.52 aq:33.08 tex:5258 mv:3023 misc:1287 imb:26 pmb:337 smb:1677 d:- ref:0 ;
in:6630 out:6631 type:b dur:2 cpbdur:2 q:34.52 aq:32.54 tex:4416 mv:2520 misc:1200 imb:25 pmb:267 smb:1748 d:- ref:0 ;
in:6635 out:6632 type:P dur:2 cpbdur:2 q:34.52 aq:28.33 tex:52085 mv:5583 misc:1316 imb:198 pmb:623 smb:1219 d:- ref:0 ;
in:6633 out:6633 type:B dur:2 cpbdur:2 q:34.52 aq:31.18 tex:8556 mv:4359 misc:1501 imb:43 pmb:442 smb:1555 d:- ref:0 ;
in:6632 out:6634 type:b dur:2 cpbdur:2 q:34.52 aq:34.35 tex:4463 mv:2672 misc:1177 imb:21 pmb:294 smb:1725 d:- ref:0 ;
in:6634 out:6635 type:b dur:2 cpbdur:2 q:34.52 aq:34.14 tex:4037 mv:2447 misc:1204 imb:17 pmb:274 smb:1749 d:- ref:0 ;
in:6639 out:6636 type:P dur:2 cpbdur:2 q:34.52 aq:28.62 tex:51066 mv:5302 misc:1384 imb:190 pmb:619 smb:1231 d:- ref:0 ;
in:6637 out:6637 type:B dur:2 cpbdur:2 q:34.52 aq:32.73 tex:7396 mv:3948 misc:1496 imb:36 pmb:411 smb:1593 d:- ref:0 ;
in:6636 out:6638 type:b dur:2 cpbdur:2 q:34.52 aq:34.35 tex:4604 mv:2350 misc:1166 imb:23 pmb:269 smb:1748 d:- ref:0 ;
in:6638 out:6639 type:b dur:2 cpbdur:2 q:34.52 aq:33.65 tex:5047 mv:2252 misc:1157 imb:16 pmb:276 smb:1748 d:- ref:0 ;
in:6643 out:6640 type:P dur:2 cpbdur:2 q:34.52 aq:28.14 tex:49272 mv:5373 misc:1347 imb:191 pmb:607 smb:1242 d:- ref:0 ;
in:6641 out:6641 type:B dur:2 cpbdur:2 q:34.52 aq:32.12 tex:8076 mv:3868 misc:1504 imb:50 pmb:402 smb:1588 d:- ref:0 ;
in:6640 out:6642 type:b dur:2 cpbdur:2 q:34.52 aq:33.80 tex:4619 mv:2369 misc:1180 imb:27 pmb:265 smb:1748 d:- ref:0 ;
in:6642 out:6643 type:b dur:2 cpbdur:2 q:34.52 aq:33.38 tex:4663 mv:2307 misc:1174 imb:25 pmb:275 smb:1740 d:- ref:0 ;
in:6647 out:6644 type:P dur:2 cpbdur:2 q:34.51 aq:28.06 tex:46750 mv:4756 misc:1358 imb:169 pmb:584 smb:1287 d:- ref:0 ;
in:6645 out:6645 type:B dur:2 cpbdur:2 q:34.51 aq:32.49 tex:8145 mv:3468 misc:1475 imb:24 pmb:394 smb:1622 d:- ref:0 ;
in:6644 out:6646 type:b dur:2 cpbdur:2 q:34.51 aq:34.06 tex:4961 mv:2367 misc:1168 imb:27 pmb:270 smb:1743 d:- ref:0 ;
in:6646 out:6647 type:b dur:2 cpbdur:2 q:34.51 aq:32.96 tex:4544 mv:2269 misc:1155 imb:20 pmb:262 smb:1758 d:- ref:0 ;
in:6651 out:6648 type:P dur:2 cpbdur:2 q:34.51 aq:28.84 tex:46713 mv:4563 misc:1380 imb:176 pmb:580 smb:1284 d:- ref:0 ;
in:6649 out:6649 type:B dur:2 cpbdur:2 q:34.51 aq:31.08 tex:6938 mv:3363 misc:1499 imb:41 pmb:374 smb:1625 d:- ref:0 ;
in:6648 out:6650 type:b dur:2 cpbdur:2 q:34.51 aq:33.42 tex:4965 mv:2536 misc:1195 imb:19 pmb:288 smb:1733 d:- ref:0 ;
in:6650 out:6651 type:b dur:2 cpbdur:2 q:34.51 aq:33.36 tex:5382 mv:2343 misc:1187 imb:32 pmb:258 smb:1750 d:- ref:0 ;
in:6655 out:6652 type:P dur:2 cpbdur:2 q:34.50 aq:27.64 tex:49651 mv:4700 misc:1433 imb:180 pmb:562 smb:1298 d:- ref:0 ;
in:6653 out:6653 type:B dur:2 cpbdur:2 q:34.50 aq:31.84 tex:8352 mv:3218 misc:1382 imb:33 pmb:374 smb:1633 d:- ref:0 ;
in:6652 out:6654 type:b dur:2 cpbdur:2 q:34.51 aq:33.82 tex:4923 mv:2152 misc:1197 imb:19 pmb:265 smb:1756 d:- ref:0 ;
in:6654 out:6655 type:b dur:2 cpbdur:2 q:34.50 aq:32.57 tex:4677 mv:1928 misc:1155 imb:22 pmb:251 smb:1767 d:- ref:0 ;
in:6659 out:6656 type:P dur:2 cpbdur:2 q:34.50 aq:28.28 tex:47238 mv:4320 misc:1338 imb:163 pmb:552 smb:1325 d:- ref:0 ;
in:6657 out:6657 type:B dur:2 cpbdur:2 q:34.50 aq:31.10 tex:7899 mv:2987 misc:1450 imb:33 pmb:355 smb:1652 d:- ref:0 ;
in:6656 out:6658 type:b dur:2 cpbdur:2 q:34.50 aq:33.97 tex:5093 mv:1970 misc:1137 imb:22 pmb:242 smb:1776 d:- ref:0 ;
in:6658 out:6659 type:b dur:2 cpbdur:2 q:34.50 aq:32.27 tex:5599 mv:2241 misc:1176 imb:22 pmb:270 smb:1748 d:- ref:0 ;
in:6663 out:6660 type:P dur:2 cpbdur:2 q:34.49 aq:28.10 tex:55530 mv:4251 misc:1347 imb:194 pmb:548 smb:1298 d:- ref:0 ;
in:6661 out:6661 type:B dur:2 cpbdur:2 q:34.49 aq:32.28 tex:7782 mv:2931 misc:1367 imb:47 pmb:344 smb:1649 d:- ref:0 ;
in:6660 out:6662 type:b dur:2 cpbdur:2 q:34.49 aq:33.11 tex:5335 mv:1970 misc:1103 imb:20 pmb:239 smb:1781 d:- ref:0 ;
in:6662 out:6663 type:b dur:2 cpbdur:2 q:34.49 aq:33.20 tex:5277 mv:1914 misc:1121 imb:32 pmb:243 smb:1765 d:- ref:0 ;
in:6667 out:6664 type:P dur:2 cpbdur:2 q:34.49 aq:28.54 tex:75827 mv:4506 misc:1291 imb:186 pmb:606 smb:1248 d:- ref:0 ;
in:6665 out:6665 type:B dur:2 cpbdur:2 q:34.49 aq:32.37 tex:8817 mv:2862 misc:1337 imb:38 pmb:366 smb:1636 d:- ref:0 ;
in:6664 out:6666 type:b dur:2 cpbdur:2 q:34.49 aq:33.73 tex:4767 mv:1794 misc:1031 imb:29 pmb:212 smb:1799 d:- ref:0 ;
in:6666 out:6667 type:b dur:2 cpbdur:2 q:34.49 aq:32.35 tex:4620 mv:1569 misc:1067 imb:23 pmb:216 smb:1801 d:- ref:0 ;
in:6671 out:6668 type:P dur:2 cpbdur:2 q:34.50 aq:28.67 tex:45208 mv:3776 misc:1336 imb:115 pmb:580 smb:1345 d:- ref:0 ;
in:6669 out:6669 type:B dur:2 cpbdur:2 q:34.50 aq:32.41 tex:8107 mv:2438 misc:1191 imb:29 pmb:314 smb:1697 d:- ref:0 ;
in:6668 out:6670 type:b dur:2 cpbdur:2 q:34.49 aq:34.31 tex:4667 mv:1603 misc:986 imb:25 pmb:200 smb:1815 d:- ref:0 ;
in:6670 out:6671 type:b dur:2 cpbdur:2 q:34.50 aq:34.45 tex:4040 mv:1429 misc:971 imb:20 pmb:186 smb:1834 d:- ref:0 ;
in:6675 out:6672 type:P dur:2 cpbdur:2 q:34.49 aq:28.52 tex:48580 mv:3905 misc:1355 imb:140 pmb:565 smb:1335 d:- ref:0 ;
in:6673 out:6673 type:B dur:2 cpbdur:2 q:34.50 aq:31.22 tex:7685 mv:2866 misc:1385 imb:42 pmb:332 smb:1666 d:- ref:0 ;
in:6672 out:6674 type:b dur:2 cpbdur:2 q:34.50 aq:34.11 tex:5107 mv:1356 misc:969 imb:28 pmb:185 smb:1827 d:- ref:0 ;
in:6674 out:6675 type:b dur:2 cpbdur:2 q:34.50 aq:31.72 tex:3926 mv:1498 misc:920 imb:28 pmb:166 smb:1846 d:- ref:0 ;
in:6679 out:6676 type:P dur:2 cpbdur:2 q:34.48 aq:27.74 tex:45591 mv:3576 misc:1241 imb:105 pmb:559 smb:1376 d:- ref:0 ;
in:6677 out:6677 type:B dur:2 cpbdur:2 q:34.49 aq:31.55 tex:8349 mv:2489 misc:1274 imb:27 pmb:319 smb:1694 d:- ref:0 ;
in:6676 out:6678 type:b dur:2 cpbdur:2 q:34.49 aq:32.76 tex:3997 mv:1415 misc:980 imb:23 pmb:174 smb:1843 d:- ref:0 ;
in:6678 out:6679 type:b dur:2 cpbdur:2 q:34.49 aq:31.92 tex:3957 mv:1179 misc:896 imb:17 pmb:159 smb:1864 d:- ref:0 ;
in:6683 out:6680 type:P dur:2 cpbdur:2 q:34.48 aq:28.03 tex:48638 mv:3760 misc:1386 imb:116 pmb:584 smb:1340 d:- ref:0 ;
in:6681 out:6681 type:B dur:2 cpbdur:2 q:34.48 aq:32.42 tex:7607 mv:1932 misc:1245 imb:20 pmb:285 smb:1735 d:- ref:0 ;
in:6680 out:6682 type:b dur:2 cpbdur:2 q:34.48 aq:33.29 tex:3669 mv:994 misc:817 imb:20 pmb:126 smb:1894 d:- ref:0 ;
in:6682 out:6683 type:b dur:2 cpbdur:2 q:34.48 aq:32.32 tex:3870 mv:1030 misc:852 imb:18 pmb:136 smb:1886 d:- ref:0 ;
in:6687 out:6684 type:P dur:2 cpbdur:2 q:34.47 aq:27.86 tex:47952 mv:3374 misc:1258 imb:100 pmb:574 smb:1366 d:- ref:0 ;
in:6685 out:6685 type:B dur:2 cpbdur:2 q:34.47 aq:32.46 tex:7017 mv:1703 misc:1168 imb:21 pmb:266 smb:1753 d:- ref:0 ;
in:6684 out:6686 type:b dur:2 cpbdur:2 q:34.47 aq:33.11 tex:3855 mv:841 misc:848 imb:28 pmb:113 smb:1899 d:- ref:0 ;
in:6686 out:6687 type:b dur:2 cpbdur:2 q:34.47 aq:32.17 tex:3546 mv:1023 misc:831 imb:22 pmb:133 smb:1885 d:- ref:0 ;
in:6691 out:6688 type:P dur:2 cpbdur:2 q:34.46 aq:28.90 tex:48603 mv:3438 misc:1263 imb:109 pmb:553 smb:1378 d:- ref:0 ;
in:6689 out:6689 type:B dur:2 cpbdur:2 q:34.46 aq:33.24 tex:7364 mv:1883 misc:1145 imb:17 pmb:276 smb:1747 d:- ref:0 ;
in:6688 out:6690 type:b dur:2 cpbdur:2 q:34.47 aq:33.60 tex:3520 mv:838 misc:834 imb:13 pmb:141 smb:1886 d:- ref:0 ;
in:6690 out:6691 type:b dur:2 cpbdur:2 q:34.46 aq:32.95 tex:3972 mv:996 misc:840 imb:22 pmb:133 smb:1885 d:- ref:0 ;
in:6695 out:6692 type:P dur:2 cpbdur:2 q:34.45 aq:28.53 tex:47834 mv:3518 misc:1248 imb:112 pmb:572 smb:1356 d:- ref:0 ;
in:6693 out:6693 type:B dur:2 cpbdur:2 q:34.45 aq:32.71 tex:7193 mv:1744 misc:1127 imb:18 pmb:261 smb:1761 d:- ref:0 ;
in:6692 out:6694 type:b dur:2 cpbdur:2 q:34.46 aq:33.61 tex:3480 mv:821 misc:803 imb:18 pmb:121 smb:1901 d:- ref:0 ;
in:6694 out:6695 type:b dur:2 cpbdur:2 q:34.45 aq:33.74 tex:3470 mv:1114 misc:832 imb:20 pmb:145 smb:1875 d:- ref:0 ;
in:6699 out:6696 type:P dur:2 cpbdur:2 q:34.44 aq:28.95 tex:46528 mv:3536 misc:1336 imb:103 pmb:562 smb:1375 d:- ref:0 ;
in:6697 out:6697 type:B dur:2 cpbdur:2 q:34.45 aq:31.89 tex:7861 mv:2072 misc:1259 imb:29 pmb:286 smb:1725 d:- ref:0 ;
in:6696 out:6698 type:b dur:2 cpbdur:2 q:34.45 aq:34.13 tex:3876 mv:852 misc:800 imb:20 pmb:124 smb:1896 d:- ref:0 ;
in:6698 out:6699 type:b dur:2 cpbdur:2 q:34.45 aq:32.42 tex:3488 mv:1040 misc:880 imb:22 pmb:147 smb:1871 d:- ref:0 ;
in:6703 out:6700 type:P dur:2 cpbdur:2 q:34.43 aq:26.97 tex:46885 mv:3799 misc:1300 imb:119 pmb:570 smb:1351 d:- ref:0 ;
in:6701 out:6701 type:B dur:2 cpbdur:2 q:34.44 aq:31.64 tex:7117 mv:1850 misc:1201 imb:10 pmb:291 smb:1739 d:- ref:0 ;
in:6700 out:6702 type:b dur:2 cpbdur:2 q:34.44 aq:33.38 tex:4043 mv:939 misc:786 imb:18 pmb:139 smb:1883 d:- ref:0 ;
in:6702 out:6703 type:b dur:2 cpbdur:2 q:34.44 aq:32.63 tex:3735 mv:1095 misc:898 imb:22 pmb:149 smb:1869 d:- ref:0 ;
in:6707 out:6704 type:P dur:2 cpbdur:2 q:34.42 aq:28.48 tex:51573 mv:3629 misc:1294 imb:98 pmb:590 smb:1352 d:- ref:0 ;
in:6705 out:6705 type:B dur:2 cpbdur:2 q:34.43 aq:33.01 tex:7057 mv:2113 misc:1174 imb:19 pmb:283 smb:1738 d:- ref:0 ;
in:6704 out:6706 type:b dur:2 cpbdur:2 q:34.43 aq:31.90 tex:3770 mv:1061 misc:809 imb:26 pmb:128 smb:1886 d:- ref:0 ;
in:6706 out:6707 type:b dur:2 cpbdur:2 q:34.43 aq:32.55 tex:4565 mv:1078 misc:909 imb:17 pmb:171 smb:1852 d:- ref:0 ;
in:6711 out:6708 type:P dur:2 cpbdur:2 q:34.41 aq:28.83 tex:50679 mv:3649 misc:1288 imb:109 pmb:585 smb:1346 d:- ref:0 ;
in:6709 out:6709 type:B dur:2 cpbdur:2 q:34.42 aq:32.37 tex:6454 mv:2068 misc:1254 imb:22 pmb:294 smb:1724 d:- ref:0 ;
in:6708 out:6710 type:b dur:2 cpbdur:2 q:34.42 aq:33.44 tex:4426 mv:1141 misc:929 imb:18 pmb:170 smb:1852 d:- ref:0 ;
in:6710 out:6711 type:b dur:2 cpbdur:2 q:34.42 aq:33.84 tex:4559 mv:1295 misc:946 imb:23 pmb:181 smb:1836 d:- ref:0 ;
in:6715 out:6712 type:P dur:2 cpbdur:2 q:34.41 aq:29.19 tex:51251 mv:3716 misc:1305 imb:107 pmb:595 smb:1338 d:- ref:0 ;
in:6713 out:6713 type:B dur:2 cpbdur:2 q:34.41 aq:33.21 tex:7408 mv:2136 misc:1288 imb:21 pmb:330 smb:1689 d:- ref:0 ;
in:6712 out:6714 type:b dur:2 cpbdur:2 q:34.41 aq:33.61 tex:4372 mv:1087 misc:917 imb:24 pmb:169 smb:1847 d:- ref:0 ;
in:6714 out:6715 type:b dur:2 cpbdur:2 q:34.41 aq:32.64 tex:5234 mv:1374 misc:1040 imb:25 pmb:208 smb:1807 d:- ref:0 ;
in:6719 out:6716 type:P dur:2 cpbdur:2 q:34.40 aq:28.57 tex:53977 mv:3971 misc:1228 imb:114 pmb:606 smb:1320 d:- ref:0 ;
in:6717 out:6717 type:B dur:2 cpbdur:2 q:34.41 aq:32.66 tex:6928 mv:2162 misc:1310 imb:10 pmb:327 smb:1703 d:- ref:0 ;
in:6716 out:6718 type:b dur:2 cpbdur:2 q:34.41 aq:32.86 tex:4473 mv:1263 misc:984 imb:28 pmb:178 smb:1834 d:- ref:0 ;
in:6718 out:6719 type:b dur:2 cpbdur:2 q:34.40 aq:34.54 tex:4817 mv:1300 misc:955 imb:19 pmb:196 smb:1825 d:- ref:0 ;
in:6723 out:6720 type:P dur:2 cpbdur:2 q:34.40 aq:28.47 tex:54357 mv:3991 misc:1268 imb:123 pmb:614 smb:1303 d:- ref:0 ;
in:6721 out:6721 type:B dur:2 cpbdur:2 q:34.40 aq:32.58 tex:6108 mv:2240 misc:1324 imb:19 pmb:315 smb:1706 d:- ref:0 ;
in:6720 out:6722 type:b dur:2 cpbdur:2 q:34.40 aq:34.31 tex:4611 mv:1249 misc:948 imb:16 pmb:178 smb:1846 d:- ref:0 ;
in:6722 out:6723 type:b dur:2 cpbdur:2 q:34.40 aq:34.45 tex:4150 mv:1282 misc:968 imb:13 pmb:187 smb:1840 d:- ref:0 ;
in:6727 out:6724 type:P dur:2 cpbdur:2 q:34.39 aq:28.33 tex:61777 mv:4268 misc:1243 imb:127 pmb:625 smb:1288 d:- ref:0 ;
in:6725 out:6725 type:B dur:2 cpbdur:2 q:34.40 aq:31.24 tex:7148 mv:2336 misc:1276 imb:18 pmb:309 smb:1713 d:- ref:0 ;
in:6724 out:6726 type:b dur:2 cpbdur:2 q:34.40 aq:32.27 tex:4448 mv:1325 misc:987 imb:12 pmb:196 smb:1832 d:- ref:0 ;
in:6726 out:6727 type:b dur:2 cpbdur:2 q:34.39 aq:32.72 tex:3942 mv:1219 misc:951 imb:16 pmb:183 smb:1841 d:- ref:0 ;
in:6731 out:6728 type:P dur:2 cpbdur:2 q:34.39 aq:28.48 tex:60965 mv:4351 misc:1252 imb:135 pmb:660 smb:1245 d:- ref:0 ;
in:6729 out:6729 type:B dur:2 cpbdur:2 q:34.39 aq:32.33 tex:7368 mv:2515 misc:1365 imb:17 pmb:349 smb:1674 d:- ref:0 ;
in:6728 out:6730 type:b dur:2 cpbdur:2 q:34.39 aq:33.94 tex:4775 mv:1331 misc:934 imb:17 pmb:184 smb:1839 d:- ref:0 ;
in:6730 out:6731 type:b dur:2 cpbdur:2 q:34.39 aq:33.11 tex:4949 mv:1384 misc:1011 imb:18 pmb:206 smb:1816 d:- ref:0 ;
in:6735 out:6732 type:P dur:2 cpbdur:2 q:34.39 aq:28.87 tex:57924 mv:4232 misc:1212 imb:115 pmb:642 smb:1283 d:- ref:0 ;
in:6733 out:6733 type:B dur:2 cpbdur:2 q:34.39 aq:31.25 tex:7490 mv:2740 misc:1402 imb:21 pmb:373 smb:1646 d:- ref:0 ;
in:6732 out:6734 type:b dur:2 cpbdur:2 q:34.39 aq:32.66 tex:5442 mv:1645 misc:1105 imb:26 pmb:219 smb:1795 d:- ref:0 ;
in:6734 out:6735 type:b dur:2 cpbdur:2 q:34.39 aq:32.68 tex:4733 mv:1657 misc:986 imb:23 pmb:222 smb:1795 d:- ref:0 ;
in:6739 out:6736 type:P dur:2 cpbdur:2 q:34.39 aq:29.19 tex:63129 mv:4622 misc:1289 imb:133 pmb:665 smb:1242 d:- ref:0 ;
in:6737 out:6737 type:B dur:2 cpbdur:2 q:34.39 aq:31.93 tex:8106 mv:3163 misc:1459 imb:30 pmb:398 smb:1612 d:- ref:0 ;
in:6736 out:6738 type:b dur:2 cpbdur:2 q:34.39 aq:33.23 tex:5254 mv:1793 misc:1089 imb:24 pmb:232 smb:1784 d:- ref:0 ;
in:6738 out:6739 type:b dur:2 cpbdur:2 q:34.39 aq:33.10 tex:6492 mv:1829 misc:1167 imb:29 pmb:254 smb:1757 d:- ref:0 ;
in:6743 out:6740 type:P dur:2 cpbdur:2 q:34.39 aq:28.65 tex:60978 mv:4631 misc:1351 imb:144 pmb:685 smb:1211 d:- ref:0 ;
in:6741 out:6741 type:B dur:2 cpbdur:2 q:34.39 aq:31.33 tex:8225 mv:3054 misc:1505 imb:22 pmb:401 smb:1617 d:- ref:0 ;
in:6740 out:6742 type:b dur:2 cpbdur:2 q:34.39 aq:33.02 tex:4851 mv:1641 misc:1188 imb:20 pmb:249 smb:1771 d:- ref:0 ;
in:6742 out:6743 type:b dur:2 cpbdur:2 q:34.39 aq:32.96 tex:4610 mv:1597 misc:1097 imb:23 pmb:216 smb:1801 d:- ref:0 ;
in:6747 out:6744 type:P dur:2 cpbdur:2 q:34.39 aq:28.44 tex:61902 mv:4886 misc:1316 imb:145 pmb:682 smb:1213 d:- ref:0 ;
in:6745 out:6745 type:B dur:2 cpbdur:2 q:34.39 aq:32.32 tex:7150 mv:2829 misc:1477 imb:23 pmb:373 smb:1644 d:- ref:0 ;
in:6744 out:6746 type:b dur:2 cpbdur:2 q:34.39 aq:34.28 tex:4891 mv:1577 misc:1132 imb:16 pmb:232 smb:1792 d:- ref:0 ;
in:6746 out:6747 type:b dur:2 cpbdur:2 q:34.39 aq:32.30 tex:4941 mv:1671 misc:1172 imb:21 pmb:234 smb:1785 d:- ref:0 ;
in:6751 out:6748 type:P dur:2 cpbdur:2 q:34.39 aq:29.19 tex:59672 mv:4954 misc:1350 imb:121 pmb:718 smb:1201 d:- ref:0 ;
in:6749 out:6749 type:B dur:2 cpbdur:2 q:34.39 aq:30.80 tex:6452 mv:2972 misc:1448 imb:25 pmb:378 smb:1637 d:- ref:0 ;
in:6748 out:6750 type:b dur:2 cpbdur:2 q:34.39 aq:32.13 tex:4461 mv:1829 misc:1126 imb:27 pmb:241 smb:1772 d:- ref:0 ;
in:6750 out:6751 type:b dur:2 cpbdur:2 q:34.39 aq:32.93 tex:4763 mv:1858 misc:1155 imb:18 pmb:249 smb:1773 d:- ref:0 ;
in:6755 out:6752 type:P dur:2 cpbdur:2 q:34.39 aq:28.91 tex:62973 mv:5076 misc:1239 imb:121 pmb:709 smb:1210 d:- ref:0 ;
in:6753 out:6753 type:B dur:2 cpbdur:2 q:34.39 aq:31.95 tex:6933 mv:2827 misc:1408 imb:14 pmb:369 smb:1657 d:- ref:0 ;
in:6752 out:6754 type:b dur:2 cpbdur:2 q:34.39 aq:33.03 tex:4856 mv:1790 misc:1114 imb:22 pmb:238 smb:1780 d:- ref:0 ;
in:6754 out:6755 type:b dur:2 cpbdur:2 q:34.39 aq:31.87 tex:4480 mv:1667 misc:1093 imb:20 pmb:222 smb:1798 d:- ref:0 ;
in:6759 out:6756 type:P dur:2 cpbdur:2 q:34.39 aq:28.48 tex:62691 mv:4930 misc:1267 imb:116 pmb:719 smb:1205 d:- ref:0 ;
in:6757 out:6757 type:B dur:2 cpbdur:2 q:34.39 aq:31.11 tex:6695 mv:3238 misc:1427 imb:26 pmb:377 smb:1637 d:- ref:0 ;
in:6756 out:6758 type:b dur:2 cpbdur:2 q:34.39 aq:32.76 tex:4452 mv:1856 misc:1140 imb:21 pmb:236 smb:1783 d:- ref:0 ;
in:6758 out:6759 type:b dur:2 cpbdur:2 q:34.39 aq:33.49 tex:4124 mv:1662 misc:1038 imb:14 pmb:217 smb:1809 d:- ref:0 ;
in:6763 out:6760 type:P dur:2 cpbdur:2 q:34.39 aq:29.16 tex:59084 mv:5256 misc:1164 imb:130 pmb:741 smb:1169 d:- ref:0 ;
in:6761 out:6761 type:B dur:2 cpbdur:2 q:34.39 aq:32.97 tex:6314 mv:3023 misc:1311 imb:13 pmb:353 smb:1674 d:- ref:0 ;
in:6760 out:6762 type:b dur:2 cpbdur:2 q:34.39 aq:33.94 tex:4012 mv:1644 misc:1032 imb:15 pmb:223 smb:1802 d:- ref:0 ;
in:6762 out:6763 type:b dur:2 cpbdur:2 q:34.39 aq:31.64 tex:3948 mv:1779 misc:1081 imb:20 pmb:220 smb:1800 d:- ref:0 ;
in:6767 out:6764 type:P dur:2 cpbdur:2 q:34.39 aq:28.84 tex:64505 mv:5248 misc:1231 imb:121 pmb:759 smb:1160 d:- ref:0 ;
in:6765 out:6765 type:B dur:2 cpbdur:2 q:34.39 aq:31.14 tex:6551 mv:3023 misc:1354 imb:24 pmb:347 smb:1669 d:- ref:0 ;
in:6764 out:6766 type:b dur:2 cpbdur:2 q:34.39 aq:33.31 tex:4137 mv:1946 misc:1093 imb:19 pmb:234 smb:1787 d:- ref:0 ;
in:6766 out:6767 type:b dur:2 cpbdur:2 q:34.39 aq:32.37 tex:4110 mv:1619 misc:1047 imb:16 pmb:215 smb:1809 d:- ref:0 ;
in:6771 out:6768 type:P dur:2 cpbdur:2 q:34.39 aq:28.46 tex:66903 mv:5085 misc:1300 imb:127 pmb:746 smb:1167 d:- ref:0 ;
in:6769 out:6769 type:B dur:2 cpbdur:2 q:34.39 aq:31.71 tex:6392 mv:3153 misc:1455 imb:28 pmb:373 smb:1639 d:- ref:0 ;
in:6768 out:6770 type:b dur:2 cpbdur:2 q:34.39 aq:33.62 tex:4164 mv:1846 misc:1038 imb:14 pmb:229 smb:1797 d:- ref:0 ;
in:6770 out:6771 type:b dur:2 cpbdur:2 q:34.39 aq:33.10 tex:4465 mv:1771 misc:1028 imb:14 pmb:215 smb:1811 d:- ref:0 ;
in:6775 out:6772 type:P dur:2 cpbdur:2 q:34.39 aq:27.98 tex:75261 mv:5639 misc:1220 imb:124 pmb:784 smb:1132 d:- ref:0 ;
in:6773 out:6773 type:B dur:2 cpbdur:2 q:34.39 aq:31.85 tex:7204 mv:3245 misc:1367 imb:14 pmb:372 smb:1654 d:- ref:0 ;
in:6772 out:6774 type:b dur:2 cpbdur:2 q:34.39 aq:32.62 tex:4101 mv:1560 misc:1003 imb:14 pmb:198 smb:1828 d:- ref:0 ;
in:6774 out:6775 type:b dur:2 cpbdur:2 q:34.39 aq:33.16 tex:3930 mv:1717 misc:1033 imb:14 pmb:230 smb:1796 d:- ref:0 ;
in:6778 out:6776 type:P dur:2 cpbdur:2 q:34.40 aq:32.15 tex:6852 mv:2571 misc:1441 imb:74 pmb:310 smb:1656 d:- ref:0 ;
in:6776 out:6777 type:B dur:2 cpbdur:2 q:34.39 aq:33.60 tex:4786 mv:1762 misc:1092 imb:5 pmb:264 smb:1771 d:- ref:0 ;
in:6777 out:6778 type:b dur:2 cpbdur:2 q:34.39 aq:33.36 tex:4393 mv:1619 misc:1060 imb:16 pmb:219 smb:1805 d:- ref:0 ;
in:6779 out:6779 type:I dur:2 cpbdur:2 q:31.48 aq:24.26 tex:332711 mv:43432 misc:505 imb:2040 pmb:0 smb:0 d:- ref:;
in:6783 out:6780 type:P dur:2 cpbdur:2 q:34.50 aq:29.07 tex:55317 mv:4403 misc:1360 imb:83 pmb:698 smb:1259 d:- ref:0 ;
in:6781 out:6781 type:B dur:2 cpbdur:2 q:34.50 aq:33.18 tex:5613 mv:2920 misc:1347 imb:11 pmb:360 smb:1669 d:- ref:0 ;
in:6780 out:6782 type:b dur:2 cpbdur:2 q:34.50 aq:34.59 tex:4215 mv:1724 misc:1053 imb:9 pmb:237 smb:1794 d:- ref:0 ;
in:6782 out:6783 type:b dur:2 cpbdur:2 q:34.50 aq:33.79 tex:3830 mv:1629 misc:1061 imb:11 pmb:211 smb:1818 d:- ref:0 ;
in:6787 out:6784 type:P dur:2 cpbdur:2 q:34.49 aq:28.65 tex:61619 mv:4897 misc:1236 imb:93 pmb:763 smb:1184 d:- ref:0 ;
in:6785 out:6785 type:B dur:2 cpbdur:2 q:34.49 aq:34.23 tex:5908 mv:2979 misc:1345 imb:5 pmb:349 smb:1686 d:- ref:0 ;
in:6784 out:6786 type:b dur:2 cpbdur:2 q:34.50 aq:33.42 tex:4597 mv:1683 misc:1048 imb:14 pmb:219 smb:1807 d:- ref:0 ;
in:6786 out:6787 type:b dur:2 cpbdur:2 q:34.49 aq:33.75 tex:4838 mv:1734 misc:1084 imb:16 pmb:225 smb:1799 d:- ref:0 ;
in:6791 out:6788 type:P dur:2 cpbdur:2 q:34.52 aq:29.03 tex:62571 mv:4923 misc:1298 imb:83 pmb:784 smb:1173 d:- ref:0 ;
in:6789 out:6789 type:B dur:2 cpbdur:2 q:34.50 aq:33.44 tex:5745 mv:3035 misc:1348 imb:11 pmb:350 smb:1679 d:- ref:0 ;
in:6788 out:6790 type:b dur:2 cpbdur:2 q:34.50 aq:33.09 tex:4114 mv:1572 misc:1034 imb:12 pmb:205 smb:1823 d:- ref:0 ;
in:6790 out:6791 type:b dur:2 cpbdur:2 q:34.51 aq:34.34 tex:4435 mv:1783 misc:1038 imb:10 pmb:225 smb:1805 d:- ref:0 ;
in:6795 out:6792 type:P dur:2 cpbdur:2 q:34.52 aq:29.04 tex:69341 mv:5024 misc:1267 imb:89 pmb:786 smb:1165 d:- ref:0 ;
in:6793 out:6793 type:B dur:2 cpbdur:2 q:34.52 aq:33.10 tex:5167 mv:2931 misc:1374 imb:9 pmb:342 smb:1689 d:- ref:0 ;
in:6792 out:6794 type:b dur:2 cpbdur:2 q:34.52 aq:34.98 tex:3605 mv:1597 misc:1022 imb:8 pmb:207 smb:1825 d:- ref:0 ;
in:6794 out:6795 type:b dur:2 cpbdur:2 q:34.52 aq:33.34 tex:3620 mv:1448 misc:996 imb:14 pmb:194 smb:1832 d:- ref:0 ;
in:6799 out:6796 type:P dur:2 cpbdur:2 q:34.52 aq:28.90 tex:72132 mv:4701 misc:1223 imb:94 pmb:791 smb:1155 d:- ref:0 ;
in:6797 out:6797 type:B dur:2 cpbdur:2 q:34.52 aq:32.06 tex:5076 mv:3026 misc:1258 imb:11 pmb:324 smb:1705 d:- ref:0 ;
in:6796 out:6798 type:b dur:2 cpbdur:2 q:34.52 aq:33.14 tex:3573 mv:1425 misc:962 imb:8 pmb:187 smb:1845 d:- ref:0 ;
in:6798 out:6799 type:b dur:2 cpbdur:2 q:34.52 aq:34.60 tex:3622 mv:1761 misc:1017 imb:12 pmb:214 smb:1814 d:- ref:0 ;
in:6803 out:6800 type:P dur:2 cpbdur:2 q:34.53 aq:28.94 tex:72838 mv:5024 misc:1202 imb:105 pmb:798 smb:1137 d:- ref:0 ;
in:6801 out:6801 type:B dur:2 cpbdur:2 q:34.53 aq:32.79 tex:5158 mv:2754 misc:1320 imb:8 pmb:312 smb:1720 d:- ref:0 ;
in:6800 out:6802 type:b dur:2 cpbdur:2 q:34.52 aq:33.87 tex:3504 mv:1542 misc:970 imb:7 pmb:195 smb:1838 d:- ref:0 ;
in:6802 out:6803 type:b dur:2 cpbdur:2 q:34.53 aq:32.83 tex:3764 mv:1370 misc:906 imb:12 pmb:173 smb:1855 d:- ref:0 ;
in:6807 out:6804 type:P dur:2 cpbdur:2 q:34.53 aq:28.75 tex:73807 mv:4950 misc:1187 imb:103 pmb:816 smb:1121 d:- ref:0 ;
in:6805 out:6805 type:B dur:2 cpbdur:2 q:34.53 aq:32.52 tex:6376 mv:3057 misc:1311 imb:19 pmb:326 smb:1695 d:- ref:0 ;
in:6804 out:6806 type:b dur:2 cpbdur:2 q:34.53 aq:33.23 tex:4741 mv:1605 misc:982 imb:22 pmb:178 smb:1840 d:- ref:0 ;
in:6806 out:6807 type:b dur:2 cpbdur:2 q:34.53 aq:34.16 tex:3248 mv:1519 misc:929 imb:10 pmb:187 smb:1843 d:- ref:0 ;
in:6811 out:6808 type:P dur:2 cpbdur:2 q:34.54 aq:28.96 tex:72931 mv:4749 misc:1216 imb:92 pmb:821 smb:1127 d:- ref:0 ;
in:6809 out:6809 type:B dur:2 cpbdur:2 q:34.53 aq:32.97 tex:6075 mv:2735 misc:1286 imb:16 pmb:315 smb:1709 d:- ref:0 ;
in:6808 out:6810 type:b dur:2 cpbdur:2 q:34.53 aq:35.56 tex:3290 mv:1408 misc:918 imb:8 pmb:176 smb:1856 d:- ref:0 ;
in:6810 out:6811 type:b dur:2 cpbdur:2 q:34.53 aq:34.11 tex:3607 mv:1263 misc:890 imb:13 pmb:163 smb:1864 d:- ref:0 ;
in:6815 out:6812 type:P dur:2 cpbdur:2 q:34.54 aq:29.21 tex:74624 mv:4546 misc:1238 imb:102 pmb:788 smb:1150 d:- ref:0 ;
in:6813 out:6813 type:B dur:2 cpbdur:2 q:34.54 aq:32.95 tex:6497 mv:2712 misc:1279 imb:14 pmb:319 smb:1707 d:- ref:0 ;
in:6812 out:6814 type:b dur:2 cpbdur:2 q:34.54 aq:34.23 tex:3594 mv:1325 misc:865 imb:14 pmb:160 smb:1866 d:- ref:0 ;
in:6814 out:6815 type:b dur:2 cpbdur:2 q:34.54 aq:33.19 tex:2982 mv:1348 misc:918 imb:10 pmb:177 smb:1853 d:- ref:0 ;
in:6819 out:6816 type:P dur:2 cpbdur:2 q:34.54 aq:28.89 tex:75853 mv:4635 misc:1328 imb:117 pmb:807 smb:1116 d:- ref:0 ;
in:6817 out:6817 type:B dur:2 cpbdur:2 q:34.54 aq:33.10 tex:6119 mv:2470 misc:1315 imb:22 pmb:304 smb:1714 d:- ref:0 ;
in:6816 out:6818 type:b dur:2 cpbdur:2 q:34.54 aq:35.08 tex:3794 mv:1181 misc:833 imb:15 pmb:143 smb:1882 d:- ref:0 ;
in:6818 out:6819 type:b dur:2 cpbdur:2 q:34.54 aq:33.21 tex:2906 mv:1067 misc:835 imb:11 pmb:140 smb:1889 d:- ref:0 ;
in:6823 out:6820 type:P dur:2 cpbdur:2 q:34.55 aq:29.22 tex:76173 mv:4378 misc:1081 imb:78 pmb:820 smb:1142 d:- ref:0 ;
in:6821 out:6821 type:B dur:2 cpbdur:2 q:34.54 aq:32.19 tex:5798 mv:2191 misc:1179 imb:16 pmb:260 smb:1764 d:- ref:0 ;
in:6820 out:6822 type:b dur:2 cpbdur:2 q:34.54 aq:33.51 tex:2576 mv:983 misc:785 imb:13 pmb:123 smb:1904 d:- ref:0 ;
in:6822 out:6823 type:b dur:2 cpbdur:2 q:34.55 aq:34.37 tex:3412 mv:1017 misc:755 imb:16 pmb:124 smb:1900 d:- ref:0 ;
in:6827 out:6824 type:P dur:2 cpbdur:2 q:34.55 aq:29.36 tex:78634 mv:4755 misc:1283 imb:106 pmb:866 smb:1068 d:- ref:0 ;
in:6825 out:6825 type:B dur:2 cpbdur:2 q:34.55 aq:33.12 tex:5273 mv:2036 misc:1139 imb:8 pmb:256 smb:1776 d:- ref:0 ;
in:6824 out:6826 type:b dur:2 cpbdur:2 q:34.55 aq:33.82 tex:3281 mv:1035 misc:772 imb:9 pmb:141 smb:1890 d:- ref:0 ;
in:6826 out:6827 type:b dur:2 cpbdur:2 q:34.55 aq:32.12 tex:2789 mv:756 misc:727 imb:13 pmb:106 smb:1921 d:- ref:0 ;
in:6831 out:6828 type:P dur:2 cpbdur:2 q:34.56 aq:28.66 tex:80939 mv:4508 misc:1209 imb:138 pmb:790 smb:1112 d:- ref:0 ;
in:6829 out:6829 type:B dur:2 cpbdur:2 q:34.55 aq:32.89 tex:8563 mv:2009 misc:1084 imb:22 pmb:255 smb:1763 d:- ref:0 ;
in:6828 out:6830 type:b dur:2 cpbdur:2 q:34.55 aq:33.57 tex:2462 mv:838 misc:700 imb:11 pmb:109 smb:1920 d:- ref:0 ;
in:6830 out:6831 type:b dur:2 cpbdur:2 q:34.55 aq:33.15 tex:2459 mv:633 misc:684 imb:14 pmb:102 smb:1924 d:- ref:0 ;
in:6835 out:6832 type:P dur:2 cpbdur:2 q:34.56 aq:28.71 tex:103713 mv:4116 misc:1291 imb:106 pmb:832 smb:1102 d:- ref:0 ;
in:6833 out:6833 type:B dur:2 cpbdur:2 q:34.56 aq:33.38 tex:3855 mv:1360 misc:929 imb:9 pmb:195 smb:1836 d:- ref:0 ;
in:6832 out:6834 type:b dur:2 cpbdur:2 q:34.56 aq:34.38 tex:2376 mv:720 misc:760 imb:10 pmb:138 smb:1892 d:- ref:0 ;
in:6834 out:6835 type:b dur:2 cpbdur:2 q:34.56 aq:32.67 tex:2303 mv:612 misc:677 imb:6 pmb:98 smb:1936 d:- ref:0 ;
in:6839 out:6836 type:P dur:2 cpbdur:2 q:34.58 aq:28.83 tex:70981 mv:3511 misc:1148 imb:50 pmb:821 smb:1169 d:- ref:0 ;
in:6837 out:6837 type:B dur:2 cpbdur:2 q:34.57 aq:33.37 tex:3157 mv:862 misc:813 imb:10 pmb:134 smb:1896 d:- ref:0 ;
in:6836 out:6838 type:b dur:2 cpbdur:2 q:34.57 aq:32.62 tex:2243 mv:623 misc:590 imb:7 pmb:82 smb:1951 d:- ref:0 ;
in:6838 out:6839 type:b dur:2 cpbdur:2 q:34.57 aq:33.70 tex:1797 mv:488 misc:595 imb:6 pmb:73 smb:1961 d:- ref:0 ;
in:6843 out:6840 type:P dur:2 cpbdur:2 q:34.58 aq:28.08 tex:57219 mv:3393 misc:1396 imb:66 pmb:769 smb:1205 d:- ref:0 ;
in:6841 out:6841 type:B dur:2 cpbdur:2 q:34.58 aq:31.43 tex:3257 mv:822 misc:841 imb:10 pmb:139 smb:1891 d:- ref:0 ;
in:6840 out:6842 type:b dur:2 cpbdur:2 q:34.58 aq:33.43 tex:1934 mv:496 misc:642 imb:5 pmb:89 smb:1946 d:- ref:0 ;
in:6842 out:6843 type:b dur:2 cpbdur:2 q:34.58 aq:32.41 tex:1890 mv:553 misc:637 imb:8 pmb:87 smb:1945 d:- ref:0 ;
in:6846 out:6844 type:P dur:2 cpbdur:2 q:34.57 aq:27.50 tex:52901 mv:3301 misc:1422 imb:62 pmb:771 smb:1207 d:- ref:0 ;
in:6844 out:6845 type:B dur:2 cpbdur:2 q:34.58 aq:31.12 tex:2567 mv:560 misc:649 imb:7 pmb:80 smb:1953 d:- ref:0 ;
in:6845 out:6846 type:b dur:2 cpbdur:2 q:34.57 aq:33.38 tex:1958 mv:504 misc:570 imb:5 pmb:70 smb:1965 d:- ref:0 ;
in:6850 out:6847 type:P dur:2 cpbdur:2 q:34.56 aq:27.85 tex:57766 mv:3481 misc:1353 imb:50 pmb:794 smb:1196 d:- ref:0 ;
in:6848 out:6848 type:B dur:2 cpbdur:2 q:34.57 aq:32.09 tex:3044 mv:628 misc:760 imb:5 pmb:122 smb:1913 d:- ref:0 ;
in:6847 out:6849 type:b dur:2 cpbdur:2 q:34.57 aq:32.66 tex:1590 mv:644 misc:598 imb:5 pmb:82 smb:1953 d:- ref:0 ;
in:6849 out:6850 type:b dur:2 cpbdur:2 q:34.56 aq:34.05 tex:1763 mv:500 misc:593 imb:3 pmb:76 smb:1961 d:- ref:0 ;
in:6854 out:6851 type:P dur:2 cpbdur:2 q:34.55 aq:28.05 tex:61728 mv:3491 misc:1397 imb:51 pmb:808 smb:1181 d:- ref:0 ;
in:6852 out:6852 type:B dur:2 cpbdur:2 q:34.56 aq:33.06 tex:3437 mv:801 misc:818 imb:10 pmb:153 smb:1877 d:- ref:0 ;
in:6851 out:6853 type:b dur:2 cpbdur:2 q:34.56 aq:35.12 tex:1774 mv:488 misc:578 imb:3 pmb:83 smb:1954 d:- ref:0 ;
in:6853 out:6854 type:b dur:2 cpbdur:2 q:34.55 aq:34.69 tex:2054 mv:542 misc:644 imb:5 pmb:95 smb:1940 d:- ref:0 ;
in:6858 out:6855 type:P dur:2 cpbdur:2 q:34.54 aq:28.79 tex:58674 mv:3481 misc:1285 imb:53 pmb:807 smb:1180 d:- ref:0 ;
in:6856 out:6856 type:B dur:2 cpbdur:2 q:34.55 aq:32.79 tex:2942 mv:571 misc:719 imb:10 pmb:109 smb:1921 d:- ref:0 ;
in:6855 out:6857 type:b dur:2 cpbdur:2 q:34.55 aq:33.73 tex:1918 mv:489 misc:609 imb:2 pmb:78 smb:1960 d:- ref:0 ;
in:6857 out:6858 type:b dur:2 cpbdur:2 q:34.55 aq:34.34 tex:2177 mv:464 misc:615 imb:6 pmb:80 smb:1954 d:- ref:0 ;
in:6862 out:6859 type:P dur:2 cpbdur:2 q:34.54 aq:28.27 tex:66124 mv:3433 misc:1371 imb:62 pmb:782 smb:1196 d:- ref:0 ;
in:6860 out:6860 type:B dur:2 cpbdur:2 q:34.54 aq:33.23 tex:3283 mv:819 misc:770 imb:11 pmb:133 smb:1896 d:- ref:0 ;
in:6859 out:6861 type:b dur:2 cpbdur:2 q:34.54 aq:33.86 tex:2267 mv:668 misc:673 imb:4 pmb:106 smb:1930 d:- ref:0 ;
in:6861 out:6862 type:b dur:2 cpbdur:2 q:34.54 aq:35.48 tex:2142 mv:516 misc:582 imb:6 pmb:81 smb:1953 d:- ref:0 ;
in:6866 out:6863 type:P dur:2 cpbdur:2 q:34.53 aq:27.89 tex:65668 mv:3802 misc:1362 imb:62 pmb:810 smb:1168 d:- ref:0 ;
in:6864 out:6864 type:B dur:2 cpbdur:2 q:34.53 aq:32.39 tex:3509 mv:826 misc:833 imb:12 pmb:142 smb:1886 d:- ref:0 ;
in:6863 out:6865 type:b dur:2 cpbdur:2 q:34.54 aq:34.03 tex:2157 mv:406 misc:557 imb:2 pmb:75 smb:1963 d:- ref:0 ;
in:6865 out:6866 type:b dur:2 cpbdur:2 q:34.53 aq:33.91 tex:2121 mv:497 misc:614 imb:8 pmb:92 smb:1940 d:- ref:0 ;
in:6870 out:6867 type:P dur:2 cpbdur:2 q:34.52 aq:27.64 tex:60402 mv:3542 misc:1392 imb:58 pmb:821 smb:1161 d:- ref:0 ;
in:6868 out:6868 type:B dur:2 cpbdur:2 q:34.53 aq:32.24 tex:2860 mv:617 misc:731 imb:8 pmb:115 smb:1917 d:- ref:0 ;
in:6867 out:6869 type:b dur:2 cpbdur:2 q:34.53 aq:32.88 tex:1893 mv:499 misc:592 imb:4 pmb:84 smb:1952 d:- ref:0 ;
in:6869 out:6870 type:b dur:2 cpbdur:2 q:34.53 aq:33.64 tex:1913 mv:434 misc:557 imb:8 pmb:66 smb:1966 d:- ref:0 ;
in:6874 out:6871 type:P dur:2 cpbdur:2 q:34.52 aq:28.03 tex:59964 mv:3655 misc:1365 imb:59 pmb:788 smb:1193 d:- ref:0 ;
in:6872 out:6872 type:B dur:2 cpbdur:2 q:34.52 aq:33.62 tex:3242 mv:753 misc:773 imb:6 pmb:135 smb:1899 d:- ref:0 ;
in:6871 out:6873 type:b dur:2 cpbdur:2 q:34.52 aq:33.85 tex:1890 mv:570 misc:612 imb:8 pmb:90 smb:1942 d:- ref:0 ;
in:6873 out:6874 type:b dur:2 cpbdur:2 q:34.52 aq:33.56 tex:1710 mv:432 misc:562 imb:3 pmb:69 smb:1968 d:- ref:0 ;
in:6878 out:6875 type:P dur:2 cpbdur:2 q:34.51 aq:28.41 tex:60551 mv:3805 misc:1348 imb:58 pmb:815 smb:1167 d:- ref:0 ;
in:6876 out:6876 type:B dur:2 cpbdur:2 q:34.52 aq:34.02 tex:3503 mv:789 misc:828 imb:12 pmb:134 smb:1894 d:- ref:0 ;
in:6875 out:6877 type:b dur:2 cpbdur:2 q:34.52 aq:32.50 tex:1911 mv:445 misc:596 imb:3 pmb:80 smb:1957 d:- ref:0 ;
in:6877 out:6878 type:b dur:2 cpbdur:2 q:34.52 aq:34.88 tex:2066 mv:527 misc:607 imb:4 pmb:87 smb:1949 d:- ref:0 ;
in:6882 out:6879 type:P dur:2 cpbdur:2 q:34.50 aq:28.32 tex:61097 mv:3799 misc:1280 imb:57 pmb:823 smb:1160 d:- ref:0 ;
in:6880 out:6880 type:B dur:2 cpbdur:2 q:34.51 aq:34.12 tex:3489 mv:711 misc:808 imb:12 pmb:126 smb:1902 d:- ref:0 ;
in:6879 out:6881 type:b dur:2 cpbdur:2 q:34.51 aq:33.82 tex:1885 mv:519 misc:628 imb:3 pmb:91 smb:1946 d:- ref:0 ;
in:6881 out:6882 type:b dur:2 cpbdur:2 q:34.51 aq:34.83 tex:2177 mv:447 misc:584 imb:5 pmb:77 smb:1958 d:- ref:0 ;
in:6886 out:6883 type:P dur:2 cpbdur:2 q:34.50 aq:29.19 tex:64008 mv:3749 misc:1291 imb:50 pmb:843 smb:1147 d:- ref:0 ;
in:6884 out:6884 type:B dur:2 cpbdur:2 q:34.50 aq:33.91 tex:3896 mv:868 misc:772 imb:13 pmb:129 smb:1898 d:- ref:0 ;
in:6883 out:6885 type:b dur:2 cpbdur:2 q:34.50 aq:34.95 tex:2112 mv:463 misc:625 imb:7 pmb:85 smb:1948 d:- ref:0 ;
in:6885 out:6886 type:b dur:2 cpbdur:2 q:34.50 aq:34.17 tex:2090 mv:582 misc:648 imb:7 pmb:88 smb:1945 d:- ref:0 ;
in:6890 out:6887 type:P dur:2 cpbdur:2 q:34.49 aq:28.65 tex:66693 mv:3970 misc:1289 imb:69 pmb:841 smb:1130 d:- ref:0 ;
in:6888 out:6888 type:B dur:2 cpbdur:2 q:34.49 aq:34.07 tex:3971 mv:1145 misc:868 imb:4 pmb:170 smb:1866 d:- ref:0 ;
in:6887 out:6889 type:b dur:2 cpbdur:2 q:34.49 aq:34.88 tex:2494 mv:693 misc:685 imb:8 pmb:109 smb:1923 d:- ref:0 ;
in:6889 out:6890 type:b dur:2 cpbdur:2 q:34.49 aq:34.16 tex:2310 mv:500 misc:582 imb:5 pmb:79 smb:1956 d:- ref:0 ;
in:6894 out:6891 type:P dur:2 cpbdur:2 q:34.49 aq:28.44 tex:65147 mv:4099 misc:1346 imb:66 pmb:843 smb:1131 d:- ref:0 ;
in:6892 out:6892 type:B dur:2 cpbdur:2 q:34.49 aq:33.75 tex:3562 mv:1020 misc:818 imb:11 pmb:142 smb:1887 d:- ref:0 ;
in:6891 out:6893 type:b dur:2 cpbdur:2 q:34.49 aq:33.55 tex:2242 mv:750 misc:656 imb:4 pmb:99 smb:1937 d:- ref:0 ;
in:6893 out:6894 type:b dur:2 cpbdur:2 q:34.49 aq:34.12 tex:2456 mv:599 misc:577 imb:9 pmb:79 smb:1952 d:- ref:0 ;
in:6898 out:6895 type:P dur:2 cpbdur:2 q:34.48 aq:28.87 tex:68192 mv:4317 misc:1371 imb:67 pmb:857 smb:1116 d:- ref:0 ;
in:6896 out:6896 type:B dur:2 cpbdur:2 q:34.48 aq:32.75 tex:4314 mv:1228 misc:882 imb:12 pmb:171 smb:1857 d:- ref:0 ;
in:6895 out:6897 type:b dur:2 cpbdur:2 q:34.49 aq:34.67 tex:2466 mv:863 misc:695 imb:12 pmb:108 smb:1920 d:- ref:0 ;
in:6897 out:6898 type:b dur:2 cpbdur:2 q:34.48 aq:33.17 tex:2324 mv:554 misc:626 imb:5 pmb:84 smb:1951 d:- ref:0 ;
in:6902 out:6899 type:P dur:2 cpbdur:2 q:34.48 aq:28.86 tex:66840 mv:4131 misc:1309 imb:79 pmb:857 smb:1104 d:- ref:0 ;
in:6900 out:6900 type:B dur:2 cpbdur:2 q:34.48 aq:34.19 tex:4082 mv:982 misc:840 imb:12 pmb:151 smb:1877 d:- ref:0 ;
in:6899 out:6901 type:b dur:2 cpbdur:2 q:34.48 aq:34.96 tex:2547 mv:484 misc:569 imb:6 pmb:73 smb:1961 d:- ref:0 ;
in:6901 out:6902 type:b dur:2 cpbdur:2 q:34.48 aq:35.54 tex:2544 mv:732 misc:644 imb:10 pmb:96 smb:1934 d:- ref:0 ;
in:6906 out:6903 type:P dur:2 cpbdur:2 q:34.47 aq:29.07 tex:71575 mv:4194 misc:1359 imb:64 pmb:874 smb:1102 d:- ref:0 ;
in:6904 out:6904 type:B dur:2 cpbdur:2 q:34.48 aq:34.86 tex:4331 mv:1089 misc:884 imb:12 pmb:162 smb:1866 d:- ref:0 ;
in:6903 out:6905 type:b dur:2 cpbdur:2 q:34.48 aq:34.14 tex:2874 mv:825 misc:725 imb:10 pmb:114 smb:1916 d:- ref:0 ;
in:6905 out:6906 type:b dur:2 cpbdur:2 q:34.47 aq:33.65 tex:2554 mv:636 misc:626 imb:10 pmb:83 smb:1947 d:- ref:0 ;
in:6910 out:6907 type:P dur:2 cpbdur:2 q:34.47 aq:28.70 tex:68808 mv:4414 misc:1258 imb:80 pmb:870 smb:1090 d:- ref:0 ;
in:6908 out:6908 type:B dur:2 cpbdur:2 q:34.47 aq:33.41 tex:4223 mv:1118 misc:875 imb:9 pmb:162 smb:1869 d:- ref:0 ;
in:6907 out:6909 type:b dur:2 cpbdur:2 q:34.47 aq:34.15 tex:2768 mv:509 misc:627 imb:13 pmb:77 smb:1950 d:- ref:0 ;
in:6909 out:6910 type:b dur:2 cpbdur:2 q:34.47 aq:33.62 tex:2571 mv:713 misc:644 imb:11 pmb:92 smb:1937 d:- ref:0 ;
in:6914 out:6911 type:P dur:2 cpbdur:2 q:34.47 aq:28.79 tex:67404 mv:4494 misc:1270 imb:73 pmb:886 smb:1081 d:- ref:0 ;
in:6912 out:6912 type:B dur:2 cpbdur:2 q:34.47 aq:33.27 tex:4233 mv:965 misc:866 imb:11 pmb:159 smb:1870 d:- ref:0 ;
in:6911 out:6913 type:b dur:2 cpbdur:2 q:34.47 aq:33.45 tex:2724 mv:582 misc:622 imb:11 pmb:78 smb:1951 d:- ref:0 ;
in:6913 out:6914 type:b dur:2 cpbdur:2 q:34.47 aq:35.53 tex:2484 mv:697 misc:643 imb:8 pmb:98 smb:1934 d:- ref:0 ;
in:6918 out:6915 type:P dur:2 cpbdur:2 q:34.47 aq:28.21 tex:70684 mv:4677 misc:1327 imb:84 pmb:889 smb:1067 d:- ref:0 ;
in:6916 out:6916 type:B dur:2 cpbdur:2 q:34.47 aq:33.70 tex:4425 mv:1261 misc:906 imb:9 pmb:179 smb:1852 d:- ref:0 ;
in:6915 out:6917 type:b dur:2 cpbdur:2 q:34.47 aq:34.89 tex:3044 mv:875 misc:729 imb:8 pmb:119 smb:1913 d:- ref:0 ;
in:6917 out:6918 type:b dur:2 cpbdur:2 q:34.47 aq:34.00 tex:2708 mv:510 misc:606 imb:13 pmb:74 smb:1953 d:- ref:0 ;
in:6922 out:6919 type:P dur:2 cpbdur:2 q:34.46 aq:28.89 tex:71184 mv:4437 misc:1315 imb:58 pmb:893 smb:1089 d:- ref:0 ;
in:6920 out:6920 type:B dur:2 cpbdur:2 q:34.47 aq:31.63 tex:4294 mv:1172 misc:1006 imb:10 pmb:183 smb:1847 d:- ref:0 ;
in:6919 out:6921 type:b dur:2 cpbdur:2 q:34.47 aq:33.11 tex:2705 mv:671 misc:688 imb:5 pmb:109 smb:1926 d:- ref:0 ;
in:6921 out:6922 type:b dur:2 cpbdur:2 q:34.47 aq:34.03 tex:2775 mv:660 misc:685 imb:12 pmb:98 smb:1930 d:- ref:0 ;
in:6926 out:6923 type:P dur:2 cpbdur:2 q:34.47 aq:28.77 tex:68838 mv:4614 misc:1316 imb:74 pmb:896 smb:1070 d:- ref:0 ;
in:6924 out:6924 type:B dur:2 cpbdur:2 q:34.47 aq:34.03 tex:4870 mv:1289 misc:977 imb:7 pmb:205 smb:1828 d:- ref:0 ;
in:6923 out:6925 type:b dur:2 cpbdur:2 q:34.47 aq:33.40 tex:2902 mv:669 misc:701 imb:11 pmb:107 smb:1922 d:- ref:0 ;
in:6925 out:6926 type:b dur:2 cpbdur:2 q:34.47 aq:33.29 tex:2799 mv:716 misc:701 imb:13 pmb:110 smb:1917 d:- ref:0 ;
in:6930 out:6927 type:P dur:2 cpbdur:2 q:34.46 aq:28.64 tex:68995 mv:4642 misc:1323 imb:89 pmb:862 smb:1089 d:- ref:0 ;
in:6928 out:6928 type:B dur:2 cpbdur:2 q:34.46 aq:33.58 tex:4585 mv:1364 misc:971 imb:7 pmb:192 smb:1841 d:- ref:0 ;
in:6927 out:6929 type:b dur:2 cpbdur:2 q:34.47 aq:32.84 tex:2980 mv:683 misc:665 imb:15 pmb:90 smb:1935 d:- ref:0 ;
in:6929 out:6930 type:b dur:2 cpbdur:2 q:34.46 aq:34.28 tex:2367 mv:610 misc:655 imb:9 pmb:92 smb:1939 d:- ref:0 ;
in:6934 out:6931 type:P dur:2 cpbdur:2 q:34.46 aq:28.93 tex:70541 mv:4700 misc:1319 imb:80 pmb:880 smb:1080 d:- ref:0 ;
in:6932 out:6932 type:B dur:2 cpbdur:2 q:34.46 aq:33.90 tex:4683 mv:1461 misc:1064 imb:6 pmb:209 smb:1825 d:- ref:0 ;
in:6931 out:6933 type:b dur:2 cpbdur:2 q:34.46 aq:34.34 tex:2173 mv:451 misc:576 imb:11 pmb:68 smb:1961 d:- ref:0 ;
in:6933 out:6934 type:b dur:2 cpbdur:2 q:34.46 aq:35.28 tex:2517 mv:703 misc:636 imb:9 pmb:94 smb:1937 d:- ref:0 ;
in:6938 out:6935 type:P dur:2 cpbdur:2 q:34.46 aq:28.73 tex:68749 mv:4639 misc:1204 imb:71 pmb:889 smb:1080 d:- ref:0 ;
in:6936 out:6936 type:B dur:2 cpbdur:2 q:34.46 aq:31.99 tex:4798 mv:1588 misc:1062 imb:8 pmb:213 smb:1819 d:- ref:0 ;
in:6935 out:6937 type:b dur:2 cpbdur:2 q:34.46 aq:35.18 tex:2306 mv:531 misc:587 imb:10 pmb:80 smb:1950 d:- ref:0 ;
in:6937 out:6938 type:b dur:2 cpbdur:2 q:34.46 aq:34.46 tex:2071 mv:404 misc:581 imb:6 pmb:76 smb:1958 d:- ref:0 ;
in:6942 out:6939 type:P dur:2 cpbdur:2 q:34.46 aq:29.02 tex:69232 mv:4850 misc:1302 imb:76 pmb:889 smb:1075 d:- ref:0 ;
in:6940 out:6940 type:B dur:2 cpbdur:2 q:34.46 aq:33.73 tex:5160 mv:1621 misc:1003 imb:9 pmb:207 smb:1824 d:- ref:0 ;
in:6939 out:6941 type:b dur:2 cpbdur:2 q:34.46 aq:33.69 tex:2333 mv:708 misc:647 imb:12 pmb:91 smb:1937 d:- ref:0 ;
in:6941 out:6942 type:b dur:2 cpbdur:2 q:34.46 aq:34.51 tex:2536 mv:632 misc:616 imb:9 pmb:92 smb:1939 d:- ref:0 ;
in:6946 out:6943 type:P dur:2 cpbdur:2 q:34.46 aq:29.12 tex:67377 mv:4621 misc:1306 imb:83 pmb:878 smb:1079 d:- ref:0 ;
in:6944 out:6944 type:B dur:2 cpbdur:2 q:34.46 aq:31.97 tex:5148 mv:1692 misc:1088 imb:8 pmb:229 smb:1803 d:- ref:0 ;
in:6943 out:6945 type:b dur:2 cpbdur:2 q:34.46 aq:31.61 tex:2423 mv:737 misc:672 imb:14 pmb:95 smb:1931 d:- ref:0 ;
in:6945 out:6946 type:b dur:2 cpbdur:2 q:34.46 aq:32.56 tex:2258 mv:573 misc:593 imb:11 pmb:75 smb:1954 d:- ref:0 ;
in:6950 out:6947 type:P dur:2 cpbdur:2 q:34.45 aq:28.82 tex:68674 mv:4912 misc:1262 imb:85 pmb:908 smb:1047 d:- ref:0 ;
in:6948 out:6948 type:B dur:2 cpbdur:2 q:34.46 aq:34.17 tex:4431 mv:1795 misc:1086 imb:8 pmb:235 smb:1797 d:- ref:0 ;
in:6947 out:6949 type:b dur:2 cpbdur:2 q:34.46 aq:34.01 tex:2851 mv:779 misc:674 imb:9 pmb:107 smb:1924 d:- ref:0 ;
in:6949 out:6950 type:b dur:2 cpbdur:2 q:34.45 aq:34.45 tex:2255 mv:639 misc:650 imb:11 pmb:85 smb:1944 d:- ref:0 ;
in:6954 out:6951 type:P dur:2 cpbdur:2 q:34.45 aq:29.69 tex:68276 mv:4937 misc:1275 imb:85 pmb:878 smb:1077 d:- ref:0 ;
in:6952 out:6952 type:B dur:2 cpbdur:2 q:34.45 aq:32.98 tex:5923 mv:1946 misc:1155 imb:8 pmb:261 smb:1771 d:- ref:0 ;
in:6951 out:6953 type:b dur:2 cpbdur:2 q:34.45 aq:33.67 tex:2693 mv:569 misc:650 imb:13 pmb:83 smb:1944 d:- ref:0 ;
in:6953 out:6954 type:b dur:2 cpbdur:2 q:34.45 aq:33.94 tex:3319 mv:839 misc:714 imb:17 pmb:117 smb:1906 d:- ref:0 ;
in:6958 out:6955 type:P dur:2 cpbdur:2 q:34.45 aq:29.69 tex:68271 mv:4908 misc:1245 imb:76 pmb:894 smb:1070 d:- ref:0 ;
in:6956 out:6956 type:B dur:2 cpbdur:2 q:34.45 aq:32.77 tex:6210 mv:2146 misc:1204 imb:14 pmb:264 smb:1762 d:- ref:0 ;
in:6955 out:6957 type:b dur:2 cpbdur:2 q:34.45 aq:33.09 tex:2644 mv:716 misc:672 imb:15 pmb:93 smb:1932 d:- ref:0 ;
in:6957 out:6958 type:b dur:2 cpbdur:2 q:34.45 aq:31.36 tex:3116 mv:858 misc:738 imb:13 pmb:114 smb:1913 d:- ref:0 ;
in:6962 out:6959 type:P dur:2 cpbdur:2 q:34.45 aq:29.85 tex:67226 mv:4915 misc:1291 imb:85 pmb:871 smb:1084 d:- ref:0 ;
in:6960 out:6960 type:B dur:2 cpbdur:2 q:34.45 aq:32.13 tex:6077 mv:2086 misc:1205 imb:10 pmb:273 smb:1757 d:- ref:0 ;
in:6959 out:6961 type:b dur:2 cpbdur:2 q:34.45 aq:31.81 tex:3033 mv:745 misc:702 imb:7 pmb:116 smb:1917 d:- ref:0 ;
in:6961 out:6962 type:b dur:2 cpbdur:2 q:34.45 aq:34.58 tex:2708 mv:778 misc:650 imb:13 pmb:91 smb:1936 d:- ref:0 ;
in:6966 out:6963 type:P dur:2 cpbdur:2 q:34.45 aq:28.84 tex:78581 mv:5476 misc:1287 imb:102 pmb:953 smb:985 d:- ref:0 ;
in:6964 out:6964 type:B dur:2 cpbdur:2 q:34.45 aq:33.88 tex:6442 mv:2257 misc:1253 imb:11 pmb:303 smb:1726 d:- ref:0 ;
in:6963 out:6965 type:b dur:2 cpbdur:2 q:34.45 aq:33.34 tex:2619 mv:752 misc:741 imb:10 pmb:109 smb:1921 d:- ref:0 ;
in:6965 out:6966 type:b dur:2 cpbdur:2 q:34.45 aq:35.13 tex:3127 mv:650 misc:711 imb:11 pmb:100 smb:1929 d:- ref:0 ;
in:6970 out:6967 type:P dur:2 cpbdur:2 q:34.45 aq:29.15 tex:84589 mv:5617 misc:1242 imb:133 pmb:913 smb:994 d:- ref:0 ;
in:6968 out:6968 type:B dur:2 cpbdur:2 q:34.45 aq:32.69 tex:8162 mv:2766 misc:1304 imb:40 pmb:307 smb:1693 d:- ref:0 ;
in:6967 out:6969 type:b dur:2 cpbdur:2 q:34.45 aq:34.91 tex:5054 mv:879 misc:827 imb:15 pmb:148 smb:1877 d:- ref:0 ;
in:6969 out:6970 type:b dur:2 cpbdur:2 q:34.45 aq:33.74 tex:3563 mv:876 misc:817 imb:18 pmb:131 smb:1891 d:- ref:0 ;
in:6974 out:6971 type:P dur:2 cpbdur:2 q:34.46 aq:29.42 tex:72794 mv:5423 misc:1255 imb:100 pmb:920 smb:1020 d:- ref:0 ;
in:6972 out:6972 type:B dur:2 cpbdur:2 q:34.46 aq:32.17 tex:7138 mv:2432 misc:1318 imb:13 pmb:320 smb:1707 d:- ref:0 ;
in:6971 out:6973 type:b dur:2 cpbdur:2 q:34.45 aq:34.05 tex:3397 mv:625 misc:674 imb:15 pmb:98 smb:1927 d:- ref:0 ;
in:6973 out:6974 type:b dur:2 cpbdur:2 q:34.46 aq:35.71 tex:3266 mv:989 misc:817 imb:13 pmb:137 smb:1890 d:- ref:0 ;
in:6978 out:6975 type:P dur:2 cpbdur:2 q:34.46 aq:29.43 tex:73673 mv:5446 misc:1305 imb:108 pmb:918 smb:1014 d:- ref:0 ;
in:6976 out:6976 type:B dur:2 cpbdur:2 q:34.46 aq:33.73 tex:6660 mv:2031 misc:1197 imb:8 pmb:287 smb:1745 d:- ref:0 ;
in:6975 out:6977 type:b dur:2 cpbdur:2 q:34.46 aq:33.70 tex:3308 mv:830 misc:774 imb:15 pmb:116 smb:1909 d:- ref:0 ;
in:6977 out:6978 type:b dur:2 cpbdur:2 q:34.46 aq:33.99 tex:3586 mv:686 misc:768 imb:13 pmb:113 smb:1914 d:- ref:0 ;
in:6982 out:6979 type:P dur:2 cpbdur:2 q:34.46 aq:29.39 tex:67808 mv:5339 misc:1301 imb:100 pmb:924 smb:1016 d:- ref:0 ;
in:6980 out:6980 type:B dur:2 cpbdur:2 q:34.46 aq:33.56 tex:7271 mv:2510 misc:1323 imb:8 pmb:343 smb:1689 d:- ref:0 ;
in:6979 out:6981 type:b dur:2 cpbdur:2 q:34.46 aq:34.84 tex:3858 mv:977 misc:829 imb:18 pmb:130 smb:1892 d:- ref:0 ;
in:6981 out:6982 type:b dur:2 cpbdur:2 q:34.46 aq:34.12 tex:3404 mv:736 misc:828 imb:11 pmb:128 smb:1901 d:- ref:0 ;
in:6986 out:6983 type:P dur:2 cpbdur:2 q:34.47 aq:29.51 tex:69298 mv:5214 misc:1304 imb:93 pmb:900 smb:1047 d:- ref:0 ;
in:6984 out:6984 type:B dur:2 cpbdur:2 q:34.47 aq:32.94 tex:7579 mv:2494 misc:1375 imb:17 pmb:336 smb:1687 d:- ref:0 ;
in:6983 out:6985 type:b dur:2 cpbdur:2 q:34.46 aq:34.33 tex:3316 mv:669 misc:751 imb:16 pmb:98 smb:1926 d:- ref:0 ;
in:6985 out:6986 type:b dur:2 cpbdur:2 q:34.47 aq:34.02 tex:3436 mv:548 misc:744 imb:12 pmb:103 smb:1925 d:- ref:0 ;
in:6990 out:6987 type:P dur:2 cpbdur:2 q:34.47 aq:29.06 tex:68337 mv:5329 misc:1302 imb:122 pmb:895 smb:1023 d:- ref:0 ;
in:6988 out:6988 type:B dur:2 cpbdur:2 q:34.47 aq:32.02 tex:7273 mv:2673 misc:1358 imb:19 pmb:331 smb:1690 d:- ref:0 ;
in:6987 out:6989 type:b dur:2 cpbdur:2 q:34.47 aq:33.00 tex:3168 mv:765 misc:811 imb:8 pmb:127 smb:1905 d:- ref:0 ;
in:6989 out:6990 type:b dur:2 cpbdur:2 q:34.47 aq:33.43 tex:3218 mv:892 misc:786 imb:12 pmb:124 smb:1904 d:- ref:0 ;
in:6994 out:6991 type:P dur:2 cpbdur:2 q:34.47 aq:29.33 tex:69860 mv:5063 misc:1325 imb:93 pmb:908 smb:1039 d:- ref:0 ;
in:6992 out:6992 type:B dur:2 cpbdur:2 q:34.47 aq:32.43 tex:7727 mv:2503 misc:1298 imb:13 pmb:331 smb:1696 d:- ref:0 ;
in:6991 out:6993 type:b dur:2 cpbdur:2 q:34.47 aq:34.70 tex:3602 mv:980 misc:802 imb:14 pmb:126 smb:1900 d:- ref:0 ;
in:6993 out:6994 type:b dur:2 cpbdur:2 q:34.47 aq:34.15 tex:3131 mv:611 misc:730 imb:15 pmb:102 smb:1923 d:- ref:0 ;
in:6998 out:6995 type:P dur:2 cpbdur:2 q:34.47 aq:29.20 tex:67600 mv:5221 misc:1299 imb:101 pmb:903 smb:1036 d:- ref:0 ;
in:6996 out:6996 type:B dur:2 cpbdur:2 q:34.47 aq:33.03 tex:7032 mv:2342 misc:1306 imb:12 pmb:301 smb:1727 d:- ref:0 ;
in:6995 out:6997 type:b dur:2 cpbdur:2 q:34.47 aq:34.08 tex:3072 mv:870 misc:810 imb:7 pmb:129 smb:1904 d:- ref:0 ;
in:6997 out:6998 type:b dur:2 cpbdur:2 q:34.47 aq:34.24 tex:3696 mv:788 misc:724 imb:16 pmb:105 smb:1919 d:- ref:0 ;
in:7002 out:6999 type:P dur:2 cpbdur:2 q:34.47 aq:29.42 tex:64505 mv:5343 misc:1264 imb:113 pmb:907 smb:1020 d:- ref:0 ;
in:7000 out:7000 type:B dur:2 cpbdur:2 q:34.47 aq:33.23 tex:6854 mv:2285 misc:1341 imb:7 pmb:334 smb:1699 d:- ref:0 ;
in:6999 out:7001 type:b dur:2 cpbdur:2 q:34.47 aq:34.14 tex:3239 mv:608 misc:713 imb:10 pmb:103 smb:1927 d:- ref:0 ;
in:7001 out:7002 type:b dur:2 cpbdur:2 q:34.47 aq:34.12 tex:3080 mv:656 misc:736 imb:13 pmb:105 smb:1922 d:- ref:0 ;
in:7006 out:7003 type:P dur:2 cpbdur:2 q:34.47 aq:29.22 tex:64313 mv:5116 misc:1347 imb:102 pmb:894 smb:1044 d:- ref:0 ;
in:7004 out:7004 type:B dur:2 cpbdur:2 q:34.47 aq:33.16 tex:8068 mv:2816 misc:1396 imb:12 pmb:369 smb:1659 d:- ref:0 ;
in:7003 out:7005 type:b dur:2 cpbdur:2 q:34.47 aq:34.79 tex:2914 mv:867 misc:779 imb:8 pmb:129 smb:1903 d:- ref:0 ;
in:7005 out:7006 type:b dur:2 cpbdur:2 q:34.47 aq:33.67 tex:3245 mv:777 misc:762 imb:12 pmb:112 smb:1916 d:- ref:0 ;
in:7010 out:7007 type:P dur:2 cpbdur:2 q:34.47 aq:29.85 tex:67067 mv:5502 misc:1335 imb:138 pmb:889 smb:1013 d:- ref:0 ;
in:7008 out:7008 type:B dur:2 cpbdur:2 q:34.47 aq:33.23 tex:8366 mv:2876 misc:1422 imb:14 pmb:387 smb:1639 d:- ref:0 ;
in:7007 out:7009 type:b dur:2 cpbdur:2 q:34.47 aq:33.88 tex:3369 mv:814 misc:785 imb:15 pmb:116 smb:1909 d:- ref:0 ;
in:7009 out:7010 type:b dur:2 cpbdur:2 q:34.47 aq:34.62 tex:4416 mv:1059 misc:877 imb:20 pmb:155 smb:1865 d:- ref:0 ;
in:7014 out:7011 type:P dur:2 cpbdur:2 q:34.47 aq:29.42 tex:62170 mv:5453 misc:1377 imb:129 pmb:902 smb:1009 d:- ref:0 ;
in:7012 out:7012 type:B dur:2 cpbdur:2 q:34.47 aq:33.24 tex:8578 mv:2824 misc:1374 imb:21 pmb:350 smb:1669 d:- ref:0 ;
in:7011 out:7013 type:b dur:2 cpbdur:2 q:34.47 aq:34.41 tex:3682 mv:835 misc:795 imb:21 pmb:117 smb:1902 d:- ref:0 ;
in:7013 out:7014 type:b dur:2 cpbdur:2 q:34.47 aq:34.59 tex:3919 mv:1060 misc:861 imb:17 pmb:143 smb:1880 d:- ref:0 ;
in:7018 out:7015 type:P dur:2 cpbdur:2 q:34.47 aq:29.52 tex:66681 mv:5392 misc:1351 imb:116 pmb:908 smb:1016 d:- ref:0 ;
in:7016 out:7016 type:B dur:2 cpbdur:2 q:34.47 aq:31.94 tex:8210 mv:3006 misc:1440 imb:19 pmb:387 smb:1634 d:- ref:0 ;
in:7015 out:7017 type:b dur:2 cpbdur:2 q:34.47 aq:34.44 tex:3480 mv:1061 misc:851 imb:14 pmb:148 smb:1878 d:- ref:0 ;
in:7017 out:7018 type:b dur:2 cpbdur:2 q:34.47 aq:34.31 tex:3995 mv:991 misc:870 imb:11 pmb:149 smb:1880 d:- ref:0 ;
in:7022 out:7019 type:P dur:2 cpbdur:2 q:34.47 aq:29.79 tex:64435 mv:5275 misc:1322 imb:119 pmb:892 smb:1029 d:- ref:0 ;
in:7020 out:7020 type:B dur:2 cpbdur:2 q:34.47 aq:32.85 tex:8975 mv:3016 misc:1385 imb:23 pmb:371 smb:1646 d:- ref:0 ;
in:7019 out:7021 type:b dur:2 cpbdur:2 q:34.47 aq:33.94 tex:3686 mv:891 misc:839 imb:12 pmb:136 smb:1892 d:- ref:0 ;
in:7021 out:7022 type:b dur:2 cpbdur:2 q:34.47 aq:35.01 tex:3737 mv:1076 misc:843 imb:14 pmb:141 smb:1885 d:- ref:0 ;
in:7026 out:7023 type:P dur:2 cpbdur:2 q:34.47 aq:29.47 tex:63687 mv:5520 misc:1353 imb:138 pmb:866 smb:1036 d:- ref:0 ;
in:7024 out:7024 type:B dur:2 cpbdur:2 q:34.47 aq:32.21 tex:8451 mv:2501 misc:1352 imb:18 pmb:365 smb:1657 d:- ref:0 ;
in:7023 out:7025 type:b dur:2 cpbdur:2 q:34.47 aq:34.71 tex:3863 mv:784 misc:801 imb:17 pmb:120 smb:1903 d:- ref:0 ;
in:7025 out:7026 type:b dur:2 cpbdur:2 q:34.47 aq:34.97 tex:3907 mv:811 misc:858 imb:10 pmb:146 smb:1884 d:- ref:0 ;
in:7028 out:7027 type:P dur:2 cpbdur:2 q:34.47 aq:32.75 tex:11741 mv:2711 misc:1524 imb:89 pmb:373 smb:1578 d:- ref:0 ;
in:7027 out:7028 type:b dur:2 cpbdur:2 q:34.47 aq:32.70 tex:3925 mv:908 misc:855 imb:16 pmb:134 smb:1890 d:- ref:0 ;
in:7029 out:7029 type:I dur:2 cpbdur:2 q:31.55 aq:25.30 tex:295295 mv:41063 misc:482 imb:2040 pmb:0 smb:0 d:- ref:;
in:7033 out:7030 type:P dur:2 cpbdur:2 q:34.57 aq:29.67 tex:54629 mv:5154 misc:1505 imb:130 pmb:814 smb:1096 d:- ref:0 ;
in:7031 out:7031 type:B dur:2 cpbdur:2 q:34.57 aq:34.30 tex:8366 mv:2517 misc:1325 imb:13 pmb:343 smb:1684 d:- ref:0 ;
in:7030 out:7032 type:b dur:2 cpbdur:2 q:34.57 aq:33.26 tex:3518 mv:1004 misc:838 imb:17 pmb:131 smb:1892 d:- ref:0 ;
in:7032 out:7033 type:b dur:2 cpbdur:2 q:34.57 aq:34.72 tex:3791 mv:957 misc:836 imb:16 pmb:134 smb:1890 d:- ref:0 ;
in:7037 out:7034 type:P dur:2 cpbdur:2 q:34.55 aq:29.45 tex:58475 mv:5364 misc:1393 imb:137 pmb:862 smb:1041 d:- ref:0 ;
in:7035 out:7035 type:B dur:2 cpbdur:2 q:34.56 aq:33.89 tex:8500 mv:2538 misc:1322 imb:15 pmb:323 smb:1702 d:- ref:0 ;
in:7034 out:7036 type:b dur:2 cpbdur:2 q:34.57 aq:34.47 tex:4126 mv:759 misc:811 imb:18 pmb:115 smb:1907 d:- ref:0 ;
in:7036 out:7037 type:b dur:2 cpbdur:2 q:34.56 aq:34.61 tex:3770 mv:1272 misc:878 imb:14 pmb:162 smb:1864 d:- ref:0 ;
in:7041 out:7038 type:P dur:2 cpbdur:2 q:34.57 aq:30.06 tex:58189 mv:5285 misc:1382 imb:124 pmb:822 smb:1094 d:- ref:0 ;
in:7039 out:7039 type:B dur:2 cpbdur:2 q:34.56 aq:33.17 tex:8333 mv:2272 misc:1315 imb:12 pmb:324 smb:1704 d:- ref:0 ;
in:7038 out:7040 type:b dur:2 cpbdur:2 q:34.56 aq:34.24 tex:4127 mv:965 misc:796 imb:23 pmb:117 smb:1900 d:- ref:0 ;
in:7040 out:7041 type:b dur:2 cpbdur:2 q:34.57 aq:34.20 tex:3394 mv:1088 misc:838 imb:14 pmb:133 smb:1893 d:- ref:0 ;
in:7045 out:7042 type:P dur:2 cpbdur:2 q:34.57 aq:30.45 tex:56477 mv:5157 misc:1382 imb:131 pmb:823 smb:1086 d:- ref:0 ;
in:7043 out:7043 type:B dur:2 cpbdur:2 q:34.57 aq:33.69 tex:7739 mv:2555 misc:1370 imb:21 pmb:325 smb:1694 d:- ref:0 ;
in:7042 out:7044 type:b dur:2 cpbdur:2 q:34.57 aq:34.66 tex:3784 mv:1018 misc:830 imb:20 pmb:125 smb:1895 d:- ref:0 ;
in:7044 out:7045 type:b dur:2 cpbdur:2 q:34.57 aq:34.35 tex:3505 mv:909 misc:794 imb:16 pmb:117 smb:1907 d:- ref:0 ;
in:7049 out:7046 type:P dur:2 cpbdur:2 q:34.57 aq:29.94 tex:56932 mv:5605 misc:1391 imb:195 pmb:840 smb:1005 d:- ref:0 ;
in:7047 out:7047 type:B dur:2 cpbdur:2 q:34.57 aq:33.08 tex:8670 mv:2184 misc:1330 imb:20 pmb:321 smb:1699 d:- ref:0 ;
in:7046 out:7048 type:b dur:2 cpbdur:2 q:34.57 aq:34.90 tex:3103 mv:808 misc:705 imb:16 pmb:92 smb:1932 d:- ref:0 ;
in:7048 out:7049 type:b dur:2 cpbdur:2 q:34.57 aq:34.64 tex:3470 mv:1036 misc:862 imb:14 pmb:140 smb:1886 d:- ref:0 ;
in:7053 out:7050 type:P dur:2 cpbdur:2 q:34.57 aq:29.89 tex:57662 mv:5910 misc:1412 imb:194 pmb:816 smb:1030 d:- ref:0 ;
in:7051 out:7051 type:B dur:2 cpbdur:2 q:34.57 aq:32.86 tex:7866 mv:2463 misc:1351 imb:22 pmb:326 smb:1692 d:- ref:0 ;
in:7050 out:7052 type:b dur:2 cpbdur:2 q:34.57 aq:34.57 tex:3741 mv:1103 misc:820 imb:26 pmb:116 smb:1898 d:- ref:0 ;
in:7052 out:7053 type:b dur:2 cpbdur:2 q:34.57 aq:34.66 tex:3538 mv:1116 misc:882 imb:16 pmb:140 smb:1884 d:- ref:0 ;
in:7057 out:7054 type:P dur:2 cpbdur:2 q:34.56 aq:30.20 tex:54623 mv:5659 misc:1390 imb:186 pmb:789 smb:1065 d:- ref:0 ;
in:7055 out:7055 type:B dur:2 cpbdur:2 q:34.57 aq:33.54 tex:7461 mv:1971 misc:1248 imb:21 pmb:273 smb:1746 d:- ref:0 ;
in:7054 out:7056 type:b dur:2 cpbdur:2 q:34.57 aq:34.35 tex:3456 mv:841 misc:775 imb:21 pmb:101 smb:1918 d:- ref:0 ;
in:7056 out:7057 type:b dur:2 cpbdur:2 q:34.56 aq:34.74 tex:3527 mv:949 misc:796 imb:18 pmb:116 smb:1906 d:- ref:0 ;
in:7061 out:7058 type:P dur:2 cpbdur:2 q:34.56 aq:30.04 tex:49279 mv:5578 misc:1415 imb:187 pmb:778 smb:1075 d:- ref:0 ;
in:7059 out:7059 type:B dur:2 cpbdur:2 q:34.56 aq:33.05 tex:7593 mv:2351 misc:1336 imb:23 pmb:309 smb:1708 d:- ref:0 ;
in:7058 out:7060 type:b dur:2 cpbdur:2 q:34.56 aq:35.10 tex:2923 mv:959 misc:726 imb:12 pmb:111 smb:1917 d:- ref:0 ;
in:7060 out:7061 type:b dur:2 cpbdur:2 q:34.56 aq:33.69 tex:3120 mv:1085 misc:795 imb:22 pmb:112 smb:1906 d:- ref:0 ;
in:7065 out:7062 type:P dur:2 cpbdur:2 q:34.56 aq:30.54 tex:44101 mv:5463 misc:1476 imb:166 pmb:751 smb:1123 d:- ref:0 ;
in:7063 out:7063 type:B dur:2 cpbdur:2 q:34.56 aq:32.56 tex:7181 mv:2019 misc:1216 imb:25 pmb:255 smb:1760 d:- ref:0 ;
in:7062 out:7064 type:b dur:2 cpbdur:2 q:34.56 aq:34.57 tex:3151 mv:892 misc:725 imb:19 pmb:96 smb:1925 d:- ref:0 ;
in:7064 out:7065 type:b dur:2 cpbdur:2 q:34.56 aq:34.60 tex:3100 mv:797 misc:719 imb:20 pmb:87 smb:1933 d:- ref:0 ;
in:7069 out:7066 type:P dur:2 cpbdur:2 q:34.55 aq:30.79 tex:28201 mv:4857 misc:1654 imb:177 pmb:619 smb:1244 d:- ref:0 ;
in:7067 out:7067 type:B dur:2 cpbdur:2 q:34.55 aq:32.82 tex:7004 mv:2143 misc:1309 imb:24 pmb:292 smb:1724 d:- ref:0 ;
in:7066 out:7068 type:b dur:2 cpbdur:2 q:34.55 aq:32.85 tex:2567 mv:1032 misc:745 imb:13 pmb:117 smb:1910 d:- ref:0 ;
in:7068 out:7069 type:b dur:2 cpbdur:2 q:34.55 aq:34.96 tex:2572 mv:828 misc:720 imb:9 pmb:102 smb:1929 d:- ref:0 ;
in:7073 out:7070 type:P dur:2 cpbdur:2 q:34.53 aq:31.07 tex:42865 mv:6110 misc:1793 imb:444 pmb:510 smb:1086 d:- ref:0 w:7,123,1,7,120,8,119,9 ;
in:7071 out:7071 type:B dur:2 cpbdur:2 q:34.54 aq:32.56 tex:10311 mv:2951 misc:1610 imb:66 pmb:392 smb:1582 d:- ref:0 ;
in:7070 out:7072 type:b dur:2 cpbdur:2 q:34.54 aq:34.46 tex:3253 mv:963 misc:760 imb:22 pmb:97 smb:1921 d:- ref:0 ;
in:7072 out:7073 type:b dur:2 cpbdur:2 q:34.54 aq:32.41 tex:5050 mv:1237 misc:993 imb:28 pmb:171 smb:1841 d:- ref:0 ;
in:7077 out:7074 type:P dur:2 cpbdur:2 q:34.52 aq:28.77 tex:108498 mv:10232 misc:422 imb:1819 pmb:133 smb:88 d:- ref:0 ;
in:7075 out:7075 type:B dur:2 cpbdur:2 q:34.53 aq:30.93 tex:22127 mv:6277 misc:1716 imb:310 pmb:540 smb:1190 d:- ref:0 ;
in:7074 out:7076 type:b dur:2 cpbdur:2 q:34.53 aq:32.04 tex:4837 mv:1664 misc:1059 imb:66 pmb:151 smb:1823 d:- ref:0 ;
in:7076 out:7077 type:b dur:2 cpbdur:2 q:34.53 aq:28.38 tex:2038 mv:854 misc:644 imb:33 pmb:63 smb:1944 d:- ref:0 ;
in:7079 out:7078 type:P dur:2 cpbdur:2 q:34.53 aq:26.90 tex:45944 mv:8817 misc:1255 imb:975 pmb:535 smb:530 d:- ref:0 w:4,19,-3,6,71,-15,73,-16 ;
in:7078 out:7079 type:b dur:2 cpbdur:2 q:34.53 aq:26.25 tex:1245 mv:524 misc:695 imb:17 pmb:95 smb:1928 d:- ref:0 ;
in:7082 out:7080 type:P dur:2 cpbdur:2 q:34.55 aq:23.44 tex:30994 mv:9109 misc:1633 imb:835 pmb:727 smb:478 d:- ref:0 w:4,17,0,6,68,-8,69,-10 ;
in:7080 out:7081 type:B dur:2 cpbdur:2 q:34.54 aq:22.50 tex:856 mv:972 misc:828 imb:26 pmb:100 smb:1914 d:- ref:0 ;
in:7081 out:7082 type:b dur:2 cpbdur:2 q:34.54 aq:23.71 tex:260 mv:333 misc:495 imb:7 pmb:54 smb:1979 d:- ref:0 ;
in:7084 out:7083 type:P dur:2 cpbdur:2 q:34.53 aq:24.16 tex:10756 mv:2149 misc:1391 imb:74 pmb:379 smb:1587 d:- ref:0 ;
in:7083 out:7084 type:b dur:2 cpbdur:2 q:34.54 aq:22.11 tex:47 mv:215 misc:402 imb:1 pmb:52 smb:1987 d:- ref:0 ;
in:7086 out:7085 type:P dur:2 cpbdur:2 q:34.53 aq:24.79 tex:7577 mv:1344 misc:1143 imb:43 pmb:238 smb:1759 d:- ref:0 ;
in:7085 out:7086 type:b dur:2 cpbdur:2 q:34.53 aq:24.01 tex:31 mv:11 misc:190 imb:0 pmb:3 smb:2037 d:- ref:0 ;
in:7088 out:7087 type:P dur:2 cpbdur:2 q:34.52 aq:24.54 tex:5853 mv:1044 misc:1079 imb:17 pmb:219 smb:1804 d:- ref:0 ;
in:7087 out:7088 type:b dur:2 cpbdur:2 q:34.52 aq:24.01 tex:30 mv:8 misc:178 imb:0 pmb:2 smb:2038 d:- ref:0 ;
in:7090 out:7089 type:P dur:2 cpbdur:2 q:34.50 aq:25.63 tex:6708 mv:1169 misc:1131 imb:33 pmb:232 smb:1775 d:- ref:0 ;
in:7089 out:7090 type:b dur:2 cpbdur:2 q:34.51 aq:24.01 tex:30 mv:8 misc:178 imb:0 pmb:2 smb:2038 d:- ref:0 ;
in:7092 out:7091 type:P dur:2 cpbdur:2 q:34.48 aq:24.61 tex:5233 mv:1206 misc:1137 imb:32 pmb:217 smb:1791 d:- ref:0 ;
in:7091 out:7092 type:b dur:2 cpbdur:2 q:34.49 aq:23.84 tex:31 mv:8 misc:177 imb:0 pmb:2 smb:2038 d:- ref:0 ;
in:7094 out:7093 type:P dur:2 cpbdur:2 q:34.46 aq:25.43 tex:6282 mv:1407 misc:1151 imb:34 pmb:249 smb:1757 d:- ref:0 ;
in:7093 out:7094 type:b dur:2 cpbdur:2 q:34.47 aq:23.84 tex:26 mv:15 misc:175 imb:1 pmb:1 smb:2038 d:- ref:0 ;
in:7096 out:7095 type:P dur:2 cpbdur:2 q:34.45 aq:24.77 tex:4450 mv:1121 misc:1053 imb:29 pmb:198 smb:1813 d:- ref:0 ;
in:7095 out:7096 type:b dur:2 cpbdur:2 q:34.46 aq:21.17 tex:39 mv:12 misc:189 imb:0 pmb:3 smb:2037 d:- ref:0 ;
in:7098 out:7097 type:P dur:2 cpbdur:2 q:34.43 aq:25.88 tex:6114 mv:1367 misc:1159 imb:44 pmb:230 smb:1766 d:- ref:0 ;
in:7097 out:7098 type:b dur:2 cpbdur:2 q:34.44 aq:23.43 tex:33 mv:15 misc:176 imb:0 pmb:2 smb:2038 d:- ref:0 ;
in:7100 out:7099 type:P dur:2 cpbdur:2 q:34.41 aq:25.09 tex:3590 mv:1227 misc:1103 imb:30 pmb:197 smb:1813 d:- ref:0 ;
in:7099 out:7100 type:b dur:2 cpbdur:2 q:34.42 aq:23.43 tex:35 mv:7 misc:182 imb:0 pmb:2 smb:2038 d:- ref:0 ;
in:7104 out:7101 type:P dur:2 cpbdur:2 q:34.39 aq:25.99 tex:7422 mv:1834 misc:1272 imb:58 pmb:289 smb:1693 d:- ref:0 ;
in:7102 out:7102 type:B dur:2 cpbdur:2 q:34.40 aq:20.42 tex:81 mv:42 misc:237 imb:0 pmb:7 smb:2033 d:- ref:0 ;
in:7101 out:7103 type:b dur:2 cpbdur:2 q:34.41 aq:20.11 tex:23 mv:4 misc:173 imb:0 pmb:1 smb:2039 d:- ref:0 ;
in:7103 out:7104 type:b dur:2 cpbdur:2 q:34.40 aq:23.42 tex:26 mv:16 misc:182 imb:1 pmb:1 smb:2038 d:- ref:0 ;
in:7106 out:7105 type:P dur:2 cpbdur:2 q:34.36 aq:24.65 tex:5957 mv:1640 misc:1155 imb:32 pmb:257 smb:1751 d:- ref:0 ;
in:7105 out:7106 type:b dur:2 cpbdur:2 q:34.38 aq:22.00 tex:78 mv:248 misc:370 imb:3 pmb:45 smb:1992 d:- ref:0 ;
in:7108 out:7107 type:P dur:2 cpbdur:2 q:34.35 aq:23.99 tex:5834 mv:1286 misc:1120 imb:25 pmb:240 smb:1775 d:- ref:0 ;
in:7107 out:7108 type:b dur:2 cpbdur:2 q:34.36 aq:27.00 tex:0 mv:0 misc:160 imb:0 pmb:0 smb:2040 d:- ref:0 ;
in:7110 out:7109 type:P dur:2 cpbdur:2 q:34.32 aq:24.12 tex:4524 mv:1438 misc:1198 imb:42 pmb:225 smb:1773 d:- ref:0 ;
in:7109 out:7110 type:b dur:2 cpbdur:2 q:34.34 aq:22.67 tex:26 mv:5 misc:169 imb:0 pmb:1 smb:2039 d:- ref:0 ;
in:7114 out:7111 type:P dur:2 cpbdur:2 q:34.31 aq:24.90 tex:6548 mv:2209 misc:1259 imb:53 pmb:318 smb:1669 d:- ref:0 ;
in:7112 out:7112 type:B dur:2 cpbdur:2 q:34.32 aq:23.19 tex:128 mv:378 misc:478 imb:1 pmb:68 smb:1971 d:- ref:0 ;
in:7111 out:7113 type:b dur:2 cpbdur:2 q:34.32 aq:24.16 tex:52 mv:312 misc:388 imb:1 pmb:57 smb:1982 d:- ref:0 ;
in:7113 out:7114 type:b dur:2 cpbdur:2 q:34.31 aq:25.00 tex:0 mv:0 misc:160 imb:0 pmb:0 smb:2040 d:- ref:0 ;
in:7116 out:7115 type:P dur:2 cpbdur:2 q:34.28 aq:25.48 tex:5374 mv:1175 misc:1131 imb:47 pmb:184 smb:1809 d:- ref:0 ;
in:7115 out:7116 type:b dur:2 cpbdur:2 q:34.29 aq:26.00 tex:0 mv:0 misc:160 imb:0 pmb:0 smb:2040 d:- ref:0 ;
in:7118 out:7117 type:P dur:2 cpbdur:2 q:34.26 aq:25.57 tex:3559 mv:1296 misc:1065 imb:46 pmb:204 smb:1790 d:- ref:0 ;
in:7117 out:7118 type:b dur:2 cpbdur:2 q:34.27 aq:24.02 tex:19 mv:4 misc:169 imb:0 pmb:1 smb:2039 d:- ref:0 ;
in:7120 out:7119 type:P dur:2 cpbdur:2 q:34.24 aq:25.44 tex:4309 mv:1236 misc:1023 imb:23 pmb:214 smb:1803 d:- ref:0 ;
in:7119 out:7120 type:b dur:2 cpbdur:2 q:34.25 aq:20.11 tex:63 mv:13 misc:196 imb:0 pmb:4 smb:2036 d:- ref:0 ;
in:7122 out:7121 type:P dur:2 cpbdur:2 q:34.22 aq:24.86 tex:3018 mv:1242 misc:1060 imb:39 pmb:178 smb:1823 d:- ref:0 ;
in:7121 out:7122 type:b dur:2 cpbdur:2 q:34.23 aq:19.96 tex:30 mv:8 misc:178 imb:0 pmb:2 smb:2038 d:- ref:0 ;
in:7124 out:7123 type:P dur:2 cpbdur:2 q:34.20 aq:24.66 tex:4130 mv:1363 misc:1107 imb:44 pmb:203 smb:1793 d:- ref:0 ;
in:7123 out:7124 type:b dur:2 cpbdur:2 q:34.21 aq:19.47 tex:75 mv:15 misc:198 imb:0 pmb:5 smb:2035 d:- ref:0 ;
in:7126 out:7125 type:P dur:2 cpbdur:2 q:34.18 aq:24.08 tex:2390 mv:1187 misc:1015 imb:25 pmb:175 smb:1840 d:- ref:0 ;
in:7125 out:7126 type:b dur:2 cpbdur:2 q:34.19 aq:19.53 tex:16 mv:10 misc:174 imb:1 pmb:0 smb:2039 d:- ref:0 ;
in:7128 out:7127 type:P dur:2 cpbdur:2 q:34.16 aq:26.67 tex:2897 mv:1115 misc:1012 imb:24 pmb:185 smb:1831 d:- ref:0 ;
in:7127 out:7128 type:b dur:2 cpbdur:2 q:34.17 aq:22.49 tex:30 mv:9 misc:177 imb:0 pmb:2 smb:2038 d:- ref:0 ;
in:7129 out:7129 type:P dur:2 cpbdur:2 q:34.15 aq:26.85 tex:2096 mv:540 misc:700 imb:13 pmb:95 smb:1932 d:- ref:0 ;
in:7131 out:7130 type:P dur:2 cpbdur:2 q:34.14 aq:26.77 tex:2302 mv:1055 misc:931 imb:27 pmb:155 smb:1858 d:- ref:0 ;
in:7130 out:7131 type:b dur:2 cpbdur:2 q:34.14 aq:22.61 tex:51 mv:10 misc:187 imb:0 pmb:3 smb:2037 d:- ref:0 ;
in:7133 out:7132 type:P dur:2 cpbdur:2 q:34.12 aq:30.68 tex:2689 mv:968 misc:799 imb:10 pmb:163 smb:1867 d:- ref:0 ;
in:7132 out:7133 type:b dur:2 cpbdur:2 q:34.13 aq:22.35 tex:68 mv:21 misc:199 imb:1 pmb:3 smb:2036 d:- ref:0 ;
in:7135 out:7134 type:P dur:2 cpbdur:2 q:34.10 aq:22.89 tex:3598 mv:2792 misc:1482 imb:221 pmb:198 smb:1621 d:- ref:0 w:7,127,0 ;
in:7134 out:7135 type:b dur:2 cpbdur:2 q:34.11 aq:19.39 tex:125 mv:39 misc:236 imb:1 pmb:13 smb:2026 d:- ref:0 ;
in:7137 out:7136 type:P dur:2 cpbdur:2 q:34.08 aq:25.21 tex:2071 mv:1153 misc:936 imb:77 pmb:115 smb:1848 d:- ref:0 w:6,63,0 ;
in:7136 out:7137 type:b dur:2 cpbdur:2 q:34.09 aq:20.17 tex:88 mv:75 misc:253 imb:2 pmb:10 smb:2028 d:- ref:0 ;
in:7140 out:7138 type:P dur:2 cpbdur:2 q:34.07 aq:26.90 tex:17708 mv:6515 misc:1929 imb:534 pmb:448 smb:1058 d:- ref:0 w:7,119,2,7,119,9,117,11 ;
in:7138 out:7139 type:B dur:2 cpbdur:2 q:34.08 aq:22.10 tex:581 mv:713 misc:634 imb:16 pmb:79 smb:1945 d:- ref:0 ;
in:7139 out:7140 type:b dur:2 cpbdur:2 q:34.07 aq:22.34 tex:705 mv:856 misc:719 imb:18 pmb:98 smb:1924 d:- ref:0 ;
in:7144 out:7141 type:P dur:2 cpbdur:2 q:34.05 aq:28.13 tex:125831 mv:12164 misc:781 imb:1404 pmb:397 smb:239 d:- ref:0 ;
in:7142 out:7142 type:B dur:2 cpbdur:2 q:34.06 aq:27.53 tex:7869 mv:2929 misc:1322 imb:98 pmb:295 smb:1647 d:- ref:0 ;
in:7141 out:7143 type:b dur:2 cpbdur:2 q:34.06 aq:23.95 tex:667 mv:466 misc:539 imb:13 pmb:60 smb:1967 d:- ref:0 ;
in:7143 out:7144 type:b dur:2 cpbdur:2 q:34.05 aq:25.19 tex:1894 mv:1691 misc:991 imb:32 pmb:160 smb:1848 d:- ref:0 ;
in:7148 out:7145 type:P dur:2 cpbdur:2 q:34.04 aq:27.85 tex:184483 mv:13159 misc:494 imb:1285 pmb:629 smb:126 d:- ref:0 ;
in:7146 out:7146 type:B dur:2 cpbdur:2 q:34.04 aq:29.50 tex:18162 mv:6672 misc:1766 imb:201 pmb:558 smb:1281 d:- ref:0 ;
in:7145 out:7147 type:b dur:2 cpbdur:2 q:34.04 aq:28.50 tex:2824 mv:1569 misc:975 imb:42 pmb:139 smb:1859 d:- ref:0 ;
in:7147 out:7148 type:b dur:2 cpbdur:2 q:34.04 aq:30.76 tex:3676 mv:1516 misc:1032 imb:23 pmb:183 smb:1834 d:- ref:0 ;
in:7152 out:7149 type:P dur:2 cpbdur:2 q:34.09 aq:26.96 tex:120383 mv:10500 misc:1133 imb:718 pmb:910 smb:412 d:- ref:0 w:4,17,-2,6,71,-14,72,-16 ;
in:7150 out:7150 type:B dur:2 cpbdur:2 q:34.06 aq:30.18 tex:11484 mv:5108 misc:1656 imb:67 pmb:480 smb:1493 d:- ref:0 ;
in:7149 out:7151 type:b dur:2 cpbdur:2 q:34.05 aq:30.04 tex:3489 mv:1436 misc:971 imb:22 pmb:165 smb:1853 d:- ref:0 ;
in:7151 out:7152 type:b dur:2 cpbdur:2 q:34.08 aq:30.25 tex:3411 mv:1363 misc:938 imb:18 pmb:166 smb:1856 d:- ref:0 ;
in:7156 out:7153 type:P dur:2 cpbdur:2 q:34.15 aq:27.86 tex:76811 mv:6139 misc:1386 imb:139 pmb:938 smb:963 d:- ref:0 ;
in:7154 out:7154 type:B dur:2 cpbdur:2 q:34.12 aq:31.24 tex:7833 mv:3016 misc:1359 imb:10 pmb:354 smb:1676 d:- ref:0 ;
in:7153 out:7155 type:b dur:2 cpbdur:2 q:34.10 aq:32.59 tex:2700 mv:921 misc:715 imb:5 pmb:130 smb:1905 d:- ref:0 ;
in:7155 out:7156 type:b dur:2 cpbdur:2 q:34.13 aq:34.09 tex:2740 mv:1039 misc:757 imb:12 pmb:129 smb:1899 d:- ref:0 ;
in:7160 out:7157 type:P dur:2 cpbdur:2 q:34.18 aq:28.25 tex:71655 mv:5402 misc:1303 imb:121 pmb:893 smb:1026 d:- ref:0 ;
in:7158 out:7158 type:B dur:2 cpbdur:2 q:34.17 aq:31.76 tex:7745 mv:3201 misc:1390 imb:18 pmb:354 smb:1668 d:- ref:0 ;
in:7157 out:7159 type:b dur:2 cpbdur:2 q:34.16 aq:32.00 tex:2525 mv:754 misc:697 imb:10 pmb:97 smb:1933 d:- ref:0 ;
in:7159 out:7160 type:b dur:2 cpbdur:2 q:34.17 aq:34.60 tex:2775 mv:1147 misc:830 imb:8 pmb:158 smb:1874 d:- ref:0 ;
in:7164 out:7161 type:P dur:2 cpbdur:2 q:34.18 aq:28.62 tex:68333 mv:5195 misc:1352 imb:105 pmb:870 smb:1065 d:- ref:0 ;
in:7162 out:7162 type:B dur:2 cpbdur:2 q:34.18 aq:31.21 tex:7362 mv:2723 misc:1283 imb:14 pmb:319 smb:1707 d:- ref:0 ;
in:7161 out:7163 type:b dur:2 cpbdur:2 q:34.18 aq:34.50 tex:2104 mv:669 misc:643 imb:6 pmb:93 smb:1941 d:- ref:0 ;
in:7163 out:7164 type:b dur:2 cpbdur:2 q:34.18 aq:32.48 tex:2618 mv:707 misc:651 imb:7 pmb:100 smb:1933 d:- ref:0 ;
in:7168 out:7165 type:P dur:2 cpbdur:2 q:34.18 aq:28.43 tex:69545 mv:5171 misc:1340 imb:96 pmb:865 smb:1079 d:- ref:0 ;
in:7166 out:7166 type:B dur:2 cpbdur:2 q:34.18 aq:32.73 tex:6734 mv:2555 misc:1263 imb:11 pmb:314 smb:1715 d:- ref:0 ;
in:7165 out:7167 type:b dur:2 cpbdur:2 q:34.18 aq:33.35 tex:2448 mv:940 misc:732 imb:9 pmb:124 smb:1907 d:- ref:0 ;
in:7167 out:7168 type:b dur:2 cpbdur:2 q:34.18 aq:31.85 tex:2404 mv:842 misc:722 imb:8 pmb:116 smb:1916 d:- ref:0 ;
in:7172 out:7169 type:P dur:2 cpbdur:2 q:34.18 aq:28.96 tex:67958 mv:4695 misc:1323 imb:84 pmb:838 smb:1118 d:- ref:0 ;
in:7170 out:7170 type:B dur:2 cpbdur:2 q:34.18 aq:31.43 tex:7219 mv:2902 misc:1279 imb:14 pmb:331 smb:1695 d:- ref:0 ;
in:7169 out:7171 type:b dur:2 cpbdur:2 q:34.18 aq:34.76 tex:2245 mv:756 misc:639 imb:8 pmb:95 smb:1937 d:- ref:0 ;
in:7171 out:7172 type:b dur:2 cpbdur:2 q:34.18 aq:34.42 tex:2050 mv:829 misc:665 imb:3 pmb:110 smb:1927 d:- ref:0 ;
in:7176 out:7173 type:P dur:2 cpbdur:2 q:34.18 aq:28.13 tex:70479 mv:5144 misc:1337 imb:111 pmb:855 smb:1074 d:- ref:0 ;
in:7174 out:7174 type:B dur:2 cpbdur:2 q:34.18 aq:32.06 tex:6716 mv:2648 misc:1228 imb:14 pmb:294 smb:1732 d:- ref:0 ;
in:7173 out:7175 type:b dur:2 cpbdur:2 q:34.18 aq:33.86 tex:2626 mv:841 misc:653 imb:6 pmb:106 smb:1928 d:- ref:0 ;
in:7175 out:7176 type:b dur:2 cpbdur:2 q:34.18 aq:34.78 tex:2454 mv:951 misc:675 imb:11 pmb:112 smb:1917 d:- ref:0 ;
in:7180 out:7177 type:P dur:2 cpbdur:2 q:34.18 aq:28.87 tex:68092 mv:5142 misc:1358 imb:109 pmb:856 smb:1075 d:- ref:0 ;
in:7178 out:7178 type:B dur:2 cpbdur:2 q:34.18 aq:33.26 tex:6998 mv:2793 misc:1185 imb:13 pmb:304 smb:1723 d:- ref:0 ;
in:7177 out:7179 type:b dur:2 cpbdur:2 q:34.18 aq:34.92 tex:2107 mv:620 misc:617 imb:8 pmb:82 smb:1950 d:- ref:0 ;
in:7179 out:7180 type:b dur:2 cpbdur:2 q:34.18 aq:33.91 tex:2197 mv:1016 misc:723 imb:8 pmb:130 smb:1902 d:- ref:0 ;
in:7184 out:7181 type:P dur:2 cpbdur:2 q:34.17 aq:28.46 tex:77990 mv:5070 misc:1252 imb:102 pmb:828 smb:1110 d:- ref:0 ;
in:7182 out:7182 type:B dur:2 cpbdur:2 q:34.17 aq:32.64 tex:7114 mv:2750 misc:1208 imb:14 pmb:304 smb:1722 d:- ref:0 ;
in:7181 out:7183 type:b dur:2 cpbdur:2 q:34.17 aq:32.67 tex:2410 mv:786 misc:620 imb:12 pmb:88 smb:1940 d:- ref:0 ;
in:7183 out:7184 type:b dur:2 cpbdur:2 q:34.17 aq:33.36 tex:2167 mv:926 misc:691 imb:7 pmb:114 smb:1919 d:- ref:0 ;
in:7188 out:7185 type:P dur:2 cpbdur:2 q:34.18 aq:28.50 tex:75361 mv:5036 misc:1283 imb:107 pmb:835 smb:1098 d:- ref:0 ;
in:7186 out:7186 type:B dur:2 cpbdur:2 q:34.18 aq:31.41 tex:7570 mv:2722 misc:1300 imb:12 pmb:327 smb:1701 d:- ref:0 ;
in:7185 out:7187 type:b dur:2 cpbdur:2 q:34.17 aq:34.02 tex:2604 mv:1099 misc:729 imb:9 pmb:132 smb:1899 d:- ref:0 ;
in:7187 out:7188 type:b dur:2 cpbdur:2 q:34.18 aq:32.08 tex:2322 mv:940 misc:722 imb:14 pmb:107 smb:1919 d:- ref:0 ;
in:7192 out:7189 type:P dur:2 cpbdur:2 q:34.18 aq:28.80 tex:73396 mv:4689 misc:1283 imb:99 pmb:817 smb:1124 d:- ref:0 ;
in:7190 out:7190 type:B dur:2 cpbdur:2 q:34.18 aq:32.20 tex:6776 mv:2568 misc:1208 imb:18 pmb:290 smb:1732 d:- ref:0 ;
in:7189 out:7191 type:b dur:2 cpbdur:2 q:34.18 aq:33.12 tex:2160 mv:888 misc:688 imb:10 pmb:107 smb:1923 d:- ref:0 ;
in:7191 out:7192 type:b dur:2 cpbdur:2 q:34.18 aq:33.24 tex:2544 mv:698 misc:654 imb:10 pmb:92 smb:1938 d:- ref:0 ;
in:7196 out:7193 type:P dur:2 cpbdur:2 q:34.18 aq:28.70 tex:69011 mv:4826 misc:1283 imb:97 pmb:815 smb:1128 d:- ref:0 ;
in:7194 out:7194 type:B dur:2 cpbdur:2 q:34.18 aq:31.96 tex:6344 mv:2693 misc:1179 imb:25 pmb:271 smb:1744 d:- ref:0 ;
in:7193 out:7195 type:b dur:2 cpbdur:2 q:34.18 aq:34.62 tex:2402 mv:879 misc:703 imb:8 pmb:116 smb:1916 d:- ref:0 ;
in:7195 out:7196 type:b dur:2 cpbdur:2 q:34.18 aq:33.25 tex:2275 mv:971 misc:722 imb:9 pmb:117 smb:1914 d:- ref:0 ;
in:7200 out:7197 type:P dur:2 cpbdur:2 q:34.18 aq:28.21 tex:66164 mv:4997 misc:1303 imb:107 pmb:824 smb:1109 d:- ref:0 ;
in:7198 out:7198 type:B dur:2 cpbdur:2 q:34.18 aq:31.60 tex:6260 mv:2363 misc:1169 imb:12 pmb:260 smb:1768 d:- ref:0 ;
in:7197 out:7199 type:b dur:2 cpbdur:2 q:34.18 aq:32.96 tex:2072 mv:788 misc:668 imb:7 pmb:100 smb:1933 d:- ref:0 ;
in:7199 out:7200 type:b dur:2 cpbdur:2 q:34.18 aq:33.38 tex:2147 mv:883 misc:650 imb:7 pmb:100 smb:1933 d:- ref:0 ;
in:7204 out:7201 type:P dur:2 cpbdur:2 q:34.18 aq:28.50 tex:66883 mv:4826 misc:1251 imb:98 pmb:825 smb:1117 d:- ref:0 ;
in:7202 out:7202 type:B dur:2 cpbdur:2 q:34.18 aq:30.98 tex:5581 mv:2377 misc:1130 imb:13 pmb:258 smb:1769 d:- ref:0 ;
in:7201 out:7203 type:b dur:2 cpbdur:2 q:34.18 aq:31.51 tex:1693 mv:739 misc:600 imb:9 pmb:74 smb:1957 d:- ref:0 ;
in:7203 out:7204 type:b dur:2 cpbdur:2 q:34.18 aq:32.82 tex:1813 mv:791 misc:668 imb:6 pmb:108 smb:1926 d:- ref:0 ;
in:7208 out:7205 type:P dur:2 cpbdur:2 q:34.18 aq:27.91 tex:70244 mv:4627 misc:1345 imb:90 pmb:820 smb:1130 d:- ref:0 ;
in:7206 out:7206 type:B dur:2 cpbdur:2 q:34.18 aq:31.93 tex:4821 mv:2184 misc:1123 imb:15 pmb:240 smb:1785 d:- ref:0 ;
in:7205 out:7207 type:b dur:2 cpbdur:2 q:34.18 aq:34.22 tex:2261 mv:793 misc:650 imb:7 pmb:101 smb:1932 d:- ref:0 ;
in:7207 out:7208 type:b dur:2 cpbdur:2 q:34.18 aq:32.86 tex:1998 mv:621 misc:629 imb:6 pmb:86 smb:1948 d:- ref:0 ;
in:7212 out:7209 type:P dur:2 cpbdur:2 q:34.18 aq:28.88 tex:70575 mv:4261 misc:1228 imb:61 pmb:796 smb:1183 d:- ref:0 ;
in:7210 out:7210 type:B dur:2 cpbdur:2 q:34.18 aq:31.86 tex:4316 mv:1731 misc:1049 imb:14 pmb:199 smb:1827 d:- ref:0 ;
in:7209 out:7211 type:b dur:2 cpbdur:2 q:34.18 aq:34.00 tex:1904 mv:849 misc:663 imb:6 pmb:115 smb:1919 d:- ref:0 ;
in:7211 out:7212 type:b dur:2 cpbdur:2 q:34.18 aq:33.12 tex:1593 mv:677 misc:554 imb:7 pmb:75 smb:1958 d:- ref:0 ;
in:7216 out:7213 type:P dur:2 cpbdur:2 q:34.17 aq:28.73 tex:67614 mv:4339 misc:1247 imb:86 pmb:782 smb:1172 d:- ref:0 ;
in:7214 out:7214 type:B dur:2 cpbdur:2 q:34.18 aq:32.73 tex:5010 mv:1982 misc:1064 imb:7 pmb:234 smb:1799 d:- ref:0 ;
in:7213 out:7215 type:b dur:2 cpbdur:2 q:34.18 aq:33.95 tex:1659 mv:862 misc:623 imb:5 pmb:106 smb:1929 d:- ref:0 ;
in:7215 out:7216 type:b dur:2 cpbdur:2 q:34.17 aq:31.69 tex:2132 mv:660 misc:624 imb:8 pmb:90 smb:1942 d:- ref:0 ;
in:7220 out:7217 type:P dur:2 cpbdur:2 q:34.17 aq:29.23 tex:66747 mv:4539 misc:1306 imb:87 pmb:837 smb:1116 d:- ref:0 ;
in:7218 out:7218 type:B dur:2 cpbdur:2 q:34.17 aq:31.24 tex:4276 mv:1575 misc:989 imb:17 pmb:171 smb:1852 d:- ref:0 ;
in:7217 out:7219 type:b dur:2 cpbdur:2 q:34.17 aq:32.39 tex:1664 mv:636 misc:572 imb:8 pmb:70 smb:1962 d:- ref:0 ;
in:7219 out:7220 type:b dur:2 cpbdur:2 q:34.17 aq:31.18 tex:1790 mv:791 misc:643 imb:9 pmb:89 smb:1942 d:- ref:0 ;
in:7224 out:7221 type:P dur:2 cpbdur:2 q:34.17 aq:28.55 tex:69217 mv:4810 misc:1357 imb:166 pmb:775 smb:1099 d:- ref:0 ;
in:7222 out:7222 type:B dur:2 cpbdur:2 q:34.17 aq:31.97 tex:8073 mv:1997 misc:1042 imb:22 pmb:241 smb:1777 d:- ref:0 ;
in:7221 out:7223 type:b dur:2 cpbdur:2 q:34.17 aq:31.49 tex:1731 mv:923 misc:674 imb:6 pmb:110 smb:1924 d:- ref:0 ;
in:7223 out:7224 type:b dur:2 cpbdur:2 q:34.17 aq:33.70 tex:1722 mv:993 misc:717 imb:13 pmb:107 smb:1920 d:- ref:0 ;
in:7228 out:7225 type:P dur:2 cpbdur:2 q:34.17 aq:29.13 tex:84985 mv:4327 misc:1248 imb:96 pmb:800 smb:1144 d:- ref:0 ;
in:7226 out:7226 type:B dur:2 cpbdur:2 q:34.17 aq:32.00 tex:3435 mv:1283 misc:898 imb:12 pmb:158 smb:1870 d:- ref:0 ;
in:7225 out:7227 type:b dur:2 cpbdur:2 q:34.17 aq:34.51 tex:1419 mv:564 misc:577 imb:4 pmb:83 smb:1953 d:- ref:0 ;
in:7227 out:7228 type:b dur:2 cpbdur:2 q:34.17 aq:33.38 tex:1523 mv:623 misc:566 imb:9 pmb:71 smb:1960 d:- ref:0 ;
in:7232 out:7229 type:P dur:2 cpbdur:2 q:34.17 aq:28.06 tex:80987 mv:4442 misc:1387 imb:103 pmb:765 smb:1172 d:- ref:0 ;
in:7230 out:7230 type:B dur:2 cpbdur:2 q:34.17 aq:32.61 tex:3990 mv:1458 misc:824 imb:8 pmb:157 smb:1875 d:- ref:0 ;
in:7229 out:7231 type:b dur:2 cpbdur:2 q:34.17 aq:32.42 tex:1460 mv:752 misc:644 imb:3 pmb:98 smb:1939 d:- ref:0 ;
in:7231 out:7232 type:b dur:2 cpbdur:2 q:34.17 aq:33.56 tex:2020 mv:929 misc:603 imb:6 pmb:92 smb:1942 d:- ref:0 ;
in:7236 out:7233 type:P dur:2 cpbdur:2 q:34.17 aq:28.52 tex:75568 mv:4354 misc:1230 imb:71 pmb:805 smb:1164 d:- ref:0 ;
in:7234 out:7234 type:B dur:2 cpbdur:2 q:34.17 aq:31.98 tex:3598 mv:1296 misc:850 imb:9 pmb:153 smb:1878 d:- ref:0 ;
in:7233 out:7235 type:b dur:2 cpbdur:2 q:34.17 aq:33.41 tex:1335 mv:885 misc:596 imb:1 pmb:107 smb:1932 d:- ref:0 ;
in:7235 out:7236 type:b dur:2 cpbdur:2 q:34.17 aq:33.27 tex:1338 mv:572 misc:554 imb:5 pmb:69 smb:1966 d:- ref:0 ;
in:7240 out:7237 type:P dur:2 cpbdur:2 q:34.17 aq:28.81 tex:73021 mv:4133 misc:1294 imb:67 pmb:818 smb:1155 d:- ref:0 ;
in:7238 out:7238 type:B dur:2 cpbdur:2 q:34.17 aq:32.79 tex:3227 mv:1208 misc:781 imb:9 pmb:144 smb:1887 d:- ref:0 ;
in:7237 out:7239 type:b dur:2 cpbdur:2 q:34.17 aq:33.09 tex:1437 mv:788 misc:575 imb:5 pmb:94 smb:1941 d:- ref:0 ;
in:7239 out:7240 type:b dur:2 cpbdur:2 q:34.17 aq:33.84 tex:1338 mv:537 misc:581 imb:2 pmb:87 smb:1951 d:- ref:0 ;
in:7244 out:7241 type:P dur:2 cpbdur:2 q:34.17 aq:28.72 tex:70425 mv:4181 misc:1202 imb:73 pmb:797 smb:1170 d:- ref:0 ;
in:7242 out:7242 type:B dur:2 cpbdur:2 q:34.17 aq:30.77 tex:3158 mv:1044 misc:798 imb:9 pmb:129 smb:1902 d:- ref:0 ;
in:7241 out:7243 type:b dur:2 cpbdur:2 q:34.17 aq:32.86 tex:1305 mv:565 misc:530 imb:1 pmb:70 smb:1969 d:- ref:0 ;
in:7243 out:7244 type:b dur:2 cpbdur:2 q:34.17 aq:31.12 tex:1170 mv:745 misc:565 imb:5 pmb:76 smb:1959 d:- ref:0 ;
in:7248 out:7245 type:P dur:2 cpbdur:2 q:34.17 aq:28.42 tex:71479 mv:4167 misc:1338 imb:90 pmb:775 smb:1175 d:- ref:0 ;
in:7246 out:7246 type:B dur:2 cpbdur:2 q:34.17 aq:31.44 tex:2971 mv:1010 misc:723 imb:14 pmb:103 smb:1923 d:- ref:0 ;
in:7245 out:7247 type:b dur:2 cpbdur:2 q:34.17 aq:31.80 tex:1124 mv:577 misc:531 imb:3 pmb:63 smb:1974 d:- ref:0 ;
in:7247 out:7248 type:b dur:2 cpbdur:2 q:34.17 aq:32.94 tex:841 mv:599 misc:512 imb:3 pmb:62 smb:1975 d:- ref:0 ;
in:7252 out:7249 type:P dur:2 cpbdur:2 q:34.17 aq:28.78 tex:67413 mv:4136 misc:1291 imb:53 pmb:796 smb:1191 d:- ref:0 ;
in:7250 out:7250 type:B dur:2 cpbdur:2 q:34.17 aq:32.58 tex:2970 mv:966 misc:728 imb:7 pmb:114 smb:1919 d:- ref:0 ;
in:7249 out:7251 type:b dur:2 cpbdur:2 q:34.17 aq:34.86 tex:1180 mv:654 misc:542 imb:0 pmb:79 smb:1961 d:- ref:0 ;
in:7251 out:7252 type:b dur:2 cpbdur:2 q:34.17 aq:32.55 tex:1228 mv:581 misc:535 imb:4 pmb:63 smb:1973 d:- ref:0 ;
in:7256 out:7253 type:P dur:2 cpbdur:2 q:34.16 aq:28.26 tex:69233 mv:4019 misc:1316 imb:71 pmb:793 smb:1176 d:- ref:0 ;
in:7254 out:7254 type:B dur:2 cpbdur:2 q:34.16 aq:29.99 tex:3018 mv:927 misc:767 imb:16 pmb:111 smb:1913 d:- ref:0 ;
in:7253 out:7255 type:b dur:2 cpbdur:2 q:34.17 aq:31.01 tex:1065 mv:668 misc:523 imb:1 pmb:72 smb:1967 d:- ref:0 ;
in:7255 out:7256 type:b dur:2 cpbdur:2 q:34.16 aq:32.96 tex:945 mv:557 misc:498 imb:0 pmb:64 smb:1976 d:- ref:0 ;
in:7260 out:7257 type:P dur:2 cpbdur:2 q:34.16 aq:28.74 tex:70208 mv:3845 misc:1235 imb:59 pmb:771 smb:1210 d:- ref:0 ;
in:7258 out:7258 type:B dur:2 cpbdur:2 q:34.16 aq:31.57 tex:2434 mv:823 misc:735 imb:5 pmb:114 smb:1921 d:- ref:0 ;
in:7257 out:7259 type:b dur:2 cpbdur:2 q:34.16 aq:32.35 tex:910 mv:576 misc:522 imb:3 pmb:65 smb:1972 d:- ref:0 ;
in:7259 out:7260 type:b dur:2 cpbdur:2 q:34.16 aq:30.85 tex:963 mv:536 misc:469 imb:5 pmb:48 smb:1987 d:- ref:0 ;
in:7264 out:7261 type:P dur:2 cpbdur:2 q:34.15 aq:28.88 tex:68668 mv:4054 misc:1334 imb:63 pmb:796 smb:1181 d:- ref:0 ;
in:7262 out:7262 type:B dur:2 cpbdur:2 q:34.15 aq:32.54 tex:2777 mv:1003 misc:684 imb:8 pmb:106 smb:1926 d:- ref:0 ;
in:7261 out:7263 type:b dur:2 cpbdur:2 q:34.15 aq:30.91 tex:894 mv:642 misc:520 imb:4 pmb:64 smb:1972 d:- ref:0 ;
in:7263 out:7264 type:b dur:2 cpbdur:2 q:34.15 aq:32.17 tex:861 mv:620 misc:479 imb:0 pmb:61 smb:1979 d:- ref:0 ;
in:7268 out:7265 type:P dur:2 cpbdur:2 q:34.15 aq:28.78 tex:68038 mv:4003 misc:1231 imb:58 pmb:798 smb:1184 d:- ref:0 ;
in:7266 out:7266 type:B dur:2 cpbdur:2 q:34.15 aq:30.78 tex:3288 mv:1010 misc:774 imb:10 pmb:130 smb:1900 d:- ref:0 ;
in:7265 out:7267 type:b dur:2 cpbdur:2 q:34.15 aq:33.08 tex:517 mv:596 misc:423 imb:2 pmb:52 smb:1986 d:- ref:0 ;
in:7267 out:7268 type:b dur:2 cpbdur:2 q:34.15 aq:33.60 tex:1169 mv:597 misc:530 imb:4 pmb:68 smb:1968 d:- ref:0 ;
in:7272 out:7269 type:P dur:2 cpbdur:2 q:34.14 aq:28.65 tex:66265 mv:3902 misc:1233 imb:57 pmb:795 smb:1188 d:- ref:0 ;
in:7270 out:7270 type:B dur:2 cpbdur:2 q:34.14 aq:33.69 tex:2634 mv:945 misc:677 imb:6 pmb:102 smb:1932 d:- ref:0 ;
in:7269 out:7271 type:b dur:2 cpbdur:2 q:34.14 aq:32.09 tex:729 mv:534 misc:473 imb:1 pmb:60 smb:1979 d:- ref:0 ;
in:7271 out:7272 type:b dur:2 cpbdur:2 q:34.14 aq:33.49 tex:969 mv:527 misc:448 imb:2 pmb:49 smb:1989 d:- ref:0 ;
in:7276 out:7273 type:P dur:2 cpbdur:2 q:34.14 aq:28.47 tex:62705 mv:3989 misc:1338 imb:74 pmb:775 smb:1191 d:- ref:0 ;
in:7274 out:7274 type:B dur:2 cpbdur:2 q:34.14 aq:32.69 tex:2762 mv:963 misc:731 imb:9 pmb:112 smb:1919 d:- ref:0 ;
in:7273 out:7275 type:b dur:2 cpbdur:2 q:34.14 aq:34.96 tex:893 mv:474 misc:449 imb:0 pmb:51 smb:1989 d:- ref:0 ;
in:7275 out:7276 type:b dur:2 cpbdur:2 q:34.14 aq:32.60 tex:1461 mv:583 misc:540 imb:7 pmb:66 smb:1967 d:- ref:0 ;
in:7278 out:7277 type:P dur:2 cpbdur:2 q:34.13 aq:31.65 tex:5323 mv:1480 misc:1141 imb:42 pmb:198 smb:1800 d:- ref:0 ;
in:7277 out:7278 type:b dur:2 cpbdur:2 q:34.13 aq:31.83 tex:1042 mv:792 misc:558 imb:2 pmb:78 smb:1960 d:- ref:0 ;
in:7279 out:7279 type:I dur:2 cpbdur:2 q:31.24 aq:24.04 tex:376071 mv:47034 misc:503 imb:2040 pmb:0 smb:0 d:- ref:;
in:7283 out:7280 type:P dur:2 cpbdur:2 q:34.28 aq:29.41 tex:55335 mv:3777 misc:1432 imb:78 pmb:681 smb:1281 d:- ref:0 ;
in:7281 out:7281 type:B dur:2 cpbdur:2 q:34.28 aq:33.29 tex:4019 mv:1275 misc:834 imb:14 pmb:150 smb:1876 d:- ref:0 ;
in:7280 out:7282 type:b dur:2 cpbdur:2 q:34.28 aq:33.44 tex:1661 mv:693 misc:574 imb:8 pmb:75 smb:1957 d:- ref:0 ;
in:7282 out:7283 type:b dur:2 cpbdur:2 q:34.28 aq:32.97 tex:1457 mv:994 misc:669 imb:4 pmb:104 smb:1932 d:- ref:0 ;
in:7287 out:7284 type:P dur:2 cpbdur:2 q:34.25 aq:29.39 tex:56261 mv:4263 misc:1428 imb:63 pmb:748 smb:1229 d:- ref:0 ;
in:7285 out:7285 type:B dur:2 cpbdur:2 q:34.27 aq:32.95 tex:3679 mv:1168 misc:865 imb:6 pmb:158 smb:1876 d:- ref:0 ;
in:7284 out:7286 type:b dur:2 cpbdur:2 q:34.27 aq:33.09 tex:1622 mv:806 misc:620 imb:6 pmb:89 smb:1945 d:- ref:0 ;
in:7286 out:7287 type:b dur:2 cpbdur:2 q:34.26 aq:35.11 tex:1678 mv:815 misc:627 imb:4 pmb:87 smb:1949 d:- ref:0 ;
in:7291 out:7288 type:P dur:2 cpbdur:2 q:34.26 aq:29.65 tex:57972 mv:4373 misc:1367 imb:81 pmb:774 smb:1185 d:- ref:0 ;
in:7289 out:7289 type:B dur:2 cpbdur:2 q:34.25 aq:32.23 tex:4336 mv:1071 misc:889 imb:10 pmb:160 smb:1870 d:- ref:0 ;
in:7288 out:7290 type:b dur:2 cpbdur:2 q:34.25 aq:35.48 tex:2204 mv:840 misc:636 imb:8 pmb:89 smb:1943 d:- ref:0 ;
in:7290 out:7291 type:b dur:2 cpbdur:2 q:34.25 aq:33.78 tex:1824 mv:648 misc:592 imb:9 pmb:73 smb:1958 d:- ref:0 ;
in:7295 out:7292 type:P dur:2 cpbdur:2 q:34.25 aq:28.96 tex:61714 mv:4368 misc:1326 imb:81 pmb:797 smb:1162 d:- ref:0 ;
in:7293 out:7293 type:B dur:2 cpbdur:2 q:34.25 aq:33.49 tex:4155 mv:1286 misc:831 imb:14 pmb:157 smb:1869 d:- ref:0 ;
in:7292 out:7294 type:b dur:2 cpbdur:2 q:34.25 aq:32.19 tex:1945 mv:805 misc:642 imb:8 pmb:93 smb:1939 d:- ref:0 ;
in:7294 out:7295 type:b dur:2 cpbdur:2 q:34.25 aq:34.15 tex:2096 mv:601 misc:583 imb:9 pmb:73 smb:1958 d:- ref:0 ;
in:7299 out:7296 type:P dur:2 cpbdur:2 q:34.24 aq:28.94 tex:64815 mv:4316 misc:1365 imb:87 pmb:765 smb:1188 d:- ref:0 ;
in:7297 out:7297 type:B dur:2 cpbdur:2 q:34.25 aq:32.11 tex:4750 mv:1431 misc:971 imb:14 pmb:181 smb:1845 d:- ref:0 ;
in:7296 out:7298 type:b dur:2 cpbdur:2 q:34.25 aq:34.61 tex:2169 mv:832 misc:639 imb:12 pmb:89 smb:1939 d:- ref:0 ;
in:7298 out:7299 type:b dur:2 cpbdur:2 q:34.25 aq:33.07 tex:1839 mv:866 misc:695 imb:7 pmb:102 smb:1931 d:- ref:0 ;
in:7303 out:7300 type:P dur:2 cpbdur:2 q:34.24 aq:28.33 tex:63293 mv:4518 misc:1389 imb:82 pmb:789 smb:1169 d:- ref:0 ;
in:7301 out:7301 type:B dur:2 cpbdur:2 q:34.24 aq:32.39 tex:4502 mv:1513 misc:977 imb:9 pmb:180 smb:1851 d:- ref:0 ;
in:7300 out:7302 type:b dur:2 cpbdur:2 q:34.24 aq:33.30 tex:2056 mv:707 misc:645 imb:4 pmb:93 smb:1943 d:- ref:0 ;
in:7302 out:7303 type:b dur:2 cpbdur:2 q:34.24 aq:33.58 tex:2164 mv:769 misc:651 imb:7 pmb:96 smb:1937 d:- ref:0 ;
in:7307 out:7304 type:P dur:2 cpbdur:2 q:34.23 aq:28.89 tex:65186 mv:4421 misc:1281 imb:82 pmb:807 smb:1151 d:- ref:0 ;
in:7305 out:7305 type:B dur:2 cpbdur:2 q:34.24 aq:33.39 tex:4640 mv:1727 misc:1033 imb:12 pmb:211 smb:1817 d:- ref:0 ;
in:7304 out:7306 type:b dur:2 cpbdur:2 q:34.24 aq:34.82 tex:2064 mv:928 misc:656 imb:10 pmb:97 smb:1933 d:- ref:0 ;
in:7306 out:7307 type:b dur:2 cpbdur:2 q:34.24 aq:32.16 tex:2233 mv:816 misc:679 imb:10 pmb:95 smb:1935 d:- ref:0 ;
in:7311 out:7308 type:P dur:2 cpbdur:2 q:34.23 aq:29.54 tex:60555 mv:4309 misc:1320 imb:76 pmb:786 smb:1178 d:- ref:0 ;
in:7309 out:7309 type:B dur:2 cpbdur:2 q:34.23 aq:33.06 tex:5208 mv:2330 misc:1134 imb:10 pmb:260 smb:1770 d:- ref:0 ;
in:7308 out:7310 type:b dur:2 cpbdur:2 q:34.23 aq:34.63 tex:2600 mv:859 misc:701 imb:9 pmb:113 smb:1918 d:- ref:0 ;
in:7310 out:7311 type:b dur:2 cpbdur:2 q:34.23 aq:34.48 tex:2622 mv:1126 misc:732 imb:7 pmb:125 smb:1908 d:- ref:0 ;
in:7315 out:7312 type:P dur:2 cpbdur:2 q:34.23 aq:28.80 tex:66879 mv:5126 misc:1307 imb:132 pmb:825 smb:1083 d:- ref:0 ;
in:7313 out:7313 type:B dur:2 cpbdur:2 q:34.23 aq:33.02 tex:5524 mv:2606 misc:1254 imb:5 pmb:316 smb:1719 d:- ref:0 ;
in:7312 out:7314 type:b dur:2 cpbdur:2 q:34.23 aq:33.96 tex:2495 mv:1116 misc:789 imb:10 pmb:125 smb:1905 d:- ref:0 ;
in:7314 out:7315 type:b dur:2 cpbdur:2 q:34.23 aq:34.31 tex:3636 mv:1080 misc:788 imb:8 pmb:138 smb:1894 d:- ref:0 ;
in:7319 out:7316 type:P dur:2 cpbdur:2 q:34.23 aq:29.33 tex:62124 mv:5058 misc:1306 imb:84 pmb:878 smb:1078 d:- ref:0 ;
in:7317 out:7317 type:B dur:2 cpbdur:2 q:34.23 aq:32.27 tex:5719 mv:2725 misc:1268 imb:8 pmb:314 smb:1718 d:- ref:0 ;
in:7316 out:7318 type:b dur:2 cpbdur:2 q:34.23 aq:32.94 tex:2318 mv:1037 misc:765 imb:12 pmb:120 smb:1908 d:- ref:0 ;
in:7318 out:7319 type:b dur:2 cpbdur:2 q:34.23 aq:33.95 tex:2780 mv:1050 misc:762 imb:12 pmb:134 smb:1894 d:- ref:0 ;
in:7323 out:7320 type:P dur:2 cpbdur:2 q:34.22 aq:29.40 tex:61374 mv:5180 misc:1374 imb:111 pmb:867 smb:1062 d:- ref:0 ;
in:7321 out:7321 type:B dur:2 cpbdur:2 q:34.22 aq:32.46 tex:6669 mv:3360 misc:1435 imb:15 pmb:379 smb:1646 d:- ref:0 ;
in:7320 out:7322 type:b dur:2 cpbdur:2 q:34.22 aq:33.92 tex:2833 mv:1208 misc:823 imb:8 pmb:149 smb:1883 d:- ref:0 ;
in:7322 out:7323 type:b dur:2 cpbdur:2 q:34.22 aq:33.71 tex:2939 mv:1362 misc:835 imb:13 pmb:141 smb:1886 d:- ref:0 ;
in:7327 out:7324 type:P dur:2 cpbdur:2 q:34.22 aq:29.88 tex:53687 mv:5388 misc:1485 imb:112 pmb:845 smb:1083 d:- ref:0 ;
in:7325 out:7325 type:B dur:2 cpbdur:2 q:34.22 aq:33.16 tex:6218 mv:2977 misc:1373 imb:10 pmb:343 smb:1687 d:- ref:0 ;
in:7324 out:7326 type:b dur:2 cpbdur:2 q:34.22 aq:32.89 tex:3235 mv:1237 misc:856 imb:18 pmb:139 smb:1883 d:- ref:0 ;
in:7326 out:7327 type:b dur:2 cpbdur:2 q:34.22 aq:34.67 tex:3110 mv:1363 misc:855 imb:9 pmb:166 smb:1865 d:- ref:0 ;
in:7331 out:7328 type:P dur:2 cpbdur:2 q:34.22 aq:29.79 tex:54810 mv:6368 misc:1446 imb:150 pmb:873 smb:1017 d:- ref:0 ;
in:7329 out:7329 type:B dur:2 cpbdur:2 q:34.22 aq:32.16 tex:5132 mv:3557 misc:1463 imb:10 pmb:401 smb:1629 d:- ref:0 ;
in:7328 out:7330 type:b dur:2 cpbdur:2 q:34.22 aq:33.92 tex:4369 mv:1523 misc:956 imb:14 pmb:191 smb:1835 d:- ref:0 ;
in:7330 out:7331 type:b dur:2 cpbdur:2 q:34.22 aq:32.46 tex:4089 mv:2110 misc:1185 imb:10 pmb:262 smb:1768 d:- ref:0 ;
in:7335 out:7332 type:P dur:2 cpbdur:2 q:34.21 aq:29.72 tex:50508 mv:7214 misc:1454 imb:162 pmb:860 smb:1018 d:- ref:0 ;
in:7333 out:7333 type:B dur:2 cpbdur:2 q:34.21 aq:31.83 tex:7471 mv:4845 misc:1628 imb:22 pmb:486 smb:1532 d:- ref:0 ;
in:7332 out:7334 type:b dur:2 cpbdur:2 q:34.22 aq:34.51 tex:3941 mv:2440 misc:1227 imb:10 pmb:290 smb:1740 d:- ref:0 ;
in:7334 out:7335 type:b dur:2 cpbdur:2 q:34.21 aq:34.92 tex:3928 mv:2754 misc:1310 imb:10 pmb:310 smb:1720 d:- ref:0 ;
in:7339 out:7336 type:P dur:2 cpbdur:2 q:34.20 aq:31.21 tex:34368 mv:7431 misc:1609 imb:206 pmb:718 smb:1116 d:- ref:0 ;
in:7337 out:7337 type:B dur:2 cpbdur:2 q:34.21 aq:32.58 tex:8991 mv:6139 misc:1726 imb:21 pmb:602 smb:1417 d:- ref:0 ;
in:7336 out:7338 type:b dur:2 cpbdur:2 q:34.21 aq:33.87 tex:3462 mv:3284 misc:1366 imb:13 pmb:351 smb:1676 d:- ref:0 ;
in:7338 out:7339 type:b dur:2 cpbdur:2 q:34.21 aq:33.30 tex:4239 mv:3740 misc:1541 imb:20 pmb:422 smb:1598 d:- ref:0 ;
in:7343 out:7340 type:P dur:2 cpbdur:2 q:34.20 aq:28.85 tex:76508 mv:8635 misc:969 imb:984 pmb:240 smb:816 d:- ref:0 ;
in:7341 out:7341 type:B dur:2 cpbdur:2 q:34.20 aq:30.62 tex:7779 mv:5594 misc:1691 imb:65 pmb:573 smb:1402 d:- ref:0 ;
in:7340 out:7342 type:b dur:2 cpbdur:2 q:34.20 aq:31.47 tex:2062 mv:2806 misc:1340 imb:20 pmb:341 smb:1679 d:- ref:0 ;
in:7342 out:7343 type:b dur:2 cpbdur:2 q:34.20 aq:30.31 tex:2217 mv:2512 misc:1055 imb:9 pmb:257 smb:1774 d:- ref:0 ;
in:7347 out:7344 type:P dur:2 cpbdur:2 q:34.20 aq:28.69 tex:37568 mv:9062 misc:1370 imb:456 pmb:657 smb:927 d:- ref:0 ;
in:7345 out:7345 type:B dur:2 cpbdur:2 q:34.20 aq:29.80 tex:7007 mv:5324 misc:1677 imb:54 pmb:492 smb:1494 d:- ref:0 ;
in:7344 out:7346 type:b dur:2 cpbdur:2 q:34.20 aq:33.63 tex:2386 mv:2107 misc:1019 imb:7 pmb:232 smb:1801 d:- ref:0 ;
in:7346 out:7347 type:b dur:2 cpbdur:2 q:34.20 aq:31.33 tex:2556 mv:2682 misc:1218 imb:18 pmb:270 smb:1752 d:- ref:0 ;
in:7351 out:7348 type:P dur:2 cpbdur:2 q:34.20 aq:29.20 tex:36788 mv:9637 misc:1439 imb:514 pmb:662 smb:864 d:- ref:0 ;
in:7349 out:7349 type:B dur:2 cpbdur:2 q:34.20 aq:30.76 tex:5837 mv:5833 misc:1594 imb:45 pmb:481 smb:1514 d:- ref:0 ;
in:7348 out:7350 type:b dur:2 cpbdur:2 q:34.20 aq:31.73 tex:2302 mv:2744 misc:1122 imb:18 pmb:253 smb:1769 d:- ref:0 ;
in:7350 out:7351 type:b dur:2 cpbdur:2 q:34.20 aq:31.42 tex:2543 mv:2948 misc:1189 imb:22 pmb:275 smb:1743 d:- ref:0 ;
in:7355 out:7352 type:P dur:2 cpbdur:2 q:34.19 aq:29.56 tex:54330 mv:11103 misc:1279 imb:640 pmb:659 smb:741 d:- ref:0 ;
in:7353 out:7353 type:B dur:2 cpbdur:2 q:34.20 aq:30.46 tex:7584 mv:6793 misc:1711 imb:77 pmb:540 smb:1423 d:- ref:0 ;
in:7352 out:7354 type:b dur:2 cpbdur:2 q:34.20 aq:31.32 tex:2845 mv:2782 misc:1253 imb:22 pmb:281 smb:1737 d:- ref:0 ;
in:7354 out:7355 type:b dur:2 cpbdur:2 q:34.19 aq:31.99 tex:2675 mv:3609 misc:1372 imb:33 pmb:354 smb:1653 d:- ref:0 ;
in:7357 out:7356 type:P dur:2 cpbdur:2 q:34.19 aq:29.22 tex:21950 mv:8241 misc:1769 imb:306 pmb:705 smb:1029 d:- ref:0 ;
in:7356 out:7357 type:b dur:2 cpbdur:2 q:34.19 aq:31.98 tex:3095 mv:3310 misc:1387 imb:22 pmb:344 smb:1674 d:- ref:0 ;
in:7361 out:7358 type:P dur:2 cpbdur:2 q:34.19 aq:29.84 tex:30744 mv:11783 misc:1705 imb:668 pmb:705 smb:667 d:- ref:0 w:6,63,-1 ;
in:7359 out:7359 type:B dur:2 cpbdur:2 q:34.19 aq:31.02 tex:7760 mv:7515 misc:1805 imb:82 pmb:622 smb:1336 d:- ref:0 ;
in:7358 out:7360 type:b dur:2 cpbdur:2 q:34.19 aq:32.19 tex:2994 mv:4112 misc:1390 imb:34 pmb:362 smb:1644 d:- ref:0 ;
in:7360 out:7361 type:b dur:2 cpbdur:2 q:34.19 aq:32.22 tex:3092 mv:4159 misc:1445 imb:27 pmb:395 smb:1618 d:- ref:0 ;
in:7363 out:7362 type:P dur:2 cpbdur:2 q:34.18 aq:30.24 tex:21379 mv:9744 misc:1789 imb:503 pmb:669 smb:868 d:- ref:0 ;
in:7362 out:7363 type:b dur:2 cpbdur:2 q:34.18 aq:32.89 tex:4018 mv:4137 misc:1541 imb:38 pmb:393 smb:1609 d:- ref:0 ;
in:7367 out:7364 type:P dur:2 cpbdur:2 q:34.17 aq:26.63 tex:53098 mv:10110 misc:520 imb:1604 pmb:172 smb:264 d:- ref:0 ;
in:7365 out:7365 type:B dur:2 cpbdur:2 q:34.18 aq:29.27 tex:16795 mv:7046 misc:1607 imb:266 pmb:477 smb:1297 d:- ref:0 ;
in:7364 out:7366 type:b dur:2 cpbdur:2 q:34.18 aq:31.63 tex:7374 mv:8071 misc:1931 imb:123 pmb:730 smb:1187 d:- ref:0 ;
in:7366 out:7367 type:b dur:2 cpbdur:2 q:34.17 aq:29.93 tex:4939 mv:3703 misc:1382 imb:44 pmb:358 smb:1638 d:- ref:0 ;
in:7368 out:7368 type:P dur:2 cpbdur:2 q:34.16 aq:28.46 tex:14457 mv:5689 misc:1582 imb:280 pmb:397 smb:1363 d:- ref:0 ;
in:7371 out:7369 type:P dur:2 cpbdur:2 q:34.16 aq:28.04 tex:42156 mv:7681 misc:1155 imb:759 pmb:344 smb:937 d:- ref:0 ;
in:7369 out:7370 type:B dur:2 cpbdur:2 q:34.16 aq:30.24 tex:5794 mv:5595 misc:1531 imb:94 pmb:382 smb:1564 d:- ref:0 ;
in:7370 out:7371 type:b dur:2 cpbdur:2 q:34.16 aq:32.32 tex:4930 mv:4398 misc:1488 imb:64 pmb:415 smb:1561 d:- ref:0 ;
in:7375 out:7372 type:P dur:2 cpbdur:2 q:34.18 aq:27.52 tex:43482 mv:7718 misc:1600 imb:469 pmb:374 smb:1197 d:- ref:0 ;
in:7373 out:7373 type:B dur:2 cpbdur:2 q:34.17 aq:29.42 tex:17507 mv:7470 misc:1695 imb:122 pmb:588 smb:1330 d:- ref:0 ;
in:7372 out:7374 type:b dur:2 cpbdur:2 q:34.17 aq:30.27 tex:7759 mv:5065 misc:1584 imb:55 pmb:460 smb:1525 d:- ref:0 ;
in:7374 out:7375 type:b dur:2 cpbdur:2 q:34.17 aq:31.16 tex:9782 mv:5133 misc:1613 imb:72 pmb:477 smb:1491 d:- ref:0 ;
in:7379 out:7376 type:P dur:2 cpbdur:2 q:34.18 aq:27.43 tex:52902 mv:8616 misc:1394 imb:698 pmb:390 smb:952 d:- ref:0 ;
in:7377 out:7377 type:B dur:2 cpbdur:2 q:34.18 aq:28.71 tex:19177 mv:7785 misc:1646 imb:114 pmb:607 smb:1319 d:- ref:0 ;
in:7376 out:7378 type:b dur:2 cpbdur:2 q:34.18 aq:29.36 tex:9534 mv:5295 misc:1611 imb:70 pmb:476 smb:1494 d:- ref:0 ;
in:7378 out:7379 type:b dur:2 cpbdur:2 q:34.18 aq:31.26 tex:10244 mv:5441 misc:1547 imb:62 pmb:469 smb:1509 d:- ref:0 ;
in:7383 out:7380 type:P dur:2 cpbdur:2 q:34.18 aq:27.71 tex:69511 mv:11086 misc:1123 imb:814 pmb:521 smb:705 d:- ref:0 ;
in:7381 out:7381 type:B dur:2 cpbdur:2 q:34.18 aq:29.47 tex:16382 mv:9013 misc:1789 imb:155 pmb:669 smb:1216 d:- ref:0 ;
in:7380 out:7382 type:b dur:2 cpbdur:2 q:34.18 aq:29.67 tex:8957 mv:6039 misc:1660 imb:70 pmb:508 smb:1462 d:- ref:0 ;
in:7382 out:7383 type:b dur:2 cpbdur:2 q:34.18 aq:29.69 tex:6645 mv:5600 misc:1667 imb:63 pmb:486 smb:1491 d:- ref:0 ;
in:7385 out:7384 type:P dur:2 cpbdur:2 q:34.21 aq:29.22 tex:63446 mv:10312 misc:1282 imb:413 pmb:760 smb:867 d:- ref:0 ;
in:7384 out:7385 type:b dur:2 cpbdur:2 q:34.19 aq:31.44 tex:7324 mv:6829 misc:1735 imb:77 pmb:529 smb:1434 d:- ref:0 ;
in:7389 out:7386 type:P dur:2 cpbdur:2 q:34.23 aq:29.86 tex:108931 mv:16654 misc:631 imb:908 pmb:902 smb:230 d:- ref:0 ;
in:7387 out:7387 type:B dur:2 cpbdur:2 q:34.22 aq:32.17 tex:20513 mv:14462 misc:1849 imb:138 pmb:908 smb:994 d:- ref:0 ;
in:7386 out:7388 type:b dur:2 cpbdur:2 q:34.21 aq:31.75 tex:8356 mv:7965 misc:1823 imb:103 pmb:594 smb:1343 d:- ref:0 ;
in:7388 out:7389 type:b dur:2 cpbdur:2 q:34.22 aq:33.03 tex:9577 mv:8998 misc:1809 imb:68 pmb:676 smb:1296 d:- ref:0 ;
in:7393 out:7390 type:P dur:2 cpbdur:2 q:34.27 aq:31.27 tex:105166 mv:17667 misc:671 imb:819 pmb:1036 smb:185 d:- ref:0 ;
in:7391 out:7391 type:B dur:2 cpbdur:2 q:34.25 aq:32.27 tex:28362 mv:17143 misc:1815 imb:118 pmb:1135 smb:787 d:- ref:0 ;
in:7390 out:7392 type:b dur:2 cpbdur:2 q:34.24 aq:32.95 tex:10114 mv:9868 misc:1954 imb:66 pmb:715 smb:1259 d:- ref:0 ;
in:7392 out:7393 type:b dur:2 cpbdur:2 q:34.26 aq:33.48 tex:12851 mv:11029 misc:1992 imb:79 pmb:813 smb:1148 d:- ref:0 ;
in:7397 out:7394 type:P dur:2 cpbdur:2 q:34.32 aq:31.43 tex:110485 mv:17214 misc:605 imb:1010 pmb:906 smb:124 d:- ref:0 ;
in:7395 out:7395 type:B dur:2 cpbdur:2 q:34.29 aq:32.60 tex:33661 mv:19480 misc:1771 imb:189 pmb:1137 smb:714 d:- ref:0 ;
in:7394 out:7396 type:b dur:2 cpbdur:2 q:34.28 aq:33.36 tex:13200 mv:12653 misc:1915 imb:91 pmb:861 smb:1088 d:- ref:0 ;
in:7396 out:7397 type:b dur:2 cpbdur:2 q:34.31 aq:33.78 tex:14450 mv:12956 misc:1914 imb:82 pmb:900 smb:1058 d:- ref:0 ;
in:7401 out:7398 type:P dur:2 cpbdur:2 q:34.37 aq:31.00 tex:115526 mv:17356 misc:646 imb:1145 pmb:755 smb:140 d:- ref:0 ;
in:7399 out:7399 type:B dur:2 cpbdur:2 q:34.34 aq:32.53 tex:40870 mv:17580 misc:1654 imb:239 pmb:1055 smb:746 d:- ref:0 ;
in:7398 out:7400 type:b dur:2 cpbdur:2 q:34.33 aq:33.82 tex:14908 mv:12830 misc:1854 imb:76 pmb:901 smb:1063 d:- ref:0 ;
in:7400 out:7401 type:b dur:2 cpbdur:2 q:34.36 aq:33.84 tex:16731 mv:12100 misc:1769 imb:92 pmb:861 smb:1087 d:- ref:0 ;
in:7405 out:7402 type:P dur:2 cpbdur:2 q:34.44 aq:30.89 tex:105187 mv:17029 misc:640 imb:1057 pmb:862 smb:121 d:- ref:0 ;
in:7403 out:7403 type:B dur:2 cpbdur:2 q:34.40 aq:31.88 tex:44112 mv:15750 misc:1546 imb:355 pmb:859 smb:826 d:- ref:0 ;
in:7402 out:7404 type:b dur:2 cpbdur:2 q:34.39 aq:33.59 tex:20304 mv:11852 misc:1692 imb:120 pmb:812 smb:1108 d:- ref:0 ;
in:7404 out:7405 type:b dur:2 cpbdur:2 q:34.42 aq:33.15 tex:18878 mv:10748 misc:1614 imb:153 pmb:737 smb:1150 d:- ref:0 ;
in:7407 out:7406 type:P dur:2 cpbdur:2 q:34.50 aq:30.93 tex:70797 mv:14778 misc:1017 imb:749 pmb:993 smb:298 d:- ref:0 ;
in:7406 out:7407 type:b dur:2 cpbdur:2 q:34.47 aq:33.27 tex:14089 mv:11728 misc:1703 imb:177 pmb:731 smb:1132 d:- ref:0 ;
in:7411 out:7408 type:P dur:2 cpbdur:2 q:34.53 aq:30.40 tex:79510 mv:16827 misc:663 imb:973 pmb:913 smb:154 d:- ref:0 ;
in:7409 out:7409 type:B dur:2 cpbdur:2 q:34.52 aq:31.55 tex:22078 mv:16525 misc:1765 imb:228 pmb:998 smb:814 d:- ref:0 ;
in:7408 out:7410 type:b dur:2 cpbdur:2 q:34.51 aq:33.45 tex:15601 mv:10391 misc:1800 imb:213 pmb:652 smb:1175 d:- ref:0 ;
in:7410 out:7411 type:b dur:2 cpbdur:2 q:34.53 aq:32.83 tex:9882 mv:8166 misc:1672 imb:45 pmb:631 smb:1364 d:- ref:0 ;
in:7415 out:7412 type:P dur:2 cpbdur:2 q:34.59 aq:30.71 tex:75766 mv:17184 misc:642 imb:1047 pmb:872 smb:121 d:- ref:0 ;
in:7413 out:7413 type:B dur:2 cpbdur:2 q:34.56 aq:32.02 tex:22276 mv:15355 misc:1737 imb:148 pmb:948 smb:944 d:- ref:0 ;
in:7412 out:7414 type:b dur:2 cpbdur:2 q:34.55 aq:33.29 tex:9916 mv:8714 misc:1722 imb:38 pmb:636 smb:1366 d:- ref:0 ;
in:7414 out:7415 type:b dur:2 cpbdur:2 q:34.58 aq:32.96 tex:10170 mv:8653 misc:1705 imb:49 pmb:651 smb:1340 d:- ref:0 ;
in:7419 out:7416 type:P dur:2 cpbdur:2 q:34.63 aq:31.12 tex:82182 mv:16447 misc:675 imb:1166 pmb:721 smb:153 d:- ref:0 ;
in:7417 out:7417 type:B dur:2 cpbdur:2 q:34.61 aq:31.53 tex:26391 mv:15468 misc:1797 imb:205 pmb:1023 smb:812 d:- ref:0 ;
in:7416 out:7418 type:b dur:2 cpbdur:2 q:34.60 aq:33.49 tex:11563 mv:8575 misc:1654 imb:49 pmb:660 smb:1331 d:- ref:0 ;
in:7418 out:7419 type:b dur:2 cpbdur:2 q:34.62 aq:33.40 tex:10662 mv:8519 misc:1739 imb:54 pmb:692 smb:1294 d:- ref:0 ;
in:7423 out:7420 type:P dur:2 cpbdur:2 q:34.66 aq:30.09 tex:199579 mv:14062 misc:295 imb:1662 pmb:350 smb:28 d:- ref:0 ;
in:7421 out:7421 type:B dur:2 cpbdur:2 q:34.65 aq:32.22 tex:38937 mv:16776 misc:1527 imb:416 pmb:1058 smb:566 d:- ref:0 ;
in:7420 out:7422 type:b dur:2 cpbdur:2 q:34.64 aq:33.55 tex:12061 mv:9857 misc:1818 imb:86 pmb:729 smb:1225 d:- ref:0 ;
in:7422 out:7423 type:b dur:2 cpbdur:2 q:34.66 aq:32.85 tex:8247 mv:6410 misc:1383 imb:45 pmb:465 smb:1530 d:- ref:0 ;
in:7425 out:7424 type:P dur:2 cpbdur:2 q:34.75 aq:28.20 tex:147902 mv:12669 misc:485 imb:922 pmb:1056 smb:62 d:- ref:0 w:6,65,-4 ;
in:7424 out:7425 type:b dur:2 cpbdur:2 q:34.71 aq:29.63 tex:2644 mv:1756 misc:744 imb:34 pmb:169 smb:1837 d:- ref:0 ;
in:7426 out:7426 type:P dur:2 cpbdur:2 q:34.81 aq:26.70 tex:67983 mv:6112 misc:1489 imb:288 pmb:1277 smb:475 d:- ref:0 w:0,1,-1,6,67,-6,66,-4 ;
in:7430 out:7427 type:P dur:2 cpbdur:2 q:34.83 aq:26.53 tex:96043 mv:7942 misc:1215 imb:347 pmb:1302 smb:391 d:- ref:0 ;
in:7428 out:7428 type:B dur:2 cpbdur:2 q:34.82 aq:27.25 tex:3998 mv:915 misc:663 imb:3 pmb:137 smb:1900 d:- ref:0 ;
in:7427 out:7429 type:b dur:2 cpbdur:2 q:34.82 aq:28.18 tex:1968 mv:846 misc:562 imb:12 pmb:101 smb:1927 d:- ref:0 ;
in:7429 out:7430 type:b dur:2 cpbdur:2 q:34.83 aq:34.01 tex:874 mv:537 misc:277 imb:0 pmb:50 smb:1990 d:- ref:0 ;
in:7432 out:7431 type:P dur:2 cpbdur:2 q:34.85 aq:26.87 tex:41951 mv:3224 misc:1745 imb:32 pmb:917 smb:1091 d:- ref:0 ;
in:7431 out:7432 type:b dur:2 cpbdur:2 q:34.84 aq:30.60 tex:582 mv:369 misc:273 imb:0 pmb:34 smb:2006 d:- ref:0 ;
in:7436 out:7433 type:P dur:2 cpbdur:2 q:34.87 aq:26.57 tex:51347 mv:3963 misc:1690 imb:43 pmb:975 smb:1022 d:- ref:0 ;
in:7434 out:7434 type:B dur:2 cpbdur:2 q:34.86 aq:28.28 tex:1591 mv:578 misc:351 imb:1 pmb:60 smb:1979 d:- ref:0 ;
in:7433 out:7435 type:b dur:2 cpbdur:2 q:34.85 aq:28.90 tex:498 mv:277 misc:281 imb:0 pmb:38 smb:2002 d:- ref:0 ;
in:7435 out:7436 type:b dur:2 cpbdur:2 q:34.86 aq:35.65 tex:131 mv:200 misc:229 imb:0 pmb:20 smb:2020 d:- ref:0 ;
in:7440 out:7437 type:P dur:2 cpbdur:2 q:34.85 aq:26.86 tex:46235 mv:3577 misc:1732 imb:30 pmb:911 smb:1099 d:- ref:0 ;
in:7438 out:7438 type:B dur:2 cpbdur:2 q:34.86 aq:32.79 tex:638 mv:311 misc:339 imb:0 pmb:45 smb:1995 d:- ref:0 ;
in:7437 out:7439 type:b dur:2 cpbdur:2 q:34.87 aq:30.01 tex:256 mv:151 misc:249 imb:1 pmb:20 smb:2019 d:- ref:0 ;
in:7439 out:7440 type:b dur:2 cpbdur:2 q:34.86 aq:35.00 tex:203 mv:64 misc:221 imb:0 pmb:10 smb:2030 d:- ref:0 ;
in:7444 out:7441 type:P dur:2 cpbdur:2 q:34.83 aq:26.33 tex:44192 mv:3666 misc:1622 imb:33 pmb:962 smb:1045 d:- ref:0 ;
in:7442 out:7442 type:B dur:2 cpbdur:2 q:34.84 aq:32.00 tex:173 mv:88 misc:267 imb:1 pmb:14 smb:2025 d:- ref:0 ;
in:7441 out:7443 type:b dur:2 cpbdur:2 q:34.85 aq:26.00 tex:0 mv:0 misc:160 imb:0 pmb:0 smb:2040 d:- ref:0 ;
in:7443 out:7444 type:b dur:2 cpbdur:2 q:34.84 aq:28.77 tex:137 mv:22 misc:193 imb:0 pmb:6 smb:2034 d:- ref:0 ;
in:7448 out:7445 type:P dur:2 cpbdur:2 q:34.81 aq:26.48 tex:41009 mv:3760 misc:1687 imb:48 pmb:912 smb:1080 d:- ref:0 ;
in:7446 out:7446 type:B dur:2 cpbdur:2 q:34.82 aq:23.19 tex:104 mv:35 misc:253 imb:1 pmb:9 smb:2030 d:- ref:0 ;
in:7445 out:7447 type:b dur:2 cpbdur:2 q:34.83 aq:27.00 tex:1 mv:3 misc:172 imb:0 pmb:1 smb:2039 d:- ref:0 ;
in:7447 out:7448 type:b dur:2 cpbdur:2 q:34.82 aq:25.11 tex:39 mv:10 misc:183 imb:0 pmb:3 smb:2037 d:- ref:0 ;
in:7452 out:7449 type:P dur:2 cpbdur:2 q:34.79 aq:26.46 tex:41704 mv:3847 misc:1681 imb:43 pmb:938 smb:1059 d:- ref:0 ;
in:7450 out:7450 type:B dur:2 cpbdur:2 q:34.80 aq:27.41 tex:116 mv:34 misc:266 imb:0 pmb:11 smb:2029 d:- ref:0 ;
in:7449 out:7451 type:b dur:2 cpbdur:2 q:34.81 aq:24.38 tex:31 mv:14 misc:195 imb:0 pmb:4 smb:2036 d:- ref:0 ;
in:7451 out:7452 type:b dur:2 cpbdur:2 q:34.80 aq:20.33 tex:33 mv:12 misc:187 imb:0 pmb:3 smb:2037 d:- ref:0 ;
in:7456 out:7453 type:P dur:2 cpbdur:2 q:34.78 aq:26.47 tex:38241 mv:3601 misc:1574 imb:22 pmb:943 smb:1075 d:- ref:0 ;
in:7454 out:7454 type:B dur:2 cpbdur:2 q:34.78 aq:30.77 tex:80 mv:16 misc:216 imb:0 pmb:5 smb:2035 d:- ref:0 ;
in:7453 out:7455 type:b dur:2 cpbdur:2 q:34.79 aq:24.38 tex:31 mv:8 misc:177 imb:0 pmb:2 smb:2038 d:- ref:0 ;
in:7455 out:7456 type:b dur:2 cpbdur:2 q:34.78 aq:26.00 tex:0 mv:0 misc:160 imb:0 pmb:0 smb:2040 d:- ref:0 ;
in:7460 out:7457 type:P dur:2 cpbdur:2 q:34.75 aq:26.28 tex:38700 mv:4086 misc:1694 imb:51 pmb:949 smb:1040 d:- ref:0 ;
in:7458 out:7458 type:B dur:2 cpbdur:2 q:34.76 aq:27.37 tex:118 mv:31 misc:235 imb:1 pmb:6 smb:2033 d:- ref:0 ;
in:7457 out:7459 type:b dur:2 cpbdur:2 q:34.77 aq:25.46 tex:39 mv:10 misc:183 imb:0 pmb:3 smb:2037 d:- ref:0 ;
in:7459 out:7460 type:b dur:2 cpbdur:2 q:34.76 aq:20.11 tex:31 mv:8 misc:177 imb:0 pmb:2 smb:2038 d:- ref:0 ;
in:7464 out:7461 type:P dur:2 cpbdur:2 q:34.73 aq:25.90 tex:38516 mv:3964 misc:1624 imb:55 pmb:976 smb:1009 d:- ref:0 ;
in:7462 out:7462 type:B dur:2 cpbdur:2 q:34.74 aq:31.68 tex:220 mv:31 misc:261 imb:0 pmb:11 smb:2029 d:- ref:0 ;
in:7461 out:7463 type:b dur:2 cpbdur:2 q:34.75 aq:20.11 tex:39 mv:11 misc:182 imb:0 pmb:3 smb:2037 d:- ref:0 ;
in:7463 out:7464 type:b dur:2 cpbdur:2 q:34.74 aq:20.51 tex:22 mv:5 misc:173 imb:0 pmb:1 smb:2039 d:- ref:0 ;
in:7468 out:7465 type:P dur:2 cpbdur:2 q:34.71 aq:26.36 tex:37232 mv:3915 misc:1717 imb:35 pmb:963 smb:1042 d:- ref:0 ;
in:7466 out:7466 type:B dur:2 cpbdur:2 q:34.72 aq:25.59 tex:44 mv:11 misc:201 imb:0 pmb:3 smb:2037 d:- ref:0 ;
in:7465 out:7467 type:b dur:2 cpbdur:2 q:34.73 aq:20.51 tex:22 mv:5 misc:173 imb:0 pmb:1 smb:2039 d:- ref:0 ;
in:7467 out:7468 type:b dur:2 cpbdur:2 q:34.71 aq:20.13 tex:30 mv:9 misc:177 imb:0 pmb:2 smb:2038 d:- ref:0 ;
in:7472 out:7469 type:P dur:2 cpbdur:2 q:34.69 aq:26.52 tex:38724 mv:3769 misc:1699 imb:39 pmb:942 smb:1059 d:- ref:0 ;
in:7470 out:7470 type:B dur:2 cpbdur:2 q:34.70 aq:28.13 tex:75 mv:14 misc:215 imb:0 pmb:4 smb:2036 d:- ref:0 ;
in:7469 out:7471 type:b dur:2 cpbdur:2 q:34.71 aq:20.13 tex:30 mv:9 misc:177 imb:0 pmb:2 smb:2038 d:- ref:0 ;
in:7471 out:7472 type:b dur:2 cpbdur:2 q:34.70 aq:22.73 tex:58 mv:15 misc:191 imb:0 pmb:4 smb:2036 d:- ref:0 ;
in:7476 out:7473 type:P dur:2 cpbdur:2 q:34.67 aq:26.51 tex:39044 mv:3987 misc:1633 imb:33 pmb:986 smb:1021 d:- ref:0 ;
in:7474 out:7474 type:B dur:2 cpbdur:2 q:34.68 aq:23.13 tex:38 mv:37 misc:229 imb:2 pmb:4 smb:2034 d:- ref:0 ;
in:7473 out:7475 type:b dur:2 cpbdur:2 q:34.69 aq:26.00 tex:0 mv:0 misc:160 imb:0 pmb:0 smb:2040 d:- ref:0 ;
in:7475 out:7476 type:b dur:2 cpbdur:2 q:34.68 aq:25.73 tex:40 mv:10 misc:190 imb:0 pmb:3 smb:2037 d:- ref:0 ;
in:7480 out:7477 type:P dur:2 cpbdur:2 q:34.65 aq:26.29 tex:40128 mv:3932 misc:1636 imb:43 pmb:965 smb:1032 d:- ref:0 ;
in:7478 out:7478 type:B dur:2 cpbdur:2 q:34.66 aq:25.00 tex:14 mv:47 misc:227 imb:1 pmb:5 smb:2034 d:- ref:0 ;
in:7477 out:7479 type:b dur:2 cpbdur:2 q:34.66 aq:27.00 tex:9 mv:4 misc:171 imb:0 pmb:1 smb:2039 d:- ref:0 ;
in:7479 out:7480 type:b dur:2 cpbdur:2 q:34.65 aq:27.00 tex:0 mv:0 misc:160 imb:0 pmb:0 smb:2040 d:- ref:0 ;
in:7484 out:7481 type:P dur:2 cpbdur:2 q:34.63 aq:26.17 tex:41294 mv:4086 misc:1716 imb:44 pmb:992 smb:1004 d:- ref:0 ;
in:7482 out:7482 type:B dur:2 cpbdur:2 q:34.64 aq:30.44 tex:140 mv:56 misc:252 imb:0 pmb:10 smb:2030 d:- ref:0 ;
in:7481 out:7483 type:b dur:2 cpbdur:2 q:34.64 aq:27.00 tex:1 mv:3 misc:172 imb:0 pmb:1 smb:2039 d:- ref:0 ;
in:7483 out:7484 type:b dur:2 cpbdur:2 q:34.63 aq:20.12 tex:41 mv:11 misc:188 imb:0 pmb:3 smb:2037 d:- ref:0 ;
in:7488 out:7485 type:P dur:2 cpbdur:2 q:34.61 aq:26.11 tex:39708 mv:4065 misc:1699 imb:56 pmb:973 smb:1011 d:- ref:0 ;
in:7486 out:7486 type:B dur:2 cpbdur:2 q:34.62 aq:19.12 tex:55 mv:36 misc:229 imb:1 pmb:6 smb:2033 d:- ref:0 ;
in:7485 out:7487 type:b dur:2 cpbdur:2 q:34.62 aq:25.12 tex:26 mv:16 misc:182 imb:1 pmb:1 smb:2038 d:- ref:0 ;
in:7487 out:7488 type:b dur:2 cpbdur:2 q:34.62 aq:24.74 tex:23 mv:3 misc:174 imb:0 pmb:1 smb:2039 d:- ref:0 ;
in:7492 out:7489 type:P dur:2 cpbdur:2 q:34.59 aq:25.92 tex:40712 mv:3802 misc:1630 imb:46 pmb:961 smb:1033 d:- ref:0 ;
in:7490 out:7490 type:B dur:2 cpbdur:2 q:34.60 aq:24.99 tex:77 mv:15 misc:212 imb:0 pmb:4 smb:2036 d:- ref:0 ;
in:7489 out:7491 type:b dur:2 cpbdur:2 q:34.61 aq:23.38 tex:32 mv:18 misc:190 imb:1 pmb:2 smb:2037 d:- ref:0 ;
in:7491 out:7492 type:b dur:2 cpbdur:2 q:34.60 aq:24.05 tex:30 mv:8 misc:178 imb:0 pmb:2 smb:2038 d:- ref:0 ;
in:7496 out:7493 type:P dur:2 cpbdur:2 q:34.57 aq:26.55 tex:37064 mv:3836 misc:1628 imb:33 pmb:952 smb:1055 d:- ref:0 ;
in:7494 out:7494 type:B dur:2 cpbdur:2 q:34.58 aq:27.52 tex:116 mv:39 misc:229 imb:2 pmb:5 smb:2033 d:- ref:0 ;
in:7493 out:7495 type:b dur:2 cpbdur:2 q:34.59 aq:23.66 tex:21 mv:5 misc:166 imb:0 pmb:1 smb:2039 d:- ref:0 ;
in:7495 out:7496 type:b dur:2 cpbdur:2 q:34.58 aq:23.66 tex:29 mv:9 misc:178 imb:0 pmb:2 smb:2038 d:- ref:0 ;
in:7500 out:7497 type:P dur:2 cpbdur:2 q:34.55 aq:26.11 tex:40976 mv:3936 misc:1656 imb:37 pmb:998 smb:1005 d:- ref:0 ;
in:7498 out:7498 type:B dur:2 cpbdur:2 q:34.56 aq:28.65 tex:100 mv:48 misc:252 imb:1 pmb:9 smb:2030 d:- ref:0 ;
in:7497 out:7499 type:b dur:2 cpbdur:2 q:34.57 aq:24.75 tex:43 mv:14 misc:191 imb:0 pmb:4 smb:2036 d:- ref:0 ;
in:7499 out:7500 type:b dur:2 cpbdur:2 q:34.56 aq:24.75 tex:21 mv:13 misc:182 imb:0 pmb:2 smb:2038 d:- ref:0 ;
in:7504 out:7501 type:P dur:2 cpbdur:2 q:34.53 aq:26.70 tex:46649 mv:4512 misc:1663 imb:62 pmb:1017 smb:961 d:- ref:0 ;
in:7502 out:7502 type:B dur:2 cpbdur:2 q:34.54 aq:27.69 tex:1272 mv:328 misc:304 imb:5 pmb:50 smb:1985 d:- ref:0 ;
in:7501 out:7503 type:b dur:2 cpbdur:2 q:34.55 aq:29.77 tex:189 mv:106 misc:209 imb:1 pmb:12 smb:2027 d:- ref:0 ;
in:7503 out:7504 type:b dur:2 cpbdur:2 q:34.54 aq:30.03 tex:458 mv:340 misc:242 imb:1 pmb:26 smb:2013 d:- ref:0 ;
in:7508 out:7505 type:P dur:2 cpbdur:2 q:34.51 aq:26.06 tex:54372 mv:4703 misc:1597 imb:58 pmb:1015 smb:967 d:- ref:0 ;
in:7506 out:7506 type:B dur:2 cpbdur:2 q:34.52 aq:29.55 tex:1876 mv:687 misc:309 imb:2 pmb:58 smb:1980 d:- ref:0 ;
in:7505 out:7507 type:b dur:2 cpbdur:2 q:34.53 aq:31.28 tex:604 mv:334 misc:246 imb:1 pmb:30 smb:2009 d:- ref:0 ;
in:7507 out:7508 type:b dur:2 cpbdur:2 q:34.52 aq:28.95 tex:391 mv:307 misc:246 imb:0 pmb:28 smb:2012 d:- ref:0 ;
in:7512 out:7509 type:P dur:2 cpbdur:2 q:34.50 aq:26.22 tex:57846 mv:4397 misc:1621 imb:44 pmb:1012 smb:984 d:- ref:0 ;
in:7510 out:7510 type:B dur:2 cpbdur:2 q:34.51 aq:24.78 tex:896 mv:454 misc:322 imb:2 pmb:41 smb:1997 d:- ref:0 ;
in:7509 out:7511 type:b dur:2 cpbdur:2 q:34.51 aq:30.82 tex:198 mv:210 misc:216 imb:0 pmb:17 smb:2023 d:- ref:0 ;
in:7511 out:7512 type:b dur:2 cpbdur:2 q:34.50 aq:32.19 tex:101 mv:153 misc:242 imb:0 pmb:23 smb:2017 d:- ref:0 ;
in:7516 out:7513 type:P dur:2 cpbdur:2 q:34.49 aq:26.54 tex:49327 mv:4486 misc:1619 imb:37 pmb:1007 smb:996 d:- ref:0 ;
in:7514 out:7514 type:B dur:2 cpbdur:2 q:34.49 aq:28.66 tex:328 mv:285 misc:291 imb:3 pmb:33 smb:2004 d:- ref:0 ;
in:7513 out:7515 type:b dur:2 cpbdur:2 q:34.50 aq:31.68 tex:71 mv:114 misc:207 imb:1 pmb:10 smb:2029 d:- ref:0 ;
in:7515 out:7516 type:b dur:2 cpbdur:2 q:34.49 aq:26.93 tex:100 mv:97 misc:235 imb:1 pmb:11 smb:2028 d:- ref:0 ;
in:7520 out:7517 type:P dur:2 cpbdur:2 q:34.48 aq:26.63 tex:46352 mv:4358 misc:1682 imb:52 pmb:993 smb:995 d:- ref:0 ;
in:7518 out:7518 type:B dur:2 cpbdur:2 q:34.48 aq:30.12 tex:177 mv:140 misc:291 imb:2 pmb:17 smb:2021 d:- ref:0 ;
in:7517 out:7519 type:b dur:2 cpbdur:2 q:34.49 aq:32.87 tex:37 mv:15 misc:180 imb:0 pmb:2 smb:2038 d:- ref:0 ;
in:7519 out:7520 type:b dur:2 cpbdur:2 q:34.48 aq:28.54 tex:45 mv:10 misc:185 imb:0 pmb:3 smb:2037 d:- ref:0 ;
in:7524 out:7521 type:P dur:2 cpbdur:2 q:34.46 aq:26.96 tex:46979 mv:3727 misc:1598 imb:29 pmb:954 smb:1057 d:- ref:0 ;
in:7522 out:7522 type:B dur:2 cpbdur:2 q:34.47 aq:25.23 tex:137 mv:90 misc:261 imb:1 pmb:12 smb:2027 d:- ref:0 ;
in:7521 out:7523 type:b dur:2 cpbdur:2 q:34.48 aq:24.14 tex:23 mv:13 misc:180 imb:0 pmb:2 smb:2038 d:- ref:0 ;
in:7523 out:7524 type:b dur:2 cpbdur:2 q:34.47 aq:25.87 tex:23 mv:4 misc:173 imb:0 pmb:1 smb:2039 d:- ref:0 ;
in:7528 out:7525 type:P dur:2 cpbdur:2 q:34.44 aq:26.93 tex:41910 mv:4308 misc:1710 imb:49 pmb:1017 smb:974 d:- ref:0 ;
in:7526 out:7526 type:B dur:2 cpbdur:2 q:34.45 aq:18.82 tex:73 mv:53 misc:234 imb:2 pmb:5 smb:2033 d:- ref:0 ;
in:7525 out:7527 type:b dur:2 cpbdur:2 q:34.46 aq:19.39 tex:26 mv:23 misc:191 imb:1 pmb:2 smb:2037 d:- ref:0 ;
in:7527 out:7528 type:b dur:2 cpbdur:2 q:34.45 aq:19.20 tex:40 mv:10 misc:190 imb:0 pmb:3 smb:2037 d:- ref:0 ;
in:7529 out:7529 type:I dur:2 cpbdur:2 q:31.61 aq:23.61 tex:387814 mv:63318 misc:476 imb:2040 pmb:0 smb:0 d:- ref:;
in:7533 out:7530 type:P dur:2 cpbdur:2 q:34.62 aq:26.56 tex:21895 mv:2053 misc:1460 imb:14 pmb:556 smb:1470 d:- ref:0 ;
in:7531 out:7531 type:B dur:2 cpbdur:2 q:34.62 aq:20.14 tex:30 mv:8 misc:178 imb:0 pmb:2 smb:2038 d:- ref:0 ;
in:7530 out:7532 type:b dur:2 cpbdur:2 q:34.62 aq:23.75 tex:38 mv:11 misc:183 imb:0 pmb:3 smb:2037 d:- ref:0 ;
in:7532 out:7533 type:b dur:2 cpbdur:2 q:34.62 aq:20.14 tex:31 mv:8 misc:177 imb:0 pmb:2 smb:2038 d:- ref:0 ;
in:7537 out:7534 type:P dur:2 cpbdur:2 q:34.59 aq:27.16 tex:22106 mv:2580 misc:1570 imb:15 pmb:640 smb:1385 d:- ref:0 ;
in:7535 out:7535 type:B dur:2 cpbdur:2 q:34.61 aq:18.34 tex:74 mv:15 misc:215 imb:0 pmb:5 smb:2035 d:- ref:0 ;
in:7534 out:7536 type:b dur:2 cpbdur:2 q:34.61 aq:23.95 tex:29 mv:8 misc:179 imb:0 pmb:2 smb:2038 d:- ref:0 ;
in:7536 out:7537 type:b dur:2 cpbdur:2 q:34.60 aq:25.00 tex:21 mv:5 misc:166 imb:0 pmb:1 smb:2039 d:- ref:0 ;
in:7541 out:7538 type:P dur:2 cpbdur:2 q:34.55 aq:27.20 tex:20945 mv:2621 misc:1650 imb:16 pmb:626 smb:1398 d:- ref:0 ;
in:7539 out:7539 type:B dur:2 cpbdur:2 q:34.57 aq:19.11 tex:48 mv:16 misc:216 imb:0 pmb:5 smb:2035 d:- ref:0 ;
in:7538 out:7540 type:b dur:2 cpbdur:2 q:34.58 aq:24.23 tex:29 mv:7 misc:180 imb:0 pmb:2 smb:2038 d:- ref:0 ;
in:7540 out:7541 type:b dur:2 cpbdur:2 q:34.56 aq:25.95 tex:22 mv:4 misc:166 imb:0 pmb:1 smb:2039 d:- ref:0 ;
in:7545 out:7542 type:P dur:2 cpbdur:2 q:34.51 aq:28.22 tex:16273 mv:2357 misc:1546 imb:16 pmb:547 smb:1477 d:- ref:0 ;
in:7543 out:7543 type:B dur:2 cpbdur:2 q:34.53 aq:23.47 tex:55 mv:14 misc:203 imb:0 pmb:4 smb:2036 d:- ref:0 ;
in:7542 out:7544 type:b dur:2 cpbdur:2 q:34.54 aq:26.00 tex:0 mv:0 misc:160 imb:0 pmb:0 smb:2040 d:- ref:0 ;
in:7544 out:7545 type:b dur:2 cpbdur:2 q:34.52 aq:26.00 tex:0 mv:0 misc:160 imb:0 pmb:0 smb:2040 d:- ref:0 ;
in:7549 out:7546 type:P dur:2 cpbdur:2 q:34.48 aq:28.03 tex:10450 mv:2686 misc:1672 imb:108 pmb:492 smb:1440 d:- ref:0 w:0,1,-1 ;
in:7547 out:7547 type:B dur:2 cpbdur:2 q:34.50 aq:28.24 tex:216 mv:64 misc:312 imb:0 pmb:22 smb:2018 d:- ref:0 ;
in:7546 out:7548 type:b dur:2 cpbdur:2 q:34.50 aq:20.17 tex:39 mv:10 misc:183 imb:0 pmb:3 smb:2037 d:- ref:0 ;
in:7548 out:7549 type:b dur:2 cpbdur:2 q:34.49 aq:24.54 tex:100 mv:31 misc:245 imb:0 pmb:14 smb:2026 d:- ref:0 ;
in:7552 out:7550 type:P dur:2 cpbdur:2 q:34.45 aq:28.98 tex:11006 mv:4561 misc:1841 imb:208 pmb:687 smb:1145 d:- ref:0 w:0,1,2 ;
in:7550 out:7551 type:B dur:2 cpbdur:2 q:34.47 aq:24.09 tex:138 mv:109 misc:305 imb:1 pmb:19 smb:2020 d:- ref:0 ;
in:7551 out:7552 type:b dur:2 cpbdur:2 q:34.46 aq:25.15 tex:293 mv:415 misc:460 imb:8 pmb:46 smb:1986 d:- ref:0 ;
in:7553 out:7553 type:P dur:2 cpbdur:2 q:34.43 aq:30.47 tex:13426 mv:4609 misc:1909 imb:280 pmb:782 smb:978 d:- ref:0 w:0,1,1 ;
in:7554 out:7554 type:P dur:2 cpbdur:2 q:34.42 aq:31.16 tex:23025 mv:6695 misc:1672 imb:428 pmb:1031 smb:581 d:- ref:0 w:7,127,2 ;
in:7556 out:7555 type:P dur:2 cpbdur:2 q:34.41 aq:31.74 tex:69676 mv:11019 misc:385 imb:1011 pmb:1011 smb:18 d:- ref:0 w:0,1,6,6,65,-3,68,-8 ;
in:7555 out:7556 type:b dur:2 cpbdur:2 q:34.41 aq:30.71 tex:1073 mv:328 misc:511 imb:7 pmb:59 smb:1974 d:- ref:0 ;
in:7560 out:7557 type:P dur:2 cpbdur:2 q:34.41 aq:31.59 tex:144008 mv:13780 misc:260 imb:1798 pmb:224 smb:18 d:- ref:0 ;
in:7558 out:7558 type:B dur:2 cpbdur:2 q:34.41 aq:32.79 tex:23467 mv:5231 misc:1726 imb:99 pmb:660 smb:1281 d:- ref:0 ;
in:7557 out:7559 type:b dur:2 cpbdur:2 q:34.41 aq:33.36 tex:5477 mv:1745 misc:1194 imb:32 pmb:253 smb:1755 d:- ref:0 ;
in:7559 out:7560 type:b dur:2 cpbdur:2 q:34.41 aq:33.59 tex:13661 mv:3533 misc:1494 imb:49 pmb:459 smb:1532 d:- ref:0 ;
in:7564 out:7561 type:P dur:2 cpbdur:2 q:34.44 aq:31.25 tex:117582 mv:16137 misc:473 imb:1156 pmb:797 smb:87 d:- ref:0 ;
in:7562 out:7562 type:B dur:2 cpbdur:2 q:34.42 aq:32.69 tex:37416 mv:11612 misc:1732 imb:218 pmb:1016 smb:806 d:- ref:0 ;
in:7561 out:7563 type:b dur:2 cpbdur:2 q:34.41 aq:34.23 tex:17196 mv:4978 misc:1594 imb:61 pmb:532 smb:1447 d:- ref:0 ;
in:7563 out:7564 type:b dur:2 cpbdur:2 q:34.43 aq:34.46 tex:22264 mv:5952 misc:1584 imb:77 pmb:592 smb:1371 d:- ref:0 ;
in:7568 out:7565 type:P dur:2 cpbdur:2 q:34.49 aq:31.49 tex:93125 mv:14255 misc:1156 imb:630 pmb:1021 smb:389 d:- ref:0 ;
in:7566 out:7566 type:B dur:2 cpbdur:2 q:34.47 aq:33.13 tex:38716 mv:11094 misc:1806 imb:146 pmb:944 smb:950 d:- ref:0 ;
in:7565 out:7567 type:b dur:2 cpbdur:2 q:34.45 aq:34.47 tex:22974 mv:6180 misc:1542 imb:66 pmb:623 smb:1351 d:- ref:0 ;
in:7567 out:7568 type:b dur:2 cpbdur:2 q:34.48 aq:35.08 tex:23890 mv:6930 misc:1548 imb:59 pmb:654 smb:1327 d:- ref:0 ;
in:7572 out:7569 type:P dur:2 cpbdur:2 q:34.55 aq:31.84 tex:95915 mv:13915 misc:1266 imb:570 pmb:993 smb:477 d:- ref:0 ;
in:7570 out:7570 type:B dur:2 cpbdur:2 q:34.52 aq:34.51 tex:41304 mv:10504 misc:1688 imb:128 pmb:908 smb:1004 d:- ref:0 ;
in:7569 out:7571 type:b dur:2 cpbdur:2 q:34.51 aq:35.24 tex:25476 mv:6824 misc:1492 imb:69 pmb:648 smb:1323 d:- ref:0 ;
in:7571 out:7572 type:b dur:2 cpbdur:2 q:34.53 aq:34.97 tex:26315 mv:7433 misc:1500 imb:66 pmb:704 smb:1270 d:- ref:0 ;
in:7576 out:7573 type:P dur:2 cpbdur:2 q:34.61 aq:32.04 tex:99178 mv:14963 misc:1075 imb:689 pmb:972 smb:379 d:- ref:0 ;
in:7574 out:7574 type:B dur:2 cpbdur:2 q:34.58 aq:34.04 tex:45022 mv:11608 misc:1562 imb:146 pmb:920 smb:974 d:- ref:0 ;
in:7573 out:7575 type:b dur:2 cpbdur:2 q:34.56 aq:35.21 tex:27263 mv:7838 misc:1547 imb:81 pmb:713 smb:1246 d:- ref:0 ;
in:7575 out:7576 type:b dur:2 cpbdur:2 q:34.59 aq:36.29 tex:27793 mv:8288 misc:1447 imb:83 pmb:670 smb:1287 d:- ref:0 ;
in:7580 out:7577 type:P dur:2 cpbdur:2 q:34.67 aq:32.18 tex:92108 mv:15192 misc:1140 imb:624 pmb:1040 smb:376 d:- ref:0 ;
in:7578 out:7578 type:B dur:2 cpbdur:2 q:34.64 aq:34.21 tex:45022 mv:12189 misc:1581 imb:169 pmb:920 smb:951 d:- ref:0 ;
in:7577 out:7579 type:b dur:2 cpbdur:2 q:34.62 aq:35.80 tex:29213 mv:8413 misc:1454 imb:86 pmb:719 smb:1235 d:- ref:0 ;
in:7579 out:7580 type:b dur:2 cpbdur:2 q:34.66 aq:35.80 tex:29952 mv:8706 misc:1366 imb:89 pmb:728 smb:1223 d:- ref:0 ;
in:7584 out:7581 type:P dur:2 cpbdur:2 q:34.74 aq:32.54 tex:95441 mv:15001 misc:1190 imb:671 pmb:992 smb:377 d:- ref:0 ;
in:7582 out:7582 type:B dur:2 cpbdur:2 q:34.71 aq:34.42 tex:45952 mv:12690 misc:1606 imb:157 pmb:962 smb:921 d:- ref:0 ;
in:7581 out:7583 type:b dur:2 cpbdur:2 q:34.69 aq:36.23 tex:29016 mv:8400 misc:1352 imb:86 pmb:693 smb:1261 d:- ref:0 ;
in:7583 out:7584 type:b dur:2 cpbdur:2 q:34.72 aq:36.13 tex:29746 mv:9096 misc:1486 imb:100 pmb:730 smb:1210 d:- ref:0 ;
in:7588 out:7585 type:P dur:2 cpbdur:2 q:34.80 aq:33.14 tex:92113 mv:14104 misc:1327 imb:651 pmb:930 smb:459 d:- ref:0 ;
in:7586 out:7586 type:B dur:2 cpbdur:2 q:34.77 aq:34.72 tex:46706 mv:12220 misc:1578 imb:140 pmb:948 smb:952 d:- ref:0 ;
in:7585 out:7587 type:b dur:2 cpbdur:2 q:34.75 aq:36.10 tex:29900 mv:8779 misc:1369 imb:77 pmb:743 smb:1220 d:- ref:0 ;
in:7587 out:7588 type:b dur:2 cpbdur:2 q:34.79 aq:35.87 tex:30983 mv:8937 misc:1376 imb:102 pmb:741 smb:1197 d:- ref:0 ;
in:7592 out:7589 type:P dur:2 cpbdur:2 q:34.87 aq:33.86 tex:107438 mv:14539 misc:959 imb:912 pmb:815 smb:313 d:- ref:0 ;
in:7590 out:7590 type:B dur:2 cpbdur:2 q:34.84 aq:34.44 tex:47258 mv:13213 misc:1553 imb:156 pmb:1063 smb:821 d:- ref:0 ;
in:7589 out:7591 type:b dur:2 cpbdur:2 q:34.82 aq:36.06 tex:32300 mv:9019 misc:1377 imb:91 pmb:794 smb:1155 d:- ref:0 ;
in:7591 out:7592 type:b dur:2 cpbdur:2 q:34.85 aq:36.05 tex:33042 mv:9403 misc:1515 imb:97 pmb:837 smb:1106 d:- ref:0 ;
in:7596 out:7593 type:P dur:2 cpbdur:2 q:34.94 aq:31.75 tex:116424 mv:12745 misc:335 imb:1808 pmb:206 smb:26 d:- ref:0 ;
in:7594 out:7594 type:B dur:2 cpbdur:2 q:34.91 aq:33.70 tex:64465 mv:14815 misc:912 imb:633 pmb:1002 smb:405 d:- ref:0 ;
in:7593 out:7595 type:b dur:2 cpbdur:2 q:34.89 aq:34.79 tex:34820 mv:9554 misc:1514 imb:200 pmb:768 smb:1072 d:- ref:0 ;
in:7595 out:7596 type:b dur:2 cpbdur:2 q:34.92 aq:34.12 tex:20701 mv:5706 misc:1433 imb:187 pmb:480 smb:1373 d:- ref:0 ;
in:7598 out:7597 type:P dur:2 cpbdur:2 q:35.02 aq:29.23 tex:74946 mv:11233 misc:589 imb:1327 pmb:461 smb:252 d:- ref:0 ;
in:7597 out:7598 type:b dur:2 cpbdur:2 q:34.98 aq:30.72 tex:5360 mv:4301 misc:1379 imb:236 pmb:261 smb:1543 d:- ref:0 ;
in:7600 out:7599 type:P dur:2 cpbdur:2 q:35.05 aq:27.00 tex:40098 mv:9965 misc:1081 imb:903 pmb:665 smb:472 d:- ref:0 ;
in:7599 out:7600 type:b dur:2 cpbdur:2 q:35.03 aq:27.36 tex:447 mv:568 misc:489 imb:28 pmb:40 smb:1972 d:- ref:0 ;
in:7602 out:7601 type:P dur:2 cpbdur:2 q:35.08 aq:25.30 tex:18372 mv:4931 misc:1969 imb:294 pmb:633 smb:1113 d:- ref:0 ;
in:7601 out:7602 type:b dur:2 cpbdur:2 q:35.06 aq:24.37 tex:326 mv:105 misc:361 imb:1 pmb:41 smb:1998 d:- ref:0 ;
in:7604 out:7603 type:P dur:2 cpbdur:2 q:35.07 aq:26.59 tex:8004 mv:1538 misc:1338 imb:49 pmb:307 smb:1684 d:- ref:0 ;
in:7603 out:7604 type:b dur:2 cpbdur:2 q:35.07 aq:29.81 tex:15 mv:4 misc:173 imb:0 pmb:1 smb:2039 d:- ref:0 ;
in:7606 out:7605 type:P dur:2 cpbdur:2 q:35.06 aq:27.13 tex:11695 mv:1708 misc:1333 imb:54 pmb:337 smb:1649 d:- ref:0 ;
in:7605 out:7606 type:b dur:2 cpbdur:2 q:35.06 aq:23.53 tex:23 mv:15 misc:170 imb:1 pmb:0 smb:2039 d:- ref:0 ;
in:7608 out:7607 type:P dur:2 cpbdur:2 q:35.04 aq:27.59 tex:8440 mv:1249 misc:1167 imb:29 pmb:273 smb:1738 d:- ref:0 ;
in:7607 out:7608 type:b dur:2 cpbdur:2 q:35.05 aq:29.00 tex:9 mv:12 misc:171 imb:0 pmb:1 smb:2039 d:- ref:0 ;
in:7609 out:7609 type:P dur:2 cpbdur:2 q:35.02 aq:26.90 tex:5134 mv:683 misc:903 imb:12 pmb:174 smb:1854 d:- ref:0 ;
in:7611 out:7610 type:P dur:2 cpbdur:2 q:35.02 aq:27.59 tex:6526 mv:1343 misc:1171 imb:32 pmb:258 smb:1750 d:- ref:0 ;
in:7610 out:7611 type:b dur:2 cpbdur:2 q:35.02 aq:29.00 tex:0 mv:0 misc:160 imb:0 pmb:0 smb:2040 d:- ref:0 ;
in:7613 out:7612 type:P dur:2 cpbdur:2 q:35.00 aq:27.12 tex:8732 mv:1334 misc:1238 imb:22 pmb:312 smb:1706 d:- ref:0 ;
in:7612 out:7613 type:b dur:2 cpbdur:2 q:35.01 aq:29.00 tex:0 mv:0 misc:160 imb:0 pmb:0 smb:2040 d:- ref:0 ;
in:7615 out:7614 type:P dur:2 cpbdur:2 q:34.98 aq:26.51 tex:5205 mv:1085 misc:1046 imb:21 pmb:215 smb:1804 d:- ref:0 ;
in:7614 out:7615 type:b dur:2 cpbdur:2 q:34.99 aq:28.00 tex:0 mv:0 misc:160 imb:0 pmb:0 smb:2040 d:- ref:0 ;
in:7617 out:7616 type:P dur:2 cpbdur:2 q:34.97 aq:28.49 tex:8039 mv:1526 misc:1243 imb:24 pmb:315 smb:1701 d:- ref:0 ;
in:7616 out:7617 type:b dur:2 cpbdur:2 q:34.98 aq:20.69 tex:25 mv:4 misc:171 imb:0 pmb:1 smb:2039 d:- ref:0 ;
in:7619 out:7618 type:P dur:2 cpbdur:2 q:34.95 aq:26.52 tex:9452 mv:1975 misc:1245 imb:56 pmb:327 smb:1657 d:- ref:0 ;
in:7618 out:7619 type:b dur:2 cpbdur:2 q:34.96 aq:30.12 tex:80 mv:434 misc:446 imb:2 pmb:75 smb:1963 d:- ref:0 ;
in:7621 out:7620 type:P dur:2 cpbdur:2 q:34.94 aq:26.57 tex:6760 mv:1163 misc:1125 imb:27 pmb:229 smb:1784 d:- ref:0 ;
in:7620 out:7621 type:b dur:2 cpbdur:2 q:34.95 aq:29.00 tex:0 mv:0 misc:160 imb:0 pmb:0 smb:2040 d:- ref:0 ;
in:7623 out:7622 type:P dur:2 cpbdur:2 q:34.92 aq:26.62 tex:4882 mv:1161 misc:1157 imb:23 pmb:223 smb:1794 d:- ref:0 ;
in:7622 out:7623 type:b dur:2 cpbdur:2 q:34.93 aq:24.79 tex:42 mv:13 misc:185 imb:0 pmb:4 smb:2036 d:- ref:0 ;
in:7625 out:7624 type:P dur:2 cpbdur:2 q:34.91 aq:26.62 tex:6388 mv:1428 misc:1136 imb:30 pmb:267 smb:1743 d:- ref:0 ;
in:7624 out:7625 type:b dur:2 cpbdur:2 q:34.92 aq:23.97 tex:35 mv:7 misc:174 imb:0 pmb:2 smb:2038 d:- ref:0 ;
in:7627 out:7626 type:P dur:2 cpbdur:2 q:34.89 aq:25.92 tex:7087 mv:1894 misc:1259 imb:38 pmb:309 smb:1693 d:- ref:0 ;
in:7626 out:7627 type:b dur:2 cpbdur:2 q:34.90 aq:24.51 tex:38 mv:179 misc:343 imb:1 pmb:33 smb:2006 d:- ref:0 ;
in:7629 out:7628 type:P dur:2 cpbdur:2 q:34.88 aq:27.06 tex:6396 mv:1297 misc:1115 imb:25 pmb:232 smb:1783 d:- ref:0 ;
in:7628 out:7629 type:b dur:2 cpbdur:2 q:34.89 aq:28.72 tex:26 mv:4 misc:170 imb:0 pmb:1 smb:2039 d:- ref:0 ;
in:7630 out:7630 type:P dur:2 cpbdur:2 q:34.86 aq:27.06 tex:4218 mv:790 misc:976 imb:12 pmb:157 smb:1871 d:- ref:0 ;
in:7632 out:7631 type:P dur:2 cpbdur:2 q:34.86 aq:26.84 tex:8077 mv:1706 misc:1321 imb:52 pmb:277 smb:1711 d:- ref:0 ;
in:7631 out:7632 type:b dur:2 cpbdur:2 q:34.86 aq:24.79 tex:26 mv:4 misc:170 imb:0 pmb:1 smb:2039 d:- ref:0 ;
in:7633 out:7633 type:P dur:2 cpbdur:2 q:34.84 aq:26.64 tex:4068 mv:592 misc:868 imb:10 pmb:150 smb:1880 d:- ref:0 ;
in:7635 out:7634 type:P dur:2 cpbdur:2 q:34.83 aq:25.85 tex:4811 mv:1269 misc:1176 imb:31 pmb:228 smb:1781 d:- ref:0 ;
in:7634 out:7635 type:b dur:2 cpbdur:2 q:34.84 aq:21.04 tex:41 mv:11 misc:188 imb:0 pmb:3 smb:2037 d:- ref:0 ;
in:7637 out:7636 type:P dur:2 cpbdur:2 q:34.82 aq:26.23 tex:7019 mv:1380 misc:1193 imb:30 pmb:262 smb:1748 d:- ref:0 ;
in:7636 out:7637 type:b dur:2 cpbdur:2 q:34.82 aq:25.05 tex:19 mv:13 misc:168 imb:1 pmb:0 smb:2039 d:- ref:0 ;
in:7639 out:7638 type:P dur:2 cpbdur:2 q:34.80 aq:26.52 tex:4097 mv:1353 misc:1158 imb:26 pmb:226 smb:1788 d:- ref:0 ;
in:7638 out:7639 type:b dur:2 cpbdur:2 q:34.81 aq:29.00 tex:0 mv:0 misc:160 imb:0 pmb:0 smb:2040 d:- ref:0 ;
in:7641 out:7640 type:P dur:2 cpbdur:2 q:34.79 aq:27.55 tex:6685 mv:1652 misc:1247 imb:34 pmb:279 smb:1727 d:- ref:0 ;
in:7640 out:7641 type:b dur:2 cpbdur:2 q:34.80 aq:29.00 tex:0 mv:0 misc:160 imb:0 pmb:0 smb:2040 d:- ref:0 ;
in:7643 out:7642 type:P dur:2 cpbdur:2 q:34.77 aq:28.16 tex:3918 mv:1206 misc:1068 imb:19 pmb:219 smb:1802 d:- ref:0 ;
in:7642 out:7643 type:b dur:2 cpbdur:2 q:34.78 aq:28.00 tex:0 mv:0 misc:160 imb:0 pmb:0 smb:2040 d:- ref:0 ;
in:7645 out:7644 type:P dur:2 cpbdur:2 q:34.76 aq:27.01 tex:7590 mv:1643 misc:1247 imb:47 pmb:270 smb:1723 d:- ref:0 ;
in:7644 out:7645 type:b dur:2 cpbdur:2 q:34.77 aq:28.00 tex:0 mv:0 misc:160 imb:0 pmb:0 smb:2040 d:- ref:0 ;
in:7647 out:7646 type:P dur:2 cpbdur:2 q:34.74 aq:26.86 tex:4586 mv:1034 misc:1108 imb:27 pmb:198 smb:1815 d:- ref:0 ;
in:7646 out:7647 type:b dur:2 cpbdur:2 q:34.75 aq:20.91 tex:25 mv:8 misc:175 imb:0 pmb:2 smb:2038 d:- ref:0 ;
in:7649 out:7648 type:P dur:2 cpbdur:2 q:34.73 aq:26.37 tex:6709 mv:1876 misc:1263 imb:44 pmb:302 smb:1694 d:- ref:0 ;
in:7648 out:7649 type:b dur:2 cpbdur:2 q:34.73 aq:28.00 tex:18 mv:257 misc:437 imb:0 pmb:74 smb:1966 d:- ref:0 ;
in:7651 out:7650 type:P dur:2 cpbdur:2 q:34.71 aq:27.03 tex:3153 mv:1013 misc:1018 imb:21 pmb:177 smb:1842 d:- ref:0 ;
in:7650 out:7651 type:b dur:2 cpbdur:2 q:34.72 aq:20.93 tex:34 mv:11 misc:187 imb:0 pmb:3 smb:2037 d:- ref:0 ;
in:7653 out:7652 type:P dur:2 cpbdur:2 q:34.70 aq:26.61 tex:4747 mv:1512 misc:1197 imb:42 pmb:235 smb:1763 d:- ref:0 ;
in:7652 out:7653 type:b dur:2 cpbdur:2 q:34.70 aq:23.06 tex:39 mv:8 misc:177 imb:0 pmb:2 smb:2038 d:- ref:0 ;
in:7655 out:7654 type:P dur:2 cpbdur:2 q:34.68 aq:27.39 tex:2979 mv:1119 misc:998 imb:33 pmb:191 smb:1816 d:- ref:0 ;
in:7654 out:7655 type:b dur:2 cpbdur:2 q:34.69 aq:24.49 tex:33 mv:8 misc:175 imb:0 pmb:2 smb:2038 d:- ref:0 ;
in:7657 out:7656 type:P dur:2 cpbdur:2 q:34.66 aq:29.22 tex:3826 mv:883 misc:971 imb:19 pmb:180 smb:1841 d:- ref:0 ;
in:7656 out:7657 type:b dur:2 cpbdur:2 q:34.67 aq:25.17 tex:24 mv:5 misc:171 imb:0 pmb:1 smb:2039 d:- ref:0 ;
in:7659 out:7658 type:P dur:2 cpbdur:2 q:34.65 aq:29.12 tex:1598 mv:566 misc:716 imb:6 pmb:113 smb:1921 d:- ref:0 ;
in:7658 out:7659 type:b dur:2 cpbdur:2 q:34.65 aq:20.93 tex:32 mv:9 misc:175 imb:0 pmb:2 smb:2038 d:- ref:0 ;
in:7661 out:7660 type:P dur:2 cpbdur:2 q:34.63 aq:26.70 tex:2788 mv:1346 misc:1146 imb:54 pmb:184 smb:1802 d:- ref:0 ;
in:7660 out:7661 type:b dur:2 cpbdur:2 q:34.64 aq:22.19 tex:140 mv:208 misc:292 imb:5 pmb:17 smb:2018 d:- ref:0 ;
in:7663 out:7662 type:P dur:2 cpbdur:2 q:34.61 aq:28.40 tex:10049 mv:7866 misc:1373 imb:523 pmb:626 smb:891 d:- ref:0 ;
in:7662 out:7663 type:b dur:2 cpbdur:2 q:34.62 aq:23.66 tex:383 mv:184 misc:385 imb:4 pmb:37 smb:1999 d:- ref:0 ;
in:7667 out:7664 type:P dur:2 cpbdur:2 q:34.60 aq:30.02 tex:50291 mv:12136 misc:573 imb:1302 pmb:498 smb:240 d:- ref:0 ;
in:7665 out:7665 type:B dur:2 cpbdur:2 q:34.60 aq:28.26 tex:5908 mv:5539 misc:1233 imb:303 pmb:310 smb:1427 d:- ref:0 ;
in:7664 out:7666 type:b dur:2 cpbdur:2 q:34.61 aq:26.84 tex:436 mv:373 misc:431 imb:16 pmb:39 smb:1985 d:- ref:0 ;
in:7666 out:7667 type:b dur:2 cpbdur:2 q:34.60 aq:27.58 tex:487 mv:433 misc:496 imb:13 pmb:50 smb:1977 d:- ref:0 ;
in:7671 out:7668 type:P dur:2 cpbdur:2 q:34.58 aq:30.64 tex:102541 mv:12668 misc:407 imb:1686 pmb:292 smb:62 d:- ref:0 ;
in:7669 out:7669 type:B dur:2 cpbdur:2 q:34.59 aq:31.27 tex:5635 mv:442 misc:899 imb:15 pmb:198 smb:1827 d:- ref:0 ;
in:7668 out:7670 type:b dur:2 cpbdur:2 q:34.59 aq:30.81 tex:945 mv:324 misc:555 imb:15 pmb:63 smb:1962 d:- ref:0 ;
in:7670 out:7671 type:b dur:2 cpbdur:2 q:34.59 aq:32.07 tex:1494 mv:301 misc:733 imb:3 pmb:129 smb:1908 d:- ref:0 ;
in:7675 out:7672 type:P dur:2 cpbdur:2 q:34.59 aq:30.11 tex:103209 mv:13512 misc:543 imb:1144 pmb:759 smb:137 d:- ref:0 ;
in:7673 out:7673 type:B dur:2 cpbdur:2 q:34.59 aq:31.35 tex:14229 mv:6515 misc:1480 imb:126 pmb:843 smb:1071 d:- ref:0 ;
in:7672 out:7674 type:b dur:2 cpbdur:2 q:34.59 aq:31.83 tex:1021 mv:617 misc:666 imb:5 pmb:97 smb:1938 d:- ref:0 ;
in:7674 out:7675 type:b dur:2 cpbdur:2 q:34.59 aq:32.34 tex:832 mv:697 misc:671 imb:1 pmb:106 smb:1933 d:- ref:0 ;
in:7677 out:7676 type:P dur:2 cpbdur:2 q:34.61 aq:29.64 tex:47107 mv:7885 misc:1576 imb:260 pmb:1048 smb:732 d:- ref:0 w:6,65,0,6,66,-4,67,-6 ;
in:7676 out:7677 type:b dur:2 cpbdur:2 q:34.60 aq:33.26 tex:543 mv:383 misc:514 imb:0 pmb:69 smb:1971 d:- ref:0 ;
in:7679 out:7678 type:P dur:2 cpbdur:2 q:34.63 aq:28.90 tex:31777 mv:7007 misc:1728 imb:138 pmb:957 smb:945 d:- ref:0 ;
in:7678 out:7679 type:b dur:2 cpbdur:2 q:34.62 aq:32.87 tex:349 mv:391 misc:396 imb:1 pmb:40 smb:1999 d:- ref:0 ;
in:7683 out:7680 type:P dur:2 cpbdur:2 q:34.64 aq:29.48 tex:38207 mv:7946 misc:1615 imb:160 pmb:897 smb:983 d:- ref:0 ;
in:7681 out:7681 type:B dur:2 cpbdur:2 q:34.64 aq:32.16 tex:3444 mv:1945 misc:907 imb:4 pmb:207 smb:1829 d:- ref:0 ;
in:7680 out:7682 type:b dur:2 cpbdur:2 q:34.64 aq:33.16 tex:457 mv:557 misc:490 imb:0 pmb:63 smb:1977 d:- ref:0 ;
in:7682 out:7683 type:b dur:2 cpbdur:2 q:34.64 aq:34.33 tex:266 mv:440 misc:390 imb:2 pmb:40 smb:1998 d:- ref:0 ;
in:7685 out:7684 type:P dur:2 cpbdur:2 q:34.62 aq:29.23 tex:30715 mv:5551 misc:1638 imb:79 pmb:846 smb:1115 d:- ref:0 ;
in:7684 out:7685 type:b dur:2 cpbdur:2 q:34.63 aq:34.59 tex:266 mv:502 misc:448 imb:0 pmb:56 smb:1984 d:- ref:0 ;
in:7687 out:7686 type:P dur:2 cpbdur:2 q:34.62 aq:29.17 tex:26638 mv:5488 misc:1666 imb:59 pmb:820 smb:1161 d:- ref:0 ;
in:7686 out:7687 type:b dur:2 cpbdur:2 q:34.62 aq:35.15 tex:338 mv:477 misc:433 imb:0 pmb:56 smb:1984 d:- ref:0 ;
in:7691 out:7688 type:P dur:2 cpbdur:2 q:34.61 aq:29.12 tex:38026 mv:8012 misc:1642 imb:164 pmb:889 smb:987 d:- ref:0 ;
in:7689 out:7689 type:B dur:2 cpbdur:2 q:34.62 aq:32.16 tex:3323 mv:2216 misc:933 imb:3 pmb:233 smb:1804 d:- ref:0 ;
in:7688 out:7690 type:b dur:2 cpbdur:2 q:34.62 aq:34.57 tex:578 mv:774 misc:456 imb:0 pmb:59 smb:1981 d:- ref:0 ;
in:7690 out:7691 type:b dur:2 cpbdur:2 q:34.61 aq:35.10 tex:351 mv:515 misc:406 imb:0 pmb:52 smb:1988 d:- ref:0 ;
in:7695 out:7692 type:P dur:2 cpbdur:2 q:34.59 aq:29.24 tex:35765 mv:7687 misc:1628 imb:143 pmb:887 smb:1010 d:- ref:0 ;
in:7693 out:7693 type:B dur:2 cpbdur:2 q:34.60 aq:32.41 tex:3234 mv:2139 misc:979 imb:4 pmb:236 smb:1800 d:- ref:0 ;
in:7692 out:7694 type:b dur:2 cpbdur:2 q:34.61 aq:34.95 tex:457 mv:613 misc:466 imb:0 pmb:64 smb:1976 d:- ref:0 ;
in:7694 out:7695 type:b dur:2 cpbdur:2 q:34.60 aq:35.82 tex:463 mv:627 misc:462 imb:0 pmb:63 smb:1977 d:- ref:0 ;
in:7699 out:7696 type:P dur:2 cpbdur:2 q:34.58 aq:29.28 tex:35538 mv:7595 misc:1699 imb:161 pmb:863 smb:1016 d:- ref:0 ;
in:7697 out:7697 type:B dur:2 cpbdur:2 q:34.59 aq:33.34 tex:3535 mv:2039 misc:970 imb:1 pmb:237 smb:1802 d:- ref:0 ;
in:7696 out:7698 type:b dur:2 cpbdur:2 q:34.59 aq:35.63 tex:629 mv:601 misc:482 imb:1 pmb:66 smb:1973 d:- ref:0 ;
in:7698 out:7699 type:b dur:2 cpbdur:2 q:34.58 aq:36.20 tex:505 mv:546 misc:437 imb:1 pmb:58 smb:1981 d:- ref:0 ;
in:7703 out:7700 type:P dur:2 cpbdur:2 q:34.56 aq:28.94 tex:37089 mv:7834 misc:1701 imb:192 pmb:896 smb:952 d:- ref:0 ;
in:7701 out:7701 type:B dur:2 cpbdur:2 q:34.57 aq:33.18 tex:3348 mv:1892 misc:920 imb:6 pmb:209 smb:1825 d:- ref:0 ;
in:7700 out:7702 type:b dur:2 cpbdur:2 q:34.58 aq:34.79 tex:547 mv:650 misc:499 imb:1 pmb:69 smb:1970 d:- ref:0 ;
in:7702 out:7703 type:b dur:2 cpbdur:2 q:34.57 aq:34.35 tex:588 mv:503 misc:437 imb:1 pmb:58 smb:1981 d:- ref:0 ;
in:7707 out:7704 type:P dur:2 cpbdur:2 q:34.55 aq:29.33 tex:35585 mv:7824 misc:1567 imb:215 pmb:873 smb:952 d:- ref:0 ;
in:7705 out:7705 type:B dur:2 cpbdur:2 q:34.55 aq:32.55 tex:3211 mv:2206 misc:991 imb:6 pmb:221 smb:1813 d:- ref:0 ;
in:7704 out:7706 type:b dur:2 cpbdur:2 q:34.56 aq:32.16 tex:560 mv:619 misc:453 imb:1 pmb:62 smb:1977 d:- ref:0 ;
in:7706 out:7707 type:b dur:2 cpbdur:2 q:34.55 aq:35.28 tex:497 mv:471 misc:456 imb:0 pmb:56 smb:1984 d:- ref:0 ;
in:7711 out:7708 type:P dur:2 cpbdur:2 q:34.53 aq:29.11 tex:34690 mv:7911 misc:1567 imb:175 pmb:926 smb:939 d:- ref:0 ;
in:7709 out:7709 type:B dur:2 cpbdur:2 q:34.54 aq:33.14 tex:3116 mv:1972 misc:976 imb:6 pmb:218 smb:1816 d:- ref:0 ;
in:7708 out:7710 type:b dur:2 cpbdur:2 q:34.54 aq:35.49 tex:615 mv:536 misc:489 imb:0 pmb:67 smb:1973 d:- ref:0 ;
in:7710 out:7711 type:b dur:2 cpbdur:2 q:34.53 aq:35.03 tex:601 mv:514 misc:445 imb:1 pmb:54 smb:1985 d:- ref:0 ;
in:7715 out:7712 type:P dur:2 cpbdur:2 q:34.52 aq:29.13 tex:35597 mv:7669 misc:1598 imb:176 pmb:923 smb:941 d:- ref:0 ;
in:7713 out:7713 type:B dur:2 cpbdur:2 q:34.52 aq:33.34 tex:2843 mv:1984 misc:949 imb:6 pmb:212 smb:1822 d:- ref:0 ;
in:7712 out:7714 type:b dur:2 cpbdur:2 q:34.53 aq:35.81 tex:571 mv:643 misc:482 imb:0 pmb:64 smb:1976 d:- ref:0 ;
in:7714 out:7715 type:b dur:2 cpbdur:2 q:34.52 aq:34.99 tex:656 mv:513 misc:455 imb:1 pmb:63 smb:1976 d:- ref:0 ;
in:7719 out:7716 type:P dur:2 cpbdur:2 q:34.50 aq:29.35 tex:36076 mv:7587 misc:1569 imb:171 pmb:894 smb:975 d:- ref:0 ;
in:7717 out:7717 type:B dur:2 cpbdur:2 q:34.51 aq:31.80 tex:3442 mv:1882 misc:980 imb:10 pmb:209 smb:1821 d:- ref:0 ;
in:7716 out:7718 type:b dur:2 cpbdur:2 q:34.51 aq:35.33 tex:527 mv:589 misc:452 imb:0 pmb:64 smb:1976 d:- ref:0 ;
in:7718 out:7719 type:b dur:2 cpbdur:2 q:34.50 aq:34.66 tex:618 mv:509 misc:481 imb:0 pmb:61 smb:1979 d:- ref:0 ;
in:7723 out:7720 type:P dur:2 cpbdur:2 q:34.48 aq:29.13 tex:36634 mv:7728 misc:1646 imb:191 pmb:913 smb:936 d:- ref:0 ;
in:7721 out:7721 type:B dur:2 cpbdur:2 q:34.49 aq:31.56 tex:3576 mv:2218 misc:1054 imb:9 pmb:226 smb:1805 d:- ref:0 ;
in:7720 out:7722 type:b dur:2 cpbdur:2 q:34.49 aq:34.52 tex:640 mv:452 misc:420 imb:0 pmb:56 smb:1984 d:- ref:0 ;
in:7722 out:7723 type:b dur:2 cpbdur:2 q:34.49 aq:34.38 tex:585 mv:505 misc:446 imb:0 pmb:54 smb:1986 d:- ref:0 ;
in:7727 out:7724 type:P dur:2 cpbdur:2 q:34.46 aq:28.94 tex:40177 mv:8672 misc:1599 imb:235 pmb:949 smb:856 d:- ref:0 ;
in:7725 out:7725 type:B dur:2 cpbdur:2 q:34.47 aq:32.51 tex:3736 mv:1871 misc:969 imb:5 pmb:222 smb:1813 d:- ref:0 ;
in:7724 out:7726 type:b dur:2 cpbdur:2 q:34.48 aq:34.42 tex:712 mv:611 misc:461 imb:2 pmb:59 smb:1979 d:- ref:0 ;
in:7726 out:7727 type:b dur:2 cpbdur:2 q:34.47 aq:33.82 tex:1989 mv:750 misc:525 imb:5 pmb:96 smb:1939 d:- ref:0 ;
in:7731 out:7728 type:P dur:2 cpbdur:2 q:34.45 aq:28.86 tex:65297 mv:8390 misc:1505 imb:206 pmb:982 smb:852 d:- ref:0 ;
in:7729 out:7729 type:B dur:2 cpbdur:2 q:34.46 aq:31.09 tex:3364 mv:2250 misc:994 imb:4 pmb:253 smb:1783 d:- ref:0 ;
in:7728 out:7730 type:b dur:2 cpbdur:2 q:34.46 aq:33.30 tex:759 mv:879 misc:594 imb:3 pmb:99 smb:1938 d:- ref:0 ;
in:7730 out:7731 type:b dur:2 cpbdur:2 q:34.46 aq:34.76 tex:574 mv:461 misc:437 imb:0 pmb:53 smb:1987 d:- ref:0 ;
in:7735 out:7732 type:P dur:2 cpbdur:2 q:34.45 aq:28.68 tex:40612 mv:7614 misc:1638 imb:179 pmb:928 smb:933 d:- ref:0 ;
in:7733 out:7733 type:B dur:2 cpbdur:2 q:34.45 aq:32.05 tex:3928 mv:2145 misc:959 imb:13 pmb:208 smb:1819 d:- ref:0 ;
in:7732 out:7734 type:b dur:2 cpbdur:2 q:34.45 aq:33.97 tex:514 mv:512 misc:454 imb:0 pmb:59 smb:1981 d:- ref:0 ;
in:7734 out:7735 type:b dur:2 cpbdur:2 q:34.45 aq:33.68 tex:419 mv:491 misc:426 imb:1 pmb:45 smb:1994 d:- ref:0 ;
in:7739 out:7736 type:P dur:2 cpbdur:2 q:34.44 aq:29.20 tex:40490 mv:7693 misc:1649 imb:186 pmb:914 smb:940 d:- ref:0 ;
in:7737 out:7737 type:B dur:2 cpbdur:2 q:34.44 aq:32.45 tex:3129 mv:1985 misc:926 imb:4 pmb:208 smb:1828 d:- ref:0 ;
in:7736 out:7738 type:b dur:2 cpbdur:2 q:34.44 aq:34.45 tex:759 mv:531 misc:470 imb:2 pmb:61 smb:1977 d:- ref:0 ;
in:7738 out:7739 type:b dur:2 cpbdur:2 q:34.44 aq:33.75 tex:786 mv:607 misc:495 imb:3 pmb:61 smb:1976 d:- ref:0 ;
in:7743 out:7740 type:P dur:2 cpbdur:2 q:34.42 aq:28.78 tex:41317 mv:7754 misc:1617 imb:145 pmb:951 smb:944 d:- ref:0 ;
in:7741 out:7741 type:B dur:2 cpbdur:2 q:34.43 aq:32.16 tex:3286 mv:1959 misc:955 imb:6 pmb:203 smb:1831 d:- ref:0 ;
in:7740 out:7742 type:b dur:2 cpbdur:2 q:34.43 aq:33.79 tex:908 mv:566 misc:502 imb:1 pmb:64 smb:1975 d:- ref:0 ;
in:7742 out:7743 type:b dur:2 cpbdur:2 q:34.42 aq:33.95 tex:731 mv:481 misc:500 imb:0 pmb:63 smb:1977 d:- ref:0 ;
in:7747 out:7744 type:P dur:2 cpbdur:2 q:34.41 aq:28.42 tex:42845 mv:8168 misc:1571 imb:227 pmb:960 smb:853 d:- ref:0 ;
in:7745 out:7745 type:B dur:2 cpbdur:2 q:34.42 aq:32.20 tex:3387 mv:1980 misc:1001 imb:8 pmb:217 smb:1815 d:- ref:0 ;
in:7744 out:7746 type:b dur:2 cpbdur:2 q:34.42 aq:35.35 tex:720 mv:573 misc:459 imb:0 pmb:59 smb:1981 d:- ref:0 ;
in:7746 out:7747 type:b dur:2 cpbdur:2 q:34.41 aq:34.68 tex:690 mv:501 misc:481 imb:2 pmb:57 smb:1981 d:- ref:0 ;
in:7751 out:7748 type:P dur:2 cpbdur:2 q:34.39 aq:28.60 tex:41650 mv:7799 misc:1663 imb:170 pmb:975 smb:895 d:- ref:0 ;
in:7749 out:7749 type:B dur:2 cpbdur:2 q:34.40 aq:31.82 tex:3181 mv:1930 misc:1017 imb:9 pmb:213 smb:1818 d:- ref:0 ;
in:7748 out:7750 type:b dur:2 cpbdur:2 q:34.41 aq:34.00 tex:741 mv:528 misc:459 imb:3 pmb:53 smb:1984 d:- ref:0 ;
in:7750 out:7751 type:b dur:2 cpbdur:2 q:34.40 aq:35.18 tex:593 mv:488 misc:455 imb:0 pmb:52 smb:1988 d:- ref:0 ;
in:7755 out:7752 type:P dur:2 cpbdur:2 q:34.38 aq:28.63 tex:40545 mv:7615 misc:1592 imb:173 pmb:933 smb:934 d:- ref:0 ;
in:7753 out:7753 type:B dur:2 cpbdur:2 q:34.39 aq:33.23 tex:2914 mv:1594 misc:780 imb:2 pmb:171 smb:1867 d:- ref:0 ;
in:7752 out:7754 type:b dur:2 cpbdur:2 q:34.39 aq:35.59 tex:559 mv:426 misc:383 imb:1 pmb:42 smb:1997 d:- ref:0 ;
in:7754 out:7755 type:b dur:2 cpbdur:2 q:34.38 aq:33.97 tex:519 mv:323 misc:350 imb:1 pmb:35 smb:2004 d:- ref:0 ;
in:7759 out:7756 type:P dur:2 cpbdur:2 q:34.37 aq:28.75 tex:39890 mv:7055 misc:1695 imb:162 pmb:885 smb:993 d:- ref:0 ;
in:7757 out:7757 type:B dur:2 cpbdur:2 q:34.37 aq:31.77 tex:3056 mv:1587 misc:877 imb:9 pmb:174 smb:1857 d:- ref:0 ;
in:7756 out:7758 type:b dur:2 cpbdur:2 q:34.38 aq:33.60 tex:480 mv:349 misc:355 imb:3 pmb:29 smb:2008 d:- ref:0 ;
in:7758 out:7759 type:b dur:2 cpbdur:2 q:34.37 aq:33.90 tex:403 mv:384 misc:333 imb:1 pmb:31 smb:2008 d:- ref:0 ;
in:7763 out:7760 type:P dur:2 cpbdur:2 q:34.35 aq:28.70 tex:40000 mv:7481 misc:1607 imb:173 pmb:942 smb:925 d:- ref:0 ;
in:7761 out:7761 type:B dur:2 cpbdur:2 q:34.36 aq:31.31 tex:3299 mv:1750 misc:927 imb:6 pmb:187 smb:1847 d:- ref:0 ;
in:7760 out:7762 type:b dur:2 cpbdur:2 q:34.36 aq:34.59 tex:294 mv:342 misc:324 imb:0 pmb:33 smb:2007 d:- ref:0 ;
in:7762 out:7763 type:b dur:2 cpbdur:2 q:34.36 aq:34.78 tex:466 mv:372 misc:370 imb:1 pmb:36 smb:2003 d:- ref:0 ;
in:7767 out:7764 type:P dur:2 cpbdur:2 q:34.33 aq:28.77 tex:38999 mv:6897 misc:1752 imb:147 pmb:893 smb:1000 d:- ref:0 ;
in:7765 out:7765 type:B dur:2 cpbdur:2 q:34.34 aq:32.47 tex:3092 mv:1638 misc:934 imb:8 pmb:187 smb:1845 d:- ref:0 ;
in:7764 out:7766 type:b dur:2 cpbdur:2 q:34.35 aq:34.49 tex:580 mv:337 misc:379 imb:1 pmb:38 smb:2001 d:- ref:0 ;
in:7766 out:7767 type:b dur:2 cpbdur:2 q:34.34 aq:34.66 tex:481 mv:279 misc:344 imb:1 pmb:33 smb:2006 d:- ref:0 ;
in:7771 out:7768 type:P dur:2 cpbdur:2 q:34.32 aq:28.58 tex:40988 mv:6980 misc:1648 imb:160 pmb:912 smb:968 d:- ref:0 ;
in:7769 out:7769 type:B dur:2 cpbdur:2 q:34.33 aq:31.65 tex:2858 mv:1502 misc:920 imb:6 pmb:174 smb:1860 d:- ref:0 ;
in:7768 out:7770 type:b dur:2 cpbdur:2 q:34.33 aq:33.95 tex:537 mv:389 misc:410 imb:1 pmb:41 smb:1998 d:- ref:0 ;
in:7770 out:7771 type:b dur:2 cpbdur:2 q:34.32 aq:34.49 tex:426 mv:303 misc:351 imb:0 pmb:32 smb:2008 d:- ref:0 ;
in:7775 out:7772 type:P dur:2 cpbdur:2 q:34.30 aq:28.48 tex:50372 mv:7437 misc:1623 imb:168 pmb:1007 smb:865 d:- ref:0 ;
in:7773 out:7773 type:B dur:2 cpbdur:2 q:34.31 aq:31.87 tex:2603 mv:1464 misc:877 imb:7 pmb:170 smb:1863 d:- ref:0 ;
in:7772 out:7774 type:b dur:2 cpbdur:2 q:34.32 aq:35.39 tex:308 mv:271 misc:333 imb:0 pmb:29 smb:2011 d:- ref:0 ;
in:7774 out:7775 type:b dur:2 cpbdur:2 q:34.31 aq:34.57 tex:359 mv:237 misc:324 imb:1 pmb:24 smb:2015 d:- ref:0 ;
in:7778 out:7776 type:P dur:2 cpbdur:2 q:34.29 aq:33.77 tex:4314 mv:2021 misc:1049 imb:27 pmb:243 smb:1770 d:- ref:0 ;
in:7776 out:7777 type:B dur:2 cpbdur:2 q:34.30 aq:34.79 tex:531 mv:441 misc:436 imb:1 pmb:46 smb:1993 d:- ref:0 ;
in:7777 out:7778 type:b dur:2 cpbdur:2 q:34.30 aq:33.62 tex:794 mv:487 misc:495 imb:1 pmb:64 smb:1975 d:- ref:0 ;
in:7779 out:7779 type:I dur:2 cpbdur:2 q:31.45 aq:25.59 tex:235057 mv:42299 misc:468 imb:2040 pmb:0 smb:0 d:- ref:;
in:7783 out:7780 type:P dur:2 cpbdur:2 q:34.36 aq:28.86 tex:28736 mv:5560 misc:1408 imb:71 pmb:783 smb:1186 d:- ref:0 ;
in:7781 out:7781 type:B dur:2 cpbdur:2 q:34.36 aq:32.90 tex:1536 mv:1028 misc:532 imb:2 pmb:90 smb:1948 d:- ref:0 ;
in:7780 out:7782 type:b dur:2 cpbdur:2 q:34.36 aq:33.98 tex:133 mv:206 misc:253 imb:0 pmb:16 smb:2024 d:- ref:0 ;
in:7782 out:7783 type:b dur:2 cpbdur:2 q:34.36 aq:33.95 tex:315 mv:281 misc:300 imb:0 pmb:24 smb:2016 d:- ref:0 ;
in:7787 out:7784 type:P dur:2 cpbdur:2 q:34.34 aq:27.95 tex:38020 mv:6609 misc:1515 imb:100 pmb:876 smb:1064 d:- ref:0 ;
in:7785 out:7785 type:B dur:2 cpbdur:2 q:34.35 aq:32.10 tex:2269 mv:1348 misc:719 imb:3 pmb:137 smb:1900 d:- ref:0 ;
in:7784 out:7786 type:b dur:2 cpbdur:2 q:34.36 aq:33.17 tex:350 mv:225 misc:321 imb:0 pmb:26 smb:2014 d:- ref:0 ;
in:7786 out:7787 type:b dur:2 cpbdur:2 q:34.35 aq:32.53 tex:273 mv:258 misc:301 imb:1 pmb:23 smb:2016 d:- ref:0 ;
in:7791 out:7788 type:P dur:2 cpbdur:2 q:34.33 aq:28.61 tex:41494 mv:6661 misc:1573 imb:107 pmb:856 smb:1077 d:- ref:0 ;
in:7789 out:7789 type:B dur:2 cpbdur:2 q:34.33 aq:30.62 tex:2193 mv:1257 misc:718 imb:1 pmb:131 smb:1908 d:- ref:0 ;
in:7788 out:7790 type:b dur:2 cpbdur:2 q:34.34 aq:34.55 tex:432 mv:366 misc:354 imb:0 pmb:36 smb:2004 d:- ref:0 ;
in:7790 out:7791 type:b dur:2 cpbdur:2 q:34.33 aq:34.54 tex:217 mv:348 misc:331 imb:0 pmb:30 smb:2010 d:- ref:0 ;
in:7795 out:7792 type:P dur:2 cpbdur:2 q:34.31 aq:28.96 tex:43300 mv:7200 misc:1540 imb:109 pmb:950 smb:981 d:- ref:0 ;
in:7793 out:7793 type:B dur:2 cpbdur:2 q:34.32 aq:31.94 tex:2466 mv:1431 misc:727 imb:3 pmb:139 smb:1898 d:- ref:0 ;
in:7792 out:7794 type:b dur:2 cpbdur:2 q:34.32 aq:32.72 tex:565 mv:322 misc:353 imb:0 pmb:36 smb:2004 d:- ref:0 ;
in:7794 out:7795 type:b dur:2 cpbdur:2 q:34.32 aq:34.04 tex:369 mv:442 misc:365 imb:1 pmb:38 smb:2001 d:- ref:0 ;
in:7799 out:7796 type:P dur:2 cpbdur:2 q:34.30 aq:28.48 tex:43758 mv:7277 misc:1581 imb:133 pmb:942 smb:965 d:- ref:0 ;
in:7797 out:7797 type:B dur:2 cpbdur:2 q:34.31 aq:31.36 tex:2613 mv:1449 misc:746 imb:5 pmb:141 smb:1894 d:- ref:0 ;
in:7796 out:7798 type:b dur:2 cpbdur:2 q:34.31 aq:35.07 tex:450 mv:360 misc:350 imb:0 pmb:35 smb:2005 d:- ref:0 ;
in:7798 out:7799 type:b dur:2 cpbdur:2 q:34.30 aq:33.53 tex:531 mv:306 misc:371 imb:0 pmb:35 smb:2005 d:- ref:0 ;
in:7803 out:7800 type:P dur:2 cpbdur:2 q:34.28 aq:28.19 tex:46037 mv:7259 misc:1608 imb:136 pmb:944 smb:960 d:- ref:0 ;
in:7801 out:7801 type:B dur:2 cpbdur:2 q:34.29 aq:32.63 tex:2612 mv:1440 misc:740 imb:5 pmb:149 smb:1886 d:- ref:0 ;
in:7800 out:7802 type:b dur:2 cpbdur:2 q:34.30 aq:34.42 tex:558 mv:365 misc:373 imb:0 pmb:37 smb:2003 d:- ref:0 ;
in:7802 out:7803 type:b dur:2 cpbdur:2 q:34.29 aq:34.39 tex:469 mv:315 misc:352 imb:0 pmb:35 smb:2005 d:- ref:0 ;
in:7807 out:7804 type:P dur:2 cpbdur:2 q:34.27 aq:28.38 tex:47996 mv:7979 misc:1553 imb:171 pmb:1003 smb:866 d:- ref:0 ;
in:7805 out:7805 type:B dur:2 cpbdur:2 q:34.28 aq:32.35 tex:2649 mv:1623 misc:760 imb:2 pmb:161 smb:1877 d:- ref:0 ;
in:7804 out:7806 type:b dur:2 cpbdur:2 q:34.28 aq:34.37 tex:419 mv:351 misc:366 imb:0 pmb:36 smb:2004 d:- ref:0 ;
in:7806 out:7807 type:b dur:2 cpbdur:2 q:34.27 aq:31.59 tex:394 mv:436 misc:378 imb:1 pmb:36 smb:2003 d:- ref:0 ;
in:7811 out:7808 type:P dur:2 cpbdur:2 q:34.26 aq:28.28 tex:47904 mv:7656 misc:1544 imb:143 pmb:981 smb:916 d:- ref:0 ;
in:7809 out:7809 type:B dur:2 cpbdur:2 q:34.27 aq:32.60 tex:2323 mv:1788 misc:809 imb:5 pmb:161 smb:1874 d:- ref:0 ;
in:7808 out:7810 type:b dur:2 cpbdur:2 q:34.27 aq:34.44 tex:400 mv:396 misc:364 imb:0 pmb:35 smb:2005 d:- ref:0 ;
in:7810 out:7811 type:b dur:2 cpbdur:2 q:34.26 aq:34.02 tex:549 mv:463 misc:412 imb:0 pmb:47 smb:1993 d:- ref:0 ;
in:7815 out:7812 type:P dur:2 cpbdur:2 q:34.25 aq:27.96 tex:51146 mv:7684 misc:1490 imb:158 pmb:1014 smb:868 d:- ref:0 ;
in:7813 out:7813 type:B dur:2 cpbdur:2 q:34.26 aq:31.51 tex:2525 mv:1577 misc:794 imb:2 pmb:164 smb:1874 d:- ref:0 ;
in:7812 out:7814 type:b dur:2 cpbdur:2 q:34.26 aq:34.57 tex:276 mv:421 misc:367 imb:0 pmb:39 smb:2001 d:- ref:0 ;
in:7814 out:7815 type:b dur:2 cpbdur:2 q:34.25 aq:34.71 tex:321 mv:476 misc:411 imb:0 pmb:44 smb:1996 d:- ref:0 ;
in:7819 out:7816 type:P dur:2 cpbdur:2 q:34.24 aq:27.70 tex:50912 mv:7637 misc:1555 imb:149 pmb:998 smb:893 d:- ref:0 ;
in:7817 out:7817 type:B dur:2 cpbdur:2 q:34.24 aq:31.72 tex:2235 mv:1531 misc:762 imb:4 pmb:148 smb:1888 d:- ref:0 ;
in:7816 out:7818 type:b dur:2 cpbdur:2 q:34.25 aq:34.39 tex:391 mv:448 misc:369 imb:0 pmb:39 smb:2001 d:- ref:0 ;
in:7818 out:7819 type:b dur:2 cpbdur:2 q:34.24 aq:33.08 tex:279 mv:400 misc:337 imb:1 pmb:32 smb:2007 d:- ref:0 ;
in:7823 out:7820 type:P dur:2 cpbdur:2 q:34.22 aq:28.11 tex:52467 mv:7900 misc:1569 imb:181 pmb:1006 smb:853 d:- ref:0 ;
in:7821 out:7821 type:B dur:2 cpbdur:2 q:34.23 aq:31.70 tex:2376 mv:1651 misc:869 imb:6 pmb:160 smb:1874 d:- ref:0 ;
in:7820 out:7822 type:b dur:2 cpbdur:2 q:34.23 aq:34.98 tex:399 mv:425 misc:376 imb:0 pmb:42 smb:1998 d:- ref:0 ;
in:7822 out:7823 type:b dur:2 cpbdur:2 q:34.23 aq:34.16 tex:412 mv:329 misc:339 imb:0 pmb:33 smb:2007 d:- ref:0 ;
in:7827 out:7824 type:P dur:2 cpbdur:2 q:34.22 aq:28.18 tex:49355 mv:7103 misc:1526 imb:140 pmb:972 smb:928 d:- ref:0 ;
in:7825 out:7825 type:B dur:2 cpbdur:2 q:34.22 aq:31.99 tex:1774 mv:1438 misc:820 imb:2 pmb:147 smb:1891 d:- ref:0 ;
in:7824 out:7826 type:b dur:2 cpbdur:2 q:34.22 aq:33.52 tex:242 mv:305 misc:333 imb:0 pmb:31 smb:2009 d:- ref:0 ;
in:7826 out:7827 type:b dur:2 cpbdur:2 q:34.22 aq:31.48 tex:370 mv:341 misc:329 imb:0 pmb:32 smb:2008 d:- ref:0 ;
in:7831 out:7828 type:P dur:2 cpbdur:2 q:34.21 aq:27.73 tex:50675 mv:7278 misc:1559 imb:145 pmb:977 smb:918 d:- ref:0 ;
in:7829 out:7829 type:B dur:2 cpbdur:2 q:34.21 aq:31.06 tex:1927 mv:1586 misc:791 imb:7 pmb:146 smb:1887 d:- ref:0 ;
in:7828 out:7830 type:b dur:2 cpbdur:2 q:34.21 aq:32.85 tex:307 mv:457 misc:348 imb:2 pmb:37 smb:2001 d:- ref:0 ;
in:7830 out:7831 type:b dur:2 cpbdur:2 q:34.21 aq:34.74 tex:207 mv:311 misc:322 imb:0 pmb:30 smb:2010 d:- ref:0 ;
in:7835 out:7832 type:P dur:2 cpbdur:2 q:34.19 aq:28.15 tex:49435 mv:7600 misc:1501 imb:164 pmb:985 smb:891 d:- ref:0 ;
in:7833 out:7833 type:B dur:2 cpbdur:2 q:34.20 aq:31.60 tex:1739 mv:1409 misc:820 imb:4 pmb:141 smb:1895 d:- ref:0 ;
in:7832 out:7834 type:b dur:2 cpbdur:2 q:34.20 aq:34.36 tex:439 mv:429 misc:396 imb:0 pmb:45 smb:1995 d:- ref:0 ;
in:7834 out:7835 type:b dur:2 cpbdur:2 q:34.20 aq:34.90 tex:231 mv:325 misc:332 imb:0 pmb:31 smb:2009 d:- ref:0 ;
in:7839 out:7836 type:P dur:2 cpbdur:2 q:34.18 aq:28.26 tex:51231 mv:7321 misc:1528 imb:155 pmb:965 smb:920 d:- ref:0 ;
in:7837 out:7837 type:B dur:2 cpbdur:2 q:34.19 aq:31.79 tex:2198 mv:1552 misc:818 imb:4 pmb:152 smb:1884 d:- ref:0 ;
in:7836 out:7838 type:b dur:2 cpbdur:2 q:34.19 aq:34.19 tex:475 mv:416 misc:389 imb:0 pmb:42 smb:1998 d:- ref:0 ;
in:7838 out:7839 type:b dur:2 cpbdur:2 q:34.18 aq:33.82 tex:223 mv:422 misc:347 imb:1 pmb:33 smb:2006 d:- ref:0 ;
in:7843 out:7840 type:P dur:2 cpbdur:2 q:34.17 aq:28.32 tex:50403 mv:7248 misc:1589 imb:153 pmb:988 smb:899 d:- ref:0 ;
in:7841 out:7841 type:B dur:2 cpbdur:2 q:34.17 aq:31.30 tex:2491 mv:1599 misc:894 imb:8 pmb:161 smb:1871 d:- ref:0 ;
in:7840 out:7842 type:b dur:2 cpbdur:2 q:34.18 aq:34.30 tex:364 mv:421 misc:383 imb:0 pmb:40 smb:2000 d:- ref:0 ;
in:7842 out:7843 type:b dur:2 cpbdur:2 q:34.17 aq:33.83 tex:420 mv:475 misc:417 imb:1 pmb:47 smb:1992 d:- ref:0 ;
in:7847 out:7844 type:P dur:2 cpbdur:2 q:34.16 aq:28.28 tex:58973 mv:7798 misc:1541 imb:169 pmb:1024 smb:847 d:- ref:0 ;
in:7845 out:7845 type:B dur:2 cpbdur:2 q:34.16 aq:30.84 tex:2338 mv:1734 misc:896 imb:5 pmb:189 smb:1846 d:- ref:0 ;
in:7844 out:7846 type:b dur:2 cpbdur:2 q:34.17 aq:33.00 tex:358 mv:527 misc:403 imb:2 pmb:44 smb:1994 d:- ref:0 ;
in:7846 out:7847 type:b dur:2 cpbdur:2 q:34.16 aq:35.12 tex:570 mv:585 misc:437 imb:0 pmb:59 smb:1981 d:- ref:0 ;
in:7851 out:7848 type:P dur:2 cpbdur:2 q:34.15 aq:28.14 tex:54804 mv:7974 misc:1534 imb:197 pmb:968 smb:875 d:- ref:0 ;
in:7849 out:7849 type:B dur:2 cpbdur:2 q:34.15 aq:31.24 tex:2718 mv:1882 misc:928 imb:10 pmb:196 smb:1834 d:- ref:0 ;
in:7848 out:7850 type:b dur:2 cpbdur:2 q:34.16 aq:34.13 tex:1945 mv:818 misc:517 imb:3 pmb:90 smb:1947 d:- ref:0 ;
in:7850 out:7851 type:b dur:2 cpbdur:2 q:34.15 aq:34.42 tex:316 mv:431 misc:357 imb:0 pmb:35 smb:2005 d:- ref:0 ;
in:7855 out:7852 type:P dur:2 cpbdur:2 q:34.14 aq:28.29 tex:51901 mv:6918 misc:1493 imb:144 pmb:961 smb:935 d:- ref:0 ;
in:7853 out:7853 type:B dur:2 cpbdur:2 q:34.14 aq:31.23 tex:2661 mv:1701 misc:886 imb:4 pmb:172 smb:1864 d:- ref:0 ;
in:7852 out:7854 type:b dur:2 cpbdur:2 q:34.14 aq:34.27 tex:476 mv:468 misc:416 imb:0 pmb:51 smb:1989 d:- ref:0 ;
in:7854 out:7855 type:b dur:2 cpbdur:2 q:34.14 aq:32.32 tex:531 mv:437 misc:400 imb:0 pmb:44 smb:1996 d:- ref:0 ;
in:7859 out:7856 type:P dur:2 cpbdur:2 q:34.13 aq:28.05 tex:53626 mv:7682 misc:1556 imb:183 pmb:979 smb:878 d:- ref:0 ;
in:7857 out:7857 type:B dur:2 cpbdur:2 q:34.13 aq:31.26 tex:2586 mv:1516 misc:818 imb:5 pmb:150 smb:1885 d:- ref:0 ;
in:7856 out:7858 type:b dur:2 cpbdur:2 q:34.14 aq:33.54 tex:486 mv:462 misc:412 imb:0 pmb:48 smb:1992 d:- ref:0 ;
in:7858 out:7859 type:b dur:2 cpbdur:2 q:34.13 aq:29.60 tex:361 mv:487 misc:400 imb:0 pmb:44 smb:1996 d:- ref:0 ;
in:7863 out:7860 type:P dur:2 cpbdur:2 q:34.12 aq:28.28 tex:53068 mv:7389 misc:1543 imb:148 pmb:992 smb:900 d:- ref:0 ;
in:7861 out:7861 type:B dur:2 cpbdur:2 q:34.13 aq:31.57 tex:2780 mv:1583 misc:829 imb:3 pmb:158 smb:1879 d:- ref:0 ;
in:7860 out:7862 type:b dur:2 cpbdur:2 q:34.13 aq:34.24 tex:431 mv:327 misc:362 imb:2 pmb:31 smb:2007 d:- ref:0 ;
in:7862 out:7863 type:b dur:2 cpbdur:2 q:34.12 aq:34.30 tex:490 mv:433 misc:389 imb:0 pmb:43 smb:1997 d:- ref:0 ;
in:7867 out:7864 type:P dur:2 cpbdur:2 q:34.11 aq:28.18 tex:55343 mv:7200 misc:1529 imb:141 pmb:922 smb:977 d:- ref:0 ;
in:7865 out:7865 type:B dur:2 cpbdur:2 q:34.12 aq:32.78 tex:2861 mv:1425 misc:770 imb:0 pmb:160 smb:1880 d:- ref:0 ;
in:7864 out:7866 type:b dur:2 cpbdur:2 q:34.12 aq:34.37 tex:444 mv:463 misc:381 imb:1 pmb:39 smb:2000 d:- ref:0 ;
in:7866 out:7867 type:b dur:2 cpbdur:2 q:34.11 aq:33.77 tex:384 mv:401 misc:383 imb:0 pmb:38 smb:2002 d:- ref:0 ;
in:7871 out:7868 type:P dur:2 cpbdur:2 q:34.10 aq:28.55 tex:56264 mv:7809 misc:1511 imb:189 pmb:977 smb:874 d:- ref:0 ;
in:7869 out:7869 type:B dur:2 cpbdur:2 q:34.10 aq:31.85 tex:3866 mv:1541 misc:841 imb:9 pmb:157 smb:1874 d:- ref:0 ;
in:7868 out:7870 type:b dur:2 cpbdur:2 q:34.11 aq:35.33 tex:754 mv:661 misc:465 imb:1 pmb:63 smb:1976 d:- ref:0 ;
in:7870 out:7871 type:b dur:2 cpbdur:2 q:34.10 aq:32.31 tex:487 mv:483 misc:422 imb:1 pmb:46 smb:1993 d:- ref:0 ;
in:7875 out:7872 type:P dur:2 cpbdur:2 q:34.09 aq:28.40 tex:58738 mv:8169 misc:1549 imb:199 pmb:982 smb:859 d:- ref:0 ;
in:7873 out:7873 type:B dur:2 cpbdur:2 q:34.09 aq:31.22 tex:4841 mv:1891 misc:972 imb:1 pmb:220 smb:1819 d:- ref:0 ;
in:7872 out:7874 type:b dur:2 cpbdur:2 q:34.10 aq:34.34 tex:547 mv:570 misc:475 imb:0 pmb:59 smb:1981 d:- ref:0 ;
in:7874 out:7875 type:b dur:2 cpbdur:2 q:34.09 aq:31.20 tex:729 mv:610 misc:485 imb:3 pmb:58 smb:1979 d:- ref:0 ;
in:7879 out:7876 type:P dur:2 cpbdur:2 q:34.08 aq:28.78 tex:58338 mv:7738 misc:1564 imb:207 pmb:924 smb:909 d:- ref:0 ;
in:7877 out:7877 type:B dur:2 cpbdur:2 q:34.09 aq:32.45 tex:5184 mv:1990 misc:890 imb:5 pmb:212 smb:1823 d:- ref:0 ;
in:7876 out:7878 type:b dur:2 cpbdur:2 q:34.09 aq:33.01 tex:783 mv:689 misc:504 imb:2 pmb:65 smb:1973 d:- ref:0 ;
in:7878 out:7879 type:b dur:2 cpbdur:2 q:34.09 aq:33.86 tex:665 mv:547 misc:476 imb:0 pmb:59 smb:1981 d:- ref:0 ;
in:7883 out:7880 type:P dur:2 cpbdur:2 q:34.08 aq:28.47 tex:59389 mv:7898 misc:1641 imb:158 pmb:995 smb:887 d:- ref:0 ;
in:7881 out:7881 type:B dur:2 cpbdur:2 q:34.08 aq:31.55 tex:5012 mv:2237 misc:991 imb:5 pmb:221 smb:1814 d:- ref:0 ;
in:7880 out:7882 type:b dur:2 cpbdur:2 q:34.08 aq:33.78 tex:687 mv:615 misc:474 imb:3 pmb:59 smb:1978 d:- ref:0 ;
in:7882 out:7883 type:b dur:2 cpbdur:2 q:34.08 aq:34.29 tex:794 mv:688 misc:534 imb:0 pmb:74 smb:1966 d:- ref:0 ;
in:7887 out:7884 type:P dur:2 cpbdur:2 q:34.07 aq:28.01 tex:80760 mv:8479 misc:1601 imb:233 pmb:970 smb:837 d:- ref:0 ;
in:7885 out:7885 type:B dur:2 cpbdur:2 q:34.07 aq:31.54 tex:5173 mv:2613 misc:1078 imb:13 pmb:275 smb:1752 d:- ref:0 ;
in:7884 out:7886 type:b dur:2 cpbdur:2 q:34.07 aq:33.63 tex:706 mv:639 misc:479 imb:0 pmb:61 smb:1979 d:- ref:0 ;
in:7886 out:7887 type:b dur:2 cpbdur:2 q:34.07 aq:34.46 tex:2104 mv:602 misc:590 imb:1 pmb:99 smb:1940 d:- ref:0 ;
in:7891 out:7888 type:P dur:2 cpbdur:2 q:34.08 aq:27.92 tex:82675 mv:8346 misc:1531 imb:213 pmb:1013 smb:814 d:- ref:0 ;
in:7889 out:7889 type:B dur:2 cpbdur:2 q:34.07 aq:32.66 tex:4551 mv:1942 misc:1019 imb:3 pmb:246 smb:1791 d:- ref:0 ;
in:7888 out:7890 type:b dur:2 cpbdur:2 q:34.07 aq:34.51 tex:1120 mv:691 misc:517 imb:3 pmb:66 smb:1971 d:- ref:0 ;
in:7890 out:7891 type:b dur:2 cpbdur:2 q:34.07 aq:35.84 tex:1002 mv:639 misc:511 imb:0 pmb:73 smb:1967 d:- ref:0 ;
in:7895 out:7892 type:P dur:2 cpbdur:2 q:34.08 aq:28.43 tex:66789 mv:7913 misc:1562 imb:188 pmb:1005 smb:847 d:- ref:0 ;
in:7893 out:7893 type:B dur:2 cpbdur:2 q:34.08 aq:32.56 tex:4846 mv:2349 misc:1021 imb:5 pmb:244 smb:1791 d:- ref:0 ;
in:7892 out:7894 type:b dur:2 cpbdur:2 q:34.08 aq:33.80 tex:1062 mv:620 misc:470 imb:2 pmb:63 smb:1975 d:- ref:0 ;
in:7894 out:7895 type:b dur:2 cpbdur:2 q:34.08 aq:34.37 tex:914 mv:674 misc:492 imb:1 pmb:67 smb:1972 d:- ref:0 ;
in:7899 out:7896 type:P dur:2 cpbdur:2 q:34.08 aq:28.38 tex:65553 mv:7950 misc:1569 imb:183 pmb:994 smb:863 d:- ref:0 ;
in:7897 out:7897 type:B dur:2 cpbdur:2 q:34.08 aq:31.94 tex:4218 mv:2094 misc:1000 imb:6 pmb:219 smb:1815 d:- ref:0 ;
in:7896 out:7898 type:b dur:2 cpbdur:2 q:34.08 aq:34.03 tex:915 mv:615 misc:486 imb:1 pmb:65 smb:1974 d:- ref:0 ;
in:7898 out:7899 type:b dur:2 cpbdur:2 q:34.08 aq:35.09 tex:783 mv:762 misc:479 imb:2 pmb:71 smb:1967 d:- ref:0 ;
in:7903 out:7900 type:P dur:2 cpbdur:2 q:34.07 aq:28.44 tex:64250 mv:8122 misc:1548 imb:203 pmb:987 smb:850 d:- ref:0 ;
in:7901 out:7901 type:B dur:2 cpbdur:2 q:34.08 aq:31.67 tex:4151 mv:2193 misc:1008 imb:4 pmb:223 smb:1813 d:- ref:0 ;
in:7900 out:7902 type:b dur:2 cpbdur:2 q:34.08 aq:34.37 tex:987 mv:612 misc:497 imb:3 pmb:62 smb:1975 d:- ref:0 ;
in:7902 out:7903 type:b dur:2 cpbdur:2 q:34.07 aq:34.31 tex:816 mv:650 misc:470 imb:1 pmb:63 smb:1976 d:- ref:0 ;
in:7907 out:7904 type:P dur:2 cpbdur:2 q:34.07 aq:28.60 tex:62816 mv:7610 misc:1566 imb:162 pmb:954 smb:924 d:- ref:0 ;
in:7905 out:7905 type:B dur:2 cpbdur:2 q:34.07 aq:32.08 tex:5376 mv:1984 misc:960 imb:7 pmb:218 smb:1815 d:- ref:0 ;
in:7904 out:7906 type:b dur:2 cpbdur:2 q:34.07 aq:35.05 tex:1018 mv:655 misc:463 imb:1 pmb:69 smb:1970 d:- ref:0 ;
in:7906 out:7907 type:b dur:2 cpbdur:2 q:34.07 aq:33.42 tex:1000 mv:597 misc:459 imb:1 pmb:65 smb:1974 d:- ref:0 ;
in:7911 out:7908 type:P dur:2 cpbdur:2 q:34.07 aq:28.24 tex:64487 mv:8180 misc:1597 imb:242 pmb:1003 smb:795 d:- ref:0 ;
in:7909 out:7909 type:B dur:2 cpbdur:2 q:34.07 aq:32.80 tex:4375 mv:1794 misc:887 imb:6 pmb:192 smb:1842 d:- ref:0 ;
in:7908 out:7910 type:b dur:2 cpbdur:2 q:34.07 aq:34.44 tex:779 mv:638 misc:471 imb:2 pmb:60 smb:1978 d:- ref:0 ;
in:7910 out:7911 type:b dur:2 cpbdur:2 q:34.07 aq:33.90 tex:740 mv:491 misc:457 imb:0 pmb:55 smb:1985 d:- ref:0 ;
in:7915 out:7912 type:P dur:2 cpbdur:2 q:34.06 aq:28.18 tex:69729 mv:7818 misc:1541 imb:169 pmb:992 smb:879 d:- ref:0 ;
in:7913 out:7913 type:B dur:2 cpbdur:2 q:34.07 aq:31.89 tex:6796 mv:2008 misc:956 imb:10 pmb:241 smb:1789 d:- ref:0 ;
in:7912 out:7914 type:b dur:2 cpbdur:2 q:34.07 aq:34.43 tex:709 mv:549 misc:414 imb:0 pmb:50 smb:1990 d:- ref:0 ;
in:7914 out:7915 type:b dur:2 cpbdur:2 q:34.06 aq:33.09 tex:1362 mv:698 misc:532 imb:1 pmb:92 smb:1947 d:- ref:0 ;
in:7919 out:7916 type:P dur:2 cpbdur:2 q:34.06 aq:28.23 tex:63060 mv:7864 misc:1508 imb:164 pmb:1036 smb:840 d:- ref:0 ;
in:7917 out:7917 type:B dur:2 cpbdur:2 q:34.06 aq:31.57 tex:3472 mv:1735 misc:921 imb:7 pmb:175 smb:1858 d:- ref:0 ;
in:7916 out:7918 type:b dur:2 cpbdur:2 q:34.06 aq:33.59 tex:639 mv:443 misc:406 imb:1 pmb:43 smb:1996 d:- ref:0 ;
in:7918 out:7919 type:b dur:2 cpbdur:2 q:34.06 aq:33.47 tex:587 mv:467 misc:418 imb:0 pmb:48 smb:1992 d:- ref:0 ;
in:7923 out:7920 type:P dur:2 cpbdur:2 q:34.06 aq:28.11 tex:61692 mv:7427 misc:1529 imb:182 pmb:957 smb:901 d:- ref:0 ;
in:7921 out:7921 type:B dur:2 cpbdur:2 q:34.06 aq:31.17 tex:2878 mv:1623 misc:899 imb:0 pmb:174 smb:1866 d:- ref:0 ;
in:7920 out:7922 type:b dur:2 cpbdur:2 q:34.06 aq:33.46 tex:533 mv:429 misc:366 imb:1 pmb:34 smb:2005 d:- ref:0 ;
in:7922 out:7923 type:b dur:2 cpbdur:2 q:34.06 aq:33.17 tex:472 mv:463 misc:401 imb:0 pmb:42 smb:1998 d:- ref:0 ;
in:7927 out:7924 type:P dur:2 cpbdur:2 q:34.05 aq:28.15 tex:64286 mv:7717 misc:1517 imb:179 pmb:978 smb:883 d:- ref:0 ;
in:7925 out:7925 type:B dur:2 cpbdur:2 q:34.06 aq:31.82 tex:3281 mv:1509 misc:842 imb:6 pmb:162 smb:1872 d:- ref:0 ;
in:7924 out:7926 type:b dur:2 cpbdur:2 q:34.06 aq:34.25 tex:717 mv:391 misc:412 imb:1 pmb:45 smb:1994 d:- ref:0 ;
in:7926 out:7927 type:b dur:2 cpbdur:2 q:34.06 aq:33.30 tex:624 mv:424 misc:432 imb:1 pmb:54 smb:1985 d:- ref:0 ;
in:7931 out:7928 type:P dur:2 cpbdur:2 q:34.05 aq:28.33 tex:65966 mv:7619 misc:1615 imb:190 pmb:967 smb:883 d:- ref:0 ;
in:7929 out:7929 type:B dur:2 cpbdur:2 q:34.05 aq:30.83 tex:3416 mv:1476 misc:836 imb:6 pmb:156 smb:1878 d:- ref:0 ;
in:7928 out:7930 type:b dur:2 cpbdur:2 q:34.05 aq:33.22 tex:542 mv:506 misc:432 imb:1 pmb:48 smb:1991 d:- ref:0 ;
in:7930 out:7931 type:b dur:2 cpbdur:2 q:34.05 aq:33.09 tex:734 mv:513 misc:441 imb:2 pmb:48 smb:1990 d:- ref:0 ;
in:7935 out:7932 type:P dur:2 cpbdur:2 q:34.04 aq:28.09 tex:64374 mv:7458 misc:1632 imb:194 pmb:933 smb:913 d:- ref:0 ;
in:7933 out:7933 type:B dur:2 cpbdur:2 q:34.04 aq:32.59 tex:3245 mv:1363 misc:824 imb:5 pmb:151 smb:1884 d:- ref:0 ;
in:7932 out:7934 type:b dur:2 cpbdur:2 q:34.04 aq:33.37 tex:597 mv:499 misc:400 imb:0 pmb:43 smb:1997 d:- ref:0 ;
in:7934 out:7935 type:b dur:2 cpbdur:2 q:34.04 aq:34.61 tex:585 mv:542 misc:425 imb:1 pmb:49 smb:1990 d:- ref:0 ;
in:7939 out:7936 type:P dur:2 cpbdur:2 q:34.04 aq:28.42 tex:64477 mv:7308 misc:1599 imb:150 pmb:952 smb:938 d:- ref:0 ;
in:7937 out:7937 type:B dur:2 cpbdur:2 q:34.04 aq:32.11 tex:2355 mv:1507 misc:826 imb:8 pmb:142 smb:1890 d:- ref:0 ;
in:7936 out:7938 type:b dur:2 cpbdur:2 q:34.04 aq:31.86 tex:469 mv:500 misc:407 imb:1 pmb:43 smb:1996 d:- ref:0 ;
in:7938 out:7939 type:b dur:2 cpbdur:2 q:34.04 aq:33.55 tex:492 mv:412 misc:392 imb:2 pmb:42 smb:1996 d:- ref:0 ;
in:7943 out:7940 type:P dur:2 cpbdur:2 q:34.03 aq:28.12 tex:65149 mv:7047 misc:1596 imb:185 pmb:895 smb:960 d:- ref:0 ;
in:7941 out:7941 type:B dur:2 cpbdur:2 q:34.04 aq:33.33 tex:2435 mv:1544 misc:837 imb:8 pmb:137 smb:1895 d:- ref:0 ;
in:7940 out:7942 type:b dur:2 cpbdur:2 q:34.04 aq:34.43 tex:610 mv:450 misc:404 imb:1 pmb:41 smb:1998 d:- ref:0 ;
in:7942 out:7943 type:b dur:2 cpbdur:2 q:34.03 aq:32.70 tex:347 mv:348 misc:337 imb:0 pmb:31 smb:2009 d:- ref:0 ;
in:7947 out:7944 type:P dur:2 cpbdur:2 q:34.03 aq:28.31 tex:62139 mv:7168 misc:1589 imb:178 pmb:950 smb:912 d:- ref:0 ;
in:7945 out:7945 type:B dur:2 cpbdur:2 q:34.03 aq:31.51 tex:2346 mv:1367 misc:791 imb:10 pmb:130 smb:1900 d:- ref:0 ;
in:7944 out:7946 type:b dur:2 cpbdur:2 q:34.03 aq:33.04 tex:437 mv:315 misc:336 imb:1 pmb:30 smb:2009 d:- ref:0 ;
in:7946 out:7947 type:b dur:2 cpbdur:2 q:34.03 aq:32.61 tex:321 mv:376 misc:351 imb:0 pmb:34 smb:2006 d:- ref:0 ;
in:7951 out:7948 type:P dur:2 cpbdur:2 q:34.02 aq:28.27 tex:62823 mv:7354 misc:1679 imb:165 pmb:933 smb:942 d:- ref:0 ;
in:7949 out:7949 type:B dur:2 cpbdur:2 q:34.02 aq:31.73 tex:2069 mv:1352 misc:827 imb:6 pmb:136 smb:1898 d:- ref:0 ;
in:7948 out:7950 type:b dur:2 cpbdur:2 q:34.02 aq:35.12 tex:420 mv:354 misc:370 imb:0 pmb:33 smb:2007 d:- ref:0 ;
in:7950 out:7951 type:b dur:2 cpbdur:2 q:34.02 aq:33.68 tex:543 mv:303 misc:362 imb:1 pmb:35 smb:2004 d:- ref:0 ;
in:7955 out:7952 type:P dur:2 cpbdur:2 q:34.01 aq:28.20 tex:63152 mv:7162 misc:1550 imb:196 pmb:896 smb:948 d:- ref:0 ;
in:7953 out:7953 type:B dur:2 cpbdur:2 q:34.02 aq:31.64 tex:2333 mv:1439 misc:868 imb:8 pmb:146 smb:1886 d:- ref:0 ;
in:7952 out:7954 type:b dur:2 cpbdur:2 q:34.02 aq:32.74 tex:344 mv:348 misc:388 imb:0 pmb:39 smb:2001 d:- ref:0 ;
in:7954 out:7955 type:b dur:2 cpbdur:2 q:34.02 aq:34.52 tex:362 mv:426 misc:388 imb:1 pmb:39 smb:2000 d:- ref:0 ;
in:7959 out:7956 type:P dur:2 cpbdur:2 q:34.01 aq:27.98 tex:65336 mv:7513 misc:1607 imb:185 pmb:965 smb:890 d:- ref:0 ;
in:7957 out:7957 type:B dur:2 cpbdur:2 q:34.01 aq:32.28 tex:2164 mv:1478 misc:862 imb:6 pmb:152 smb:1882 d:- ref:0 ;
in:7956 out:7958 type:b dur:2 cpbdur:2 q:34.01 aq:34.07 tex:484 mv:390 misc:398 imb:2 pmb:39 smb:1999 d:- ref:0 ;
in:7958 out:7959 type:b dur:2 cpbdur:2 q:34.01 aq:33.33 tex:371 mv:457 misc:388 imb:2 pmb:36 smb:2002 d:- ref:0 ;
in:7963 out:7960 type:P dur:2 cpbdur:2 q:34.00 aq:28.39 tex:64330 mv:7014 misc:1520 imb:179 pmb:937 smb:924 d:- ref:0 ;
in:7961 out:7961 type:B dur:2 cpbdur:2 q:34.00 aq:31.84 tex:2605 mv:1676 misc:927 imb:10 pmb:165 smb:1865 d:- ref:0 ;
in:7960 out:7962 type:b dur:2 cpbdur:2 q:34.01 aq:34.40 tex:341 mv:550 misc:429 imb:1 pmb:49 smb:1990 d:- ref:0 ;
in:7962 out:7963 type:b dur:2 cpbdur:2 q:34.00 aq:33.58 tex:303 mv:479 misc:418 imb:1 pmb:42 smb:1997 d:- ref:0 ;
in:7967 out:7964 type:P dur:2 cpbdur:2 q:33.99 aq:28.19 tex:64772 mv:6664 misc:1564 imb:147 pmb:894 smb:999 d:- ref:0 ;
in:7965 out:7965 type:B dur:2 cpbdur:2 q:34.00 aq:32.56 tex:3008 mv:1435 misc:893 imb:8 pmb:156 smb:1876 d:- ref:0 ;
in:7964 out:7966 type:b dur:2 cpbdur:2 q:34.00 aq:33.59 tex:322 mv:512 misc:414 imb:1 pmb:45 smb:1994 d:- ref:0 ;
in:7966 out:7967 type:b dur:2 cpbdur:2 q:33.99 aq:34.28 tex:414 mv:484 misc:398 imb:1 pmb:40 smb:1999 d:- ref:0 ;
in:7971 out:7968 type:P dur:2 cpbdur:2 q:33.99 aq:27.92 tex:66290 mv:6984 misc:1542 imb:184 pmb:883 smb:973 d:- ref:0 ;
in:7969 out:7969 type:B dur:2 cpbdur:2 q:33.99 aq:31.56 tex:2415 mv:1443 misc:862 imb:9 pmb:148 smb:1883 d:- ref:0 ;
in:7968 out:7970 type:b dur:2 cpbdur:2 q:33.99 aq:34.36 tex:485 mv:512 misc:395 imb:1 pmb:42 smb:1997 d:- ref:0 ;
in:7970 out:7971 type:b dur:2 cpbdur:2 q:33.99 aq:34.23 tex:464 mv:532 misc:412 imb:0 pmb:45 smb:1995 d:- ref:0 ;
in:7975 out:7972 type:P dur:2 cpbdur:2 q:33.98 aq:28.15 tex:65177 mv:7150 misc:1593 imb:147 pmb:920 smb:973 d:- ref:0 ;
in:7973 out:7973 type:B dur:2 cpbdur:2 q:33.99 aq:31.92 tex:3103 mv:1527 misc:858 imb:9 pmb:157 smb:1874 d:- ref:0 ;
in:7972 out:7974 type:b dur:2 cpbdur:2 q:33.99 aq:34.56 tex:558 mv:392 misc:354 imb:0 pmb:36 smb:2004 d:- ref:0 ;
in:7974 out:7975 type:b dur:2 cpbdur:2 q:33.99 aq:34.52 tex:627 mv:458 misc:411 imb:0 pmb:46 smb:1994 d:- ref:0 ;
in:7979 out:7976 type:P dur:2 cpbdur:2 q:33.98 aq:28.04 tex:65523 mv:7421 misc:1656 imb:162 pmb:954 smb:924 d:- ref:0 ;
in:7977 out:7977 type:B dur:2 cpbdur:2 q:33.98 aq:31.90 tex:2604 mv:1249 misc:787 imb:3 pmb:138 smb:1899 d:- ref:0 ;
in:7976 out:7978 type:b dur:2 cpbdur:2 q:33.98 aq:33.48 tex:421 mv:476 misc:375 imb:0 pmb:39 smb:2001 d:- ref:0 ;
in:7978 out:7979 type:b dur:2 cpbdur:2 q:33.98 aq:33.60 tex:471 mv:369 misc:368 imb:1 pmb:35 smb:2004 d:- ref:0 ;
in:7983 out:7980 type:P dur:2 cpbdur:2 q:33.97 aq:27.84 tex:66316 mv:7227 misc:1649 imb:187 pmb:887 smb:966 d:- ref:0 ;
in:7981 out:7981 type:B dur:2 cpbdur:2 q:33.97 aq:31.81 tex:2711 mv:1440 misc:777 imb:9 pmb:129 smb:1902 d:- ref:0 ;
in:7980 out:7982 type:b dur:2 cpbdur:2 q:33.98 aq:33.93 tex:503 mv:514 misc:423 imb:1 pmb:46 smb:1993 d:- ref:0 ;
in:7982 out:7983 type:b dur:2 cpbdur:2 q:33.97 aq:33.92 tex:496 mv:434 misc:398 imb:2 pmb:37 smb:2001 d:- ref:0 ;
in:7987 out:7984 type:P dur:2 cpbdur:2 q:33.97 aq:28.06 tex:66526 mv:7007 misc:1555 imb:167 pmb:919 smb:954 d:- ref:0 ;
in:7985 out:7985 type:B dur:2 cpbdur:2 q:33.97 aq:31.71 tex:3305 mv:1273 misc:846 imb:6 pmb:151 smb:1883 d:- ref:0 ;
in:7984 out:7986 type:b dur:2 cpbdur:2 q:33.97 aq:33.41 tex:493 mv:357 misc:366 imb:0 pmb:37 smb:2003 d:- ref:0 ;
in:7986 out:7987 type:b dur:2 cpbdur:2 q:33.97 aq:33.42 tex:463 mv:429 misc:372 imb:2 pmb:36 smb:2002 d:- ref:0 ;
in:7991 out:7988 type:P dur:2 cpbdur:2 q:33.96 aq:27.69 tex:64422 mv:6971 misc:1647 imb:144 pmb:920 smb:976 d:- ref:0 ;
in:7989 out:7989 type:B dur:2 cpbdur:2 q:33.97 aq:31.56 tex:2135 mv:1215 misc:786 imb:1 pmb:129 smb:1910 d:- ref:0 ;
in:7988 out:7990 type:b dur:2 cpbdur:2 q:33.97 aq:33.93 tex:442 mv:456 misc:398 imb:2 pmb:39 smb:1999 d:- ref:0 ;
in:7990 out:7991 type:b dur:2 cpbdur:2 q:33.97 aq:33.23 tex:309 mv:361 misc:354 imb:0 pmb:36 smb:2004 d:- ref:0 ;
in:7995 out:7992 type:P dur:2 cpbdur:2 q:33.96 aq:27.54 tex:63422 mv:6669 misc:1629 imb:181 pmb:857 smb:1002 d:- ref:0 ;
in:7993 out:7993 type:B dur:2 cpbdur:2 q:33.96 aq:31.02 tex:2993 mv:1492 misc:883 imb:12 pmb:151 smb:1877 d:- ref:0 ;
in:7992 out:7994 type:b dur:2 cpbdur:2 q:33.96 aq:33.84 tex:235 mv:293 misc:320 imb:0 pmb:26 smb:2014 d:- ref:0 ;
in:7994 out:7995 type:b dur:2 cpbdur:2 q:33.96 aq:33.54 tex:365 mv:373 misc:342 imb:1 pmb:32 smb:2007 d:- ref:0 ;
in:7999 out:7996 type:P dur:2 cpbdur:2 q:33.95 aq:27.59 tex:61030 mv:6840 misc:1602 imb:169 pmb:880 smb:991 d:- ref:0 ;
in:7997 out:7997 type:B dur:2 cpbdur:2 q:33.95 aq:31.67 tex:2626 mv:1335 misc:839 imb:7 pmb:141 smb:1892 d:- ref:0 ;
in:7996 out:7998 type:b dur:2 cpbdur:2 q:33.96 aq:33.95 tex:499 mv:305 misc:364 imb:0 pmb:33 smb:2007 d:- ref:0 ;
in:7998 out:7999 type:b dur:2 cpbdur:2 q:33.95 aq:34.52 tex:409 mv:298 misc:333 imb:0 pmb:29 smb:2011 d:- ref:0 ;
in:8003 out:8000 type:P dur:2 cpbdur:2 q:33.95 aq:28.05 tex:60886 mv:6560 misc:1522 imb:152 pmb:860 smb:1028 d:- ref:0 ;
in:8001 out:8001 type:B dur:2 cpbdur:2 q:33.95 aq:32.20 tex:2195 mv:1413 misc:776 imb:12 pmb:126 smb:1902 d:- ref:0 ;
in:8000 out:8002 type:b dur:2 cpbdur:2 q:33.95 aq:33.58 tex:308 mv:269 misc:319 imb:0 pmb:27 smb:2013 d:- ref:0 ;
in:8002 out:8003 type:b dur:2 cpbdur:2 q:33.95 aq:33.99 tex:424 mv:381 misc:347 imb:0 pmb:33 smb:2007 d:- ref:0 ;
in:8007 out:8004 type:P dur:2 cpbdur:2 q:33.94 aq:27.71 tex:61443 mv:6612 misc:1609 imb:181 pmb:834 smb:1025 d:- ref:0 ;
in:8005 out:8005 type:B dur:2 cpbdur:2 q:33.94 aq:31.91 tex:2628 mv:1307 misc:825 imb:7 pmb:140 smb:1893 d:- ref:0 ;
in:8004 out:8006 type:b dur:2 cpbdur:2 q:33.94 aq:33.25 tex:490 mv:432 misc:374 imb:1 pmb:36 smb:2003 d:- ref:0 ;
in:8006 out:8007 type:b dur:2 cpbdur:2 q:33.94 aq:33.20 tex:344 mv:384 misc:352 imb:0 pmb:31 smb:2009 d:- ref:0 ;
in:8011 out:8008 type:P dur:2 cpbdur:2 q:33.93 aq:27.83 tex:59207 mv:6733 misc:1596 imb:158 pmb:853 smb:1029 d:- ref:0 ;
in:8009 out:8009 type:B dur:2 cpbdur:2 q:33.93 aq:30.80 tex:2724 mv:1504 misc:844 imb:6 pmb:152 smb:1882 d:- ref:0 ;
in:8008 out:8010 type:b dur:2 cpbdur:2 q:33.93 aq:32.91 tex:423 mv:274 misc:351 imb:1 pmb:30 smb:2009 d:- ref:0 ;
in:8010 out:8011 type:b dur:2 cpbdur:2 q:33.93 aq:34.36 tex:328 mv:308 misc:348 imb:0 pmb:32 smb:2008 d:- ref:0 ;
in:8015 out:8012 type:P dur:2 cpbdur:2 q:33.92 aq:27.68 tex:61710 mv:6559 misc:1475 imb:145 pmb:866 smb:1029 d:- ref:0 ;
in:8013 out:8013 type:B dur:2 cpbdur:2 q:33.92 aq:31.45 tex:2444 mv:1209 misc:771 imb:8 pmb:133 smb:1899 d:- ref:0 ;
in:8012 out:8014 type:b dur:2 cpbdur:2 q:33.93 aq:33.55 tex:485 mv:383 misc:380 imb:0 pmb:36 smb:2004 d:- ref:0 ;
in:8014 out:8015 type:b dur:2 cpbdur:2 q:33.92 aq:33.35 tex:485 mv:293 misc:342 imb:1 pmb:32 smb:2007 d:- ref:0 ;
in:8019 out:8016 type:P dur:2 cpbdur:2 q:33.91 aq:27.96 tex:62910 mv:6130 misc:1504 imb:146 pmb:807 smb:1087 d:- ref:0 ;
in:8017 out:8017 type:B dur:2 cpbdur:2 q:33.92 aq:31.32 tex:2891 mv:1270 misc:847 imb:11 pmb:134 smb:1895 d:- ref:0 ;
in:8016 out:8018 type:b dur:2 cpbdur:2 q:33.92 aq:32.98 tex:489 mv:398 misc:369 imb:2 pmb:33 smb:2005 d:- ref:0 ;
in:8018 out:8019 type:b dur:2 cpbdur:2 q:33.91 aq:33.23 tex:295 mv:317 misc:348 imb:0 pmb:28 smb:2012 d:- ref:0 ;
in:8023 out:8020 type:P dur:2 cpbdur:2 q:33.91 aq:28.12 tex:60978 mv:6068 misc:1386 imb:149 pmb:826 smb:1065 d:- ref:0 ;
in:8021 out:8021 type:B dur:2 cpbdur:2 q:33.91 aq:31.03 tex:2930 mv:1489 misc:909 imb:17 pmb:146 smb:1877 d:- ref:0 ;
in:8020 out:8022 type:b dur:2 cpbdur:2 q:33.91 aq:33.66 tex:450 mv:382 misc:360 imb:1 pmb:32 smb:2007 d:- ref:0 ;
in:8022 out:8023 type:b dur:2 cpbdur:2 q:33.91 aq:32.03 tex:329 mv:247 misc:304 imb:1 pmb:22 smb:2017 d:- ref:0 ;
in:8027 out:8024 type:P dur:2 cpbdur:2 q:33.90 aq:27.84 tex:60923 mv:6496 misc:1621 imb:170 pmb:842 smb:1028 d:- ref:0 ;
in:8025 out:8025 type:B dur:2 cpbdur:2 q:33.90 aq:31.82 tex:2679 mv:1260 misc:749 imb:13 pmb:121 smb:1906 d:- ref:0 ;
in:8024 out:8026 type:b dur:2 cpbdur:2 q:33.90 aq:33.37 tex:543 mv:352 misc:377 imb:1 pmb:35 smb:2004 d:- ref:0 ;
in:8026 out:8027 type:b dur:2 cpbdur:2 q:33.90 aq:33.57 tex:553 mv:330 misc:365 imb:0 pmb:34 smb:2006 d:- ref:0 ;
in:8028 out:8028 type:P dur:2 cpbdur:2 q:33.89 aq:32.74 tex:1852 mv:566 misc:622 imb:5 pmb:104 smb:1931 d:- ref:0 ;
in:8029 out:8029 type:I dur:2 cpbdur:2 q:31.02 aq:25.19 tex:242890 mv:38740 misc:482 imb:2040 pmb:0 smb:0 d:- ref:;
in:8033 out:8030 type:P dur:2 cpbdur:2 q:33.98 aq:28.49 tex:54578 mv:4893 misc:1145 imb:90 pmb:711 smb:1239 d:- ref:0 ;
in:8031 out:8031 type:B dur:2 cpbdur:2 q:33.98 aq:31.40 tex:2612 mv:1198 misc:726 imb:15 pmb:125 smb:1900 d:- ref:0 ;
in:8030 out:8032 type:b dur:2 cpbdur:2 q:33.98 aq:32.65 tex:1579 mv:311 misc:374 imb:1 pmb:55 smb:1984 d:- ref:0 ;
in:8032 out:8033 type:b dur:2 cpbdur:2 q:33.98 aq:33.47 tex:420 mv:351 misc:365 imb:1 pmb:35 smb:2004 d:- ref:0 ;
in:8037 out:8034 type:P dur:2 cpbdur:2 q:33.96 aq:28.82 tex:52637 mv:4774 misc:1349 imb:60 pmb:684 smb:1296 d:- ref:0 ;
in:8035 out:8035 type:B dur:2 cpbdur:2 q:33.97 aq:32.33 tex:2316 mv:965 misc:663 imb:3 pmb:100 smb:1937 d:- ref:0 ;
in:8034 out:8036 type:b dur:2 cpbdur:2 q:33.97 aq:32.75 tex:481 mv:249 misc:302 imb:0 pmb:25 smb:2015 d:- ref:0 ;
in:8036 out:8037 type:b dur:2 cpbdur:2 q:33.96 aq:33.58 tex:293 mv:276 misc:311 imb:0 pmb:23 smb:2017 d:- ref:0 ;
in:8041 out:8038 type:P dur:2 cpbdur:2 q:33.96 aq:27.78 tex:54584 mv:6060 misc:1572 imb:107 pmb:782 smb:1151 d:- ref:0 ;
in:8039 out:8039 type:B dur:2 cpbdur:2 q:33.96 aq:32.23 tex:2666 mv:928 misc:678 imb:3 pmb:108 smb:1929 d:- ref:0 ;
in:8038 out:8040 type:b dur:2 cpbdur:2 q:33.96 aq:32.61 tex:437 mv:361 misc:362 imb:1 pmb:33 smb:2006 d:- ref:0 ;
in:8040 out:8041 type:b dur:2 cpbdur:2 q:33.96 aq:32.41 tex:550 mv:293 misc:349 imb:1 pmb:30 smb:2009 d:- ref:0 ;
in:8045 out:8042 type:P dur:2 cpbdur:2 q:33.95 aq:27.73 tex:57380 mv:6579 misc:1649 imb:122 pmb:865 smb:1053 d:- ref:0 ;
in:8043 out:8043 type:B dur:2 cpbdur:2 q:33.95 aq:30.76 tex:2362 mv:1028 misc:706 imb:4 pmb:107 smb:1929 d:- ref:0 ;
in:8042 out:8044 type:b dur:2 cpbdur:2 q:33.95 aq:31.79 tex:398 mv:295 misc:355 imb:0 pmb:30 smb:2010 d:- ref:0 ;
in:8044 out:8045 type:b dur:2 cpbdur:2 q:33.95 aq:32.85 tex:360 mv:329 misc:359 imb:0 pmb:31 smb:2009 d:- ref:0 ;
in:8049 out:8046 type:P dur:2 cpbdur:2 q:33.94 aq:27.96 tex:57369 mv:6916 misc:1571 imb:153 pmb:866 smb:1021 d:- ref:0 ;
in:8047 out:8047 type:B dur:2 cpbdur:2 q:33.94 aq:31.52 tex:3066 mv:1054 misc:792 imb:5 pmb:130 smb:1905 d:- ref:0 ;
in:8046 out:8048 type:b dur:2 cpbdur:2 q:33.95 aq:33.58 tex:461 mv:329 misc:330 imb:0 pmb:32 smb:2008 d:- ref:0 ;
in:8048 out:8049 type:b dur:2 cpbdur:2 q:33.94 aq:33.10 tex:398 mv:272 misc:346 imb:0 pmb:29 smb:2011 d:- ref:0 ;
in:8053 out:8050 type:P dur:2 cpbdur:2 q:33.93 aq:28.05 tex:59574 mv:6821 misc:1573 imb:152 pmb:876 smb:1012 d:- ref:0 ;
in:8051 out:8051 type:B dur:2 cpbdur:2 q:33.93 aq:31.64 tex:2945 mv:1182 misc:793 imb:7 pmb:125 smb:1908 d:- ref:0 ;
in:8050 out:8052 type:b dur:2 cpbdur:2 q:33.94 aq:33.45 tex:526 mv:323 misc:359 imb:2 pmb:33 smb:2005 d:- ref:0 ;
in:8052 out:8053 type:b dur:2 cpbdur:2 q:33.93 aq:33.69 tex:402 mv:299 misc:307 imb:1 pmb:22 smb:2017 d:- ref:0 ;
in:8057 out:8054 type:P dur:2 cpbdur:2 q:33.92 aq:27.67 tex:62741 mv:6896 misc:1627 imb:181 pmb:847 smb:1012 d:- ref:0 ;
in:8055 out:8055 type:B dur:2 cpbdur:2 q:33.92 aq:31.66 tex:3460 mv:1125 misc:759 imb:2 pmb:138 smb:1900 d:- ref:0 ;
in:8054 out:8056 type:b dur:2 cpbdur:2 q:33.93 aq:32.48 tex:439 mv:373 misc:388 imb:2 pmb:36 smb:2002 d:- ref:0 ;
in:8056 out:8057 type:b dur:2 cpbdur:2 q:33.92 aq:34.90 tex:670 mv:393 misc:401 imb:0 pmb:41 smb:1999 d:- ref:0 ;
in:8061 out:8058 type:P dur:2 cpbdur:2 q:33.92 aq:27.87 tex:62237 mv:6525 misc:1694 imb:163 pmb:824 smb:1053 d:- ref:0 ;
in:8059 out:8059 type:B dur:2 cpbdur:2 q:33.92 aq:32.47 tex:3343 mv:1270 misc:843 imb:5 pmb:149 smb:1886 d:- ref:0 ;
in:8058 out:8060 type:b dur:2 cpbdur:2 q:33.92 aq:32.04 tex:1017 mv:506 misc:445 imb:5 pmb:46 smb:1989 d:- ref:0 ;
in:8060 out:8061 type:b dur:2 cpbdur:2 q:33.92 aq:33.00 tex:399 mv:376 misc:361 imb:2 pmb:30 smb:2008 d:- ref:0 ;
in:8065 out:8062 type:P dur:2 cpbdur:2 q:33.91 aq:27.88 tex:61676 mv:6827 misc:1657 imb:201 pmb:803 smb:1036 d:- ref:0 ;
in:8063 out:8063 type:B dur:2 cpbdur:2 q:33.91 aq:31.38 tex:2889 mv:1172 misc:739 imb:4 pmb:122 smb:1914 d:- ref:0 ;
in:8062 out:8064 type:b dur:2 cpbdur:2 q:33.92 aq:33.39 tex:420 mv:384 misc:356 imb:0 pmb:34 smb:2006 d:- ref:0 ;
in:8064 out:8065 type:b dur:2 cpbdur:2 q:33.91 aq:33.41 tex:438 mv:369 misc:393 imb:4 pmb:35 smb:2001 d:- ref:0 ;
in:8069 out:8066 type:P dur:2 cpbdur:2 q:33.90 aq:27.45 tex:62656 mv:7135 misc:1753 imb:224 pmb:845 smb:971 d:- ref:0 ;
in:8067 out:8067 type:B dur:2 cpbdur:2 q:33.91 aq:31.12 tex:3688 mv:1231 misc:841 imb:10 pmb:141 smb:1889 d:- ref:0 ;
in:8066 out:8068 type:b dur:2 cpbdur:2 q:33.91 aq:33.10 tex:596 mv:435 misc:409 imb:2 pmb:39 smb:1999 d:- ref:0 ;
in:8068 out:8069 type:b dur:2 cpbdur:2 q:33.91 aq:33.85 tex:200 mv:366 misc:338 imb:0 pmb:29 smb:2011 d:- ref:0 ;
in:8073 out:8070 type:P dur:2 cpbdur:2 q:33.90 aq:27.52 tex:64787 mv:6995 misc:1626 imb:200 pmb:878 smb:962 d:- ref:0 ;
in:8071 out:8071 type:B dur:2 cpbdur:2 q:33.90 aq:30.71 tex:2894 mv:1047 misc:779 imb:8 pmb:125 smb:1907 d:- ref:0 ;
in:8070 out:8072 type:b dur:2 cpbdur:2 q:33.90 aq:34.02 tex:399 mv:398 misc:363 imb:0 pmb:35 smb:2005 d:- ref:0 ;
in:8072 out:8073 type:b dur:2 cpbdur:2 q:33.90 aq:33.45 tex:546 mv:337 misc:341 imb:1 pmb:31 smb:2008 d:- ref:0 ;
in:8077 out:8074 type:P dur:2 cpbdur:2 q:33.89 aq:27.63 tex:63442 mv:6341 misc:1657 imb:178 pmb:853 smb:1009 d:- ref:0 ;
in:8075 out:8075 type:B dur:2 cpbdur:2 q:33.89 aq:31.18 tex:2594 mv:1211 misc:827 imb:5 pmb:137 smb:1898 d:- ref:0 ;
in:8074 out:8076 type:b dur:2 cpbdur:2 q:33.89 aq:33.48 tex:455 mv:362 misc:407 imb:0 pmb:40 smb:2000 d:- ref:0 ;
in:8076 out:8077 type:b dur:2 cpbdur:2 q:33.89 aq:33.23 tex:331 mv:343 misc:326 imb:0 pmb:31 smb:2009 d:- ref:0 ;
in:8081 out:8078 type:P dur:2 cpbdur:2 q:33.89 aq:27.57 tex:62024 mv:6474 misc:1574 imb:193 pmb:879 smb:968 d:- ref:0 ;
in:8079 out:8079 type:B dur:2 cpbdur:2 q:33.89 aq:30.99 tex:2225 mv:1374 misc:809 imb:8 pmb:138 smb:1894 d:- ref:0 ;
in:8078 out:8080 type:b dur:2 cpbdur:2 q:33.89 aq:32.47 tex:434 mv:386 misc:412 imb:1 pmb:44 smb:1995 d:- ref:0 ;
in:8080 out:8081 type:b dur:2 cpbdur:2 q:33.89 aq:33.16 tex:458 mv:426 misc:404 imb:0 pmb:46 smb:1994 d:- ref:0 ;
in:8085 out:8082 type:P dur:2 cpbdur:2 q:33.88 aq:27.79 tex:62410 mv:5881 misc:1501 imb:162 pmb:779 smb:1099 d:- ref:0 ;
in:8083 out:8083 type:B dur:2 cpbdur:2 q:33.88 aq:31.93 tex:2532 mv:1407 misc:781 imb:20 pmb:131 smb:1889 d:- ref:0 ;
in:8082 out:8084 type:b dur:2 cpbdur:2 q:33.88 aq:32.85 tex:299 mv:381 misc:400 imb:1 pmb:40 smb:1999 d:- ref:0 ;
in:8084 out:8085 type:b dur:2 cpbdur:2 q:33.88 aq:33.84 tex:276 mv:330 misc:378 imb:1 pmb:39 smb:2000 d:- ref:0 ;
in:8089 out:8086 type:P dur:2 cpbdur:2 q:33.87 aq:27.72 tex:62294 mv:5977 misc:1513 imb:169 pmb:786 smb:1085 d:- ref:0 ;
in:8087 out:8087 type:B dur:2 cpbdur:2 q:33.87 aq:30.65 tex:2697 mv:1460 misc:827 imb:18 pmb:138 smb:1884 d:- ref:0 ;
in:8086 out:8088 type:b dur:2 cpbdur:2 q:33.88 aq:35.49 tex:358 mv:352 misc:370 imb:0 pmb:35 smb:2005 d:- ref:0 ;
in:8088 out:8089 type:b dur:2 cpbdur:2 q:33.87 aq:33.03 tex:299 mv:267 misc:338 imb:0 pmb:28 smb:2012 d:- ref:0 ;
in:8093 out:8090 type:P dur:2 cpbdur:2 q:33.86 aq:27.52 tex:60740 mv:6358 misc:1542 imb:156 pmb:850 smb:1034 d:- ref:0 ;
in:8091 out:8091 type:B dur:2 cpbdur:2 q:33.87 aq:31.96 tex:1964 mv:1090 misc:754 imb:3 pmb:117 smb:1920 d:- ref:0 ;
in:8090 out:8092 type:b dur:2 cpbdur:2 q:33.87 aq:32.76 tex:217 mv:299 misc:324 imb:0 pmb:28 smb:2012 d:- ref:0 ;
in:8092 out:8093 type:b dur:2 cpbdur:2 q:33.86 aq:34.02 tex:329 mv:293 misc:362 imb:1 pmb:34 smb:2005 d:- ref:0 ;
in:8097 out:8094 type:P dur:2 cpbdur:2 q:33.86 aq:27.17 tex:61572 mv:6184 misc:1540 imb:165 pmb:814 smb:1061 d:- ref:0 ;
in:8095 out:8095 type:B dur:2 cpbdur:2 q:33.86 aq:31.34 tex:1903 mv:1069 misc:740 imb:5 pmb:111 smb:1924 d:- ref:0 ;
in:8094 out:8096 type:b dur:2 cpbdur:2 q:33.86 aq:33.07 tex:245 mv:304 misc:339 imb:0 pmb:29 smb:2011 d:- ref:0 ;
in:8096 out:8097 type:b dur:2 cpbdur:2 q:33.86 aq:33.62 tex:355 mv:237 misc:304 imb:0 pmb:23 smb:2017 d:- ref:0 ;
in:8101 out:8098 type:P dur:2 cpbdur:2 q:33.85 aq:27.71 tex:60191 mv:5957 misc:1636 imb:143 pmb:833 smb:1064 d:- ref:0 ;
in:8099 out:8099 type:B dur:2 cpbdur:2 q:33.85 aq:32.40 tex:1840 mv:873 misc:663 imb:3 pmb:92 smb:1945 d:- ref:0 ;
in:8098 out:8100 type:b dur:2 cpbdur:2 q:33.85 aq:31.78 tex:290 mv:264 misc:310 imb:1 pmb:23 smb:2016 d:- ref:0 ;
in:8100 out:8101 type:b dur:2 cpbdur:2 q:33.85 aq:34.58 tex:318 mv:246 misc:324 imb:0 pmb:28 smb:2012 d:- ref:0 ;
in:8105 out:8102 type:P dur:2 cpbdur:2 q:33.83 aq:27.41 tex:58761 mv:5853 misc:1570 imb:159 pmb:784 smb:1097 d:- ref:0 ;
in:8103 out:8103 type:B dur:2 cpbdur:2 q:33.84 aq:31.63 tex:1536 mv:850 misc:638 imb:5 pmb:83 smb:1952 d:- ref:0 ;
in:8102 out:8104 type:b dur:2 cpbdur:2 q:33.84 aq:34.49 tex:207 mv:275 misc:318 imb:0 pmb:26 smb:2014 d:- ref:0 ;
in:8104 out:8105 type:b dur:2 cpbdur:2 q:33.84 aq:33.47 tex:287 mv:206 misc:291 imb:0 pmb:22 smb:2018 d:- ref:0 ;
in:8109 out:8106 type:P dur:2 cpbdur:2 q:33.83 aq:27.77 tex:54522 mv:5642 misc:1620 imb:124 pmb:775 smb:1141 d:- ref:0 ;
in:8107 out:8107 type:B dur:2 cpbdur:2 q:33.83 aq:31.98 tex:2012 mv:1070 misc:734 imb:7 pmb:107 smb:1926 d:- ref:0 ;
in:8106 out:8108 type:b dur:2 cpbdur:2 q:33.83 aq:35.70 tex:306 mv:186 misc:300 imb:0 pmb:22 smb:2018 d:- ref:0 ;
in:8108 out:8109 type:b dur:2 cpbdur:2 q:33.83 aq:34.30 tex:395 mv:235 misc:338 imb:0 pmb:30 smb:2010 d:- ref:0 ;
in:8113 out:8110 type:P dur:2 cpbdur:2 q:33.82 aq:27.72 tex:56981 mv:5980 misc:1623 imb:161 pmb:807 smb:1072 d:- ref:0 ;
in:8111 out:8111 type:B dur:2 cpbdur:2 q:33.82 aq:31.46 tex:2177 mv:897 misc:670 imb:7 pmb:93 smb:1940 d:- ref:0 ;
in:8110 out:8112 type:b dur:2 cpbdur:2 q:33.83 aq:34.16 tex:613 mv:330 misc:369 imb:0 pmb:38 smb:2002 d:- ref:0 ;
in:8112 out:8113 type:b dur:2 cpbdur:2 q:33.82 aq:33.88 tex:315 mv:335 misc:350 imb:1 pmb:31 smb:2008 d:- ref:0 ;
in:8117 out:8114 type:P dur:2 cpbdur:2 q:33.81 aq:27.45 tex:59942 mv:6382 misc:1740 imb:174 pmb:829 smb:1037 d:- ref:0 ;
in:8115 out:8115 type:B dur:2 cpbdur:2 q:33.81 aq:31.47 tex:3064 mv:1163 misc:805 imb:4 pmb:135 smb:1901 d:- ref:0 ;
in:8114 out:8116 type:b dur:2 cpbdur:2 q:33.82 aq:33.65 tex:202 mv:461 misc:385 imb:1 pmb:40 smb:1999 d:- ref:0 ;
in:8116 out:8117 type:b dur:2 cpbdur:2 q:33.81 aq:34.78 tex:270 mv:313 misc:345 imb:1 pmb:30 smb:2009 d:- ref:0 ;
in:8121 out:8118 type:P dur:2 cpbdur:2 q:33.79 aq:27.48 tex:55829 mv:6352 misc:1611 imb:188 pmb:808 smb:1044 d:- ref:0 ;
in:8119 out:8119 type:B dur:2 cpbdur:2 q:33.80 aq:32.45 tex:2086 mv:886 misc:708 imb:4 pmb:100 smb:1936 d:- ref:0 ;
in:8118 out:8120 type:b dur:2 cpbdur:2 q:33.80 aq:32.45 tex:365 mv:320 misc:339 imb:0 pmb:29 smb:2011 d:- ref:0 ;
in:8120 out:8121 type:b dur:2 cpbdur:2 q:33.80 aq:32.72 tex:413 mv:358 misc:373 imb:2 pmb:34 smb:2004 d:- ref:0 ;
in:8125 out:8122 type:P dur:2 cpbdur:2 q:33.79 aq:28.07 tex:50942 mv:6195 misc:1655 imb:172 pmb:781 smb:1087 d:- ref:0 ;
in:8123 out:8123 type:B dur:2 cpbdur:2 q:33.79 aq:32.21 tex:1818 mv:899 misc:659 imb:5 pmb:91 smb:1944 d:- ref:0 ;
in:8122 out:8124 type:b dur:2 cpbdur:2 q:33.79 aq:33.49 tex:450 mv:332 misc:402 imb:0 pmb:40 smb:2000 d:- ref:0 ;
in:8124 out:8125 type:b dur:2 cpbdur:2 q:33.79 aq:33.72 tex:246 mv:326 misc:324 imb:0 pmb:29 smb:2011 d:- ref:0 ;
in:8129 out:8126 type:P dur:2 cpbdur:2 q:33.78 aq:27.47 tex:56708 mv:5665 misc:1683 imb:162 pmb:742 smb:1136 d:- ref:0 ;
in:8127 out:8127 type:B dur:2 cpbdur:2 q:33.78 aq:31.44 tex:4198 mv:1399 misc:795 imb:4 pmb:166 smb:1870 d:- ref:0 ;
in:8126 out:8128 type:b dur:2 cpbdur:2 q:33.79 aq:33.32 tex:261 mv:269 misc:342 imb:0 pmb:29 smb:2011 d:- ref:0 ;
in:8128 out:8129 type:b dur:2 cpbdur:2 q:33.78 aq:33.72 tex:3737 mv:549 misc:386 imb:9 pmb:64 smb:1967 d:- ref:0 ;
in:8133 out:8130 type:P dur:2 cpbdur:2 q:33.77 aq:27.96 tex:67505 mv:5483 misc:1692 imb:186 pmb:729 smb:1125 d:- ref:0 ;
in:8131 out:8131 type:B dur:2 cpbdur:2 q:33.77 aq:31.94 tex:11281 mv:1631 misc:744 imb:19 pmb:193 smb:1828 d:- ref:0 ;
in:8130 out:8132 type:b dur:2 cpbdur:2 q:33.78 aq:33.33 tex:5995 mv:1020 misc:473 imb:6 pmb:110 smb:1924 d:- ref:0 ;
in:8132 out:8133 type:b dur:2 cpbdur:2 q:33.77 aq:33.31 tex:6807 mv:1646 misc:451 imb:10 pmb:143 smb:1887 d:- ref:0 ;
in:8137 out:8134 type:P dur:2 cpbdur:2 q:33.76 aq:28.10 tex:68634 mv:6040 misc:1486 imb:216 pmb:714 smb:1110 d:- ref:0 ;
in:8135 out:8135 type:B dur:2 cpbdur:2 q:33.76 aq:31.79 tex:11616 mv:2810 misc:750 imb:22 pmb:244 smb:1774 d:- ref:0 ;
in:8134 out:8136 type:b dur:2 cpbdur:2 q:33.76 aq:33.01 tex:5810 mv:1835 misc:491 imb:10 pmb:161 smb:1869 d:- ref:0 ;
in:8136 out:8137 type:b dur:2 cpbdur:2 q:33.76 aq:33.29 tex:5214 mv:2103 misc:531 imb:6 pmb:176 smb:1858 d:- ref:0 ;
in:8141 out:8138 type:P dur:2 cpbdur:2 q:33.77 aq:28.18 tex:59700 mv:6486 misc:1534 imb:200 pmb:746 smb:1094 d:- ref:0 ;
in:8139 out:8139 type:B dur:2 cpbdur:2 q:33.76 aq:30.98 tex:8930 mv:3330 misc:916 imb:23 pmb:276 smb:1741 d:- ref:0 ;
in:8138 out:8140 type:b dur:2 cpbdur:2 q:33.76 aq:33.34 tex:4615 mv:1856 misc:513 imb:8 pmb:157 smb:1875 d:- ref:0 ;
in:8140 out:8141 type:b dur:2 cpbdur:2 q:33.76 aq:33.37 tex:4518 mv:2104 misc:554 imb:11 pmb:165 smb:1864 d:- ref:0 ;
in:8145 out:8142 type:P dur:2 cpbdur:2 q:33.77 aq:29.05 tex:41342 mv:6061 misc:1477 imb:175 pmb:637 smb:1228 d:- ref:0 ;
in:8143 out:8143 type:B dur:2 cpbdur:2 q:33.77 aq:31.43 tex:7614 mv:3366 misc:908 imb:18 pmb:262 smb:1760 d:- ref:0 ;
in:8142 out:8144 type:b dur:2 cpbdur:2 q:33.77 aq:34.21 tex:3472 mv:1816 misc:544 imb:3 pmb:137 smb:1900 d:- ref:0 ;
in:8144 out:8145 type:b dur:2 cpbdur:2 q:33.77 aq:33.31 tex:3897 mv:1680 misc:455 imb:17 pmb:126 smb:1897 d:- ref:0 ;
in:8149 out:8146 type:P dur:2 cpbdur:2 q:33.76 aq:29.76 tex:29069 mv:6820 misc:1631 imb:406 pmb:492 smb:1142 d:- ref:0 w:7,105,2,7,103,26,102,25 ;
in:8147 out:8147 type:B dur:2 cpbdur:2 q:33.76 aq:30.38 tex:12896 mv:4051 misc:1189 imb:55 pmb:392 smb:1593 d:- ref:0 ;
in:8146 out:8148 type:b dur:2 cpbdur:2 q:33.77 aq:32.70 tex:3931 mv:1617 misc:492 imb:16 pmb:108 smb:1916 d:- ref:0 ;
in:8148 out:8149 type:b dur:2 cpbdur:2 q:33.76 aq:31.76 tex:3243 mv:2408 misc:837 imb:40 pmb:166 smb:1834 d:- ref:0 ;
in:8153 out:8150 type:P dur:2 cpbdur:2 q:33.75 aq:28.24 tex:61350 mv:11527 misc:795 imb:1556 pmb:343 smb:141 d:- ref:0 w:6,55,-1,7,98,32,99,27 ;
in:8151 out:8151 type:B dur:2 cpbdur:2 q:33.75 aq:29.48 tex:9440 mv:6682 misc:1502 imb:289 pmb:447 smb:1304 d:- ref:0 ;
in:8150 out:8152 type:b dur:2 cpbdur:2 q:33.76 aq:29.73 tex:2093 mv:1657 misc:810 imb:40 pmb:135 smb:1865 d:- ref:0 ;
in:8152 out:8153 type:b dur:2 cpbdur:2 q:33.75 aq:28.88 tex:624 mv:768 misc:624 imb:16 pmb:78 smb:1946 d:- ref:0 ;
in:8155 out:8154 type:P dur:2 cpbdur:2 q:33.75 aq:27.94 tex:33919 mv:9038 misc:1115 imb:853 pmb:519 smb:668 d:- ref:0 ;
in:8154 out:8155 type:b dur:2 cpbdur:2 q:33.75 aq:26.53 tex:627 mv:488 misc:533 imb:13 pmb:61 smb:1966 d:- ref:0 ;
in:8157 out:8156 type:P dur:2 cpbdur:2 q:33.75 aq:27.37 tex:39015 mv:8992 misc:1481 imb:1001 pmb:454 smb:585 d:- ref:0 w:5,33,-2,0,1,0,1,-1 ;
in:8156 out:8157 type:b dur:2 cpbdur:2 q:33.75 aq:27.08 tex:516 mv:406 misc:518 imb:14 pmb:51 smb:1975 d:- ref:0 ;
in:8159 out:8158 type:P dur:2 cpbdur:2 q:33.75 aq:26.80 tex:43167 mv:8301 misc:1772 imb:755 pmb:491 smb:794 d:- ref:0 w:6,67,-2,6,65,-2,65,-2 ;
in:8158 out:8159 type:b dur:2 cpbdur:2 q:33.75 aq:27.28 tex:840 mv:1095 misc:681 imb:20 pmb:107 smb:1913 d:- ref:0 ;
in:8161 out:8160 type:P dur:2 cpbdur:2 q:33.75 aq:26.56 tex:28781 mv:7279 misc:1628 imb:637 pmb:523 smb:880 d:- ref:0 ;
in:8160 out:8161 type:b dur:2 cpbdur:2 q:33.75 aq:22.70 tex:819 mv:918 misc:663 imb:20 pmb:94 smb:1926 d:- ref:0 ;
in:8163 out:8162 type:P dur:2 cpbdur:2 q:33.75 aq:26.08 tex:31389 mv:7134 misc:1613 imb:665 pmb:468 smb:907 d:- ref:0 w:6,65,0,6,65,-2,65,-2 ;
in:8162 out:8163 type:b dur:2 cpbdur:2 q:33.75 aq:25.87 tex:753 mv:977 misc:646 imb:14 pmb:100 smb:1926 d:- ref:0 ;
in:8164 out:8164 type:P dur:2 cpbdur:2 q:33.75 aq:26.21 tex:11317 mv:3144 misc:1611 imb:181 pmb:356 smb:1503 d:- ref:0 ;
in:8166 out:8165 type:P dur:2 cpbdur:2 q:33.74 aq:25.76 tex:25115 mv:5504 misc:1597 imb:399 pmb:489 smb:1152 d:- ref:0 ;
in:8165 out:8166 type:b dur:2 cpbdur:2 q:33.75 aq:21.44 tex:423 mv:422 misc:467 imb:9 pmb:54 smb:1977 d:- ref:0 ;
in:8168 out:8167 type:P dur:2 cpbdur:2 q:33.74 aq:25.37 tex:16809 mv:4995 misc:1684 imb:380 pmb:442 smb:1218 d:- ref:0 ;
in:8167 out:8168 type:b dur:2 cpbdur:2 q:33.74 aq:23.07 tex:313 mv:266 misc:397 imb:6 pmb:38 smb:1996 d:- ref:0 ;
in:8170 out:8169 type:P dur:2 cpbdur:2 q:33.73 aq:25.13 tex:20858 mv:4761 misc:1765 imb:293 pmb:473 smb:1274 d:- ref:0 ;
in:8169 out:8170 type:b dur:2 cpbdur:2 q:33.74 aq:22.22 tex:233 mv:137 misc:342 imb:1 pmb:31 smb:2008 d:- ref:0 ;
in:8172 out:8171 type:P dur:2 cpbdur:2 q:33.73 aq:24.77 tex:13904 mv:3572 misc:1748 imb:208 pmb:431 smb:1401 d:- ref:0 ;
in:8171 out:8172 type:b dur:2 cpbdur:2 q:33.73 aq:22.60 tex:190 mv:105 misc:321 imb:3 pmb:21 smb:2016 d:- ref:0 ;
in:8176 out:8173 type:P dur:2 cpbdur:2 q:33.71 aq:24.56 tex:16045 mv:5180 misc:1831 imb:355 pmb:461 smb:1224 d:- ref:0 ;
in:8174 out:8174 type:B dur:2 cpbdur:2 q:33.72 aq:24.75 tex:831 mv:616 misc:777 imb:10 pmb:106 smb:1924 d:- ref:0 ;
in:8173 out:8175 type:b dur:2 cpbdur:2 q:33.72 aq:21.98 tex:191 mv:151 misc:322 imb:2 pmb:24 smb:2014 d:- ref:0 ;
in:8175 out:8176 type:b dur:2 cpbdur:2 q:33.72 aq:21.32 tex:192 mv:168 misc:336 imb:3 pmb:25 smb:2012 d:- ref:0 ;
in:8178 out:8177 type:P dur:2 cpbdur:2 q:33.69 aq:24.00 tex:15228 mv:2948 misc:1640 imb:172 pmb:340 smb:1528 d:- ref:0 ;
in:8177 out:8178 type:b dur:2 cpbdur:2 q:33.70 aq:21.66 tex:48 mv:122 misc:294 imb:3 pmb:31 smb:2006 d:- ref:0 ;
in:8180 out:8179 type:P dur:2 cpbdur:2 q:33.68 aq:24.67 tex:14016 mv:2117 misc:1499 imb:107 pmb:277 smb:1656 d:- ref:0 ;
in:8179 out:8180 type:b dur:2 cpbdur:2 q:33.68 aq:21.84 tex:156 mv:70 misc:262 imb:1 pmb:13 smb:2026 d:- ref:0 ;
in:8182 out:8181 type:P dur:2 cpbdur:2 q:33.66 aq:24.40 tex:15240 mv:2447 misc:1569 imb:139 pmb:316 smb:1585 d:- ref:0 ;
in:8181 out:8182 type:b dur:2 cpbdur:2 q:33.67 aq:22.30 tex:102 mv:81 misc:249 imb:1 pmb:11 smb:2028 d:- ref:0 ;
in:8184 out:8183 type:P dur:2 cpbdur:2 q:33.65 aq:24.72 tex:12000 mv:1993 misc:1439 imb:96 pmb:272 smb:1672 d:- ref:0 ;
in:8183 out:8184 type:b dur:2 cpbdur:2 q:33.65 aq:21.83 tex:111 mv:22 misc:219 imb:0 pmb:9 smb:2031 d:- ref:0 ;
in:8186 out:8185 type:P dur:2 cpbdur:2 q:33.63 aq:24.43 tex:7188 mv:1700 misc:1248 imb:72 pmb:222 smb:1746 d:- ref:0 ;
in:8185 out:8186 type:b dur:2 cpbdur:2 q:33.64 aq:22.63 tex:77 mv:15 misc:196 imb:0 pmb:5 smb:2035 d:- ref:0 ;
in:8188 out:8187 type:P dur:2 cpbdur:2 q:33.62 aq:23.99 tex:17160 mv:3009 misc:1487 imb:125 pmb:396 smb:1519 d:- ref:0 ;
in:8187 out:8188 type:b dur:2 cpbdur:2 q:33.63 aq:22.65 tex:96 mv:92 misc:332 imb:1 pmb:40 smb:1999 d:- ref:0 ;
in:8190 out:8189 type:P dur:2 cpbdur:2 q:33.61 aq:23.80 tex:8225 mv:2151 misc:1456 imb:99 pmb:282 smb:1659 d:- ref:0 ;
in:8189 out:8190 type:b dur:2 cpbdur:2 q:33.61 aq:21.51 tex:90 mv:30 misc:216 imb:1 pmb:7 smb:2032 d:- ref:0 ;
in:8194 out:8191 type:P dur:2 cpbdur:2 q:33.59 aq:23.73 tex:9549 mv:2592 misc:1523 imb:129 pmb:299 smb:1612 d:- ref:0 ;
in:8192 out:8192 type:B dur:2 cpbdur:2 q:33.60 aq:24.17 tex:517 mv:282 misc:465 imb:8 pmb:40 smb:1992 d:- ref:0 ;
in:8191 out:8193 type:b dur:2 cpbdur:2 q:33.60 aq:24.96 tex:84 mv:40 misc:220 imb:2 pmb:5 smb:2033 d:- ref:0 ;
in:8193 out:8194 type:b dur:2 cpbdur:2 q:33.60 aq:21.52 tex:71 mv:37 misc:236 imb:0 pmb:10 smb:2030 d:- ref:0 ;
in:8198 out:8195 type:P dur:2 cpbdur:2 q:33.56 aq:23.55 tex:5892 mv:2603 misc:1513 imb:129 pmb:263 smb:1648 d:- ref:0 ;
in:8196 out:8196 type:B dur:2 cpbdur:2 q:33.58 aq:23.84 tex:494 mv:182 misc:428 imb:6 pmb:35 smb:1999 d:- ref:0 ;
in:8195 out:8197 type:b dur:2 cpbdur:2 q:33.58 aq:21.69 tex:170 mv:44 misc:258 imb:0 pmb:14 smb:2026 d:- ref:0 ;
in:8197 out:8198 type:b dur:2 cpbdur:2 q:33.57 aq:21.08 tex:85 mv:21 misc:230 imb:0 pmb:9 smb:2031 d:- ref:0 ;
in:8202 out:8199 type:P dur:2 cpbdur:2 q:33.53 aq:23.92 tex:5783 mv:2376 misc:1465 imb:124 pmb:243 smb:1673 d:- ref:0 ;
in:8200 out:8200 type:B dur:2 cpbdur:2 q:33.55 aq:24.71 tex:604 mv:289 misc:443 imb:5 pmb:41 smb:1994 d:- ref:0 ;
in:8199 out:8201 type:b dur:2 cpbdur:2 q:33.55 aq:25.47 tex:158 mv:27 misc:247 imb:0 pmb:12 smb:2028 d:- ref:0 ;
in:8201 out:8202 type:b dur:2 cpbdur:2 q:33.54 aq:24.48 tex:86 mv:38 misc:236 imb:0 pmb:10 smb:2030 d:- ref:0 ;
in:8206 out:8203 type:P dur:2 cpbdur:2 q:33.49 aq:23.65 tex:5883 mv:2443 misc:1506 imb:118 pmb:254 smb:1668 d:- ref:0 ;
in:8204 out:8204 type:B dur:2 cpbdur:2 q:33.51 aq:22.10 tex:469 mv:258 misc:417 imb:4 pmb:37 smb:1999 d:- ref:0 ;
in:8203 out:8205 type:b dur:2 cpbdur:2 q:33.52 aq:20.84 tex:114 mv:49 misc:245 imb:0 pmb:12 smb:2028 d:- ref:0 ;
in:8205 out:8206 type:b dur:2 cpbdur:2 q:33.50 aq:21.34 tex:115 mv:40 misc:253 imb:0 pmb:12 smb:2028 d:- ref:0 ;
in:8208 out:8207 type:P dur:2 cpbdur:2 q:33.46 aq:23.85 tex:11317 mv:2313 misc:1498 imb:113 pmb:252 smb:1675 d:- ref:0 ;
in:8207 out:8208 type:b dur:2 cpbdur:2 q:33.47 aq:20.91 tex:164 mv:141 misc:295 imb:1 pmb:29 smb:2010 d:- ref:0 ;
in:8209 out:8209 type:P dur:2 cpbdur:2 q:33.44 aq:24.42 tex:9705 mv:1170 misc:1085 imb:48 pmb:182 smb:1810 d:- ref:0 ;
in:8211 out:8210 type:P dur:2 cpbdur:2 q:33.43 aq:23.43 tex:11155 mv:1870 misc:1375 imb:78 pmb:245 smb:1717 d:- ref:0 ;
in:8210 out:8211 type:b dur:2 cpbdur:2 q:33.43 aq:23.60 tex:157 mv:58 misc:249 imb:0 pmb:13 smb:2027 d:- ref:0 ;
in:8215 out:8212 type:P dur:2 cpbdur:2 q:33.41 aq:23.21 tex:20184 mv:3429 misc:1571 imb:201 pmb:327 smb:1512 d:- ref:0 ;
in:8213 out:8213 type:B dur:2 cpbdur:2 q:33.42 aq:23.63 tex:482 mv:301 misc:481 imb:3 pmb:61 smb:1976 d:- ref:0 ;
in:8212 out:8214 type:b dur:2 cpbdur:2 q:33.43 aq:20.32 tex:123 mv:78 misc:279 imb:0 pmb:33 smb:2007 d:- ref:0 ;
in:8214 out:8215 type:b dur:2 cpbdur:2 q:33.42 aq:20.47 tex:66 mv:16 misc:206 imb:0 pmb:6 smb:2034 d:- ref:0 ;
in:8219 out:8216 type:P dur:2 cpbdur:2 q:33.39 aq:23.39 tex:11022 mv:3003 misc:1615 imb:154 pmb:331 smb:1555 d:- ref:0 ;
in:8217 out:8217 type:B dur:2 cpbdur:2 q:33.40 aq:24.52 tex:471 mv:246 misc:483 imb:6 pmb:45 smb:1989 d:- ref:0 ;
in:8216 out:8218 type:b dur:2 cpbdur:2 q:33.41 aq:20.66 tex:99 mv:47 misc:254 imb:0 pmb:12 smb:2028 d:- ref:0 ;
in:8218 out:8219 type:b dur:2 cpbdur:2 q:33.40 aq:20.69 tex:133 mv:56 misc:275 imb:1 pmb:14 smb:2025 d:- ref:0 ;
in:8223 out:8220 type:P dur:2 cpbdur:2 q:33.36 aq:23.44 tex:11329 mv:2682 misc:1581 imb:139 pmb:295 smb:1606 d:- ref:0 ;
in:8221 out:8221 type:B dur:2 cpbdur:2 q:33.37 aq:22.99 tex:438 mv:267 misc:463 imb:2 pmb:49 smb:1989 d:- ref:0 ;
in:8220 out:8222 type:b dur:2 cpbdur:2 q:33.38 aq:20.64 tex:56 mv:15 misc:193 imb:0 pmb:5 smb:2035 d:- ref:0 ;
in:8222 out:8223 type:b dur:2 cpbdur:2 q:33.37 aq:20.47 tex:81 mv:30 misc:225 imb:1 pmb:7 smb:2032 d:- ref:0 ;
in:8227 out:8224 type:P dur:2 cpbdur:2 q:33.33 aq:23.40 tex:11011 mv:2779 misc:1594 imb:112 pmb:318 smb:1610 d:- ref:0 ;
in:8225 out:8225 type:B dur:2 cpbdur:2 q:33.34 aq:24.81 tex:652 mv:246 misc:486 imb:5 pmb:50 smb:1985 d:- ref:0 ;
in:8224 out:8226 type:b dur:2 cpbdur:2 q:33.35 aq:19.22 tex:146 mv:42 misc:244 imb:1 pmb:11 smb:2028 d:- ref:0 ;
in:8226 out:8227 type:b dur:2 cpbdur:2 q:33.34 aq:20.77 tex:132 mv:55 misc:261 imb:1 pmb:14 smb:2025 d:- ref:0 ;
in:8231 out:8228 type:P dur:2 cpbdur:2 q:33.29 aq:23.45 tex:8078 mv:2478 misc:1476 imb:97 pmb:282 smb:1661 d:- ref:0 ;
in:8229 out:8229 type:B dur:2 cpbdur:2 q:33.31 aq:22.63 tex:515 mv:253 misc:472 imb:4 pmb:44 smb:1992 d:- ref:0 ;
in:8228 out:8230 type:b dur:2 cpbdur:2 q:33.32 aq:20.35 tex:136 mv:36 misc:252 imb:0 pmb:13 smb:2027 d:- ref:0 ;
in:8230 out:8231 type:b dur:2 cpbdur:2 q:33.30 aq:21.07 tex:261 mv:128 misc:339 imb:4 pmb:24 smb:2012 d:- ref:0 ;
in:8235 out:8232 type:P dur:2 cpbdur:2 q:33.26 aq:23.41 tex:7441 mv:2756 misc:1523 imb:137 pmb:285 smb:1618 d:- ref:0 ;
in:8233 out:8233 type:B dur:2 cpbdur:2 q:33.27 aq:22.91 tex:579 mv:289 misc:484 imb:8 pmb:45 smb:1987 d:- ref:0 ;
in:8232 out:8234 type:b dur:2 cpbdur:2 q:33.28 aq:20.59 tex:132 mv:54 misc:246 imb:0 pmb:12 smb:2028 d:- ref:0 ;
in:8234 out:8235 type:b dur:2 cpbdur:2 q:33.27 aq:21.80 tex:152 mv:85 misc:283 imb:1 pmb:17 smb:2022 d:- ref:0 ;
in:8238 out:8236 type:P dur:2 cpbdur:2 q:33.22 aq:23.22 tex:19318 mv:3031 misc:1611 imb:172 pmb:305 smb:1563 d:- ref:0 ;
in:8236 out:8237 type:B dur:2 cpbdur:2 q:33.25 aq:22.39 tex:321 mv:205 misc:418 imb:0 pmb:49 smb:1991 d:- ref:0 ;
in:8237 out:8238 type:b dur:2 cpbdur:2 q:33.23 aq:20.30 tex:167 mv:66 misc:303 imb:0 pmb:30 smb:2010 d:- ref:0 ;
in:8242 out:8239 type:P dur:2 cpbdur:2 q:33.20 aq:22.70 tex:12987 mv:2849 misc:1612 imb:142 pmb:326 smb:1572 d:- ref:0 ;
in:8240 out:8240 type:B dur:2 cpbdur:2 q:33.21 aq:23.23 tex:765 mv:358 misc:517 imb:11 pmb:50 smb:1979 d:- ref:0 ;
in:8239 out:8241 type:b dur:2 cpbdur:2 q:33.22 aq:20.30 tex:117 mv:80 misc:275 imb:2 pmb:15 smb:2023 d:- ref:0 ;
in:8241 out:8242 type:b dur:2 cpbdur:2 q:33.21 aq:24.61 tex:110 mv:45 misc:245 imb:0 pmb:12 smb:2028 d:- ref:0 ;
in:8246 out:8243 type:P dur:2 cpbdur:2 q:33.17 aq:23.13 tex:11670 mv:2940 misc:1598 imb:147 pmb:319 smb:1574 d:- ref:0 ;
in:8244 out:8244 type:B dur:2 cpbdur:2 q:33.18 aq:22.84 tex:553 mv:295 misc:488 imb:7 pmb:47 smb:1986 d:- ref:0 ;
in:8243 out:8245 type:b dur:2 cpbdur:2 q:33.19 aq:20.03 tex:222 mv:42 misc:288 imb:0 pmb:19 smb:2021 d:- ref:0 ;
in:8245 out:8246 type:b dur:2 cpbdur:2 q:33.18 aq:19.97 tex:242 mv:53 misc:313 imb:0 pmb:24 smb:2016 d:- ref:0 ;
in:8250 out:8247 type:P dur:2 cpbdur:2 q:33.14 aq:23.39 tex:9715 mv:3322 misc:1587 imb:166 pmb:328 smb:1546 d:- ref:0 ;
in:8248 out:8248 type:B dur:2 cpbdur:2 q:33.15 aq:23.14 tex:575 mv:265 misc:464 imb:6 pmb:44 smb:1990 d:- ref:0 ;
in:8247 out:8249 type:b dur:2 cpbdur:2 q:33.16 aq:25.49 tex:195 mv:44 misc:273 imb:1 pmb:16 smb:2023 d:- ref:0 ;
in:8249 out:8250 type:b dur:2 cpbdur:2 q:33.14 aq:25.84 tex:152 mv:34 misc:262 imb:0 pmb:14 smb:2026 d:- ref:0 ;
in:8254 out:8251 type:P dur:2 cpbdur:2 q:33.10 aq:22.47 tex:12222 mv:3572 misc:1678 imb:192 pmb:343 smb:1505 d:- ref:0 ;
in:8252 out:8252 type:B dur:2 cpbdur:2 q:33.12 aq:19.97 tex:450 mv:249 misc:485 imb:5 pmb:46 smb:1989 d:- ref:0 ;
in:8251 out:8253 type:b dur:2 cpbdur:2 q:33.13 aq:22.81 tex:123 mv:56 misc:261 imb:1 pmb:16 smb:2023 d:- ref:0 ;
in:8253 out:8254 type:b dur:2 cpbdur:2 q:33.11 aq:19.53 tex:126 mv:48 misc:242 imb:2 pmb:9 smb:2029 d:- ref:0 ;
in:8258 out:8255 type:P dur:2 cpbdur:2 q:33.07 aq:22.99 tex:10221 mv:3216 misc:1675 imb:151 pmb:365 smb:1524 d:- ref:0 ;
in:8256 out:8256 type:B dur:2 cpbdur:2 q:33.08 aq:20.62 tex:738 mv:396 misc:594 imb:7 pmb:69 smb:1964 d:- ref:0 ;
in:8255 out:8257 type:b dur:2 cpbdur:2 q:33.09 aq:19.91 tex:133 mv:54 misc:253 imb:2 pmb:11 smb:2027 d:- ref:0 ;
in:8257 out:8258 type:b dur:2 cpbdur:2 q:33.08 aq:20.44 tex:83 mv:25 misc:220 imb:0 pmb:9 smb:2031 d:- ref:0 ;
in:8262 out:8259 type:P dur:2 cpbdur:2 q:33.03 aq:22.30 tex:9833 mv:2929 misc:1646 imb:150 pmb:327 smb:1563 d:- ref:0 ;
in:8260 out:8260 type:B dur:2 cpbdur:2 q:33.05 aq:23.25 tex:519 mv:233 misc:488 imb:6 pmb:49 smb:1985 d:- ref:0 ;
in:8259 out:8261 type:b dur:2 cpbdur:2 q:33.06 aq:23.29 tex:185 mv:40 misc:263 imb:1 pmb:14 smb:2025 d:- ref:0 ;
in:8261 out:8262 type:b dur:2 cpbdur:2 q:33.04 aq:20.19 tex:176 mv:56 misc:288 imb:1 pmb:18 smb:2021 d:- ref:0 ;
in:8266 out:8263 type:P dur:2 cpbdur:2 q:33.00 aq:22.52 tex:11953 mv:2880 misc:1583 imb:151 pmb:317 smb:1572 d:- ref:0 ;
in:8264 out:8264 type:B dur:2 cpbdur:2 q:33.02 aq:20.58 tex:504 mv:255 misc:497 imb:6 pmb:55 smb:1979 d:- ref:0 ;
in:8263 out:8265 type:b dur:2 cpbdur:2 q:33.03 aq:20.40 tex:105 mv:38 misc:233 imb:1 pmb:8 smb:2031 d:- ref:0 ;
in:8265 out:8266 type:b dur:2 cpbdur:2 q:33.01 aq:22.17 tex:190 mv:98 misc:304 imb:0 pmb:31 smb:2009 d:- ref:0 ;
in:8270 out:8267 type:P dur:2 cpbdur:2 q:32.96 aq:22.59 tex:7270 mv:2109 misc:1397 imb:86 pmb:270 smb:1684 d:- ref:0 ;
in:8268 out:8268 type:B dur:2 cpbdur:2 q:32.98 aq:22.06 tex:536 mv:202 misc:470 imb:7 pmb:41 smb:1992 d:- ref:0 ;
in:8267 out:8269 type:b dur:2 cpbdur:2 q:32.99 aq:23.44 tex:163 mv:27 misc:258 imb:0 pmb:13 smb:2027 d:- ref:0 ;
in:8269 out:8270 type:b dur:2 cpbdur:2 q:32.97 aq:22.83 tex:151 mv:73 misc:280 imb:1 pmb:16 smb:2023 d:- ref:0 ;
in:8274 out:8271 type:P dur:2 cpbdur:2 q:32.93 aq:23.32 tex:5712 mv:1622 misc:1266 imb:54 pmb:234 smb:1752 d:- ref:0 ;
in:8272 out:8272 type:B dur:2 cpbdur:2 q:32.95 aq:22.15 tex:530 mv:160 misc:430 imb:5 pmb:36 smb:1999 d:- ref:0 ;
in:8271 out:8273 type:b dur:2 cpbdur:2 q:32.96 aq:19.46 tex:193 mv:46 misc:289 imb:0 pmb:18 smb:2022 d:- ref:0 ;
in:8273 out:8274 type:b dur:2 cpbdur:2 q:32.94 aq:23.84 tex:180 mv:32 misc:268 imb:0 pmb:15 smb:2025 d:- ref:0 ;
in:8278 out:8275 type:P dur:2 cpbdur:2 q:32.89 aq:22.97 tex:12175 mv:2743 misc:1690 imb:121 pmb:383 smb:1536 d:- ref:0 ;
in:8276 out:8276 type:B dur:2 cpbdur:2 q:32.91 aq:22.75 tex:601 mv:263 misc:552 imb:10 pmb:50 smb:1980 d:- ref:0 ;
in:8275 out:8277 type:b dur:2 cpbdur:2 q:32.92 aq:19.34 tex:170 mv:39 misc:263 imb:1 pmb:13 smb:2026 d:- ref:0 ;
in:8277 out:8278 type:b dur:2 cpbdur:2 q:32.90 aq:23.68 tex:191 mv:53 misc:276 imb:0 pmb:18 smb:2022 d:- ref:0 ;
in:8279 out:8279 type:I dur:2 cpbdur:2 q:30.14 aq:20.46 tex:136737 mv:25381 misc:498 imb:2040 pmb:0 smb:0 d:- ref:;
in:8283 out:8280 type:P dur:2 cpbdur:2 q:32.93 aq:21.83 tex:5572 mv:1813 misc:1415 imb:88 pmb:254 smb:1698 d:- ref:0 ;
in:8281 out:8281 type:B dur:2 cpbdur:2 q:32.93 aq:19.43 tex:175 mv:68 misc:261 imb:1 pmb:16 smb:2023 d:- ref:0 ;
in:8280 out:8282 type:b dur:2 cpbdur:2 q:32.93 aq:20.32 tex:72 mv:17 misc:207 imb:0 pmb:6 smb:2034 d:- ref:0 ;
in:8282 out:8283 type:b dur:2 cpbdur:2 q:32.93 aq:21.00 tex:146 mv:28 misc:234 imb:0 pmb:10 smb:2030 d:- ref:0 ;
in:8287 out:8284 type:P dur:2 cpbdur:2 q:32.89 aq:21.72 tex:7541 mv:2300 misc:1567 imb:90 pmb:327 smb:1623 d:- ref:0 ;
in:8285 out:8285 type:B dur:2 cpbdur:2 q:32.91 aq:24.12 tex:426 mv:211 misc:483 imb:5 pmb:48 smb:1987 d:- ref:0 ;
in:8284 out:8286 type:b dur:2 cpbdur:2 q:32.92 aq:20.44 tex:191 mv:62 misc:315 imb:1 pmb:21 smb:2018 d:- ref:0 ;
in:8286 out:8287 type:b dur:2 cpbdur:2 q:32.90 aq:19.58 tex:214 mv:49 misc:281 imb:1 pmb:17 smb:2022 d:- ref:0 ;
in:8291 out:8288 type:P dur:2 cpbdur:2 q:32.84 aq:21.33 tex:9194 mv:2558 misc:1560 imb:104 pmb:335 smb:1601 d:- ref:0 ;
in:8289 out:8289 type:B dur:2 cpbdur:2 q:32.87 aq:22.85 tex:487 mv:171 misc:478 imb:4 pmb:45 smb:1991 d:- ref:0 ;
in:8288 out:8290 type:b dur:2 cpbdur:2 q:32.88 aq:20.44 tex:150 mv:29 misc:237 imb:0 pmb:11 smb:2029 d:- ref:0 ;
in:8290 out:8291 type:b dur:2 cpbdur:2 q:32.86 aq:22.50 tex:169 mv:30 misc:257 imb:0 pmb:14 smb:2026 d:- ref:0 ;
in:8295 out:8292 type:P dur:2 cpbdur:2 q:32.81 aq:21.57 tex:10711 mv:3028 misc:1613 imb:144 pmb:357 smb:1539 d:- ref:0 ;
in:8293 out:8293 type:B dur:2 cpbdur:2 q:32.82 aq:22.75 tex:403 mv:144 misc:421 imb:2 pmb:38 smb:2000 d:- ref:0 ;
in:8292 out:8294 type:b dur:2 cpbdur:2 q:32.83 aq:19.09 tex:171 mv:28 misc:257 imb:0 pmb:15 smb:2025 d:- ref:0 ;
in:8294 out:8295 type:b dur:2 cpbdur:2 q:32.82 aq:19.52 tex:135 mv:25 misc:240 imb:0 pmb:12 smb:2028 d:- ref:0 ;
in:8299 out:8296 type:P dur:2 cpbdur:2 q:32.77 aq:21.26 tex:11282 mv:2884 misc:1666 imb:138 pmb:362 smb:1540 d:- ref:0 ;
in:8297 out:8297 type:B dur:2 cpbdur:2 q:32.79 aq:22.07 tex:417 mv:139 misc:436 imb:2 pmb:39 smb:1999 d:- ref:0 ;
in:8296 out:8298 type:b dur:2 cpbdur:2 q:32.80 aq:23.81 tex:153 mv:31 misc:256 imb:0 pmb:13 smb:2027 d:- ref:0 ;
in:8298 out:8299 type:b dur:2 cpbdur:2 q:32.78 aq:20.25 tex:146 mv:24 misc:246 imb:0 pmb:12 smb:2028 d:- ref:0 ;
in:8303 out:8300 type:P dur:2 cpbdur:2 q:32.73 aq:21.52 tex:11140 mv:2534 misc:1654 imb:114 pmb:367 smb:1559 d:- ref:0 ;
in:8301 out:8301 type:B dur:2 cpbdur:2 q:32.75 aq:20.34 tex:375 mv:135 misc:426 imb:0 pmb:38 smb:2002 d:- ref:0 ;
in:8300 out:8302 type:b dur:2 cpbdur:2 q:32.76 aq:19.63 tex:116 mv:35 misc:249 imb:0 pmb:12 smb:2028 d:- ref:0 ;
in:8302 out:8303 type:b dur:2 cpbdur:2 q:32.74 aq:21.38 tex:79 mv:14 misc:203 imb:0 pmb:5 smb:2035 d:- ref:0 ;
in:8307 out:8304 type:P dur:2 cpbdur:2 q:32.70 aq:21.55 tex:9618 mv:2021 misc:1513 imb:101 pmb:292 smb:1647 d:- ref:0 ;
in:8305 out:8305 type:B dur:2 cpbdur:2 q:32.72 aq:21.55 tex:539 mv:139 misc:506 imb:2 pmb:56 smb:1982 d:- ref:0 ;
in:8304 out:8306 type:b dur:2 cpbdur:2 q:32.73 aq:20.66 tex:103 mv:18 misc:215 imb:0 pmb:7 smb:2033 d:- ref:0 ;
in:8306 out:8307 type:b dur:2 cpbdur:2 q:32.71 aq:20.08 tex:143 mv:42 misc:263 imb:1 pmb:15 smb:2024 d:- ref:0 ;
in:8311 out:8308 type:P dur:2 cpbdur:2 q:32.66 aq:21.96 tex:8588 mv:2007 misc:1485 imb:83 pmb:310 smb:1647 d:- ref:0 ;
in:8309 out:8309 type:B dur:2 cpbdur:2 q:32.68 aq:19.13 tex:476 mv:102 misc:470 imb:2 pmb:48 smb:1990 d:- ref:0 ;
in:8308 out:8310 type:b dur:2 cpbdur:2 q:32.69 aq:19.97 tex:196 mv:48 misc:292 imb:1 pmb:20 smb:2019 d:- ref:0 ;
in:8310 out:8311 type:b dur:2 cpbdur:2 q:32.67 aq:21.36 tex:191 mv:30 misc:283 imb:0 pmb:19 smb:2021 d:- ref:0 ;
in:8315 out:8312 type:P dur:2 cpbdur:2 q:32.63 aq:21.68 tex:9538 mv:2021 misc:1505 imb:96 pmb:304 smb:1640 d:- ref:0 ;
in:8313 out:8313 type:B dur:2 cpbdur:2 q:32.64 aq:21.43 tex:562 mv:93 misc:481 imb:1 pmb:51 smb:1988 d:- ref:0 ;
in:8312 out:8314 type:b dur:2 cpbdur:2 q:32.65 aq:22.94 tex:131 mv:30 misc:255 imb:0 pmb:14 smb:2026 d:- ref:0 ;
in:8314 out:8315 type:b dur:2 cpbdur:2 q:32.64 aq:19.58 tex:149 mv:29 misc:254 imb:0 pmb:13 smb:2027 d:- ref:0 ;
in:8319 out:8316 type:P dur:2 cpbdur:2 q:32.59 aq:22.00 tex:8703 mv:2126 misc:1451 imb:79 pmb:310 smb:1651 d:- ref:0 ;
in:8317 out:8317 type:B dur:2 cpbdur:2 q:32.61 aq:22.76 tex:468 mv:100 misc:408 imb:2 pmb:38 smb:2000 d:- ref:0 ;
in:8316 out:8318 type:b dur:2 cpbdur:2 q:32.62 aq:22.45 tex:218 mv:30 misc:280 imb:0 pmb:18 smb:2022 d:- ref:0 ;
in:8318 out:8319 type:b dur:2 cpbdur:2 q:32.60 aq:19.77 tex:151 mv:40 misc:265 imb:1 pmb:15 smb:2024 d:- ref:0 ;
in:8323 out:8320 type:P dur:2 cpbdur:2 q:32.55 aq:21.98 tex:9581 mv:2226 misc:1489 imb:115 pmb:287 smb:1638 d:- ref:0 ;
in:8321 out:8321 type:B dur:2 cpbdur:2 q:32.57 aq:22.73 tex:376 mv:116 misc:412 imb:1 pmb:38 smb:2001 d:- ref:0 ;
in:8320 out:8322 type:b dur:2 cpbdur:2 q:32.58 aq:23.27 tex:102 mv:29 misc:245 imb:0 pmb:11 smb:2029 d:- ref:0 ;
in:8322 out:8323 type:b dur:2 cpbdur:2 q:32.56 aq:22.50 tex:196 mv:51 misc:313 imb:1 pmb:21 smb:2018 d:- ref:0 ;
in:8327 out:8324 type:P dur:2 cpbdur:2 q:32.52 aq:22.50 tex:6527 mv:1696 misc:1353 imb:70 pmb:244 smb:1726 d:- ref:0 ;
in:8325 out:8325 type:B dur:2 cpbdur:2 q:32.53 aq:22.58 tex:623 mv:100 misc:485 imb:0 pmb:53 smb:1987 d:- ref:0 ;
in:8324 out:8326 type:b dur:2 cpbdur:2 q:32.54 aq:22.93 tex:160 mv:41 misc:255 imb:1 pmb:13 smb:2026 d:- ref:0 ;
in:8326 out:8327 type:b dur:2 cpbdur:2 q:32.53 aq:22.80 tex:272 mv:45 misc:331 imb:0 pmb:27 smb:2013 d:- ref:0 ;
in:8331 out:8328 type:P dur:2 cpbdur:2 q:32.48 aq:23.13 tex:4401 mv:979 misc:916 imb:19 pmb:173 smb:1848 d:- ref:0 ;
in:8329 out:8329 type:B dur:2 cpbdur:2 q:32.50 aq:20.88 tex:599 mv:117 misc:484 imb:2 pmb:50 smb:1988 d:- ref:0 ;
in:8328 out:8330 type:b dur:2 cpbdur:2 q:32.51 aq:20.68 tex:121 mv:22 misc:225 imb:0 pmb:9 smb:2031 d:- ref:0 ;
in:8330 out:8331 type:b dur:2 cpbdur:2 q:32.49 aq:21.30 tex:272 mv:60 misc:316 imb:2 pmb:22 smb:2016 d:- ref:0 ;
in:8333 out:8332 type:P dur:2 cpbdur:2 q:32.44 aq:21.56 tex:4856 mv:1389 misc:1251 imb:88 pmb:189 smb:1763 d:- ref:0 w:0,1,-1,6,63,2,64,0 ;
in:8332 out:8333 type:b dur:2 cpbdur:2 q:32.46 aq:19.17 tex:301 mv:79 misc:356 imb:3 pmb:26 smb:2011 d:- ref:0 ;
in:8337 out:8334 type:P dur:2 cpbdur:2 q:32.42 aq:22.54 tex:5114 mv:2609 misc:1421 imb:225 pmb:232 smb:1583 d:- ref:0 w:5,31,0,7,125,3,124,4 ;
in:8335 out:8335 type:B dur:2 cpbdur:2 q:32.43 aq:22.69 tex:873 mv:466 misc:653 imb:13 pmb:89 smb:1938 d:- ref:0 ;
in:8334 out:8336 type:b dur:2 cpbdur:2 q:32.43 aq:22.73 tex:237 mv:94 misc:341 imb:3 pmb:25 smb:2012 d:- ref:0 ;
in:8336 out:8337 type:b dur:2 cpbdur:2 q:32.43 aq:18.56 tex:606 mv:324 misc:550 imb:5 pmb:79 smb:1956 d:- ref:0 ;
in:8341 out:8338 type:P dur:2 cpbdur:2 q:32.38 aq:22.64 tex:4694 mv:2683 misc:1559 imb:229 pmb:234 smb:1577 d:- ref:0 w:6,59,0,7,117,11,117,11 ;
in:8339 out:8339 type:B dur:2 cpbdur:2 q:32.40 aq:22.83 tex:2410 mv:1962 misc:1204 imb:75 pmb:263 smb:1702 d:- ref:0 ;
in:8338 out:8340 type:b dur:2 cpbdur:2 q:32.41 aq:23.05 tex:899 mv:501 misc:656 imb:20 pmb:94 smb:1926 d:- ref:0 ;
in:8340 out:8341 type:b dur:2 cpbdur:2 q:32.39 aq:22.38 tex:1387 mv:868 misc:881 imb:24 pmb:166 smb:1850 d:- ref:0 ;
in:8345 out:8342 type:P dur:2 cpbdur:2 q:32.34 aq:22.40 tex:6285 mv:3206 misc:1469 imb:314 pmb:233 smb:1493 d:- ref:0 w:4,13,0,7,104,24,103,25 ;
in:8343 out:8343 type:B dur:2 cpbdur:2 q:32.36 aq:23.40 tex:4114 mv:3364 misc:1538 imb:167 pmb:332 smb:1541 d:- ref:0 ;
in:8342 out:8344 type:b dur:2 cpbdur:2 q:32.37 aq:21.92 tex:1499 mv:1125 misc:944 imb:40 pmb:164 smb:1836 d:- ref:0 ;
in:8344 out:8345 type:b dur:2 cpbdur:2 q:32.35 aq:22.54 tex:2076 mv:1734 misc:1222 imb:75 pmb:222 smb:1743 d:- ref:0 ;
in:8347 out:8346 type:P dur:2 cpbdur:2 q:32.31 aq:22.01 tex:6020 mv:3824 misc:1628 imb:417 pmb:258 smb:1365 d:- ref:0 w:4,13,0,7,103,25,104,24 ;
in:8346 out:8347 type:b dur:2 cpbdur:2 q:32.33 aq:21.92 tex:2627 mv:2083 misc:1218 imb:96 pmb:251 smb:1693 d:- ref:0 ;
in:8349 out:8348 type:P dur:2 cpbdur:2 q:32.29 aq:20.09 tex:5140 mv:3610 misc:1810 imb:469 pmb:242 smb:1329 d:- ref:0 w:5,23,0,7,94,34,95,33 ;
in:8348 out:8349 type:b dur:2 cpbdur:2 q:32.30 aq:21.67 tex:3890 mv:2814 misc:1568 imb:138 pmb:405 smb:1497 d:- ref:0 ;
in:8351 out:8350 type:P dur:2 cpbdur:2 q:32.27 aq:19.41 tex:5653 mv:4167 misc:1940 imb:652 pmb:208 smb:1180 d:- ref:0 w:5,21,0,7,88,40,85,43 ;
in:8350 out:8351 type:b dur:2 cpbdur:2 q:32.28 aq:19.95 tex:4343 mv:5126 misc:1691 imb:310 pmb:430 smb:1300 d:- ref:0 ;
in:8354 out:8352 type:P dur:2 cpbdur:2 q:32.26 aq:16.94 tex:4497 mv:4459 misc:1436 imb:1214 pmb:205 smb:621 d:- ref:0 w:1,1,0,7,64,64,65,63 ;
in:8352 out:8353 type:B dur:2 cpbdur:2 q:32.27 aq:18.38 tex:5059 mv:5388 misc:1929 imb:373 pmb:497 smb:1170 d:- ref:0 ;
in:8353 out:8354 type:b dur:2 cpbdur:2 q:32.26 aq:18.23 tex:5186 mv:4238 misc:1864 imb:269 pmb:837 smb:934 d:- ref:0 ;
in:8358 out:8355 type:P dur:2 cpbdur:2 q:32.23 aq:14.94 tex:2109 mv:1938 misc:705 imb:1623 pmb:106 smb:311 d:- ref:0 w:5,11,0,7,43,85,43,85 ;
in:8356 out:8356 type:B dur:2 cpbdur:2 q:32.25 aq:17.13 tex:6531 mv:4045 misc:1304 imb:381 pmb:1010 smb:649 d:- ref:0 ;
in:8355 out:8357 type:b dur:2 cpbdur:2 q:32.25 aq:18.19 tex:4429 mv:2599 misc:1492 imb:159 pmb:982 smb:899 d:- ref:0 ;
in:8357 out:8358 type:b dur:2 cpbdur:2 q:32.24 aq:17.97 tex:3950 mv:1932 misc:1022 imb:120 pmb:823 smb:1097 d:- ref:0 ;
in:8362 out:8359 type:P dur:2 cpbdur:2 q:32.21 aq:14.00 tex:17 mv:64 misc:343 imb:6 pmb:1 smb:2033 d:- ref:0 w:7,21,0,5,9,92,9,92 ;
in:8360 out:8360 type:B dur:2 cpbdur:2 q:32.22 aq:22.88 tex:2357 mv:637 misc:670 imb:31 pmb:263 smb:1746 d:- ref:0 ;
in:8359 out:8361 type:b dur:2 cpbdur:2 q:32.23 aq:19.28 tex:1383 mv:579 misc:494 imb:5 pmb:408 smb:1627 d:- ref:0 ;
in:8361 out:8362 type:b dur:2 cpbdur:2 q:32.22 aq:18.55 tex:539 mv:215 misc:374 imb:6 pmb:184 smb:1850 d:- ref:0 ;
in:8366 out:8363 type:P dur:2 cpbdur:2 q:32.19 aq:17.00 tex:0 mv:0 misc:240 imb:0 pmb:0 smb:2040 d:- ref:0 w:0,0,0,7,1,127,1,127 ;
in:8364 out:8364 type:B dur:2 cpbdur:2 q:32.20 aq:16.00 tex:19 mv:80 misc:397 imb:0 pmb:64 smb:1976 d:- ref:0 ;
in:8363 out:8365 type:b dur:2 cpbdur:2 q:32.21 aq:22.47 tex:266 mv:96 misc:310 imb:1 pmb:45 smb:1994 d:- ref:0 ;
in:8365 out:8366 type:b dur:2 cpbdur:2 q:32.20 aq:17.00 tex:0 mv:0 misc:168 imb:0 pmb:0 smb:2040 d:- ref:0 ;
